/software.9/software/Anaconda3/2024.02-1/bin/python3
Tue Dec 16 15:27:29 2025       
+-----------------------------------------------------------------------------------------+
| NVIDIA-SMI 550.163.01             Driver Version: 550.163.01     CUDA Version: 12.4     |
|-----------------------------------------+------------------------+----------------------+
| GPU  Name                 Persistence-M | Bus-Id          Disp.A | Volatile Uncorr. ECC |
| Fan  Temp   Perf          Pwr:Usage/Cap |           Memory-Usage | GPU-Util  Compute M. |
|                                         |                        |               MIG M. |
|=========================================+========================+======================|
|   0  NVIDIA A100 80GB PCIe          On  |   00000000:61:00.0 Off |                    0 |
| N/A   35C    P0             42W /  300W |       1MiB /  81920MiB |      0%      Default |
|                                         |                        |             Disabled |
+-----------------------------------------+------------------------+----------------------+
                                                                                         
+-----------------------------------------------------------------------------------------+
| Processes:                                                                              |
|  GPU   GI   CI        PID   Type   Process name                              GPU Memory |
|        ID   ID                                                               Usage      |
|=========================================================================================|
|  No running processes found                                                             |
+-----------------------------------------------------------------------------------------+
Script started: Tue Dec 16 03:27:30 PM CET 2025

=========================================================================
Running baseline inference for DATASET=Med-EASi, METRIC=ARI
=========================================================================
Running baseline inference 1 with seed 37...
Loading from mistralai/Mistral-7B-Instruct-v0.1...
Inference args:
Namespace(use_vllm=False, seed=37, model_path='mistralai/Mistral-7B-Instruct-v0.1', model_name='mistralai/Mistral-7B-Instruct-v0.1', dataset_name='Med-EASi', model_class='auto', model_family='base', max_length=4096, batch_size=8, slice_test=-1, output_file='output/baseline_inference/Mistral-7B-Instruct-v0.1-Med-EASi-ARI/output_1.json', device='cuda', peft_path=None, control_tokens='data/prompts/control_tokens.json', system_prompts='data/prompts/system_prompts.json', user_prompts='data/prompts/user_prompts.json', metric_mapping='data/metric_mapping.json', metric_name='ARI', user_prompt_id='token_explanation')

[33m⚠️  Warning: 'huggingface-cli login' is deprecated. Use 'hf auth login' instead.[0m
test:	 Inspect the dataset format:
 {'global_id': ['medeasi_001354'], 'source_text': ['Malthus was not the first to outline the problems he perceived.'], 'source_metrics': [{'FRE': 85.69, 'ARI': 6.8, 'FKGL': 4.0, 'Dale-Chall': 8.49, 'char_count': 63, 'alphanum_count': 52, 'word_count': 12, 'sentence_count': 1}], 'metadata': [{'dataset': 'medeasi', 'experiment_split': '', 'domain': 'medical', 'language': 'en', 'annotation': 'human', 'level': 'sentence'}], 'simplification_text': ['Malthus said this would not work, and it would only lead to increased numbers of the poor.'], 'target_metrics': [{'FRE': 88.06, 'ARI': 7.6, 'FKGL': 5.2, 'Dale-Chall': 7.27, 'char_count': 90, 'alphanum_count': 72, 'word_count': 19, 'sentence_count': 1, 'char_compression_rate': 1.43, 'word_compression_rate': 1.58, 'sentence_compression_rate': 1.0, 'BLEU': 3.0272532566104675, 'BERTScore': 0.9067994952201843}], 'simplification_version': [1], 'grade_level': [-1], 'simplification_dimensions': [{'linguistic': {'lexical': False, 'syntactic': False}}]}

--- Processing batch:
...
...
...
...
Seidl died suddenly in 1898 from food poisoning at age 47. Many people were sad....
Schizophrenia affects a small number of people. It is a mental illness that can cause hallucinations...
...
...

--- Processing batch:
...
...
...
...
...
...
...
...

--- Processing batch:
...
...
Baseline inference 2 completed.
Running baseline inference 2 with seed 15...
Loading from mistralai/Mistral-7B-Instruct-v0.1...
Inference args:
Namespace(use_vllm=False, seed=15, model_path='mistralai/Mistral-7B-Instruct-v0.1', model_name='mistralai/Mistral-7B-Instruct-v0.1', dataset_name='Med-EASi', model_class='auto', model_family='base', max_length=4096, batch_size=8, slice_test=-1, output_file='output/baseline_inference/Mistral-7B-Instruct-v0.1-Med-EASi-ARI/output_2.json', device='cuda', peft_path=None, control_tokens='data/prompts/control_tokens.json', system_prompts='data/prompts/system_prompts.json', user_prompts='data/prompts/user_prompts.json', metric_mapping='data/metric_mapping.json', metric_name='ARI', user_prompt_id='token_explanation')

[33m⚠️  Warning: 'huggingface-cli login' is deprecated. Use 'hf auth login' instead.[0m
test:	 Inspect the dataset format:
 {'global_id': ['medeasi_001354'], 'source_text': ['Malthus was not the first to outline the problems he perceived.'], 'source_metrics': [{'FRE': 85.69, 'ARI': 6.8, 'FKGL': 4.0, 'Dale-Chall': 8.49, 'char_count': 63, 'alphanum_count': 52, 'word_count': 12, 'sentence_count': 1}], 'metadata': [{'dataset': 'medeasi', 'experiment_split': '', 'domain': 'medical', 'language': 'en', 'annotation': 'human', 'level': 'sentence'}], 'simplification_text': ['Malthus said this would not work, and it would only lead to increased numbers of the poor.'], 'target_metrics': [{'FRE': 88.06, 'ARI': 7.6, 'FKGL': 5.2, 'Dale-Chall': 7.27, 'char_count': 90, 'alphanum_count': 72, 'word_count': 19, 'sentence_count': 1, 'char_compression_rate': 1.43, 'word_compression_rate': 1.58, 'sentence_compression_rate': 1.0, 'BLEU': 3.0272532566104675, 'BERTScore': 0.9067994952201843}], 'simplification_version': [1], 'grade_level': [-1], 'simplification_dimensions': [{'linguistic': {'lexical': False, 'syntactic': False}}]}

--- Processing batch:
Baseline inference 3 completed.
Running baseline inference 3 with seed 96...
Loading from mistralai/Mistral-7B-Instruct-v0.1...
Inference args:
Namespace(use_vllm=False, seed=96, model_path='mistralai/Mistral-7B-Instruct-v0.1', model_name='mistralai/Mistral-7B-Instruct-v0.1', dataset_name='Med-EASi', model_class='auto', model_family='base', max_length=4096, batch_size=8, slice_test=-1, output_file='output/baseline_inference/Mistral-7B-Instruct-v0.1-Med-EASi-ARI/output_3.json', device='cuda', peft_path=None, control_tokens='data/prompts/control_tokens.json', system_prompts='data/prompts/system_prompts.json', user_prompts='data/prompts/user_prompts.json', metric_mapping='data/metric_mapping.json', metric_name='ARI', user_prompt_id='token_explanation')

[33m⚠️  Warning: 'huggingface-cli login' is deprecated. Use 'hf auth login' instead.[0m
test:	 Inspect the dataset format:
 {'global_id': ['medeasi_001354'], 'source_text': ['Malthus was not the first to outline the problems he perceived.'], 'source_metrics': [{'FRE': 85.69, 'ARI': 6.8, 'FKGL': 4.0, 'Dale-Chall': 8.49, 'char_count': 63, 'alphanum_count': 52, 'word_count': 12, 'sentence_count': 1}], 'metadata': [{'dataset': 'medeasi', 'experiment_split': '', 'domain': 'medical', 'language': 'en', 'annotation': 'human', 'level': 'sentence'}], 'simplification_text': ['Malthus said this would not work, and it would only lead to increased numbers of the poor.'], 'target_metrics': [{'FRE': 88.06, 'ARI': 7.6, 'FKGL': 5.2, 'Dale-Chall': 7.27, 'char_count': 90, 'alphanum_count': 72, 'word_count': 19, 'sentence_count': 1, 'char_compression_rate': 1.43, 'word_compression_rate': 1.58, 'sentence_compression_rate': 1.0, 'BLEU': 3.0272532566104675, 'BERTScore': 0.9067994952201843}], 'simplification_version': [1], 'grade_level': [-1], 'simplification_dimensions': [{'linguistic': {'lexical': False, 'syntactic': False}}]}

--- Processing batch:
Baseline inference 4 completed.
Running baseline inference 4 with seed 2...
Loading from mistralai/Mistral-7B-Instruct-v0.1...
Inference args:
Namespace(use_vllm=False, seed=2, model_path='mistralai/Mistral-7B-Instruct-v0.1', model_name='mistralai/Mistral-7B-Instruct-v0.1', dataset_name='Med-EASi', model_class='auto', model_family='base', max_length=4096, batch_size=8, slice_test=-1, output_file='output/baseline_inference/Mistral-7B-Instruct-v0.1-Med-EASi-ARI/output_4.json', device='cuda', peft_path=None, control_tokens='data/prompts/control_tokens.json', system_prompts='data/prompts/system_prompts.json', user_prompts='data/prompts/user_prompts.json', metric_mapping='data/metric_mapping.json', metric_name='ARI', user_prompt_id='token_explanation')

[33m⚠️  Warning: 'huggingface-cli login' is deprecated. Use 'hf auth login' instead.[0m
test:	 Inspect the dataset format:
 {'global_id': ['medeasi_001354'], 'source_text': ['Malthus was not the first to outline the problems he perceived.'], 'source_metrics': [{'FRE': 85.69, 'ARI': 6.8, 'FKGL': 4.0, 'Dale-Chall': 8.49, 'char_count': 63, 'alphanum_count': 52, 'word_count': 12, 'sentence_count': 1}], 'metadata': [{'dataset': 'medeasi', 'experiment_split': '', 'domain': 'medical', 'language': 'en', 'annotation': 'human', 'level': 'sentence'}], 'simplification_text': ['Malthus said this would not work, and it would only lead to increased numbers of the poor.'], 'target_metrics': [{'FRE': 88.06, 'ARI': 7.6, 'FKGL': 5.2, 'Dale-Chall': 7.27, 'char_count': 90, 'alphanum_count': 72, 'word_count': 19, 'sentence_count': 1, 'char_compression_rate': 1.43, 'word_compression_rate': 1.58, 'sentence_compression_rate': 1.0, 'BLEU': 3.0272532566104675, 'BERTScore': 0.9067994952201843}], 'simplification_version': [1], 'grade_level': [-1], 'simplification_dimensions': [{'linguistic': {'lexical': False, 'syntactic': False}}]}

--- Processing batch:
Baseline inference 5 completed.
Running baseline inference 5 with seed 28...
Loading from mistralai/Mistral-7B-Instruct-v0.1...
Inference args:
Namespace(use_vllm=False, seed=28, model_path='mistralai/Mistral-7B-Instruct-v0.1', model_name='mistralai/Mistral-7B-Instruct-v0.1', dataset_name='Med-EASi', model_class='auto', model_family='base', max_length=4096, batch_size=8, slice_test=-1, output_file='output/baseline_inference/Mistral-7B-Instruct-v0.1-Med-EASi-ARI/output_5.json', device='cuda', peft_path=None, control_tokens='data/prompts/control_tokens.json', system_prompts='data/prompts/system_prompts.json', user_prompts='data/prompts/user_prompts.json', metric_mapping='data/metric_mapping.json', metric_name='ARI', user_prompt_id='token_explanation')

[33m⚠️  Warning: 'huggingface-cli login' is deprecated. Use 'hf auth login' instead.[0m
test:	 Inspect the dataset format:
 {'global_id': ['medeasi_001354'], 'source_text': ['Malthus was not the first to outline the problems he perceived.'], 'source_metrics': [{'FRE': 85.69, 'ARI': 6.8, 'FKGL': 4.0, 'Dale-Chall': 8.49, 'char_count': 63, 'alphanum_count': 52, 'word_count': 12, 'sentence_count': 1}], 'metadata': [{'dataset': 'medeasi', 'experiment_split': '', 'domain': 'medical', 'language': 'en', 'annotation': 'human', 'level': 'sentence'}], 'simplification_text': ['Malthus said this would not work, and it would only lead to increased numbers of the poor.'], 'target_metrics': [{'FRE': 88.06, 'ARI': 7.6, 'FKGL': 5.2, 'Dale-Chall': 7.27, 'char_count': 90, 'alphanum_count': 72, 'word_count': 19, 'sentence_count': 1, 'char_compression_rate': 1.43, 'word_compression_rate': 1.58, 'sentence_compression_rate': 1.0, 'BLEU': 3.0272532566104675, 'BERTScore': 0.9067994952201843}], 'simplification_version': [1], 'grade_level': [-1], 'simplification_dimensions': [{'linguistic': {'lexical': False, 'syntactic': False}}]}

--- Processing batch:
Baseline inference 6 completed.
Running evaluation script for Med-EASi - ARI...
--- Running evaluation...
Input files:	 ['output/baseline_inference/Mistral-7B-Instruct-v0.1-Med-EASi-ARI/output_1.json', 'output/baseline_inference/Mistral-7B-Instruct-v0.1-Med-EASi-ARI/output_2.json', 'output/baseline_inference/Mistral-7B-Instruct-v0.1-Med-EASi-ARI/output_3.json', 'output/baseline_inference/Mistral-7B-Instruct-v0.1-Med-EASi-ARI/output_4.json', 'output/baseline_inference/Mistral-7B-Instruct-v0.1-Med-EASi-ARI/output_5.json']
Metric:	 ARI
Evaluation completed for Med-EASi - ARI


=========================================================================
Running baseline inference for DATASET=Med-EASi, METRIC=FKGL
=========================================================================
Running baseline inference 1 with seed 37...
Loading from mistralai/Mistral-7B-Instruct-v0.1...
Inference args:
Namespace(use_vllm=False, seed=37, model_path='mistralai/Mistral-7B-Instruct-v0.1', model_name='mistralai/Mistral-7B-Instruct-v0.1', dataset_name='Med-EASi', model_class='auto', model_family='base', max_length=4096, batch_size=8, slice_test=-1, output_file='output/baseline_inference/Mistral-7B-Instruct-v0.1-Med-EASi-FKGL/output_1.json', device='cuda', peft_path=None, control_tokens='data/prompts/control_tokens.json', system_prompts='data/prompts/system_prompts.json', user_prompts='data/prompts/user_prompts.json', metric_mapping='data/metric_mapping.json', metric_name='FKGL', user_prompt_id='token_explanation')

[33m⚠️  Warning: 'huggingface-cli login' is deprecated. Use 'hf auth login' instead.[0m
test:	 Inspect the dataset format:
 {'global_id': ['medeasi_001354'], 'source_text': ['Malthus was not the first to outline the problems he perceived.'], 'source_metrics': [{'FRE': 85.69, 'ARI': 6.8, 'FKGL': 4.0, 'Dale-Chall': 8.49, 'char_count': 63, 'alphanum_count': 52, 'word_count': 12, 'sentence_count': 1}], 'metadata': [{'dataset': 'medeasi', 'experiment_split': '', 'domain': 'medical', 'language': 'en', 'annotation': 'human', 'level': 'sentence'}], 'simplification_text': ['Malthus said this would not work, and it would only lead to increased numbers of the poor.'], 'target_metrics': [{'FRE': 88.06, 'ARI': 7.6, 'FKGL': 5.2, 'Dale-Chall': 7.27, 'char_count': 90, 'alphanum_count': 72, 'word_count': 19, 'sentence_count': 1, 'char_compression_rate': 1.43, 'word_compression_rate': 1.58, 'sentence_compression_rate': 1.0, 'BLEU': 3.0272532566104675, 'BERTScore': 0.9067994952201843}], 'simplification_version': [1], 'grade_level': [-1], 'simplification_dimensions': [{'linguistic': {'lexical': False, 'syntactic': False}}]}

--- Processing batch:
Baseline inference 2 completed.
Running baseline inference 2 with seed 15...
Loading from mistralai/Mistral-7B-Instruct-v0.1...
Inference args:
Namespace(use_vllm=False, seed=15, model_path='mistralai/Mistral-7B-Instruct-v0.1', model_name='mistralai/Mistral-7B-Instruct-v0.1', dataset_name='Med-EASi', model_class='auto', model_family='base', max_length=4096, batch_size=8, slice_test=-1, output_file='output/baseline_inference/Mistral-7B-Instruct-v0.1-Med-EASi-FKGL/output_2.json', device='cuda', peft_path=None, control_tokens='data/prompts/control_tokens.json', system_prompts='data/prompts/system_prompts.json', user_prompts='data/prompts/user_prompts.json', metric_mapping='data/metric_mapping.json', metric_name='FKGL', user_prompt_id='token_explanation')

[33m⚠️  Warning: 'huggingface-cli login' is deprecated. Use 'hf auth login' instead.[0m
test:	 Inspect the dataset format:
 {'global_id': ['medeasi_001354'], 'source_text': ['Malthus was not the first to outline the problems he perceived.'], 'source_metrics': [{'FRE': 85.69, 'ARI': 6.8, 'FKGL': 4.0, 'Dale-Chall': 8.49, 'char_count': 63, 'alphanum_count': 52, 'word_count': 12, 'sentence_count': 1}], 'metadata': [{'dataset': 'medeasi', 'experiment_split': '', 'domain': 'medical', 'language': 'en', 'annotation': 'human', 'level': 'sentence'}], 'simplification_text': ['Malthus said this would not work, and it would only lead to increased numbers of the poor.'], 'target_metrics': [{'FRE': 88.06, 'ARI': 7.6, 'FKGL': 5.2, 'Dale-Chall': 7.27, 'char_count': 90, 'alphanum_count': 72, 'word_count': 19, 'sentence_count': 1, 'char_compression_rate': 1.43, 'word_compression_rate': 1.58, 'sentence_compression_rate': 1.0, 'BLEU': 3.0272532566104675, 'BERTScore': 0.9067994952201843}], 'simplification_version': [1], 'grade_level': [-1], 'simplification_dimensions': [{'linguistic': {'lexical': False, 'syntactic': False}}]}

--- Processing batch:
Baseline inference 3 completed.
Running baseline inference 3 with seed 96...
Loading from mistralai/Mistral-7B-Instruct-v0.1...
Inference args:
Namespace(use_vllm=False, seed=96, model_path='mistralai/Mistral-7B-Instruct-v0.1', model_name='mistralai/Mistral-7B-Instruct-v0.1', dataset_name='Med-EASi', model_class='auto', model_family='base', max_length=4096, batch_size=8, slice_test=-1, output_file='output/baseline_inference/Mistral-7B-Instruct-v0.1-Med-EASi-FKGL/output_3.json', device='cuda', peft_path=None, control_tokens='data/prompts/control_tokens.json', system_prompts='data/prompts/system_prompts.json', user_prompts='data/prompts/user_prompts.json', metric_mapping='data/metric_mapping.json', metric_name='FKGL', user_prompt_id='token_explanation')

[33m⚠️  Warning: 'huggingface-cli login' is deprecated. Use 'hf auth login' instead.[0m
test:	 Inspect the dataset format:
 {'global_id': ['medeasi_001354'], 'source_text': ['Malthus was not the first to outline the problems he perceived.'], 'source_metrics': [{'FRE': 85.69, 'ARI': 6.8, 'FKGL': 4.0, 'Dale-Chall': 8.49, 'char_count': 63, 'alphanum_count': 52, 'word_count': 12, 'sentence_count': 1}], 'metadata': [{'dataset': 'medeasi', 'experiment_split': '', 'domain': 'medical', 'language': 'en', 'annotation': 'human', 'level': 'sentence'}], 'simplification_text': ['Malthus said this would not work, and it would only lead to increased numbers of the poor.'], 'target_metrics': [{'FRE': 88.06, 'ARI': 7.6, 'FKGL': 5.2, 'Dale-Chall': 7.27, 'char_count': 90, 'alphanum_count': 72, 'word_count': 19, 'sentence_count': 1, 'char_compression_rate': 1.43, 'word_compression_rate': 1.58, 'sentence_compression_rate': 1.0, 'BLEU': 3.0272532566104675, 'BERTScore': 0.9067994952201843}], 'simplification_version': [1], 'grade_level': [-1], 'simplification_dimensions': [{'linguistic': {'lexical': False, 'syntactic': False}}]}

--- Processing batch:
Baseline inference 4 completed.
Running baseline inference 4 with seed 2...
Loading from mistralai/Mistral-7B-Instruct-v0.1...
Inference args:
Namespace(use_vllm=False, seed=2, model_path='mistralai/Mistral-7B-Instruct-v0.1', model_name='mistralai/Mistral-7B-Instruct-v0.1', dataset_name='Med-EASi', model_class='auto', model_family='base', max_length=4096, batch_size=8, slice_test=-1, output_file='output/baseline_inference/Mistral-7B-Instruct-v0.1-Med-EASi-FKGL/output_4.json', device='cuda', peft_path=None, control_tokens='data/prompts/control_tokens.json', system_prompts='data/prompts/system_prompts.json', user_prompts='data/prompts/user_prompts.json', metric_mapping='data/metric_mapping.json', metric_name='FKGL', user_prompt_id='token_explanation')

[33m⚠️  Warning: 'huggingface-cli login' is deprecated. Use 'hf auth login' instead.[0m
test:	 Inspect the dataset format:
 {'global_id': ['medeasi_001354'], 'source_text': ['Malthus was not the first to outline the problems he perceived.'], 'source_metrics': [{'FRE': 85.69, 'ARI': 6.8, 'FKGL': 4.0, 'Dale-Chall': 8.49, 'char_count': 63, 'alphanum_count': 52, 'word_count': 12, 'sentence_count': 1}], 'metadata': [{'dataset': 'medeasi', 'experiment_split': '', 'domain': 'medical', 'language': 'en', 'annotation': 'human', 'level': 'sentence'}], 'simplification_text': ['Malthus said this would not work, and it would only lead to increased numbers of the poor.'], 'target_metrics': [{'FRE': 88.06, 'ARI': 7.6, 'FKGL': 5.2, 'Dale-Chall': 7.27, 'char_count': 90, 'alphanum_count': 72, 'word_count': 19, 'sentence_count': 1, 'char_compression_rate': 1.43, 'word_compression_rate': 1.58, 'sentence_compression_rate': 1.0, 'BLEU': 3.0272532566104675, 'BERTScore': 0.9067994952201843}], 'simplification_version': [1], 'grade_level': [-1], 'simplification_dimensions': [{'linguistic': {'lexical': False, 'syntactic': False}}]}

--- Processing batch:
Baseline inference 5 completed.
Running baseline inference 5 with seed 28...
Loading from mistralai/Mistral-7B-Instruct-v0.1...
Inference args:
Namespace(use_vllm=False, seed=28, model_path='mistralai/Mistral-7B-Instruct-v0.1', model_name='mistralai/Mistral-7B-Instruct-v0.1', dataset_name='Med-EASi', model_class='auto', model_family='base', max_length=4096, batch_size=8, slice_test=-1, output_file='output/baseline_inference/Mistral-7B-Instruct-v0.1-Med-EASi-FKGL/output_5.json', device='cuda', peft_path=None, control_tokens='data/prompts/control_tokens.json', system_prompts='data/prompts/system_prompts.json', user_prompts='data/prompts/user_prompts.json', metric_mapping='data/metric_mapping.json', metric_name='FKGL', user_prompt_id='token_explanation')

[33m⚠️  Warning: 'huggingface-cli login' is deprecated. Use 'hf auth login' instead.[0m
test:	 Inspect the dataset format:
 {'global_id': ['medeasi_001354'], 'source_text': ['Malthus was not the first to outline the problems he perceived.'], 'source_metrics': [{'FRE': 85.69, 'ARI': 6.8, 'FKGL': 4.0, 'Dale-Chall': 8.49, 'char_count': 63, 'alphanum_count': 52, 'word_count': 12, 'sentence_count': 1}], 'metadata': [{'dataset': 'medeasi', 'experiment_split': '', 'domain': 'medical', 'language': 'en', 'annotation': 'human', 'level': 'sentence'}], 'simplification_text': ['Malthus said this would not work, and it would only lead to increased numbers of the poor.'], 'target_metrics': [{'FRE': 88.06, 'ARI': 7.6, 'FKGL': 5.2, 'Dale-Chall': 7.27, 'char_count': 90, 'alphanum_count': 72, 'word_count': 19, 'sentence_count': 1, 'char_compression_rate': 1.43, 'word_compression_rate': 1.58, 'sentence_compression_rate': 1.0, 'BLEU': 3.0272532566104675, 'BERTScore': 0.9067994952201843}], 'simplification_version': [1], 'grade_level': [-1], 'simplification_dimensions': [{'linguistic': {'lexical': False, 'syntactic': False}}]}

--- Processing batch:
Malthus did not invent the problems he saw....
Joubert syndrome is a rare genetic disorder that affects the brain and spinal cord. It is characteri...
...
Shanty towns have a lot of problems like crime, suicide, drugs, and illness....
Seidl died suddenly in 1898 from food poisoning at the age of 47. Many people were sad....
Schizophrenia affects a small number of people. It is a mental illness that can cause hallucinations...
...
Pain makes you feel bad, and itching makes you want to scratch....

--- Processing batch:
...
...
...
...
...
Galton noticed that parents' extreme traits (like height) are not fully inherited by their children....
...
...

--- Processing batch:
...
...
...
The north pole feels a force in the direction of the H-field, while the south pole feels a force opp...
...
Both white blood cells and ESR may be high due to gout without infection....
Dancing eyes is a term used to describe the involuntary movement of the eye....
...

--- Processing batch:
...
...
...
...
Teduglutide can help grown-ups who need help eating. It's a special kind of medicine called a GLP-2 ...
...
...
In kids, sore throat, pain when swallowing, and trouble swallowing can happen suddenly. It can be da...

--- Processing batch:
...
...
...
...
Ipratropium nasal spray can help with a runny nose, but it doesn't help much with stuffiness....
In this notation, the DA reaction and the dipolar reaction both become a [ 4+2 ] cycloaddition....
Many antibiotics used to treat this condition are becoming resistant....
...

--- Processing batch:
...
...
ries can grow in the cornea....
...
Most strabismus is due to either refractive error or muscle imbalance....
...
The treatment depends on where the disease comes from, the type of Leishmania, and the kind of infec...
...

--- Processing batch:
Symptoms and signs of food allergies can be different for each allergen, how it affects the body, an...
...
Inflammatory breast cancer causes the skin on the breast to turn orange, it gets red and swollen, an...
Antibiotics are often given for strep throat even though it's not as common as other illnesses....
...
EP can make it hard for people to breathe because it affects their lungs....
Nephritis is inflammation of the kidneys. It can affect the glomeruli, tubules, or tissue around the...
Keratin is the main thing that makes up the outer part of human skin....

--- Processing batch:
...
...
Many patients feel sick and have symptoms like fever, tiredness, and joint pain....
Processing food can make some waste hard to cut down without harming the final product's taste....
Patients may have symptoms like fever (usually low), tiredness, bad feeling, weight loss, and sweati...
...
Drinking a lot can make you feel tired and sleepy for a long time. This is called a "binge" and can ...
Acute liver failure can happen sometimes, more often in older people. It's usually caused by eating ...

--- Processing batch:
...
...
After she got sick with bronchopneumonia as a child, her parents were told it would help her get bet...
...
Innate immune systems protect against infection and are found in all plants and animals....
...
...
Real Shapeshifters Website 

A website about studying shapeshifting.

<FKGL=13.9> 

Shapeshifters in...

--- Processing batch:
...
T cells and B cells find things that are not like them. They do this during a process called antigen...
People often get sick with diarrhea, fever, and feeling bad. After a while, they may have milder dia...
...
...
...
Epidural hematoma (EDH) is a fast-growing blood clot between the dura mater and the skull....
...

--- Processing batch:
Tattoos can increase the chance of getting hepatitis C. This can happen if the equipment used is not...
Peat is made when plants don't decompose fully in acidic and airless conditions....
Morrell tried to go south but found thick ice. He turned north and reached the Kerguelen Islands. He...
Children may not want to poop because the poop is hard and uncomfortable to pass or because they don...
In this loop, carbon and carbon bonds are rearranged. This is called a cheletropic reaction, which i...
...
Fever with a temperature of up to 40° C can cause peritonitis. This is the most common symptom....
...

--- Processing batch:
...
Venom from some bugs can make people feel sick. These bugs are ants, bees, wasps, and kissing bugs. ...
...
Infection can be mild or severe. It can be without symptoms in 5 to 50 % of cases. It can also cause...
...
...
Many fossils of animals were found that were thought to be gone forever after the mid-Cambrian....
...

--- Processing batch:
...
...
...
...
When the train line was built on Rannoch Moor in Scotland, the builders put the tracks on a big pile...
The differences in life expectancy grew between the 1970s and 1990s. Schizophrenia is a big cause of...
...
Tragedy happened to the Yankees in September. The manager died of a skin infection....

--- Processing batch:
Symptoms include fullness, pain, tiredness, and leg aches. These symptoms get worse when standing or...
Symptoms can include itching, discharge, bleeding, and constipation. A doctor may use a special tool...
Research in Hong Kong found that the likely cause of many deaths during the SARS outbreak in 2003 wa...
...
A. lumbricoides is a big roundworm that lives in the large intestine. It's the most common type of w...
...
...
...

--- Processing batch:
...
Many people have joint pain that comes and goes or severe joint pain in many places at once. This ha...
...
Morrell made a mistake in his account. He recorded the wrong location of the anchorage. It was in th...
To diagnose gout, doctors look for monosodium urate crystals in the fluid that lubricates joints or ...
...
...
...

--- Processing batch:
The early and late stages are usually separated by a time without symptoms....
...
Bacterial meningitis happens in the US about 2,600 times a year. In developing countries, it happens...
Gonorrheal infections can cause burning or sharp pain during ejaculation....
The United States often calls Armenia a big place where many women are taken abroad for sex work....
...
...
...

--- Processing batch:
In some people with typhoid fever, symptoms like the first ones come back 2 weeks after they get bet...
ries have a system that lets them work together as a group. Some insects don't have children, while ...
The American military governor said that garotte execution is less cruel than hanging....
Social cognition problems and paranoia are linked to schizophrenia....
The same disease, like some types of cancer, can be caused by a genetic condition inherited from par...
People with atopic diseases like asthma, eczema, or allergic rhinitis are more likely to have an all...
A man who gets hurt to his penis during sex or while masturbating may sometimes get a broken penis o...
...

--- Processing batch:
...
Eye pain can come from different types of disorders. Some affect the cornea, others affect the whole...
Historians say that colonists had more chances to move to the Gold Coast, Nigeria, and other parts o...
Excretion is the way an organism gets rid of things it doesn't need anymore....
Patients can have symptoms and signs of inflammation no matter how big the vessels are. This can inc...
...
...
Syphilis can be in four stages: primary, secondary, latent, and tertiary. It can also happen at birt...

--- Processing batch:
...
Although schizophrenia usually starts in adulthood, things from childhood can increase the chance of...
Bleeding can happen inside the body or outside through natural openings or a skin break....
Many people with schizophrenia smoke cigarettes. It's estimated that 80 to 90% of them smoke regular...
...
The main symptoms are due to tetanospasmin, a poison made by the Clostridium tetani bacteria. This b...
Usually, a virus infects a host and then can enter cells that are easy to infect....
...

--- Processing batch:
To be published, bacteria must be grown, described, and put in a collection for other scientists to ...
...
The thalassemias are like a genetic disorder that affects hemoglobin, like sickle-cell disease....
...
If you look at a red stripe and a green stripe for a while, a black-and-white stripe will look green...
...
Many ways are used to make the smooth muscle cells in the lungs grow and shrink too much in people w...
...

--- Processing batch:
ries can make people sick. These include being poor, not eating well, cutting down trees, not cleani...
Urinary outflow obstruction can make it hard to pee, or you might pee a little bit at a time. This c...
Because people can get sick from having sex, but the risk is lower during non-penetrative sex, it's ...
...
...
Undernutrition and HIV infection may increase the risk of getting sick....
Treatment for cerebrovascular disease may include medicine, changes in lifestyle, or surgery, depend...
The concept of pansexuality means that it doesn't believe in the idea of two genders or specific sex...

--- Processing batch:
The history of your present illness should include:

* If your discharge is only from one side or bo...
Subcortical vascular dementia happens when small blood vessels in the brain get blocked. This can ca...
Since then, scientists have found many high-resolution structures using electron crystallography, su...
Sir William Osler was fascinated by the disorder and chorea in general. He was impressed with Huntin...
The doctor checks for any unusual things found in the past and physical exam. During the conversatio...
Fitz-Hugh-Curtis syndrome is a type of infection that causes pain, fever, and nausea in the right si...
Cholangiocarcinoma is a type of cancer that starts in the bile ducts. These ducts carry bile from th...
These mistakes can change the structure of DNA in big ways - adding, switching, or removing parts of...

--- Processing batch:
Fungi and bacteria can make people sick with osteomyelitis, usually in people with weakened immune s...
In 1977, Haller used the term "metabolic syndrome" to describe how being overweight, having diabetes...
MRI with MRCP is often used to diagnose problems in the pancreas. It can show if there are any masse...
After a concussion, some people may have symptoms like headaches, trouble remembering things, troubl...
The body can do special things like make poison, make slime, and grow. It also helps with things lik...
Caffeine makes you feel more awake and makes you pee more when you first start taking it. But your b...
There are three reasons why some systems seem to act randomly:

1. Randomness from the environment, ...
Tonsillopharyngitis is usually caused by viruses that make you sick, like the common cold. Sometimes...

--- Processing batch:
...
The reason for sarcopenia is not clear, but it might be because of a problem with the "satellite cel...
Body dysmorphic disorder (BDD) is a mental illness where people worry a lot about their body image. ...
Simon LeVay did a study in 1991. He looked at 18 men who were gay, 1 man who was both gay and straig...
Predictions saved to output/baseline_inference/Mistral-7B-Instruct-v0.1-Med-EASi-FKGL/output_5.json
Baseline inference 6 completed.
Running evaluation script for Med-EASi - FKGL...
--- Running evaluation...
Input files:	 ['output/baseline_inference/Mistral-7B-Instruct-v0.1-Med-EASi-FKGL/output_1.json', 'output/baseline_inference/Mistral-7B-Instruct-v0.1-Med-EASi-FKGL/output_2.json', 'output/baseline_inference/Mistral-7B-Instruct-v0.1-Med-EASi-FKGL/output_3.json', 'output/baseline_inference/Mistral-7B-Instruct-v0.1-Med-EASi-FKGL/output_4.json', 'output/baseline_inference/Mistral-7B-Instruct-v0.1-Med-EASi-FKGL/output_5.json']
Metric:	 FKGL
Evaluation completed for Med-EASi - FKGL


=========================================================================
Running baseline inference for DATASET=Med-EASi, METRIC=DALE-CHALL
=========================================================================
Running baseline inference 1 with seed 37...
Loading from mistralai/Mistral-7B-Instruct-v0.1...
Inference args:
Namespace(use_vllm=False, seed=37, model_path='mistralai/Mistral-7B-Instruct-v0.1', model_name='mistralai/Mistral-7B-Instruct-v0.1', dataset_name='Med-EASi', model_class='auto', model_family='base', max_length=4096, batch_size=8, slice_test=-1, output_file='output/baseline_inference/Mistral-7B-Instruct-v0.1-Med-EASi-DALE-CHALL/output_1.json', device='cuda', peft_path=None, control_tokens='data/prompts/control_tokens.json', system_prompts='data/prompts/system_prompts.json', user_prompts='data/prompts/user_prompts.json', metric_mapping='data/metric_mapping.json', metric_name='DALE-CHALL', user_prompt_id='token_explanation')

[33m⚠️  Warning: 'huggingface-cli login' is deprecated. Use 'hf auth login' instead.[0m
test:	 Inspect the dataset format:
 {'global_id': ['medeasi_001354'], 'source_text': ['Malthus was not the first to outline the problems he perceived.'], 'source_metrics': [{'FRE': 85.69, 'ARI': 6.8, 'FKGL': 4.0, 'Dale-Chall': 8.49, 'char_count': 63, 'alphanum_count': 52, 'word_count': 12, 'sentence_count': 1}], 'metadata': [{'dataset': 'medeasi', 'experiment_split': '', 'domain': 'medical', 'language': 'en', 'annotation': 'human', 'level': 'sentence'}], 'simplification_text': ['Malthus said this would not work, and it would only lead to increased numbers of the poor.'], 'target_metrics': [{'FRE': 88.06, 'ARI': 7.6, 'FKGL': 5.2, 'Dale-Chall': 7.27, 'char_count': 90, 'alphanum_count': 72, 'word_count': 19, 'sentence_count': 1, 'char_compression_rate': 1.43, 'word_compression_rate': 1.58, 'sentence_compression_rate': 1.0, 'BLEU': 3.0272532566104675, 'BERTScore': 0.9067994952201843}], 'simplification_version': [1], 'grade_level': [-1], 'simplification_dimensions': [{'linguistic': {'lexical': False, 'syntactic': False}}]}

--- Processing batch:
...
...
...
...
Seidl died in 1898 from food poisoning at the age of 47. Many people were sad....
Schizophrenia affects about 0.3 to 0.7 percent of people at some point in their life, or about 24 mi...
...
Pain makes you feel bad, and itching makes you want to scratch....

--- Processing batch:
...
...
...
...
...
Galton noticed that children don't always inherit their parents' extreme traits, like height....
...
...

--- Processing batch:
...
The most common type of acne is called acne vulgaris, which means common acne....
...
The north and south poles feel a force in opposite directions....
...
However, both white blood cells and ESR may be high due to gout without infection....
...
After a short rest in February 1377, the king died of a stroke at Sheen on 21 June....

--- Processing batch:
...
...
Doctors thought the herbs would stop the bad smells of the plague and keep them from getting sick....
...
Adults who need help eating may like teduglutide. It's a medicine that helps the body make more food...
...
...
In kids, sore throat, pain when swallowing, and hard swallowing happen suddenly. It can be dangerous...

--- Processing batch:
...
Anaphylaxis is diagnosed by looking at a person's signs and symptoms....
...
...
...
In this notation, the DA reaction and the dipolar reaction both become a [ 4+2 ] cycloaddition....
Many antibiotics used to treat this condition are becoming resistant....
The patient's eyes are watery and their skin is sweaty. Their heart rate and blood pressure are high...

--- Processing batch:
...
...
...
...
...
Common warts are bumps on the skin that are usually gray, brown, or black. They are usually round or...
The treatment depends on where the disease is caught, the type of Leishmania, and the kind of infect...
...

--- Processing batch:
...
...
Inflammatory breast cancer is a type of cancer that causes the skin on the breast to turn orange, th...
Antibiotics are often given for strep throat even though it's not very common....
...
...
Nephritis is inflammation of the kidneys. It can affect the glomeruli, tubules, or tissue around the...
Keratin is the main thing that makes up the outer part of human skin....

--- Processing batch:
Women may not bond with their baby, which can cause problems for the baby later....
In chronic thromboembolic pulmonary hypertension, the blood vessels in the lungs are blocked or narr...
...
...
Patients may have symptoms like fever, tiredness, bad feeling, weight loss, and sweating. Some patie...
...
Binges, often over several days, lead to an exhaustion syndrome or "washed out" syndrome, involving ...
Acute liver failure can happen sometimes, more often in older people. It's usually caused by eating ...

--- Processing batch:
...
...
After she got sick with bronchopneumonia as a child, her parents were told it would help her get bet...
...
...
...
...
Real Shapeshifters Website

This website is about studying shapeshifting. It's called realshapeshift...

--- Processing batch:
Hands that touch cholera patients or their clothing, bedding, etc., should be washed and disinfected...
T cells and B cells find non-self antigens during antigen presentation....
Patients often get sick with diarrhea, fever, and tiredness. Later, they may have milder diarrhea, n...
...
...
...
Epidural hematoma (EDH) is a fast-growing blood clot between the dura mater and the skull....
...

--- Processing batch:
Tattoos may increase the chance of getting hepatitis C. This can happen if the equipment used is not...
Peat is made when plants don't fully decompose in acidic and airless conditions....
Morrell tried to go south but found thick ice. He turned north and reached Kerguelen Islands. He anc...
Children may put off having bowel movements because the stools are hard and uncomfortable to pass or...
In this ring, carbon and carbon bonds change. This is called cheletropic reactions, which are a type...
...
Fever as high as 40° C is the major symptom....
...

--- Processing batch:
...
Venom from some bugs can make people feel very sick. These bugs include ants, bees, wasps, and kissi...
...
Infection can be mild (in some cases) or severe (with a risk of death)....
One of these is known as familial hemiplegic migraine, a type of migraine with aura, which is inheri...
...
...
...

--- Processing batch:
...
...
...
...
When the West Highland railway line was built across Rannoch Moor in western Scotland, its builders ...
These differences in life expectancy increased between the 1970s and 1990s. Schizophrenia is a major...
...
Tragedy hit the Yankees in September when their manager died of a skin infection....

--- Processing batch:
Symptoms include fullness, pain, tiredness, and leg aches. These symptoms get worse when standing or...
Symptoms include itching, discharge, bleeding, and constipation. A proctoscope may show redness or m...
...
...
A. lumbricoides is a big roundworm that lives in the large intestine. It's the most common infection...
...
...
...

--- Processing batch:
...
Joint pain and swelling can happen in many people and may come before other symptoms....
...
In his account, Morrell recorded the anchorage's position incorrectly. He put it in the open sea, ab...
A gout diagnosis is made by finding monosodium urate crystals in synovial fluid or a tophus....
He helps raise money for charity. He does this by hosting walks and other events to find a cure for ...
...
During a physical exam, doctors often find a lump or a breast that feels different from the rest. If...

--- Processing batch:
The early and late stages are usually separated by a time without symptoms....
...
There are about 260 cases of meningitis in the US and 333,000 cases in developing countries....
Gonorrheal infections can cause burning or sharp pain during ejaculation....
The United States says that Armenia is a big place where many women are taken away to be used for se...
...
...
...

--- Processing batch:
...
Insects have a system that lets them work together as a group. Some insects don't lay eggs and other...
The American military governor said that garotte execution is less cruel than hanging....
Social cognition problems and paranoia are linked to schizophrenia....
The same disease, like some types of cancer, can be caused by a genetic condition inherited from par...
People with atopic diseases like asthma, eczema, or allergic rhinitis are at high risk of anaphylaxi...
A man who gets hurt during sex or while masturbating may sometimes get a broken penis or Peyronie's ...
...

--- Processing batch:
...
Eye pain can come from different things. Some affect the cornea, others affect the whole eye, and so...
Historians say that colonists had more chances to move to the Gold Coast, Nigeria, and other parts o...
Excretion is the way waste products and other things that are not useful are removed from an organis...
Patients can have symptoms and signs of inflammation, like fever, sweating, tiredness, loss of appet...
...
Anal cancer is usually a type of cancer that starts near the squamocolumnar junction. It is often li...
Syphilis can appear in four stages: primary, secondary, latent, and tertiary. It can also occur at b...

--- Processing batch:
...
Although schizophrenia usually starts in adulthood, things from childhood can affect it. These thing...
Bleeding can happen inside the body or outside through natural openings or a skin break....
Many people with schizophrenia smoke cigarettes. It's estimated that 80 to 90% of them smoke regular...
...
The main symptoms are due to a poison called tetanospasmin. This poison is made by a bacteria called...
Usually, a virus gets into a host and then can get to cells that might be infected....
Sometimes the egg can get stuck in the tube that leads to the uterus instead of inside the uterus, w...

--- Processing batch:
...
Cycloadditions can also happen when 4n electrons are involved and it's caused by light....
...
...
If you look at a red stripe and a green stripe for a while, a black-and-white stripe will look green...
...
Many pathways are involved in the abnormal growth and shrinking of the smooth muscle cells in the lu...
Lifestyle changes can help reduce (and in some cases, reverse) coronary disease. Exercise and diet c...

--- Processing batch:
Risk factors are things that increase the chance of something bad happening. They include poverty, n...
...
Because people can get sick from having sex, but the risk is lower during non-penetrative sex, it's ...
...
Chairman of the London organising committee, Lord Coe, said about the 2012 Summer Paralympics and Ol...
...
Treatment for cerebrovascular disease may include medicine, changes in lifestyle, and/or surgery, de...
The concept of pansexuality means that it doesn't believe in the idea of two genders or specific sex...

--- Processing batch:
The history of your current discharge should include:

* Is it coming from one side or both sides?
*...
Small-vessel dementia happens when the small blood vessels in the brain get blocked. This can cause ...
...
Sir William Osler was interested in disorders and chorea. He was impressed with Huntington's paper, ...
The doctor checks for reasons why you have nerve problems. They ask about things like being exposed ...
Fitz-Hugh-Curtis syndrome is a type of infection that happens in the liver. It usually happens to wo...
Cholangiocarcinoma is a type of cancer that starts in the bile ducts, which drain bile from the live...
These mistakes can cause big changes in the order of the DNA's building blocks - adding or removing ...

--- Processing batch:
Fungi and mycobacteria can cause osteomyelitis, usually in people with weakened immune systems or in...
In 1977, Haller used the term "metabolic syndrome" to describe the link between obesity, diabetes, h...
MRI with MRCP is often used to diagnose problems in the pancreas. It can show if there are any masse...
After a concussion, some people may have symptoms like headaches, trouble remembering things, troubl...
Physiological adaptations help the organism do special things like make poison, secrete slime, and g...
Caffeine makes you feel more awake and makes you pee more when you first start taking it. But after ...
There are three reasons why systems can seem to act randomly:

1. Randomness from the environment, l...
Tonsillopharyngitis is usually caused by viruses that cause the common cold, like adenovirus, rhinov...

--- Processing batch:
...
The reason for muscle loss, called sarcopenia, is not clear. It may be due to a problem with the cel...
Body dysmorphic disorder (BDD) is a mental illness where people worry a lot about their body. They t...
Simon LeVay found that the part of the brain of gay men was smaller and closer to women's than strai...
Predictions saved to output/baseline_inference/Mistral-7B-Instruct-v0.1-Med-EASi-DALE-CHALL/output_1.json
Baseline inference 2 completed.
Running baseline inference 2 with seed 15...
Loading from mistralai/Mistral-7B-Instruct-v0.1...
Inference args:
Namespace(use_vllm=False, seed=15, model_path='mistralai/Mistral-7B-Instruct-v0.1', model_name='mistralai/Mistral-7B-Instruct-v0.1', dataset_name='Med-EASi', model_class='auto', model_family='base', max_length=4096, batch_size=8, slice_test=-1, output_file='output/baseline_inference/Mistral-7B-Instruct-v0.1-Med-EASi-DALE-CHALL/output_2.json', device='cuda', peft_path=None, control_tokens='data/prompts/control_tokens.json', system_prompts='data/prompts/system_prompts.json', user_prompts='data/prompts/user_prompts.json', metric_mapping='data/metric_mapping.json', metric_name='DALE-CHALL', user_prompt_id='token_explanation')

[33m⚠️  Warning: 'huggingface-cli login' is deprecated. Use 'hf auth login' instead.[0m
test:	 Inspect the dataset format:
 {'global_id': ['medeasi_001354'], 'source_text': ['Malthus was not the first to outline the problems he perceived.'], 'source_metrics': [{'FRE': 85.69, 'ARI': 6.8, 'FKGL': 4.0, 'Dale-Chall': 8.49, 'char_count': 63, 'alphanum_count': 52, 'word_count': 12, 'sentence_count': 1}], 'metadata': [{'dataset': 'medeasi', 'experiment_split': '', 'domain': 'medical', 'language': 'en', 'annotation': 'human', 'level': 'sentence'}], 'simplification_text': ['Malthus said this would not work, and it would only lead to increased numbers of the poor.'], 'target_metrics': [{'FRE': 88.06, 'ARI': 7.6, 'FKGL': 5.2, 'Dale-Chall': 7.27, 'char_count': 90, 'alphanum_count': 72, 'word_count': 19, 'sentence_count': 1, 'char_compression_rate': 1.43, 'word_compression_rate': 1.58, 'sentence_compression_rate': 1.0, 'BLEU': 3.0272532566104675, 'BERTScore': 0.9067994952201843}], 'simplification_version': [1], 'grade_level': [-1], 'simplification_dimensions': [{'linguistic': {'lexical': False, 'syntactic': False}}]}

--- Processing batch:
...
...
...
...
Seidl died in 1898 from food poisoning at the age of 47. Many people were sad....
Schizophrenia affects a small number of people, about 0.3-0.7 percent, or 24 million people worldwid...
...
Pain makes you pull away, and itching makes you scratch....

--- Processing batch:
...
...
...
...
...
...
...
...

--- Processing batch:
Death usually happens around 13 to 15 years after symptoms start....
...
...
The north pole feels a force in the direction of the H-field, while the south pole feels a force opp...
...
However, both white blood cells and ESR may be high due to gout without infection....
Dancing eyes is a term used to describe the involuntary movement of the eye....
...

--- Processing batch:
...
People usually get better in 7 to 10 days, but some symptoms can last up to 3 weeks....
Doctors thought the herbs would stop the bad smells of the plague and keep them from getting sick....
...
Adults who need help eating may like teduglutide. It's a medicine that helps the body make more food...
...
...
In kids, sore throat, pain when swallowing, and hard swallowing happen suddenly. It can be dangerous...

--- Processing batch:
...
Anaphylaxis is diagnosed by looking at a person's signs and symptoms....
...
...
...
In this notation, the DA reaction and the dipolar reaction both become a [ 4+2 ] cycloaddition....
Many people are becoming resistant to antibiotics used to treat this condition....
The patient's eyes are watery and their skin is sweaty. Their heart rate and blood pressure are also...

--- Processing batch:
...
...
...
...
...
...
The treatment depends on where the disease is caught, the type of Leishmania, and the kind of infect...
...

--- Processing batch:
Symptoms and signs of food allergies can differ depending on the allergen, how it affects the body, ...
...
Inflammatory breast cancer is a type of cancer that causes the skin on the breast to turn orange, th...
Antibiotics are often given for strep throat even though it's not very common....
...
...
Nephritis is inflammation of the kidneys. It can affect the glomeruli, tubules, or tissue around the...
...

--- Processing batch:
Women may not bond with their baby, which can cause problems for the child later....
...
Many patients feel sick with symptoms like fever, tiredness, weight loss, and joint pain....
Processing food can make some waste hard to cut down without hurting the final product's taste....
Patients may have symptoms like fever, tiredness, bad feeling, weight loss, and sweating. Some patie...
...
...
Acute liver failure can happen sometimes, more often in older people. It's usually caused by eating ...

--- Processing batch:
...
...
...
...
Plants and animals have a defense system that fights off infections right away. This is called the i...
...
Pulmonary hypertension (PH or PHTN) is a condition where the blood pressure in the lungs is higher t...
Real Shapeshifters Website

This website is about studying shapeshifting. It's called realshapeshift...

--- Processing batch:
...
T cells and B cells help find non-self things, during a process called antigen presentation....
Patients often have diarrhea, fever, and tiredness. Later, they may have milder diarrhea, nausea, st...
...
A measles epidemic and food shortages in 1900 made many people sick and hungry. This reduced the pop...
Onset is often sudden, usually with fever, bad joints, and trouble moving....
Epidural hematoma (EDH) is a fast-growing blood clot between the dura mater and the skull....
...

--- Processing batch:
Tattoos may increase the chance of getting hepatitis C. This can happen if the equipment used is not...
Peat is made when plants don't fully decompose in acidic and airless conditions....
Morrell tried to go south but found thick ice. He turned north and reached the Kerguelen Islands. He...
Children may put off having bowel movements because the stools are hard and uncomfortable to pass or...
A reorganization of carbon and carbon bonds happens in this cyclic array. This is called cheletropic...
...
Fever as high as 40° C is the major symptom....
...

--- Processing batch:
...
Venom from some bugs can make people feel sick. These bugs are ants, bees, wasps, and kissing bugs. ...
...
Infection can be mild (in some cases) or severe (with a risk of death)....
One of these is called a migraine with aura that runs in families....
...
...
...

--- Processing batch:
...
...
...
...
When the West Highland railway line was built across Rannoch Moor in western Scotland, its builders ...
These differences in life expectancy increased between the 1970s and 1990s. Schizophrenia is a major...
...
The Yankees lost their manager in September. He died of a skin infection....

--- Processing batch:
Symptoms include fullness, pain, tiredness, and leg aching. These symptoms get worse when standing o...
Symptoms include itching, discharge, bleeding, and constipation. A proctoscope may show redness or m...
...
His theory says that animals get ready to fight or run when they sense danger....
A. lumbricoides is a big roundworm that lives in the large intestine. It is the most common infectio...
...
...
...

--- Processing batch:
...
Joint pain and swelling can happen in many people and may come before other symptoms....
...
In his account, Morrell recorded the anchorage's location incorrectly. He put it in the middle of th...
A diagnosis of gout is made by finding monosodium urate crystals in synovial fluid or a tophus....
...
...
During a physical exam, doctors often find a lump or a breast that feels different from the rest. If...

--- Processing batch:
The early and late stages are usually separated by a time without symptoms....
...
Bacterial meningitis happens in the United States about 2,600 times a year. In developing countries,...
Gonorrheal infections can cause burning or sharp pain during ejaculation....
The US often calls Armenia a big place to send women for sex work outside the country....
...
Repeating a task for many years can cause chest tightness to come back and last until the end of the...
...

--- Processing batch:
...
...
The military governor said that garotte execution is less cruel than hanging....
Social cognition problems and paranoia are linked to schizophrenia....
The same disease, such as some types of cancer, can be caused by inherited genetic conditions in som...
People with atopic diseases like asthma, eczema, or allergic rhinitis are at high risk of anaphylaxi...
A man who gets hurt to his penis during sex or while masturbating may sometimes get a broken penis o...
...

--- Processing batch:
...
Eye pain can come from different causes. Some affect the cornea, others affect the whole eye, and so...
Historians say that colonists had more chances to go to the Gold Coast, Nigeria, and other parts of ...
...
Patients can have symptoms and signs of inflammation no matter how big the vessels are. This can inc...
...
Anal cancer is usually a type of cancer that starts near the squamocolumnar junction. It is often li...
Syphilis can be in four stages: primary, secondary, latent, and tertiary. It can also happen at birt...

--- Processing batch:
...
Although schizophrenia usually starts in adulthood, things from childhood can affect it. These thing...
Bleeding can happen inside the body or outside through natural openings or a skin break....
Many people with schizophrenia smoke cigarettes. It's estimated that 80 to 90% of them smoke regular...
Galton thought that the height of a person is about 2/3 of the difference between their parents' hei...
The main symptoms are due to a poison called tetanospasmin. This poison is made by a bacteria called...
Usually, a virus infects a host and then can enter cells that are easy to infect....
...

--- Processing batch:
...
...
...
...
If you look at a red stripe and a green stripe for a while, a black-and-white stripe will look green...
...
Many ways are involved in the growth and shrinking of the smooth muscle cells in the lungs' arteries...
...

--- Processing batch:
Risk factors are things that increase the chance of something bad happening. They include poverty, n...
Urinary outflow obstruction can cause hesitancy, dribbling, or urinary retention. UTIs may develop....
...
...
Chairman of the London organising committee, Lord Coe, said about the 2012 Summer Paralympics and Ol...
Undernutrition and HIV infection may increase the risk....
Treatment for cerebrovascular disease may include medicine, changes in lifestyle, or surgery, depend...
The concept of pansexuality means that it doesn't believe in the idea of two genders or specific sex...

--- Processing batch:
The history of your current discharge should include the following:

* Is it unilateral or bilateral...
Small-vessel damage can cause a type of dementia called subcortical vascular dementia. This type of ...
Since then, scientists have found many high-resolution structures using electron crystallography, su...
Sir William Osler was interested in disorders and chorea. He was impressed with Huntington's paper, ...
The doctor checks for reasons why you have nerve problems. They ask about things like being exposed ...
Fitz-Hugh-Curtis syndrome is a type of infection that happens in the liver. It usually happens to wo...
Cholangiocarcinoma is a type of cancer that starts in the bile ducts, which drain bile from the live...
These mistakes can cause big changes in the order of DNA - adding, switching, or removing parts - or...

--- Processing batch:
Fungi and bacteria can cause bone infection, usually in people with weakened immune systems or in ar...
In 1977, Haller used the term "metabolic syndrome" to describe the link between obesity, diabetes, h...
MRI with MRCP is often used for diagnosing pancreas problems. It can show masses and changes in the ...
After a concussion, some people may have symptoms like headaches, trouble remembering things, troubl...
Physiological adaptations help the organism do special things like make poison, secrete slime, and g...
Caffeine makes you feel more awake and makes you pee more when you first start taking it, but your b...
There are three reasons why systems can seem to act randomly:

1. Randomness from the environment, l...
Tonsillopharyngitis is usually caused by viruses that cause the common cold, like adenovirus, rhinov...

--- Processing batch:
...
The reason for sarcopenia is not clear, but it might be because of a problem with the cells that hel...
Body dysmorphic disorder (BDD) is a mental illness where people worry a lot about their body image. ...
Simon LeVay found that the part of the brain of gay men was smaller and closer to women's than strai...
Predictions saved to output/baseline_inference/Mistral-7B-Instruct-v0.1-Med-EASi-DALE-CHALL/output_2.json
Baseline inference 3 completed.
Running baseline inference 3 with seed 96...
Loading from mistralai/Mistral-7B-Instruct-v0.1...
Inference args:
Namespace(use_vllm=False, seed=96, model_path='mistralai/Mistral-7B-Instruct-v0.1', model_name='mistralai/Mistral-7B-Instruct-v0.1', dataset_name='Med-EASi', model_class='auto', model_family='base', max_length=4096, batch_size=8, slice_test=-1, output_file='output/baseline_inference/Mistral-7B-Instruct-v0.1-Med-EASi-DALE-CHALL/output_3.json', device='cuda', peft_path=None, control_tokens='data/prompts/control_tokens.json', system_prompts='data/prompts/system_prompts.json', user_prompts='data/prompts/user_prompts.json', metric_mapping='data/metric_mapping.json', metric_name='DALE-CHALL', user_prompt_id='token_explanation')

[33m⚠️  Warning: 'huggingface-cli login' is deprecated. Use 'hf auth login' instead.[0m
test:	 Inspect the dataset format:
 {'global_id': ['medeasi_001354'], 'source_text': ['Malthus was not the first to outline the problems he perceived.'], 'source_metrics': [{'FRE': 85.69, 'ARI': 6.8, 'FKGL': 4.0, 'Dale-Chall': 8.49, 'char_count': 63, 'alphanum_count': 52, 'word_count': 12, 'sentence_count': 1}], 'metadata': [{'dataset': 'medeasi', 'experiment_split': '', 'domain': 'medical', 'language': 'en', 'annotation': 'human', 'level': 'sentence'}], 'simplification_text': ['Malthus said this would not work, and it would only lead to increased numbers of the poor.'], 'target_metrics': [{'FRE': 88.06, 'ARI': 7.6, 'FKGL': 5.2, 'Dale-Chall': 7.27, 'char_count': 90, 'alphanum_count': 72, 'word_count': 19, 'sentence_count': 1, 'char_compression_rate': 1.43, 'word_compression_rate': 1.58, 'sentence_compression_rate': 1.0, 'BLEU': 3.0272532566104675, 'BERTScore': 0.9067994952201843}], 'simplification_version': [1], 'grade_level': [-1], 'simplification_dimensions': [{'linguistic': {'lexical': False, 'syntactic': False}}]}

--- Processing batch:
...
...
...
...
Seidl died in 1898 from food poisoning at age 47. Many people were sad....
Schizophrenia affects about 0.3 to 0.7 percent of people at some point in their life, or about 24 mi...
...
Pain makes you pull away, and itching makes you scratch....

--- Processing batch:
...
...
...
...
...
Galton noticed that children don't always get the same extreme traits (like height) from their paren...
...
...

--- Processing batch:
Death usually happens around 13 to 15 years after symptoms start....
The most common type of acne is called acne vulgaris, which means common acne....
...
...
...
However, both white blood cells and ESR may be high due to gout without infection....
Dancing eyes is when your eyes move on their own....
After a short rest in February 1377, the king died of a stroke at Sheen on 21 June....

--- Processing batch:
...
...
...
...
Adults who need help eating may like teduglutide (a special kind of hormone). The right amount is 0....
...
...
In kids, sore throat, pain when swallowing, and hard swallowing happen suddenly. It can be dangerous...

--- Processing batch:
...
Anaphylaxis is diagnosed by looking at a person's signs and symptoms....
...
...
...
In this notation, the DA reaction and the dipolar reaction both become a [ 4+2 ] cycloaddition....
Many people are becoming resistant to antibiotics used to treat this condition....
The patient's eyes are watery and their skin is sweaty. Their heart rate and blood pressure are also...

--- Processing batch:
...
Patients who have diarrhea after meals should take antidiarrheals (eg, loperamide) 1 hour before eat...
...
...
...
...
The treatment depends on where the disease is caught, the type of Leishmania, and the kind of infect...
...

--- Processing batch:
Food allergies can cause different symptoms and signs depending on the allergen, how it affects the ...
...
Inflammatory breast cancer causes the skin of the breast to turn orange, it gets red and swells up. ...
Antibiotics are often given for strep throat even though it's not very common....
...
...
Nephritis is inflammation of the kidneys. It can affect the glomeruli, tubules, or tissue around the...
...

--- Processing batch:
Women may not bond with their baby, which can cause problems for the baby later....
...
Many patients feel sick with symptoms like fever, tiredness, weight loss, and joint pain....
Processing food can make some waste hard to cut down without hurting the final product's taste....
Patients may have symptoms like fever, tiredness, bad feeling, weight loss, and sweating. Some patie...
...
...
Acute liver failure can happen sometimes, more often in older people. It's usually caused by eating ...

--- Processing batch:
...
...
...
...
Plants and animals have a defense system that fights off infections right away. This is called the i...
...
Pulmonary hypertension (PH or PHTN) is a condition where the blood pressure in the lungs is higher t...
Real Shapeshifters Website 

Dedicated to the study of shapeshifting phenomena ( realshapeshifters.c...

--- Processing batch:
...
T cells and B cells help find things that are not like them. This happens when they look at things c...
Patients often get sick with diarrhea, fever, and tiredness. Later, they may have milder diarrhea, n...
...
A measles epidemic and food shortages in 1900 reduced the area's population by one-third....
Onset is often sudden, usually with fever, bad joints, and trouble moving....
Epidural hematoma (EDH) is a fast-growing blood clot between the dura mater and the skull....
...

--- Processing batch:
Tattoos may increase the chance of getting hepatitis C. This can happen if the equipment used is not...
Peat forms when plant material does not fully decay in acidic and anaerobic conditions....
Morrell tried to go south but found thick ice. He turned north and reached Kerguelen Islands. He anc...
Children may put off having bowel movements because the stools are hard and uncomfortable to pass or...
A reorganization of carbon and carbon bonds happens in this cyclic array. This is called cheletropic...
...
Fever as high as 40° C is the major symptom....
...

--- Processing batch:
...
Venom from stinging or biting insects like ants, bees, wasps, or kissing bugs can cause an allergic ...
...
Infection can be mild (in some cases) or severe (with a chance of death)....
One type of migraine is called familial hemiplegic migraine. It has a warning sign before it happens...
...
...
...

--- Processing batch:
...
...
...
...
When the West Highland railway line was built across Rannoch Moor in western Scotland, its builders ...
These differences in life expectancy increased between the 1970s and 1990s. Schizophrenia is a major...
...
Tragedy hit the Yankees in September when their manager died of a skin infection....

--- Processing batch:
Symptoms include fullness, pain, tiredness, and leg aches. These symptoms get worse when standing or...
Symptoms include itching, discharge, bleeding, and constipation. A doctor may use a special tool to ...
...
...
A. lumbricoides is a big roundworm that lives in the large intestine. It is the most common infectio...
...
...
...

--- Processing batch:
...
Many people have joint pain that comes and goes or severe joint pain in many places at once. This ha...
In people with seasonal and perennial conjunctivitis, the upper tarsal conjunctiva has a velvety app...
In his account, Morrell recorded the anchorage's position incorrectly. He put it in the middle of th...
A diagnosis of gout is made by finding monosodium urate crystals in synovial fluid or a tophus....
...
...
During a physical exam, doctors often find a lump or a breast that feels different from the rest. If...

--- Processing batch:
The early and late stages of a disease are usually separated by a time when there are no symptoms....
...
There are about 260 cases of meningitis in the US and 333,000 cases in developing countries....
Gonorrheal infections can cause burning or sharp pain during ejaculation....
The United States says that Armenia is a big place where many women are taken away to be used for se...
...
...
A silent stroke can harm the brain and increase the chances of having a transient ischemic attack or...

--- Processing batch:
...
Insects have a system that lets them work together as a group. Some insects don't lay eggs and other...
...
Social cognition problems and paranoia are linked to schizophrenia....
The same disease can be caused by an inherited genetic condition, new mutations, or environmental fa...
People with atopic diseases like asthma, eczema, or allergic rhinitis are at high risk of anaphylaxi...
A man who gets hurt to his penis during sex or masturbation may sometimes get a broken penis or Peyr...
...

--- Processing batch:
...
Eye pain can come from different types of disorders. Some affect the cornea, others affect the whole...
Historians say that colonists had more chances to go to the Gold Coast, Nigeria, and other parts of ...
...
Patients can have symptoms and signs of inflammation, such as fever, sweating, tiredness, loss of ap...
...
Anal cancer is usually a type of cancer that starts near the squamocolumnar junction. It is often li...
Syphilis can be in four stages: primary, secondary, latent, and tertiary. It can also happen at birt...

--- Processing batch:
...
Although schizophrenia usually starts in adulthood, things from childhood can affect it. These thing...
Bleeding can happen inside the body or outside through natural openings or a skin break....
Many people with schizophrenia smoke cigarettes. It's estimated that 80 to 90% of them smoke regular...
...
The main symptoms are due to a poison called tetanospasmin. This poison is made by a bacteria called...
Usually, a virus infects a host and then can enter cells that are easy to infect....
...

--- Processing batch:
...
Cycloadditions with 4 electrons can also be caused by light activation....
...
...
If you look at a red stripe and a green stripe for a while, a black-and-white stripe will look green...
...
Many ways are involved in the growth and shrinking of the smooth muscle cells in the lungs' arteries...
Lifestyle changes can help reduce (and in some cases, reverse) coronary disease. Exercise and diet c...

--- Processing batch:
ries are things that make it harder for people to stay healthy. These can include being poor, not ea...
Urinary outflow obstruction can cause hesitancy, dribbling, or urinary retention. UTIs may develop....
Because people can get sick from having sex, but the risk is lower during non-penetrative sex, it's ...
...
The London organizing committee leader, Lord Coe, said that in 2010, the Olympics were joined by the...
...
Treatment for cerebrovascular disease may include medicine, changes in lifestyle, or surgery, depend...
...

--- Processing batch:
History of present illness should include:

* Is the discharge from one breast or both?
* What color...
Small-vessel damage can cause a type of dementia called subcortical vascular dementia. This type of ...
Since then, scientists have found many high-resolution structures using electron crystallography, su...
Sir William Osler was interested in disorders and chorea. He was impressed with Huntington's paper, ...
The doctor checks for reasons why you have nerve problems. They ask about things like being exposed ...
Fitz-Hugh-Curtis syndrome is a type of infection that causes pain in the right side of the stomach, ...
Cholangiocarcinoma is a type of cancer that starts in the bile ducts. These ducts carry bile from th...
These mistakes can cause big changes in the order of DNA - adding, switching, or removing parts - or...

--- Processing batch:
Fungi and bacteria can cause bone infection, usually in people with weakened immune systems or in ar...
In 1977, Haller used the term "metabolic syndrome" to describe the link between obesity, diabetes, h...
MRI with MRCP is often used to diagnose problems in the pancreas. It can show if there are any masse...
After a concussion, some people may have symptoms like headaches, trouble remembering things, troubl...
Physiological adaptations help the organism do special things like make poison, secrete slime, and g...
Caffeine makes you feel more awake and makes you pee more when you first start taking it. But after ...
It is generally thought that there are three reasons why systems seem to act randomly: Randomness fr...
Tonsillopharyngitis is usually caused by viruses that cause the common cold, like adenovirus, rhinov...

--- Processing batch:
...
The reason for sarcopenia is not clear, but it might be because the "satellite cells" that help make...
Body dysmorphic disorder (BDD) is a mental illness where people worry a lot about their body image. ...
Simon LeVay found that the INAH 3 nucleus of the anterior hypothalamus of homosexual men was smaller...
Predictions saved to output/baseline_inference/Mistral-7B-Instruct-v0.1-Med-EASi-DALE-CHALL/output_3.json
Baseline inference 4 completed.
Running baseline inference 4 with seed 2...
Loading from mistralai/Mistral-7B-Instruct-v0.1...
Inference args:
Namespace(use_vllm=False, seed=2, model_path='mistralai/Mistral-7B-Instruct-v0.1', model_name='mistralai/Mistral-7B-Instruct-v0.1', dataset_name='Med-EASi', model_class='auto', model_family='base', max_length=4096, batch_size=8, slice_test=-1, output_file='output/baseline_inference/Mistral-7B-Instruct-v0.1-Med-EASi-DALE-CHALL/output_4.json', device='cuda', peft_path=None, control_tokens='data/prompts/control_tokens.json', system_prompts='data/prompts/system_prompts.json', user_prompts='data/prompts/user_prompts.json', metric_mapping='data/metric_mapping.json', metric_name='DALE-CHALL', user_prompt_id='token_explanation')

[33m⚠️  Warning: 'huggingface-cli login' is deprecated. Use 'hf auth login' instead.[0m
test:	 Inspect the dataset format:
 {'global_id': ['medeasi_001354'], 'source_text': ['Malthus was not the first to outline the problems he perceived.'], 'source_metrics': [{'FRE': 85.69, 'ARI': 6.8, 'FKGL': 4.0, 'Dale-Chall': 8.49, 'char_count': 63, 'alphanum_count': 52, 'word_count': 12, 'sentence_count': 1}], 'metadata': [{'dataset': 'medeasi', 'experiment_split': '', 'domain': 'medical', 'language': 'en', 'annotation': 'human', 'level': 'sentence'}], 'simplification_text': ['Malthus said this would not work, and it would only lead to increased numbers of the poor.'], 'target_metrics': [{'FRE': 88.06, 'ARI': 7.6, 'FKGL': 5.2, 'Dale-Chall': 7.27, 'char_count': 90, 'alphanum_count': 72, 'word_count': 19, 'sentence_count': 1, 'char_compression_rate': 1.43, 'word_compression_rate': 1.58, 'sentence_compression_rate': 1.0, 'BLEU': 3.0272532566104675, 'BERTScore': 0.9067994952201843}], 'simplification_version': [1], 'grade_level': [-1], 'simplification_dimensions': [{'linguistic': {'lexical': False, 'syntactic': False}}]}

--- Processing batch:
...
...
...
...
Seidl died in 1898 from food poisoning at age 47. Many people were sad....
Schizophrenia affects about 0.3 to 0.7 percent of people at some point in their life, or about 24 mi...
...
Pain makes you feel bad, and itching makes you want to scratch....

--- Processing batch:
It is named after John Hilton Edwards, who first described the syndrome in 1960....
...
...
...
...
...
...
...

--- Processing batch:
Death usually happens around 13 to 15 years after symptoms start....
...
...
The north and south poles feel a force in opposite directions....
...
However, both white blood cells and ESR may be high due to gout without infection....
Dancing eyes is when your eyes move on their own....
After a short rest in February 1377, the king died of a stroke at Sheen on 21 June....

--- Processing batch:
...
People usually get better in 7 to 10 days, but some symptoms can last up to 3 weeks....
Doctors thought the herbs would stop the bad smells of the plague and keep them from getting sick....
...
Adults who need help eating may like teduglutide. It's a medicine that helps the body make more food...
...
...
In kids, sore throat, pain when swallowing, and hard swallowing happen suddenly. It can be dangerous...

--- Processing batch:
...
Anaphylaxis is diagnosed by looking at a person's signs and symptoms....
...
...
...
In this notation, the DA reaction and the dipolar reaction both become a [ 4+2 ] cycloaddition....
Many antibiotics used to treat this condition are becoming resistant....
The patient's eyes are watery and their skin is sweaty. Their heart rate and blood pressure are high...

--- Processing batch:
...
Patients who have diarrhea after meals should take antidiarrheals (eg, loperamide) 1 hour before eat...
...
...
...
Common warts are bumps on your skin that are usually gray, brown, or black. They are usually round o...
The treatment depends on where the disease is caught, the type of Leishmania, and the kind of infect...
...

--- Processing batch:
...
...
Inflammatory breast cancer causes the skin to turn orange, redness, and the breast to swell. It ofte...
Antibiotics are often given for strep throat even though it's not very common....
...
...
Nephritis is inflammation of the kidneys. It can affect the glomeruli, tubules, or tissue around the...
Keratin is the main thing that makes up the outer part of human skin....

--- Processing batch:
Women may not bond with their baby, which can cause problems for the baby later....
In chronic thromboembolic pulmonary hypertension, the blood vessels in the lungs are blocked or narr...
Many patients feel sick and have symptoms like fever, tiredness, weight loss, and joint pain....
Processing food can make some waste hard to cut down without hurting the final product's taste....
Patients may have symptoms like fever, tiredness, bad feeling, weight loss, and sweating. Some patie...
...
...
Acute liver failure can happen sometimes, more often in older people. It's usually caused by eating ...

--- Processing batch:
...
...
...
...
Plants and animals have a defense system that fights off infections right away. This is called the i...
...
Pulmonary hypertension (PH or PHTN) is a condition where the blood pressure in the lungs is higher t...
...

--- Processing batch:
Hands that touch cholera patients or their clothing, bedding, etc., should be washed and disinfected...
T cells and B cells help find things that are not like them. This happens when they look at things c...
Patients often have bad stomach ache, fever, and tiredness. Later, they may have milder stomach ache...
...
A measles epidemic and food shortages in 1900 made many people sick and hungry. This made the popula...
Onset is often sudden, usually with fever, bad joints, and trouble moving....
Epidural hematoma (EDH) is a fast-growing blood clot between the dura mater and the skull....
...

--- Processing batch:
Tattoos can increase the chance of getting hepatitis C. This can happen if the equipment used is not...
Peat forms when plant material does not fully decay in acidic and anaerobic conditions....
Morrell tried to go south but found thick ice. He turned north and reached the Kerguelen Islands. He...
Children may put off having bowel movements because the stools are hard and uncomfortable to pass or...
A reorganization of carbon and carbon bonds happens in this cyclic array. This is called cheletropic...
...
Fever with a temperature of up to 40° C often causes peritonitis....
...

--- Processing batch:
...
Venom from some bugs can make people feel sick. These bugs are ants, bees, wasps, and kissing bugs. ...
...
Infection can be mild (in some cases) or severe (with a chance of death)....
One type of migraine is called familial hemiplegic migraine. It has a warning sign before it happens...
...
...
...

--- Processing batch:
...
...
...
...
When the West Highland railway line was built, the builders had to lay the tracks on a big pile of t...
The differences in life expectancy grew between the 1970s and 1990s. Schizophrenia is a big cause of...
...
The Yankees lost their manager in September. He died of a skin infection....

--- Processing batch:
Symptoms include fullness, pain, tiredness, and leg aches. These symptoms get worse when standing or...
Symptoms include itching, discharge, bleeding, and constipation. A proctoscope may show redness or m...
...
...
A. lumbricoides is a big roundworm that lives in the large intestine. It is the most common infectio...
...
...
...

--- Processing batch:
...
...
...
In his account, Morrell recorded the anchorage's position incorrectly. He put it in the open sea, ab...
...
...
...
During a physical exam, doctors often find a lump or a breast that feels different from the rest. If...

--- Processing batch:
...
...
Bacterial meningitis happens in the United States about 2,600 times a year. In developing countries,...
Gonorrheal infections can cause burning or sharp pain during ejaculation....
The US often calls Armenia a big place to send women for sex work outside the country....
...
...
...

--- Processing batch:
...
Insects have a system that lets them work together as a group. Some insects don't lay eggs and other...
...
Social cognition problems and paranoia are linked to schizophrenia....
The same disease, such as some types of cancer, can be caused by inherited genetic conditions in som...
People with atopic diseases like asthma, eczema, or allergic rhinitis are more likely to have an all...
A man who gets hurt to his penis during sex or while masturbating may sometimes get a broken penis o...
...

--- Processing batch:
...
Eye pain can come from different types of disorders. Some affect the cornea, others affect the whole...
Historians say that colonists had more chances to move to the Gold Coast, Nigeria, and other parts o...
...
Patients can have symptoms and signs of inflammation, like fever, sweating, tiredness, loss of appet...
...
Anal cancer is usually a type of cancer that starts near the squamocolumnar junction. It is often li...
Baseline inference 5 completed.
Running baseline inference 5 with seed 28...
Loading from mistralai/Mistral-7B-Instruct-v0.1...
Inference args:
Namespace(use_vllm=False, seed=28, model_path='mistralai/Mistral-7B-Instruct-v0.1', model_name='mistralai/Mistral-7B-Instruct-v0.1', dataset_name='Med-EASi', model_class='auto', model_family='base', max_length=4096, batch_size=8, slice_test=-1, output_file='output/baseline_inference/Mistral-7B-Instruct-v0.1-Med-EASi-DALE-CHALL/output_5.json', device='cuda', peft_path=None, control_tokens='data/prompts/control_tokens.json', system_prompts='data/prompts/system_prompts.json', user_prompts='data/prompts/user_prompts.json', metric_mapping='data/metric_mapping.json', metric_name='DALE-CHALL', user_prompt_id='token_explanation')

[33m⚠️  Warning: 'huggingface-cli login' is deprecated. Use 'hf auth login' instead.[0m
test:	 Inspect the dataset format:
 {'global_id': ['medeasi_001354'], 'source_text': ['Malthus was not the first to outline the problems he perceived.'], 'source_metrics': [{'FRE': 85.69, 'ARI': 6.8, 'FKGL': 4.0, 'Dale-Chall': 8.49, 'char_count': 63, 'alphanum_count': 52, 'word_count': 12, 'sentence_count': 1}], 'metadata': [{'dataset': 'medeasi', 'experiment_split': '', 'domain': 'medical', 'language': 'en', 'annotation': 'human', 'level': 'sentence'}], 'simplification_text': ['Malthus said this would not work, and it would only lead to increased numbers of the poor.'], 'target_metrics': [{'FRE': 88.06, 'ARI': 7.6, 'FKGL': 5.2, 'Dale-Chall': 7.27, 'char_count': 90, 'alphanum_count': 72, 'word_count': 19, 'sentence_count': 1, 'char_compression_rate': 1.43, 'word_compression_rate': 1.58, 'sentence_compression_rate': 1.0, 'BLEU': 3.0272532566104675, 'BERTScore': 0.9067994952201843}], 'simplification_version': [1], 'grade_level': [-1], 'simplification_dimensions': [{'linguistic': {'lexical': False, 'syntactic': False}}]}

--- Processing batch:
...
...
...
...
Seidl died in 1898 from food poisoning at the age of 47. Many people were sad....
Baseline inference 6 completed.
Running evaluation script for Med-EASi - DALE-CHALL...
--- Running evaluation...
Input files:	 ['output/baseline_inference/Mistral-7B-Instruct-v0.1-Med-EASi-DALE-CHALL/output_1.json', 'output/baseline_inference/Mistral-7B-Instruct-v0.1-Med-EASi-DALE-CHALL/output_2.json', 'output/baseline_inference/Mistral-7B-Instruct-v0.1-Med-EASi-DALE-CHALL/output_3.json', 'output/baseline_inference/Mistral-7B-Instruct-v0.1-Med-EASi-DALE-CHALL/output_4.json', 'output/baseline_inference/Mistral-7B-Instruct-v0.1-Med-EASi-DALE-CHALL/output_5.json']
Metric:	 DALE-CHALL
Evaluation completed for Med-EASi - DALE-CHALL


=========================================================================
Running baseline inference for DATASET=Med-EASi, METRIC=CHAR_COMPRESSION
=========================================================================
Running baseline inference 1 with seed 37...
Loading from mistralai/Mistral-7B-Instruct-v0.1...
Inference args:
Namespace(use_vllm=False, seed=37, model_path='mistralai/Mistral-7B-Instruct-v0.1', model_name='mistralai/Mistral-7B-Instruct-v0.1', dataset_name='Med-EASi', model_class='auto', model_family='base', max_length=4096, batch_size=8, slice_test=-1, output_file='output/baseline_inference/Mistral-7B-Instruct-v0.1-Med-EASi-CHAR_COMPRESSION/output_1.json', device='cuda', peft_path=None, control_tokens='data/prompts/control_tokens.json', system_prompts='data/prompts/system_prompts.json', user_prompts='data/prompts/user_prompts.json', metric_mapping='data/metric_mapping.json', metric_name='CHAR_COMPRESSION', user_prompt_id='token_explanation')

[33m⚠️  Warning: 'huggingface-cli login' is deprecated. Use 'hf auth login' instead.[0m
test:	 Inspect the dataset format:
 {'global_id': ['medeasi_001354'], 'source_text': ['Malthus was not the first to outline the problems he perceived.'], 'source_metrics': [{'FRE': 85.69, 'ARI': 6.8, 'FKGL': 4.0, 'Dale-Chall': 8.49, 'char_count': 63, 'alphanum_count': 52, 'word_count': 12, 'sentence_count': 1}], 'metadata': [{'dataset': 'medeasi', 'experiment_split': '', 'domain': 'medical', 'language': 'en', 'annotation': 'human', 'level': 'sentence'}], 'simplification_text': ['Malthus said this would not work, and it would only lead to increased numbers of the poor.'], 'target_metrics': [{'FRE': 88.06, 'ARI': 7.6, 'FKGL': 5.2, 'Dale-Chall': 7.27, 'char_count': 90, 'alphanum_count': 72, 'word_count': 19, 'sentence_count': 1, 'char_compression_rate': 1.43, 'word_compression_rate': 1.58, 'sentence_compression_rate': 1.0, 'BLEU': 3.0272532566104675, 'BERTScore': 0.9067994952201843}], 'simplification_version': [1], 'grade_level': [-1], 'simplification_dimensions': [{'linguistic': {'lexical': False, 'syntactic': False}}]}

--- Processing batch:
Baseline inference 2 completed.
Running baseline inference 2 with seed 15...
Loading from mistralai/Mistral-7B-Instruct-v0.1...
Inference args:
Namespace(use_vllm=False, seed=15, model_path='mistralai/Mistral-7B-Instruct-v0.1', model_name='mistralai/Mistral-7B-Instruct-v0.1', dataset_name='Med-EASi', model_class='auto', model_family='base', max_length=4096, batch_size=8, slice_test=-1, output_file='output/baseline_inference/Mistral-7B-Instruct-v0.1-Med-EASi-CHAR_COMPRESSION/output_2.json', device='cuda', peft_path=None, control_tokens='data/prompts/control_tokens.json', system_prompts='data/prompts/system_prompts.json', user_prompts='data/prompts/user_prompts.json', metric_mapping='data/metric_mapping.json', metric_name='CHAR_COMPRESSION', user_prompt_id='token_explanation')

[33m⚠️  Warning: 'huggingface-cli login' is deprecated. Use 'hf auth login' instead.[0m
test:	 Inspect the dataset format:
 {'global_id': ['medeasi_001354'], 'source_text': ['Malthus was not the first to outline the problems he perceived.'], 'source_metrics': [{'FRE': 85.69, 'ARI': 6.8, 'FKGL': 4.0, 'Dale-Chall': 8.49, 'char_count': 63, 'alphanum_count': 52, 'word_count': 12, 'sentence_count': 1}], 'metadata': [{'dataset': 'medeasi', 'experiment_split': '', 'domain': 'medical', 'language': 'en', 'annotation': 'human', 'level': 'sentence'}], 'simplification_text': ['Malthus said this would not work, and it would only lead to increased numbers of the poor.'], 'target_metrics': [{'FRE': 88.06, 'ARI': 7.6, 'FKGL': 5.2, 'Dale-Chall': 7.27, 'char_count': 90, 'alphanum_count': 72, 'word_count': 19, 'sentence_count': 1, 'char_compression_rate': 1.43, 'word_compression_rate': 1.58, 'sentence_compression_rate': 1.0, 'BLEU': 3.0272532566104675, 'BERTScore': 0.9067994952201843}], 'simplification_version': [1], 'grade_level': [-1], 'simplification_dimensions': [{'linguistic': {'lexical': False, 'syntactic': False}}]}

--- Processing batch:
Baseline inference 3 completed.
Running baseline inference 3 with seed 96...
Loading from mistralai/Mistral-7B-Instruct-v0.1...
Inference args:
Namespace(use_vllm=False, seed=96, model_path='mistralai/Mistral-7B-Instruct-v0.1', model_name='mistralai/Mistral-7B-Instruct-v0.1', dataset_name='Med-EASi', model_class='auto', model_family='base', max_length=4096, batch_size=8, slice_test=-1, output_file='output/baseline_inference/Mistral-7B-Instruct-v0.1-Med-EASi-CHAR_COMPRESSION/output_3.json', device='cuda', peft_path=None, control_tokens='data/prompts/control_tokens.json', system_prompts='data/prompts/system_prompts.json', user_prompts='data/prompts/user_prompts.json', metric_mapping='data/metric_mapping.json', metric_name='CHAR_COMPRESSION', user_prompt_id='token_explanation')

[33m⚠️  Warning: 'huggingface-cli login' is deprecated. Use 'hf auth login' instead.[0m
test:	 Inspect the dataset format:
 {'global_id': ['medeasi_001354'], 'source_text': ['Malthus was not the first to outline the problems he perceived.'], 'source_metrics': [{'FRE': 85.69, 'ARI': 6.8, 'FKGL': 4.0, 'Dale-Chall': 8.49, 'char_count': 63, 'alphanum_count': 52, 'word_count': 12, 'sentence_count': 1}], 'metadata': [{'dataset': 'medeasi', 'experiment_split': '', 'domain': 'medical', 'language': 'en', 'annotation': 'human', 'level': 'sentence'}], 'simplification_text': ['Malthus said this would not work, and it would only lead to increased numbers of the poor.'], 'target_metrics': [{'FRE': 88.06, 'ARI': 7.6, 'FKGL': 5.2, 'Dale-Chall': 7.27, 'char_count': 90, 'alphanum_count': 72, 'word_count': 19, 'sentence_count': 1, 'char_compression_rate': 1.43, 'word_compression_rate': 1.58, 'sentence_compression_rate': 1.0, 'BLEU': 3.0272532566104675, 'BERTScore': 0.9067994952201843}], 'simplification_version': [1], 'grade_level': [-1], 'simplification_dimensions': [{'linguistic': {'lexical': False, 'syntactic': False}}]}

--- Processing batch:
Baseline inference 4 completed.
Running baseline inference 4 with seed 2...
Loading from mistralai/Mistral-7B-Instruct-v0.1...
Inference args:
Namespace(use_vllm=False, seed=2, model_path='mistralai/Mistral-7B-Instruct-v0.1', model_name='mistralai/Mistral-7B-Instruct-v0.1', dataset_name='Med-EASi', model_class='auto', model_family='base', max_length=4096, batch_size=8, slice_test=-1, output_file='output/baseline_inference/Mistral-7B-Instruct-v0.1-Med-EASi-CHAR_COMPRESSION/output_4.json', device='cuda', peft_path=None, control_tokens='data/prompts/control_tokens.json', system_prompts='data/prompts/system_prompts.json', user_prompts='data/prompts/user_prompts.json', metric_mapping='data/metric_mapping.json', metric_name='CHAR_COMPRESSION', user_prompt_id='token_explanation')

[33m⚠️  Warning: 'huggingface-cli login' is deprecated. Use 'hf auth login' instead.[0m
test:	 Inspect the dataset format:
 {'global_id': ['medeasi_001354'], 'source_text': ['Malthus was not the first to outline the problems he perceived.'], 'source_metrics': [{'FRE': 85.69, 'ARI': 6.8, 'FKGL': 4.0, 'Dale-Chall': 8.49, 'char_count': 63, 'alphanum_count': 52, 'word_count': 12, 'sentence_count': 1}], 'metadata': [{'dataset': 'medeasi', 'experiment_split': '', 'domain': 'medical', 'language': 'en', 'annotation': 'human', 'level': 'sentence'}], 'simplification_text': ['Malthus said this would not work, and it would only lead to increased numbers of the poor.'], 'target_metrics': [{'FRE': 88.06, 'ARI': 7.6, 'FKGL': 5.2, 'Dale-Chall': 7.27, 'char_count': 90, 'alphanum_count': 72, 'word_count': 19, 'sentence_count': 1, 'char_compression_rate': 1.43, 'word_compression_rate': 1.58, 'sentence_compression_rate': 1.0, 'BLEU': 3.0272532566104675, 'BERTScore': 0.9067994952201843}], 'simplification_version': [1], 'grade_level': [-1], 'simplification_dimensions': [{'linguistic': {'lexical': False, 'syntactic': False}}]}

--- Processing batch:
Baseline inference 5 completed.
Running baseline inference 5 with seed 28...
Loading from mistralai/Mistral-7B-Instruct-v0.1...
Inference args:
Namespace(use_vllm=False, seed=28, model_path='mistralai/Mistral-7B-Instruct-v0.1', model_name='mistralai/Mistral-7B-Instruct-v0.1', dataset_name='Med-EASi', model_class='auto', model_family='base', max_length=4096, batch_size=8, slice_test=-1, output_file='output/baseline_inference/Mistral-7B-Instruct-v0.1-Med-EASi-CHAR_COMPRESSION/output_5.json', device='cuda', peft_path=None, control_tokens='data/prompts/control_tokens.json', system_prompts='data/prompts/system_prompts.json', user_prompts='data/prompts/user_prompts.json', metric_mapping='data/metric_mapping.json', metric_name='CHAR_COMPRESSION', user_prompt_id='token_explanation')

[33m⚠️  Warning: 'huggingface-cli login' is deprecated. Use 'hf auth login' instead.[0m
test:	 Inspect the dataset format:
 {'global_id': ['medeasi_001354'], 'source_text': ['Malthus was not the first to outline the problems he perceived.'], 'source_metrics': [{'FRE': 85.69, 'ARI': 6.8, 'FKGL': 4.0, 'Dale-Chall': 8.49, 'char_count': 63, 'alphanum_count': 52, 'word_count': 12, 'sentence_count': 1}], 'metadata': [{'dataset': 'medeasi', 'experiment_split': '', 'domain': 'medical', 'language': 'en', 'annotation': 'human', 'level': 'sentence'}], 'simplification_text': ['Malthus said this would not work, and it would only lead to increased numbers of the poor.'], 'target_metrics': [{'FRE': 88.06, 'ARI': 7.6, 'FKGL': 5.2, 'Dale-Chall': 7.27, 'char_count': 90, 'alphanum_count': 72, 'word_count': 19, 'sentence_count': 1, 'char_compression_rate': 1.43, 'word_compression_rate': 1.58, 'sentence_compression_rate': 1.0, 'BLEU': 3.0272532566104675, 'BERTScore': 0.9067994952201843}], 'simplification_version': [1], 'grade_level': [-1], 'simplification_dimensions': [{'linguistic': {'lexical': False, 'syntactic': False}}]}

--- Processing batch:
Baseline inference 6 completed.
Running evaluation script for Med-EASi - CHAR_COMPRESSION...
--- Running evaluation...
Input files:	 ['output/baseline_inference/Mistral-7B-Instruct-v0.1-Med-EASi-CHAR_COMPRESSION/output_1.json', 'output/baseline_inference/Mistral-7B-Instruct-v0.1-Med-EASi-CHAR_COMPRESSION/output_2.json', 'output/baseline_inference/Mistral-7B-Instruct-v0.1-Med-EASi-CHAR_COMPRESSION/output_3.json', 'output/baseline_inference/Mistral-7B-Instruct-v0.1-Med-EASi-CHAR_COMPRESSION/output_4.json', 'output/baseline_inference/Mistral-7B-Instruct-v0.1-Med-EASi-CHAR_COMPRESSION/output_5.json']
Metric:	 CHAR_COMPRESSION
Evaluation completed for Med-EASi - CHAR_COMPRESSION


=========================================================================
Running baseline inference for DATASET=Med-EASi, METRIC=WORD_COMPRESSION
=========================================================================
Running baseline inference 1 with seed 37...
Loading from mistralai/Mistral-7B-Instruct-v0.1...
Inference args:
Namespace(use_vllm=False, seed=37, model_path='mistralai/Mistral-7B-Instruct-v0.1', model_name='mistralai/Mistral-7B-Instruct-v0.1', dataset_name='Med-EASi', model_class='auto', model_family='base', max_length=4096, batch_size=8, slice_test=-1, output_file='output/baseline_inference/Mistral-7B-Instruct-v0.1-Med-EASi-WORD_COMPRESSION/output_1.json', device='cuda', peft_path=None, control_tokens='data/prompts/control_tokens.json', system_prompts='data/prompts/system_prompts.json', user_prompts='data/prompts/user_prompts.json', metric_mapping='data/metric_mapping.json', metric_name='WORD_COMPRESSION', user_prompt_id='token_explanation')

[33m⚠️  Warning: 'huggingface-cli login' is deprecated. Use 'hf auth login' instead.[0m
test:	 Inspect the dataset format:
 {'global_id': ['medeasi_001354'], 'source_text': ['Malthus was not the first to outline the problems he perceived.'], 'source_metrics': [{'FRE': 85.69, 'ARI': 6.8, 'FKGL': 4.0, 'Dale-Chall': 8.49, 'char_count': 63, 'alphanum_count': 52, 'word_count': 12, 'sentence_count': 1}], 'metadata': [{'dataset': 'medeasi', 'experiment_split': '', 'domain': 'medical', 'language': 'en', 'annotation': 'human', 'level': 'sentence'}], 'simplification_text': ['Malthus said this would not work, and it would only lead to increased numbers of the poor.'], 'target_metrics': [{'FRE': 88.06, 'ARI': 7.6, 'FKGL': 5.2, 'Dale-Chall': 7.27, 'char_count': 90, 'alphanum_count': 72, 'word_count': 19, 'sentence_count': 1, 'char_compression_rate': 1.43, 'word_compression_rate': 1.58, 'sentence_compression_rate': 1.0, 'BLEU': 3.0272532566104675, 'BERTScore': 0.9067994952201843}], 'simplification_version': [1], 'grade_level': [-1], 'simplification_dimensions': [{'linguistic': {'lexical': False, 'syntactic': False}}]}

--- Processing batch:
Baseline inference 2 completed.
Running baseline inference 2 with seed 15...
Loading from mistralai/Mistral-7B-Instruct-v0.1...
Inference args:
Namespace(use_vllm=False, seed=15, model_path='mistralai/Mistral-7B-Instruct-v0.1', model_name='mistralai/Mistral-7B-Instruct-v0.1', dataset_name='Med-EASi', model_class='auto', model_family='base', max_length=4096, batch_size=8, slice_test=-1, output_file='output/baseline_inference/Mistral-7B-Instruct-v0.1-Med-EASi-WORD_COMPRESSION/output_2.json', device='cuda', peft_path=None, control_tokens='data/prompts/control_tokens.json', system_prompts='data/prompts/system_prompts.json', user_prompts='data/prompts/user_prompts.json', metric_mapping='data/metric_mapping.json', metric_name='WORD_COMPRESSION', user_prompt_id='token_explanation')

[33m⚠️  Warning: 'huggingface-cli login' is deprecated. Use 'hf auth login' instead.[0m
test:	 Inspect the dataset format:
 {'global_id': ['medeasi_001354'], 'source_text': ['Malthus was not the first to outline the problems he perceived.'], 'source_metrics': [{'FRE': 85.69, 'ARI': 6.8, 'FKGL': 4.0, 'Dale-Chall': 8.49, 'char_count': 63, 'alphanum_count': 52, 'word_count': 12, 'sentence_count': 1}], 'metadata': [{'dataset': 'medeasi', 'experiment_split': '', 'domain': 'medical', 'language': 'en', 'annotation': 'human', 'level': 'sentence'}], 'simplification_text': ['Malthus said this would not work, and it would only lead to increased numbers of the poor.'], 'target_metrics': [{'FRE': 88.06, 'ARI': 7.6, 'FKGL': 5.2, 'Dale-Chall': 7.27, 'char_count': 90, 'alphanum_count': 72, 'word_count': 19, 'sentence_count': 1, 'char_compression_rate': 1.43, 'word_compression_rate': 1.58, 'sentence_compression_rate': 1.0, 'BLEU': 3.0272532566104675, 'BERTScore': 0.9067994952201843}], 'simplification_version': [1], 'grade_level': [-1], 'simplification_dimensions': [{'linguistic': {'lexical': False, 'syntactic': False}}]}

--- Processing batch:
Baseline inference 3 completed.
Running baseline inference 3 with seed 96...
Loading from mistralai/Mistral-7B-Instruct-v0.1...
Inference args:
Namespace(use_vllm=False, seed=96, model_path='mistralai/Mistral-7B-Instruct-v0.1', model_name='mistralai/Mistral-7B-Instruct-v0.1', dataset_name='Med-EASi', model_class='auto', model_family='base', max_length=4096, batch_size=8, slice_test=-1, output_file='output/baseline_inference/Mistral-7B-Instruct-v0.1-Med-EASi-WORD_COMPRESSION/output_3.json', device='cuda', peft_path=None, control_tokens='data/prompts/control_tokens.json', system_prompts='data/prompts/system_prompts.json', user_prompts='data/prompts/user_prompts.json', metric_mapping='data/metric_mapping.json', metric_name='WORD_COMPRESSION', user_prompt_id='token_explanation')

[33m⚠️  Warning: 'huggingface-cli login' is deprecated. Use 'hf auth login' instead.[0m
test:	 Inspect the dataset format:
 {'global_id': ['medeasi_001354'], 'source_text': ['Malthus was not the first to outline the problems he perceived.'], 'source_metrics': [{'FRE': 85.69, 'ARI': 6.8, 'FKGL': 4.0, 'Dale-Chall': 8.49, 'char_count': 63, 'alphanum_count': 52, 'word_count': 12, 'sentence_count': 1}], 'metadata': [{'dataset': 'medeasi', 'experiment_split': '', 'domain': 'medical', 'language': 'en', 'annotation': 'human', 'level': 'sentence'}], 'simplification_text': ['Malthus said this would not work, and it would only lead to increased numbers of the poor.'], 'target_metrics': [{'FRE': 88.06, 'ARI': 7.6, 'FKGL': 5.2, 'Dale-Chall': 7.27, 'char_count': 90, 'alphanum_count': 72, 'word_count': 19, 'sentence_count': 1, 'char_compression_rate': 1.43, 'word_compression_rate': 1.58, 'sentence_compression_rate': 1.0, 'BLEU': 3.0272532566104675, 'BERTScore': 0.9067994952201843}], 'simplification_version': [1], 'grade_level': [-1], 'simplification_dimensions': [{'linguistic': {'lexical': False, 'syntactic': False}}]}

--- Processing batch:
Malthus did not first identify the issues he saw....
...
No cure for the common cold, but symptoms can be treated....
Shanty towns have high rates of crime, suicide, drug use and disease....
Seidl died suddenly in 1898 from food poisoning at 47....
Schizophrenia affects about 0.3 to 0.7 percent of people at some point in their life, or about 24 mi...
The glans penis is the expanded cap of the corpus spongiosum....
Pain causes a withdrawal reflex, while itch leads to a scratch reflex....

--- Processing batch:
...
Fish find prey with electric fields....
...
The testes make hormones and sperm....
...
Galton noticed that extreme traits (like height) in parents aren't fully inherited by their children...
People with Down syndrome have a lower risk of hardening of the arteries....
Knees that are affected are usually bigger than they hurt. They can feel warm but are rarely red....

--- Processing batch:
Death usually happens 13 to 15 years after symptoms start....
The most common type of acne is called acne vulgaris, which means common acne....
Some drugs, like pirfenidone and nintedanib, can slow down the disease....
North and south poles feel opposite forces in the H-field....
On May 16, 1947, she was arrested for having drugs in her NY apartment....
Both white blood cells and ESR may be high due to gout without infection....
Dancing eyes....
After a brief rest in February 1377, the king died of a stroke at Sheen on 21 June....

--- Processing batch:
Worn reasons underwear variety....
People usually recover in 7 to 10 days, but some symptoms may last up to 3 weeks....
Doctors thought the herbs would stop the bad smells of the plague and keep them from getting sick....
Other symptoms may include shortness of breath, nausea, feeling faint, a cold sweat, or feeling tire...
Adults who need help eating may like teduglutide (a medicine that helps the body make insulin). The ...
A PET scan checks for disease and cervical lymphatics....
The appendix is near the small intestine and large intestine junction....
Children get sore throat, pain when swallowing, and difficulty swallowing suddenly. Drooling is comm...

--- Processing batch:
...
Anaphylaxis is diagnosed based on a person's signs and symptoms....
Hashimoto described it in 1912....
Less than 0.2% of children need endotracheal intubation with treatment....
Ipratropium nasal spray may reduce runny nose symptoms but has little effect on stuffiness....
In this notation, the DA reaction and dipolar reaction both become a cycloaddition....
Resistance to antibiotics for this condition is increasing....
Mydriasis and diaphoresis are visible, and heart rate and BP are high....

--- Processing batch:
...
Patients with meal diarrhea should take antidiarrheals (like loperamide) 1 hour before eating....
Blood vessels may grow in from the cornea....
...
Most strabismus is due to refractive error or muscle imbalance....
Common warts are rough, round or irregular, firm, and light gray, yellow, brown, or gray-black nodul...
The disease determines the treatment....
Lipscomb lived in Cambridge, MA until he died from pneumonia in 2011....

--- Processing batch:
Symptoms and signs of food allergies can differ depending on the allergen, mechanism, and patient's ...
The risk varies depending on the level of hyperuricemia....
Inflammatory breast cancer causes peau d'orange, redness, and breast swelling, usually without a lum...
Antibiotics are given more often for strep throat than we would expect based on how common it is....
Urinary tract infections are more common in females than males....
Individuals with EP struggle to breathe due to lung damage....
Nephritis is inflammation of the kidneys and may involve the glomeruli, tubules, or tissue surroundi...
Keratin is the main thing that makes up the skin's outer layer....

--- Processing batch:
Women may not bond with their infant, resulting in problems in the child later....
Blood clots block or narrow the blood vessels in chronic thromboembolic pulmonary hypertension (WHO ...
Patients often report symptoms such as fever, malaise, night sweats, weight loss, fatigue, and arthr...
Processing food waste can be hard to reduce without affecting product quality....
Patients may have symptoms like fever, tiredness, bad feeling, weight loss, and sweating. Some patie...
Initially, weight gain and swelling in the limbs may be the only changes....
Binges lead to exhaustion syndrome, with intense fatigue and need for sleep....
Acute liver failure can happen rarely, more often in the elderly. It's usually caused by eating or d...

--- Processing batch:
Bacteria infections often involve many different types of bacteria....
Some types of gene disorders give an advantage in certain environments when only one copy of the gen...
After she had bronchopneumonia as a child, her parents were told it would help her get better if the...
...
Innate immune systems protect against infection and are found in all plants and animals....
The Taung skull is at the University of Witwatersrand....
Pulmonary hypertension (PH) is a lung condition with high blood pressure in the lung arteries....
Real Shapeshifters Website Study Shapeshifting Romance Characters...

--- Processing batch:
Hands touching cholera patients or their clothing, bedding, etc., should be cleaned and disinfected ...
T cells and B cells find non-self antigens during antigen presentation....
Patients often have diarrhea with fever and tiredness. Later, they may have milder diarrhea, nausea,...
Hitting the ganglion with a hard object may cause local injury without much benefit....
A measles epidemic and food shortages during 1900 reduced the population by one-third....
Onset is often acute, usually with fever, severe joint pain, and limited movement....
Epidural hematoma (EDH) is a fast-growing blood clot between the dura mater and the skull....
Jews couldn't use public transport except the ferry and could shop only in Jewish stores from 3:15 p...

--- Processing batch:
Tattooing increases risk of hepatitis C 2-3 times. This can be due to unsterilized equipment or cont...
Peat forms when plant material does not fully decay in acidic and anaerobic conditions....
Morrell tried to take the ship south but hit thick ice at 60°S. He turned northeast to the Kerguelen...
Kids might not poop because the poop is hard and hurts to pass or because they don't want to stop pl...
Carbon bonds rearrange in a cycle. Cheletropic reactions are a type of cycloaddition....
The syndrome often starts in early childhood or adolescence....
Fever up to 40° C with peritonitis is the main symptom....
Wooley added more screams for a man being bitten by an alligator....

--- Processing batch:
Grignard reagents react with carbonyl derivatives....
Venom from stinging or biting insects such as ants, bees, wasps, or kissing bugs may cause anaphylax...
Hepatitis C testing usually starts with a blood test to find out if you have antibodies to the virus...
Infection can be mild (in 5 to 50 % of cases) or severe with a death rate of up to 50 %....
One type of migraine with aura that's inherited in an autosomal dominant way is familial hemiplegic ...
The Orb changed the title of its single on record label to ``A Huge Ever Growing Pulsating Brain Tha...
Numerous organisms previously thought to have died out after the mid-Cambrian were found as fossils....
She could recall random dot patterns and combine them into a stereoscopic image....

--- Processing batch:
...
Hepatitis E causes different histological patterns depending on the host's background....
In the 70s, antibiotics and leprosy vaccines were developed using armadillos and given to people....
On October 12, 2013, Oscar Hijuelos collapsed from a heart attack while playing tennis in Manhattan ...
When the West Highland railway line was built across Rannoch Moor in western Scotland, its builders ...
These differences in life expectancy increased between the 1970s and 1990s. Schizophrenia is a major...
Mouthwash and gels with Sodium Nitrate treat dentine hypersensitivity....
Tragedy hit the Yankees in September as manager Huggins died of erysipelas, a skin infection, only 1...

--- Processing batch:
Baseline inference 4 completed.
Running baseline inference 4 with seed 2...
Loading from mistralai/Mistral-7B-Instruct-v0.1...
Inference args:
Namespace(use_vllm=False, seed=2, model_path='mistralai/Mistral-7B-Instruct-v0.1', model_name='mistralai/Mistral-7B-Instruct-v0.1', dataset_name='Med-EASi', model_class='auto', model_family='base', max_length=4096, batch_size=8, slice_test=-1, output_file='output/baseline_inference/Mistral-7B-Instruct-v0.1-Med-EASi-WORD_COMPRESSION/output_4.json', device='cuda', peft_path=None, control_tokens='data/prompts/control_tokens.json', system_prompts='data/prompts/system_prompts.json', user_prompts='data/prompts/user_prompts.json', metric_mapping='data/metric_mapping.json', metric_name='WORD_COMPRESSION', user_prompt_id='token_explanation')

[33m⚠️  Warning: 'huggingface-cli login' is deprecated. Use 'hf auth login' instead.[0m
test:	 Inspect the dataset format:
 {'global_id': ['medeasi_001354'], 'source_text': ['Malthus was not the first to outline the problems he perceived.'], 'source_metrics': [{'FRE': 85.69, 'ARI': 6.8, 'FKGL': 4.0, 'Dale-Chall': 8.49, 'char_count': 63, 'alphanum_count': 52, 'word_count': 12, 'sentence_count': 1}], 'metadata': [{'dataset': 'medeasi', 'experiment_split': '', 'domain': 'medical', 'language': 'en', 'annotation': 'human', 'level': 'sentence'}], 'simplification_text': ['Malthus said this would not work, and it would only lead to increased numbers of the poor.'], 'target_metrics': [{'FRE': 88.06, 'ARI': 7.6, 'FKGL': 5.2, 'Dale-Chall': 7.27, 'char_count': 90, 'alphanum_count': 72, 'word_count': 19, 'sentence_count': 1, 'char_compression_rate': 1.43, 'word_compression_rate': 1.58, 'sentence_compression_rate': 1.0, 'BLEU': 3.0272532566104675, 'BERTScore': 0.9067994952201843}], 'simplification_version': [1], 'grade_level': [-1], 'simplification_dimensions': [{'linguistic': {'lexical': False, 'syntactic': False}}]}

--- Processing batch:
Baseline inference 5 completed.
Running baseline inference 5 with seed 28...
Loading from mistralai/Mistral-7B-Instruct-v0.1...
Inference args:
Namespace(use_vllm=False, seed=28, model_path='mistralai/Mistral-7B-Instruct-v0.1', model_name='mistralai/Mistral-7B-Instruct-v0.1', dataset_name='Med-EASi', model_class='auto', model_family='base', max_length=4096, batch_size=8, slice_test=-1, output_file='output/baseline_inference/Mistral-7B-Instruct-v0.1-Med-EASi-WORD_COMPRESSION/output_5.json', device='cuda', peft_path=None, control_tokens='data/prompts/control_tokens.json', system_prompts='data/prompts/system_prompts.json', user_prompts='data/prompts/user_prompts.json', metric_mapping='data/metric_mapping.json', metric_name='WORD_COMPRESSION', user_prompt_id='token_explanation')

[33m⚠️  Warning: 'huggingface-cli login' is deprecated. Use 'hf auth login' instead.[0m
test:	 Inspect the dataset format:
 {'global_id': ['medeasi_001354'], 'source_text': ['Malthus was not the first to outline the problems he perceived.'], 'source_metrics': [{'FRE': 85.69, 'ARI': 6.8, 'FKGL': 4.0, 'Dale-Chall': 8.49, 'char_count': 63, 'alphanum_count': 52, 'word_count': 12, 'sentence_count': 1}], 'metadata': [{'dataset': 'medeasi', 'experiment_split': '', 'domain': 'medical', 'language': 'en', 'annotation': 'human', 'level': 'sentence'}], 'simplification_text': ['Malthus said this would not work, and it would only lead to increased numbers of the poor.'], 'target_metrics': [{'FRE': 88.06, 'ARI': 7.6, 'FKGL': 5.2, 'Dale-Chall': 7.27, 'char_count': 90, 'alphanum_count': 72, 'word_count': 19, 'sentence_count': 1, 'char_compression_rate': 1.43, 'word_compression_rate': 1.58, 'sentence_compression_rate': 1.0, 'BLEU': 3.0272532566104675, 'BERTScore': 0.9067994952201843}], 'simplification_version': [1], 'grade_level': [-1], 'simplification_dimensions': [{'linguistic': {'lexical': False, 'syntactic': False}}]}

--- Processing batch:
Baseline inference 6 completed.
Running evaluation script for Med-EASi - WORD_COMPRESSION...
--- Running evaluation...
Input files:	 ['output/baseline_inference/Mistral-7B-Instruct-v0.1-Med-EASi-WORD_COMPRESSION/output_1.json', 'output/baseline_inference/Mistral-7B-Instruct-v0.1-Med-EASi-WORD_COMPRESSION/output_2.json', 'output/baseline_inference/Mistral-7B-Instruct-v0.1-Med-EASi-WORD_COMPRESSION/output_3.json', 'output/baseline_inference/Mistral-7B-Instruct-v0.1-Med-EASi-WORD_COMPRESSION/output_4.json', 'output/baseline_inference/Mistral-7B-Instruct-v0.1-Med-EASi-WORD_COMPRESSION/output_5.json']
Metric:	 WORD_COMPRESSION
Evaluation completed for Med-EASi - WORD_COMPRESSION

Script completed: Tue Dec 16 05:35:30 PM CET 2025
