/software.9/software/Anaconda3/2024.02-1/bin/python3
Tue Dec 16 17:06:59 2025       
+-----------------------------------------------------------------------------------------+
| NVIDIA-SMI 550.163.01             Driver Version: 550.163.01     CUDA Version: 12.4     |
|-----------------------------------------+------------------------+----------------------+
| GPU  Name                 Persistence-M | Bus-Id          Disp.A | Volatile Uncorr. ECC |
| Fan  Temp   Perf          Pwr:Usage/Cap |           Memory-Usage | GPU-Util  Compute M. |
|                                         |                        |               MIG M. |
|=========================================+========================+======================|
|   0  NVIDIA H100 NVL                On  |   00000000:A1:00.0 Off |                    0 |
| N/A   37C    P0             62W /  400W |       1MiB /  95830MiB |      0%      Default |
|                                         |                        |             Disabled |
+-----------------------------------------+------------------------+----------------------+
                                                                                         
+-----------------------------------------------------------------------------------------+
| Processes:                                                                              |
|  GPU   GI   CI        PID   Type   Process name                              GPU Memory |
|        ID   ID                                                               Usage      |
|=========================================================================================|
|  No running processes found                                                             |
+-----------------------------------------------------------------------------------------+
Script started: Tue Dec 16 05:06:59 PM CET 2025

=========================================================================
Running baseline inference for DATASET=SimPA, METRIC=ARI
=========================================================================
Running baseline inference 1 with seed 37...
Loading from meta-llama/Llama-3.1-8B-Instruct...
Inference args:
Namespace(use_vllm=False, seed=37, model_path='meta-llama/Llama-3.1-8B-Instruct', model_name='meta-llama/Llama-3.1-8B-Instruct', dataset_name='SimPA', model_class='auto', model_family='base', max_length=4096, batch_size=8, slice_test=-1, output_file='output/baseline_inference/Llama-3.1-8B-Instruct-SimPA-ARI/output_1.json', device='cuda', peft_path=None, control_tokens='data/prompts/control_tokens.json', system_prompts='data/prompts/system_prompts.json', user_prompts='data/prompts/user_prompts.json', metric_mapping='data/metric_mapping.json', metric_name='ARI', user_prompt_id='token_explanation')

[33m⚠️  Warning: 'huggingface-cli login' is deprecated. Use 'hf auth login' instead.[0m
test:	 Inspect the dataset format:
 {'global_id': ['simpa_syntactic_000843'], 'source_text': ['The boundaries have been drawn to take in as much as possible of the course of the brook and linking five distinct zones.'], 'source_metrics': [{'FRE': 73.51, 'ARI': 10.3, 'FKGL': 8.7, 'Dale-Chall': 8.21, 'char_count': 121, 'alphanum_count': 98, 'word_count': 24, 'sentence_count': 1}], 'metadata': [{'dataset': 'simpa_syntactic', 'experiment_split': '', 'domain': 'public_administration', 'language': 'en', 'annotation': 'human', 'level': 'sentence'}], 'simplification_text': ['The boundaries have been drawn to take in as much as possible of the course of the stream and linking five distinct zones.'], 'target_metrics': [{'FRE': 73.51, 'ARI': 10.6, 'FKGL': 8.7, 'Dale-Chall': 8.21, 'char_count': 122, 'alphanum_count': 99, 'word_count': 24, 'sentence_count': 1, 'char_compression_rate': 1.01, 'word_compression_rate': 1.0, 'sentence_compression_rate': 1.0, 'BLEU': 88.43865924896839, 'BERTScore': 0.9949648380279541}], 'simplification_version': [1], 'grade_level': [-1], 'simplification_dimensions': [{'linguistic': {'lexical': False, 'syntactic': True}}]}

--- Processing batch:
Baseline inference 2 completed.
Running baseline inference 2 with seed 15...
Loading from meta-llama/Llama-3.1-8B-Instruct...
Inference args:
Namespace(use_vllm=False, seed=15, model_path='meta-llama/Llama-3.1-8B-Instruct', model_name='meta-llama/Llama-3.1-8B-Instruct', dataset_name='SimPA', model_class='auto', model_family='base', max_length=4096, batch_size=8, slice_test=-1, output_file='output/baseline_inference/Llama-3.1-8B-Instruct-SimPA-ARI/output_2.json', device='cuda', peft_path=None, control_tokens='data/prompts/control_tokens.json', system_prompts='data/prompts/system_prompts.json', user_prompts='data/prompts/user_prompts.json', metric_mapping='data/metric_mapping.json', metric_name='ARI', user_prompt_id='token_explanation')

[33m⚠️  Warning: 'huggingface-cli login' is deprecated. Use 'hf auth login' instead.[0m
test:	 Inspect the dataset format:
 {'global_id': ['simpa_syntactic_000843'], 'source_text': ['The boundaries have been drawn to take in as much as possible of the course of the brook and linking five distinct zones.'], 'source_metrics': [{'FRE': 73.51, 'ARI': 10.3, 'FKGL': 8.7, 'Dale-Chall': 8.21, 'char_count': 121, 'alphanum_count': 98, 'word_count': 24, 'sentence_count': 1}], 'metadata': [{'dataset': 'simpa_syntactic', 'experiment_split': '', 'domain': 'public_administration', 'language': 'en', 'annotation': 'human', 'level': 'sentence'}], 'simplification_text': ['The boundaries have been drawn to take in as much as possible of the course of the stream and linking five distinct zones.'], 'target_metrics': [{'FRE': 73.51, 'ARI': 10.6, 'FKGL': 8.7, 'Dale-Chall': 8.21, 'char_count': 122, 'alphanum_count': 99, 'word_count': 24, 'sentence_count': 1, 'char_compression_rate': 1.01, 'word_compression_rate': 1.0, 'sentence_compression_rate': 1.0, 'BLEU': 88.43865924896839, 'BERTScore': 0.9949648380279541}], 'simplification_version': [1], 'grade_level': [-1], 'simplification_dimensions': [{'linguistic': {'lexical': False, 'syntactic': True}}]}

--- Processing batch:
The boundaries are drawn to take in the brook and five zones....
We can share information and work together to solve problems quickly....
We can share information and work together to solve problems quickly....
We can share information and work together to solve problems quickly....
If you get a court notice, you must pay the amount listed if you can afford it. This includes any co...
You must pay the amount on the summons if you can....
You must pay the amount on the summons if you can....
You can report a repair. First, register for the service. Then, you can make an appointment online....

--- Processing batch:
We can help with problems like a child not listening, going to bed late, or a teenager pushing bound...
We cannot give start dates for the work because we have not yet chosen contractors for many projects...
We can't give start dates for the work yet because we haven't chosen contractors for many projects....
We have not yet appointed contractors for many projects. We cannot give customers start dates for th...
We will help people with their housing benefit. We will make sure they get the help they need to pay...
It's best to only share information you're okay with others seeing....
Volunteers are needed to help for one hour a week. They must commit to helping for at least 12 weeks...
Volunteers can help for one hour a week. They must commit to this for 12 weeks. After that, they can...

--- Processing batch:
Volunteers should help for one hour a week. They must commit for 12 weeks. They can keep helping aft...
Contact the Pension Service to claim Housing Benefit when you claim Pension Credit....
If you claim Pension Credit, contact the Pension Service to claim Housing Benefit at the same time....
If you claim Pension Credit, you need to contact the Pension Service to also claim Housing Benefit....
Millions of pounds have been spent on Sheffield's blocks since the 1990s to reduce fire risk....
Millions of pounds have been spent on Sheffield's blocks since the 1990s to reduce fire risks....
Millions of pounds have been spent on Sheffield's blocks since the 1990s to reduce fire risk....
A forced marriage is when one or both people get married without agreeing to it, often because they ...

--- Processing batch:
You can find postcards in libraries and community venues across the city....
This page has documents about the Sheffield Plan....
The LEZ will help us meet European Union air quality standards for NO2 and PM10....
You need to make any objections by May 15, 2016. Contact the school's office for more information....
You need to make any objections for September 2017 by May 15, 2016. Contact the school's office of t...
You need to make any objections by May 15, 2016. Contact the school's office for more information....
We will help pay for your home care if we think you need it and can't afford it yourself....
We will help you pay for home care if we think you need it and can't afford it yourself....

--- Processing batch:
We will help pay for your home care if we think you need it and can't afford it yourself....
To use a fixed site, you need a special permit from the local government....
To use a fixed site, you need a site licence from the local authority....
To use a fixed site, you need a site licence from the local authority....
One of the biggest glasshouses built in the UK in a long time has created a beautiful green area in ...
One of the biggest glasshouses built in the UK in a long time has created a beautiful green space in...
A big glasshouse has been built in the UK. It is one of the largest of its kind in the last 100 year...
You can save up to £933 a year in tax and National Insurance if your employer offers childcare vouch...

--- Processing batch:
If your employer helps with childcare, you can save up to £933 a year in taxes and National Insuranc...
You can save up to £933 a year in tax and National Insurance if your employer offers childcare vouch...
You can get a bigger bin for your trash....
You need to send your application by email through a safe way. You can use AnyComms to do this....
Some schools let teachers give certain medicines to students for a short time if they are in the rig...
The process can take a long time. It can take over a year to complete a simple claim....
The process can take a long time. It can take over a year to complete, even for a simple claim....
The process can take a long time. It can take over a year to complete, even for a simple claim....

--- Processing batch:
We need to make some changes to move forward. The report has 4 ideas to help us do this over the nex...
We will invite your child to a special ceremony if they get a Gold Award for many hours of work....
Most of the Peak District's moorland was not open to the public before 1949. Only about 1% was acces...
Most moorland in the Peak District was not open to the public before 1949. There were only a few pat...
The Peak District was mostly closed off. Only 1% of the moorland was open to the public. There were ...
We will invite your child to a special ceremony if they get a Gold Award for 100, 200, or 300 hours....
If your child gets a Gold Award for many hours of work, they will be invited to a special ceremony....
If your child gets a Gold Award, we will invite them to a special ceremony....

--- Processing batch:
Most of the city's street trees are old. A study found that over 75% of them are mature or older. On...
Most of the city's street trees are old. A study found that over 75% of them are mature or older. On...
More than 75% of the city's street trees are mature or older. Only about 5% are young trees....
If a comment can help us improve our services, we will do our best to make it happen....
We want your feedback to help us improve our services. If you have a comment, we will do our best to...
If a comment can help us improve our services, we will do our best to make it happen....
You need to say what activities you want to do at your place and when they will happen....
You need to tell us when you want to do activities at your place and how long they will last....

--- Processing batch:
You need to tell us when you are applying what activities you will have at your place and the days a...
We have a toolkit with 5 tools to help people and organisations use what they learned from training....
We have a toolkit with 5 tools to help people and organizations learn from training....
We have a toolkit with 5 tools to help people and organizations learn from training....
Steps are taken to stop the spread of disease among animals. There are places where sick animals are...
Steps are taken to stop the spread of disease among animals. There are special places where sick ani...
Steps are taken to stop the spread of disease among animals. There are also places where sick animal...
We will check your application....

--- Processing batch:
The council worked with Sheffield University to test the cladding on 20 council tower blocks in Shef...
The city centre has specific areas for different things. If you want to know which areas are availab...
Your child's teacher will talk to you about their needs. They will also check what help your child n...
Your child's teachers will talk to you about their needs. They will also check what help they need a...
Your child's teacher will talk to you about their needs. They will also check what help your child n...
A fixed-term tenancy agreement ends and a new tenancy starts when it runs out....
All new addresses are added to our list of local properties....
We help with all parts of a project, from planning and designing the site to getting the necessary p...

--- Processing batch:
The coroner's report now includes a short statement about how the person died....
We must use 15% of CIL to help the area grow....
You will learn more about the important work of teachers and school leaders and the challenges that ...
The committee makes sure Councillors and other members follow good rules. They also watch over the r...
It is up to us to decide on the Members' Allowances Scheme. We should consider the Panel's recommend...
Headteachers can sometimes allow a child to miss school for a special event....
Headteachers can sometimes let a child miss school for a special event....
Headteachers can sometimes allow a child to miss school for a special event....

--- Processing batch:
SYFAB gives free advice to groups like charities and churches on how to find funding for their local...
SYFAB gives advice to groups on where to get funding for local projects....
SYFAB gives free advice to community groups on where to find funding for local projects....
The Manor Neighbourhood Development Framework covers the areas of Upper Manor, Lower Manor, and Cast...
The Manor Neighbourhood Development Framework covers Upper Manor and Lower Manor and Castlebeck....
The Manor Neighbourhood Development Framework covers Upper Manor, Lower Manor, and Castlebeck....
We can learn from how landscapes have changed over time. This helps us manage future changes and kee...
It has two big fountains and seating areas. They are lit up at night....

--- Processing batch:
We are in charge of giving house numbers and street names to new buildings and to old buildings that...
We give house numbers and street names to new buildings and old buildings in Sheffield....
We give house numbers and street names to new buildings and old buildings in Sheffield....
Landlords can change the agreement to fit the tenancy. Any extra rules must be fair and legal....
You'll get hands-on experience in a real-life social work role through our Step Up to Social Work tr...
You'll get hands-on experience in a real-life social work role through our Step Up to Social Work tr...
You'll get hands-on experience in a real-life social work role through our Step Up to Social Work tr...
Some people are not counted when figuring out how many people live in a place. This can lead to disc...

--- Processing batch:
In some cases, people are not counted when figuring out how many people live in a place. This can le...
Some people are not counted when figuring out how many people live in a place. This can lead to disc...
You can book a simple shelter if the weather is bad....
You can book a shelter if it rains....
You can book a simple shelter if the weather is bad....
If we don't get your payment within 28 days, we will send a letter to the person who owns the vehicl...
If we don't get your payment within 28 days, we will send a letter to the person who owns the vehicl...
If we don't get your payment within 28 days, we will send a letter to the person who owns the vehicl...

--- Processing batch:
The information is for the Lord Mayor and the Lord Mayor's partner. It is for people who help plan e...
We collect and use your personal information to give you the services you need....
We collect and use your personal information to give you the services you need....
We collect and use your personal information to give you the services you need....
The directories are a useful source for family historians. They list names in alphabetical order, ma...
We want to move a bus stop. It is currently near a big park. We will move it to a new place near a b...
Sheffield City Council supports schools to improve their standards. The goal is for every school in ...
Information that could identify a person is not included to protect their privacy and follow the Dat...

--- Processing batch:
Information is not included to identify the person. This is to follow the Data Protection Act....
Information that could identify a person is not included to follow the Data Protection Act....
We can only let one guest come with the award winner because of space limits. Sometimes, we can also...
We can only let one guest come with the award winner because of space limits. Sometimes, there is a ...
We can only let one guest come with the award winner because of space limits. Sometimes we can fit a...
We are committed to open government. We follow the Government's rules for being transparent....
We are committed to open government. We follow the rules for local authorities to be transparent....
We are committed to open government. We follow the rules for local government to be transparent....

--- Processing batch:
Check the list with the tenant to make sure they take care of the things you provide....
For each year you live in a council house, you get a 1% discount. The discount is up to 70% or £77,9...
You need a PIN to request items or view your account on our library's online catalogue....
Parents or carers should help pay for the cost of special transport for children with special needs....
Parents or carers should help pay for the cost of special transport for children with special needs....
Parents or carers should pay for some of the cost of taking children with special needs to school....
We met with the Sheffield Clinical Commissioning Group and Sheffield Health Watch in August 2015 to ...
We met with the Sheffield Clinical Commissioning Group and Sheffield Health Watch in August 2015 to ...

--- Processing batch:
We met with the Sheffield Clinical Commissioning Group and Sheffield Health Watch in August 2015 to ...
The Sheffield-Rotherham Don Valley area is between the edge of Sheffield city centre and Rotherham t...
The Sheffield-Rotherham Don Valley area is from the edge of Sheffield city to Rotherham town. It is ...
The Sheffield-Rotherham Don Valley area is from the edge of Sheffield to Rotherham town centre. It i...
We coordinate highway works with utility companies to avoid disruptions and keep the public safe....
If your landlord does not give you the required information on time, the compensation will likely be...
If your landlord does not give you some information on time, you might get less compensation....
If your landlord doesn't give you the required information on time, you might get the smallest amoun...

--- Processing batch:
The area was approved on February 5, 2001, after considering the 'Leadmill Triangle' extension....
If we have to refuse your application, we will send you a notice. Our Licensing Committee will then ...
The Corporate Parenting Board made a plan. They have 7 main goals....
We make sure our partners and their suppliers follow the Equality Act 2010. We check this in our buy...
Applications are reviewed if they don't follow one or more of the 4 main rules for a license....
Applications are reviewed if they don't follow one or more of the 4 licensing rules....
Applications for a new license are reviewed if a business is not following one or more of the main r...
The area has homes and shops. Many people walk and ride bikes there. They should feel safe from car ...

--- Processing batch:
The area has homes and shops. Many people walk and ride bikes there. They should feel safe from car ...
The area has homes and shops. Many people walk and ride bikes there. They should feel safe from car ...
Cinema became popular in the early 20th century. It started as part of traveling shows and variety a...
Cinema became popular in the early 20th century....
Cinema became popular in the early 20th century....
Accommodation for the elderly, sick, and people with mental health issues was added in the late 1800...
People who were old, sick, or had mental problems were given a place to stay in the late 1800s, in a...
People who were old, sick, or had mental health issues were given a place to stay in the late 1800s,...

--- Processing batch:
Sheffield Libraries and Archives have many sources about Sheffield's role in the Boer Wars. The Boer...
Sheffield Libraries and Archives have many sources about Sheffield's role in the Boer Wars. The Boer...
There are sources in Sheffield Libraries and Archives about Sheffield's involvement in the Boer Wars...
Restrictions apply to houses in areas of the city that are being protected and to buildings that are...
Restrictions apply to houses in areas of the city that are being protected and to buildings that are...
Restrictions apply to houses in areas of the city that are being protected and to buildings that are...
The Peace Gardens are a public space near the Winter Garden and the Millennium Galleries....
To apply, fill out the form we give you or do it online. Make sure to include the required informati...

--- Processing batch:
To apply for something, you need to fill out a form. This form can be found either on a document giv...
You need to submit an application. To do this, you can use the form we provide or fill it out online...
By signing the form, you agree to follow the search room rules. These rules help keep our important ...
By signing the form, you agree to follow the search room rules to protect the important documents we...
By signing the form, you agree to follow the search room rules to protect the important documents we...
The prices are divided into two groups. One group is the full price, which includes VAT. The other g...
Children have the right to be heard in decisions that affect them. Their opinions should be taken se...
Children have the right to be heard in decisions that affect them. Their opinions should be taken se...

--- Processing batch:
Children have the right to be heard in matters that affect them. Their opinions should be taken seri...
If you use the DPS custodial scheme, the Deposit Protection Service has information about serving de...
If you use the DPS custodial scheme, the Deposit Protection Service has information about serving de...
If you use the DPS custodial scheme, the Deposit Protection Service has information about serving de...
We are committed to a test and learn approach. We want to find new ideas that show what people want ...
We are committed to a 'test and learn' approach. We want to find new ideas that show what people wan...
We are committed to a test and learn approach. We want to find new ideas that show what people want ...
The revised scheme will be funded by two sources. One is the Better Bus Area funding, which is a gov...

--- Processing batch:
The revised scheme will be funded from a government grant and the Sheffield City Region Investment F...
The revised scheme will be funded from a government grant and a local investment fund....
The city of Sheffield is planning to rebuild and develop new areas in a way that is good for the env...
The Successful Centres strategy said that the area needs better-looking streets and public spaces. I...
We can supply copies for commercial, personal, and private use, as long as you follow the usual copy...
We can supply copies for study purposes, following copyright rules....
We can supply copies for commercial, personal, and private study purposes, as long as you follow the...
ARI=18.4> To operate in the city, businesses need various licenses, permits, and registrations. We m...

--- Processing batch:
We adopted the conservation plan on March 19, 2007, after listening to the public....
We may share this information with people who check or manage public money....
We may share this information with people who check or manage public money....
We may share this information with groups that check or manage public money....
We want to know about the sale's progress so we can see if our service is working....
We want to know about the sale's progress so we can see if our service is working....
We want to know about the sale's progress so we can see if our service is working....
We want to put the child first in our social work. We will make services that listen to the child an...

--- Processing batch:
If a fixed-term tenancy ends, the contract will end too....
Fieldwork is done, but we are still studying the site. We hope to learn more about the people who li...
Fieldwork is done, but we are still studying the site. We hope to learn more about the people who li...
Fieldwork is done, but we are still studying the site. We hope to learn more about the people who li...
We thank the Boardman Tasker Trust for their donations. They give the Alan Rouse Climbing Collection...
Baseline inference 3 completed.
Running baseline inference 3 with seed 96...
Loading from meta-llama/Llama-3.1-8B-Instruct...
Inference args:
Namespace(use_vllm=False, seed=96, model_path='meta-llama/Llama-3.1-8B-Instruct', model_name='meta-llama/Llama-3.1-8B-Instruct', dataset_name='SimPA', model_class='auto', model_family='base', max_length=4096, batch_size=8, slice_test=-1, output_file='output/baseline_inference/Llama-3.1-8B-Instruct-SimPA-ARI/output_3.json', device='cuda', peft_path=None, control_tokens='data/prompts/control_tokens.json', system_prompts='data/prompts/system_prompts.json', user_prompts='data/prompts/user_prompts.json', metric_mapping='data/metric_mapping.json', metric_name='ARI', user_prompt_id='token_explanation')

[33m⚠️  Warning: 'huggingface-cli login' is deprecated. Use 'hf auth login' instead.[0m
test:	 Inspect the dataset format:
 {'global_id': ['simpa_syntactic_000843'], 'source_text': ['The boundaries have been drawn to take in as much as possible of the course of the brook and linking five distinct zones.'], 'source_metrics': [{'FRE': 73.51, 'ARI': 10.3, 'FKGL': 8.7, 'Dale-Chall': 8.21, 'char_count': 121, 'alphanum_count': 98, 'word_count': 24, 'sentence_count': 1}], 'metadata': [{'dataset': 'simpa_syntactic', 'experiment_split': '', 'domain': 'public_administration', 'language': 'en', 'annotation': 'human', 'level': 'sentence'}], 'simplification_text': ['The boundaries have been drawn to take in as much as possible of the course of the stream and linking five distinct zones.'], 'target_metrics': [{'FRE': 73.51, 'ARI': 10.6, 'FKGL': 8.7, 'Dale-Chall': 8.21, 'char_count': 122, 'alphanum_count': 99, 'word_count': 24, 'sentence_count': 1, 'char_compression_rate': 1.01, 'word_compression_rate': 1.0, 'sentence_compression_rate': 1.0, 'BLEU': 88.43865924896839, 'BERTScore': 0.9949648380279541}], 'simplification_version': [1], 'grade_level': [-1], 'simplification_dimensions': [{'linguistic': {'lexical': False, 'syntactic': True}}]}

--- Processing batch:
Baseline inference 4 completed.
Running evaluation script for SimPA - ARI...
--- Running evaluation...
Input files:	 ['output/baseline_inference/Llama-3.1-8B-Instruct-SimPA-ARI/output_1.json', 'output/baseline_inference/Llama-3.1-8B-Instruct-SimPA-ARI/output_2.json', 'output/baseline_inference/Llama-3.1-8B-Instruct-SimPA-ARI/output_3.json']
Metric:	 ARI
Evaluation completed for SimPA - ARI


=========================================================================
Running baseline inference for DATASET=SimPA, METRIC=DALE-CHALL
=========================================================================
Running baseline inference 1 with seed 37...
Loading from meta-llama/Llama-3.1-8B-Instruct...
Inference args:
Namespace(use_vllm=False, seed=37, model_path='meta-llama/Llama-3.1-8B-Instruct', model_name='meta-llama/Llama-3.1-8B-Instruct', dataset_name='SimPA', model_class='auto', model_family='base', max_length=4096, batch_size=8, slice_test=-1, output_file='output/baseline_inference/Llama-3.1-8B-Instruct-SimPA-DALE-CHALL/output_1.json', device='cuda', peft_path=None, control_tokens='data/prompts/control_tokens.json', system_prompts='data/prompts/system_prompts.json', user_prompts='data/prompts/user_prompts.json', metric_mapping='data/metric_mapping.json', metric_name='DALE-CHALL', user_prompt_id='token_explanation')

[33m⚠️  Warning: 'huggingface-cli login' is deprecated. Use 'hf auth login' instead.[0m
test:	 Inspect the dataset format:
 {'global_id': ['simpa_syntactic_000843'], 'source_text': ['The boundaries have been drawn to take in as much as possible of the course of the brook and linking five distinct zones.'], 'source_metrics': [{'FRE': 73.51, 'ARI': 10.3, 'FKGL': 8.7, 'Dale-Chall': 8.21, 'char_count': 121, 'alphanum_count': 98, 'word_count': 24, 'sentence_count': 1}], 'metadata': [{'dataset': 'simpa_syntactic', 'experiment_split': '', 'domain': 'public_administration', 'language': 'en', 'annotation': 'human', 'level': 'sentence'}], 'simplification_text': ['The boundaries have been drawn to take in as much as possible of the course of the stream and linking five distinct zones.'], 'target_metrics': [{'FRE': 73.51, 'ARI': 10.6, 'FKGL': 8.7, 'Dale-Chall': 8.21, 'char_count': 122, 'alphanum_count': 99, 'word_count': 24, 'sentence_count': 1, 'char_compression_rate': 1.01, 'word_compression_rate': 1.0, 'sentence_compression_rate': 1.0, 'BLEU': 88.43865924896839, 'BERTScore': 0.9949648380279541}], 'simplification_version': [1], 'grade_level': [-1], 'simplification_dimensions': [{'linguistic': {'lexical': False, 'syntactic': True}}]}

--- Processing batch:
DALE-CHALL=8.21> The boundaries are drawn to take in the brook and five zones....
We can share information and work together to solve problems quickly....
We can share information and work together to solve problems quickly....
We can share information and work together to solve problems quickly....
You must pay the amount on the summons if you can....
You must pay the amount on the summons if you can....
You must pay the amount on the summons if you can....
You can report a repair and make an appointment. First, you need to be registered for this service....

--- Processing batch:
We can help with kids who won't listen, go to bed on time, or push boundaries....
We have not yet chosen workers for many projects. So, we cannot tell customers when the work will st...
We don't have contractors for many projects yet, so we can't tell customers when the work will start...
We don't have contractors for many projects yet. So, we can't tell customers when the work will star...
We will help people with their housing benefit. We will make sure they get the help they need to pay...
It's best to only share information you're okay with others seeing....
Volunteers should help for one hour a week. They must do this for 12 weeks. They can keep helping af...
Volunteers can help for one hour a week. They must help for 12 weeks. They can keep helping after th...

--- Processing batch:
Volunteers can help for one hour a week. They must commit for 12 weeks, but can keep helping after t...
If you get Pension Credit, call the Pension Service to also claim Housing Benefit....
Contact the Pension Service to claim Housing Benefit when you apply for Pension Credit....
DALE-CHALL=11.23> Contact the Pension Service to claim Housing Benefit when you apply for Pension Cr...
Fire safety measures have been improved in all areas of Sheffield since the 1990s. A lot of money ha...
DALE-CHALL=11.0> Many improvements have been made to buildings in Sheffield since the 1990s. A lot o...
Many improvements have been made to buildings in Sheffield since the 1990s. A lot of money has been ...
A forced marriage is when one or both people getting married are not willing to do it. They might be...

--- Processing batch:
You can find postcards in community centers, libraries, and health clinics around the city....
You can find documents about the new Sheffield Plan on this page. They include studies, advice, and ...
The LEZ will help us meet European Union air quality standards for NO2 and PM10....
You need to make any objections by May 15, 2016. Contact the office of the schools adjudicator for m...
You need to make any objections for September 2017 by 15 May 2016. Contact the office of the schools...
You need to make any objections for September 2017 by 15 May 2016. Contact the office of the schools...
We will help you pay for home care if we think you need it and can't afford it yourself....
We will help you pay for home care if we think you need it and can't afford it yourself....

--- Processing batch:
We will help you pay for home care if we think you need it and can't afford it yourself....
A collector needs a special permission from the local government to use a fixed site....
To use a fixed site, you need a special permission from the local government....
If you want to use a fixed site, you need to get permission from the local government....
One of the biggest greenhouses in the UK has been built in the city....
One of the biggest greenhouses in the UK has been built in the city. It's a beautiful place with pla...
A big glasshouse has been built in the city. It's one of the biggest in the UK in the last 100 years...
You can save up to £933 a year if your employer helps with childcare costs....

--- Processing batch:
You might get a discount on taxes and National Insurance if your employer helps with childcare costs...
You might get a discount on taxes and National Insurance if your employer helps with childcare costs...
If you have a big family, you might need a bigger bin for your trash....
You need to send your application through a safe email route. This can be done using AnyComms....
Some schools let teachers give medicine to kids for a little while if it's in a special bottle with ...
The process can take a long time. It can take over a year to finish, even for a simple claim....
The process can take a long time. It can take over a year to finish, even for a simple claim....
The process can take a long time. It can take over a year to finish, even for a simple claim....

--- Processing batch:
We need to take this approach forward over the next 12 months....
We will invite your child to a special ceremony if they get a Gold Award for 100, 200, or 300 hours....
Most of the Peak District's moorland was not open to the public before 1949. Only about 1% of it was...
Most of the Peak District's moorland was not open to the public before 1949. Only about 1% was acces...
The Peak District used to be very hard to visit. Only a small part of it was open to the public. The...
We will invite your child to a special ceremony if they get a Gold Award for 100, 200, or 300 hours....
We will invite your child to a special ceremony if they get a Gold Award for 100, 200, or 300 hours....
If your child gets a Gold Award, we will invite them to a special ceremony....

--- Processing batch:
Most of the city's street trees are old. A study in 2006 found that 75% of the trees were grown up o...
Most of the city's street trees are old. A study in 2006 found that over three-quarters of the trees...
Most of the city's street trees are old. A study in 2006 found that 75% of them are fully grown or o...
If a comment can help us improve our services, we will make sure it happens....
If you have a comment that can help us improve, we will do our best to make it happen....
We want your feedback to help us make our services better. We will do our best to make that happen....
You need to tell us what activities you want to do at your place and when they will happen....
You need to tell us what activities you want to do at your place and when they will happen....

--- Processing batch:
DALE-CHALL=8.67> You need to tell us which activities you want to do at your place and when they wil...
We have a toolkit with 5 tools to help people and organisations use what they learned from training....
We have a toolkit with 5 tools to help people and groups use what they learned from training....
We have a toolkit with 5 tools to help people and organizations learn from their training....
Steps are taken to stop diseases from spreading among animals. There are special places where sick a...
Animals are kept safe from diseases. Places are set up to keep them separate if they get sick....
Animals with diseases are kept separate from others to stop the spread. There are special places to ...
We will check your application to make sure it meets the rules. Then, we will send it to the police ...

--- Processing batch:
The council worked with Sheffield University to test the cladding on 20 council tower blocks in Shef...
The city centre has specific areas for different things. If you want to know which areas are availab...
Your child's teachers will talk to you about what your child needs. They will also figure out what h...
Your child's teachers will talk to you about what your child needs. They will also figure out what h...
Your child's teacher will talk to you about what your child needs. They will also see what your chil...
DALE-CHALL=10.56> When a fixed-term tenancy ends, a new tenancy starts....
New addresses made through the Street Naming and Numbering process are listed in our local map of la...
We help with all parts of a project, from planning and designing to building it....

--- Processing batch:
The coroner makes a short statement about how someone died....
We must use 15% of CIL to help the area grow....
Teachers and school leaders do important work. You will learn more about their jobs and the problems...
Councillors and Members follow rules. The rules say how they should behave....
We need to decide on the Members' Allowances Scheme. We should think about the Panel's recommendatio...
DALE-CHALL=10.27> Some headteachers let children miss school for a short time to be in a play or spo...
Headteachers can sometimes let a child miss school for a special event....
Headteachers can sometimes let a child miss school for a short time to take part in a performance or...

--- Processing batch:
SYFAB helps groups find money for local projects....
SYFAB helps groups find money for local projects....
SYFAB helps groups find funding for local projects....
The Manor Neighbourhood Development Framework covers three areas: Upper Manor, Lower Manor, and Cast...
The Manor Neighbourhood Development Framework covers the neighbourhoods of Upper Manor and Lower Man...
The Manor Neighbourhood Development Framework covers three neighbourhoods....
We can learn from how landscapes have changed over time. This helps us manage future changes and kee...
It has two big fountains and seating areas. They are lit up at night to look nice....

--- Processing batch:
We give house numbers and street names to new buildings and old buildings in Sheffield....
We give house numbers and street names to new buildings and old buildings in Sheffield....
We give house numbers and street names to new buildings and old buildings in Sheffield that are bein...
Landlords can change the agreement to fit the specific tenancy. Any extra rules must be fair and leg...
You'll get hands-on experience in a real-life social work role through our Step Up to Social Work tr...
You'll get hands-on experience in a real-life social work role through our Step Up to Social Work tr...
You'll get hands-on experience in a real-life social work role through our Step Up to Social Work tr...
Some people are not counted when figuring out how many people live in a place. This can lead to disc...

--- Processing batch:
Some people are not counted when figuring out how many people live in a place. This can lead to disc...
Some people are not counted when working out the number of people living in a place. This can lead t...
DALE-CHALL=9.18> You can book a shelter if the weather is bad....
You can book a simple shelter if the weather is bad....
You can book a simple shelter if the weather is bad....
If we don't get your payment within 28 days, we will send a letter to the person who is registered t...
If we don't get your payment within 28 days, we will send a letter to the person who registered the ...
If we don't get your payment within 28 days, we will send a letter to the person who owns the vehicl...

--- Processing batch:
The information is for people helping with events where the Lord Mayor and the Lord Mayor's partner ...
We collect and use your personal information to give you the services you need....
We collect your personal information to give you the services you need....
We collect your personal information to give you the services you need....
Directories are a helpful tool for family historians. They list names in alphabetical order, making ...
We want to move the bus stop. It's currently near Richmond Park Road. We will move it to a new spot ...
Sheffield City Council works to improve schools. They want every school in Sheffield to be good or e...
Personal details that could identify someone are not included to protect their privacy and follow th...

--- Processing batch:
Personal details that could identify someone are not included because it might break the rules of th...
Personal details that could identify someone are not included to protect their privacy and follow th...
We can only invite one guest per award winner, but sometimes we have space for extra guests....
We can only let one guest come with the winner. Sometimes, there is room for one more guest....
We can only let one guest come with the award winner because of space limits. Sometimes, we can make...
We are committed to open government. We follow the rules that make our government transparent....
We are committed to open government. We follow the rules that make our government transparent....
We are committed to open government. We follow the rules for being open....

--- Processing batch:
Using a list with the tenant can help them remember to take care of the things that come with the ap...
For each year you live in a council house, you get a 1% discount. This goes up to a 70% discount or ...
You need a special number called a PIN to look at items or your account on our library's online list...
Parents or carers should help pay for special transport for kids with special needs....
Parents or carers should help pay for the cost of taking children with special needs to school....
Parents or carers should help pay for the cost of special transport for children with special needs....
We met with a group that helps plan healthcare in Sheffield and another group that watches over heal...
We met with a group that helps plan healthcare in Sheffield and another group that watches over heal...

--- Processing batch:
We met with a group that helps plan healthcare in Sheffield and another group that watches over heal...
The Sheffield-Rotherham Don Valley area is near the edge of Sheffield city and Rotherham town. It is...
The Sheffield-Rotherham Don Valley area is a region that starts at the edge of Sheffield city centre...
The Sheffield-Rotherham Don Valley area is from the edge of Sheffield city to Rotherham town. It is ...
We need to coordinate with utility companies to do highway work. This helps prevent problems and kee...
If your landlord doesn't give you the information on time, you might not get much compensation....
If your landlord doesn't give you the information on time, you might not get much compensation....
If your landlord doesn't give you the information on time, you might get less compensation....

--- Processing batch:
The area was approved on February 5, 2001....
We will let you know if we decide not to approve your application. If this happens, our Licensing Co...
The Corporate Parenting Board made a plan with 7 main goals. They also made a plan to achieve these ...
We make sure our partners and their suppliers follow the Equality Act 2010. We check this by looking...
DALE-CHALL=10.24> We check if new applications match the rules of a place that already has a license...
Applications are checked against a place with a licence if they are not following one of the 4 main ...
Applications are checked against the rules if they don't follow one of the 4 main rules for a licens...
DALE-CHALL=11.41> The area has homes and shops. Many people walk and ride bikes there. They should f...

--- Processing batch:
People walk and ride bikes in areas with homes and stores. They should feel safe from car accidents....
DALE-CHALL=11.41> The area has homes and shops. Many people walk and ride bikes there. They should f...
Movies started to become popular in the early 1900s. They were first part of traveling shows and var...
Cinema became popular in the early 1900s. It started as part of traveling shows and variety acts....
Cinema became popular in the early 1900s....
People who were old, sick, or had mental problems were taken care of in the same place as the men an...
The old buildings had rooms for people who were sick, old, or not well in the mind, in addition to t...
The old people, who were sick or not well, were given a place to stay in the late 1800s, along with ...

--- Processing batch:
Sheffield Libraries and Archives have many sources about Sheffield's role in the Boer Wars. The Boer...
Sheffield Libraries and Archives have sources about Sheffield's role in the Boer Wars. The Boer Wars...
Sheffield Libraries and Archives have many sources about Sheffield's role in the Boer Wars. The Boer...
Planning rules for changing the front of houses apply in some parts of the city. These areas are pro...
Planning rules for houses apply in some parts of the city. These areas are special because they are ...
DALE-CHALL=12.06> Some rules apply to houses in special areas of the city and to old buildings that ...
The Peace Gardens are a public space that won awards. They are located on Pinstone Street, close to ...
You need to apply for something by filling out a form that we give you or by using our online form. ...

--- Processing batch:
You need to fill out the application form. You can get the form from us or do it online. The form wi...
You need to fill out the application form. This form is either provided by us or you can find it onl...
By signing the form, you agree to follow the rules of the search room. These rules help keep our imp...
By signing the form, you agree to follow the rules of the search room. These rules help keep our imp...
By signing the form, you agree to follow the rules of the search room. These rules help keep our imp...
The prices are divided into two groups. One group is the full price, which includes VAT. The other g...
All kids have a right to be heard and have their opinions taken seriously....
All kids have a right to be heard and have their opinions taken seriously....

--- Processing batch:
All kids have the right to be heard and have their opinions taken seriously....
If you use the DPS custodial plan, the Deposit Protection Service has more information about serving...
If you use the DPS custodial plan, the Deposit Protection Service has more information about what yo...
If you use the DPS custodial plan, the Deposit Protection Service has more information about serving...
We want to try new ideas and find out what works best. We will measure how well these ideas do and s...
We want to try new things and find out what works. We are looking for new ideas that can show us wha...
We are committed to trying new things and finding out what works. We want to see what people want an...
The new plan will get money from two places. One is a government grant for buses in the Sheffield ar...

--- Processing batch:
The new plan will get money from two places. One is a government grant for buses in the Sheffield ar...
The new plan will get money from two places. One is a government grant for buses in the Sheffield ar...
Regenerating Sheffield will make sure new buildings are good for the environment. We want better des...
The Successful Centres plan said that the area needs a better-looking streetscape and public spaces ...
We can supply copies for study purposes, following the usual rules about copyrights....
We can give copies for free use in business, school, or personal projects, as long as we follow the ...
We can give you copies for work, school, or personal use, as long as you follow the usual rules abou...
Businesses need licenses, permits, and registrations to operate in the city. We manage these for the...

--- Processing batch:
We made some changes to the conservation area after listening to the public. We agreed on the new pl...
We may share this information with people who check or manage public money....
We may share this information with people who check or manage public money....
We may share this information with people who check or manage public money....
We want to know how well our matching service works. To do this, we need you to tell us about the pr...
We want to know about the sale's progress so we can see if our service is working....
We want to know about the sale's progress so we can see if our service is working....
We want to put the child first in our social work. We will make sure our services are what the child...

--- Processing batch:
If you have a fixed-term tenancy, it ends when the contract is over....
Fieldwork is done, but we still need to study the things we found. We hope to learn more about the p...
Fieldwork is done, but we still need to study the things we found. We hope to learn more about the p...
People are still studying the site where industrial work happened. They want to learn more about the...
We would like to thank the Boardman Tasker Trust for their donations. They give the Alan Rouse Climb...
If a site has a big impact on the local environment, the person applying will need to do a survey to...
Our eBooks don't work with the old Kindle. But they do work with the Kindle Fire....
The site had a ditch that ran from north to south. This ditch might have been a border around the se...

--- Processing batch:
If you don't want to change your settings, you can just report your problem and skip the map. Please...
If you don't want to change your settings, you can still report your problem. Just skip the map and ...
If you don't want to change your settings, you can just report your problem and skip the map. Please...
DALE-CHALL=9.86> Some issues that go to the emergency team need a political decision. They then go t...
DALE-CHALL=9.86> Some issues that go to the emergency team need a political decision. They then go t...
Important decisions that go to the emergency team need a political choice. They then go to a special...
We need to talk to you before you apply. We want to make sure you have time to get the information y...
We need to talk to you before you apply. We want to make sure you have time to get the information w...

--- Processing batch:
We need to talk to you before you apply. This will give you time to get the important information re...
The police will return a car that they took for an investigation. They will tell the owner and give ...
Companies that sell debt solutions like debt plans and voluntary arrangements make money from settin...
We can close a property for up to 3 months if there's serious and bad behaviour or trouble....
Mobile traders need to make sure they don't block the road or park in a way that breaks the rules. T...
Mobile traders must not park in a way that blocks the road or hurts others....
Mobile drivers must be careful not to block the road or park in the wrong place. They must not cause...
We may ask the person applying or someone connected to the organisation to send us a list of any uns...

--- Processing batch:
We may ask the person applying or someone connected to the organisation to send us a list of any uns...
We may ask the person applying or someone connected to the organisation to send us a list of any uns...
A site licence usually comes with rules about how the site is arranged and what facilities are there...
The rules for a site licence will usually be about how the site is arranged and what it has. But a l...
The conditions on a site licence usually relate to how the site is arranged and its facilities. Howe...
The business can keep doing its activities after getting a temporary permission notice within 28 day...
A certificate shows this information. It also gives the adoptive parent's name and surname, address,...
For a long time, old books were published about the Yorkshire area. These books are in special serie...

--- Processing batch:
You need to give a Section 21 notice to your tenant. First, give them the correct information. Then,...
You need to give the tenant the right papers and then send a Section 21 Notice to use the Section 21...
You need to give the tenant the right papers and then send a Section 21 Notice to use the Section 21...
The area is still important because of its history. It was damaged a lot during the war, but it stil...
The area is still important from the past. It was damaged a lot during the war. But it still has som...
The area is still important because of its history. It was damaged a lot during the war, but it stil...
We have a special place where we check if measuring tools are accurate. We can use it to check if th...
The area is still important because of its history. It was damaged a lot during the war, but it stil...

--- Processing batch:
We want information that answers the main planning questions. Please ask your helpers to keep their ...
You must give the Council the keys and make sure your rent is paid. Leave the house in good conditio...
DALE-CHALL=9.44> When you move out, make sure the Council gets the keys and you pay all rent. Give t...
You must give the Council the keys and make sure your rent is paid. Leave the house in good conditio...
The Sheffield School of Art is part of Sheffield Hallam University. It started in 1837 as a School o...
The Sheffield School of Art is now part of Sheffield Hallam University. It started in 1837 as a Scho...
The Sheffield School of Art is now part of Sheffield Hallam University. It started in 1837 as a Scho...
Design should consider how the building is arranged to use less energy. This includes not relying to...

--- Processing batch:
Buildings should be designed to use less energy. This can be done by not relying too much on machine...
Design should consider how the building is arranged to use less energy. This includes not relying to...
You might not know who to pay the rent to. You can keep paying it to the old landlord or save the mo...
You might not know who to pay the rent to. Keep paying it to the old landlord or save the money in a...
Baseline inference 2 completed.
Running baseline inference 2 with seed 15...
Loading from meta-llama/Llama-3.1-8B-Instruct...
Inference args:
Namespace(use_vllm=False, seed=15, model_path='meta-llama/Llama-3.1-8B-Instruct', model_name='meta-llama/Llama-3.1-8B-Instruct', dataset_name='SimPA', model_class='auto', model_family='base', max_length=4096, batch_size=8, slice_test=-1, output_file='output/baseline_inference/Llama-3.1-8B-Instruct-SimPA-DALE-CHALL/output_2.json', device='cuda', peft_path=None, control_tokens='data/prompts/control_tokens.json', system_prompts='data/prompts/system_prompts.json', user_prompts='data/prompts/user_prompts.json', metric_mapping='data/metric_mapping.json', metric_name='DALE-CHALL', user_prompt_id='token_explanation')

[33m⚠️  Warning: 'huggingface-cli login' is deprecated. Use 'hf auth login' instead.[0m
test:	 Inspect the dataset format:
 {'global_id': ['simpa_syntactic_000843'], 'source_text': ['The boundaries have been drawn to take in as much as possible of the course of the brook and linking five distinct zones.'], 'source_metrics': [{'FRE': 73.51, 'ARI': 10.3, 'FKGL': 8.7, 'Dale-Chall': 8.21, 'char_count': 121, 'alphanum_count': 98, 'word_count': 24, 'sentence_count': 1}], 'metadata': [{'dataset': 'simpa_syntactic', 'experiment_split': '', 'domain': 'public_administration', 'language': 'en', 'annotation': 'human', 'level': 'sentence'}], 'simplification_text': ['The boundaries have been drawn to take in as much as possible of the course of the stream and linking five distinct zones.'], 'target_metrics': [{'FRE': 73.51, 'ARI': 10.6, 'FKGL': 8.7, 'Dale-Chall': 8.21, 'char_count': 122, 'alphanum_count': 99, 'word_count': 24, 'sentence_count': 1, 'char_compression_rate': 1.01, 'word_compression_rate': 1.0, 'sentence_compression_rate': 1.0, 'BLEU': 88.43865924896839, 'BERTScore': 0.9949648380279541}], 'simplification_version': [1], 'grade_level': [-1], 'simplification_dimensions': [{'linguistic': {'lexical': False, 'syntactic': True}}]}

--- Processing batch:
The boundaries are drawn to take in the brook and five zones....
We can share information and work together to solve problems quickly....
We can share information and work together to solve problems quickly....
We can work together to solve problems quickly....
If you get a court notice, you must pay the money it says you owe if you can afford it....
You get a summons. If you can, pay the money on the paper. This includes the court fees....
You get a summons. If you can, pay the money on the paper. This includes the court fees....
You can report a repair and make an appointment online. First, you need to be registered for this se...

--- Processing batch:
We can help with kids who won't listen, go to bed on time, or push boundaries....
We have not yet chosen workers for many projects. So, we cannot tell customers when the work will st...
We don't have contractors for many projects yet, so we can't tell customers when the work will start...
We have not yet chosen workers for many projects. So, we cannot tell customers when the work will st...
We will help people with their housing benefit. We will make sure they get the help they need to pay...
It's best to only share information you're okay with others seeing....
Volunteers are asked to help for one hour each week. They must commit to this for at least 12 weeks....
Volunteers can help for one hour a week. They must commit for 12 weeks, but can keep helping after t...

--- Processing batch:
Volunteers help for one hour a week. They must commit for 12 weeks. They can choose to keep helping ...
Contact the Pension Service to claim Housing Benefit when you apply for Pension Credit....
DALE-CHALL=11.23> If you get Pension Credit, you need to contact the Pension Service to also claim H...
DALE-CHALL=11.23> If you get Pension Credit, you need to contact the Pension Service to also claim H...
Fire safety measures have been improved in all areas of Sheffield since the 1990s. A lot of money ha...
Sheffield has seen a lot of investment since the 1990s. Millions of pounds have been spent to make s...
Many changes have been made to buildings in Sheffield since the 1990s. A lot of money has been spent...
A forced marriage is when one or both people getting married are not happy about it....

--- Processing batch:
You can find postcards in libraries and community centers across the city....
You can find information about the new Sheffield Plan on this page. It includes studies, advice, and...
The LEZ will help us meet European Union rules for air quality. These rules are for two types of pol...
You need to tell us your objections by May 15, 2016. Contact the schools adjudicator's office....
You need to make any objections for September 2017 by 15 May 2016. Contact the office of the schools...
You need to make any objections for September 2017 by 15 May 2016. Contact the office of the schools...
We will help pay for home care if we think you need it and can't afford it yourself....
We will help you pay for home care if we think you need it and can't afford it yourself....

--- Processing batch:
We will help you pay for home care if we think you need it and can't afford it yourself....
A collector needs a special permission from the local government to use a fixed site....
To use a fixed site, you need a special permit from the local government....
To use a fixed site, you need a special permit from the local government....
A big glasshouse has been built in the city. It's a beautiful place with plants and trees....
A new glasshouse has been built in the UK. It is one of the biggest in the country in the last 100 y...
One of the biggest greenhouses in the UK has been built in the city. It's a beautiful place with pla...
You might get a discount on taxes and National Insurance if your employer helps with childcare costs...

--- Processing batch:
If your employer helps with childcare, you can save money on taxes and National Insurance....
You can save up to £933 a year if your employer helps with childcare....
You can ask for a bigger bin if you have too much trash....
You need to submit your application through a secure email route. This can be done using AnyComms....
Some schools let staff give medicine to kids for a little while if it's in a special form with the c...
DALE-CHALL=7.72> It can take a long time to complete a simple claim....
The process can take a long time. It can take over a year to finish, even for a simple claim....
The process can take a long time. It can take over a year to finish, even for a simple claim....

--- Processing batch:
We need to make some changes to move forward over the next year. Four specific ideas are suggested i...
We will invite your child to a special ceremony if they get a Gold Award for many hours of work....
Most of the Peak District's moorland was not open to the public before 1949. Only about 1% of it was...
The Peak District used to be very hard to visit. Only a small part of it was open to the public....
Most moorland in the Peak District was not open to the public before 1949. There were only a few pat...
We will invite your child to a special ceremony if they get a Gold Award for 100, 200, or 300 hours....
We will invite your child to a special ceremony if they get a Gold Award for 100, 200, or 300 hours....
We will invite your child to a special ceremony if they get a Gold Award for 100, 200, or 300 hours....

--- Processing batch:
Most of the city's street trees are old. A study in 2006 found that 75% of them are mature or older....
Most of the city's street trees are old. A study in 2006 found that 75% of them are mature or older....
Most of the city's street trees are old. A study in 2006 found that 75% of the trees were mature or ...
If a comment can help us improve our services, we will make sure it happens....
We want your feedback to help us make our services better. If you have a comment, we will do our bes...
If you have a comment that can help us make our services better, we will do our best to make it happ...
You need to tell us what activities you want to do at your place and when they will happen....
You need to tell us what activities you want to do at your place and when they will happen....

--- Processing batch:
You need to tell us what activities you want to do at your place and when they will happen....
We have a toolkit with 5 tools to help people and groups use what they learned from training....
We have a toolkit with 5 tools to help people and groups use what they learned from training....
We have created a helpful toolkit with five tools to support people and organizations in using what ...
Steps are taken to stop diseases from spreading among animals. There are special places where sick a...
Animals with diseases are kept separate from others to stop the spread. There are special places to ...
Animals are kept safe from diseases. Places are set up to keep them separate if they get sick....
We will check your application to make sure it meets the rules. Then, we will send it to the police ...

--- Processing batch:
The council worked with Sheffield University to test the cladding on 20 council tower blocks in Shef...
The city centre has special areas for different things. If you want to know which areas are availabl...
Your child's teachers will talk to you about what they need. They will also see what help they need ...
Your child's teachers will talk to you about what your child needs. They will also see how well your...
Your child's teacher will talk to you about what your child needs. They will also see how your child...
DALE-CHALL=10.56> When a fixed-term tenancy ends, a new tenancy starts automatically....
New addresses created through the Street Naming and Numbering process are listed in our Local Land a...
We help with all parts of a project, from planning and designing the site to building it....

--- Processing batch:
The coroner makes a short statement about how someone died....
We must use 15% of CIL to help the area grow....
You will learn more about the hard work of teachers and school leaders, and the problems that school...
The committee makes sure that councillors and people who help them behave well. They also watch over...
It is up to us to decide on the Members' Allowances Scheme. We should think about the Panel's sugges...
Headteachers can sometimes let a child miss school for a short time to take part in a special event,...
Headteachers can sometimes let a child miss school for a special event....
Headteachers can sometimes let a child miss school for a special event....

--- Processing batch:
SYFAB helps groups find money for local projects. They give free advice on where to apply for fundin...
SYFAB helps groups find money for local projects....
SYFAB helps groups find funding for local projects....
The Manor Neighbourhood Development Framework covers three areas: Upper Manor, Lower Manor, and Cast...
The Manor Neighbourhood Development Framework covers Upper Manor, Lower Manor, and Castlebeck....
The Manor Neighbourhood Development Framework covers three neighbourhoods....
We can learn from how landscapes have changed over time. This helps us manage future changes and kee...
The park has two big fountains and seating areas. It is lit up at night....

--- Processing batch:
We give house numbers and street names to new buildings and old buildings in Sheffield....
We give house numbers and street names to new buildings and old buildings in Sheffield....
We give house numbers and street names to new buildings and old buildings in Sheffield....
Landlords can change the agreement to fit the specific tenancy. Any extra rules must be fair and leg...
You'll get hands-on experience in a real-life social work role through our Step Up to Social Work tr...
You'll get hands-on experience in a real-life social work role through our Step Up to Social Work tr...
You'll get hands-on experience in a real-life social work role through our Step Up to Social Work tr...
Some people are not counted when figuring out how many people live in a place. This can lead to disc...

--- Processing batch:
Some people are not counted when figuring out how many people live in a place. This can lead to disc...
Some people are not counted when working out the number of people living in a place. This can lead t...
You can book a shelter if the weather is bad....
You can book a simple shelter if the weather is bad....
You can book a simple shelter if the weather is bad....
If we don't get your payment within 28 days, we will send a letter to the person who is registered t...
If we don't get your payment within 28 days, we will send a letter to the person who registered the ...
If we don't get your payment within 28 days, we will send a letter to the person who registered the ...

--- Processing batch:
The information is for people helping with events where the Lord Mayor and the Lord Mayor's partner ...
We collect your personal information to give you the services you need....
We collect your personal information to give you the services you need....
We collect your personal information to give you the services you need....
The directories are a good source for family historians. They list names in alphabetical order, maki...
We want to move the bus stop. It is currently near Richmond Park Road. We will move it to a new plac...
Sheffield City Council works to improve schools in the city. They want every school in Sheffield to ...
Personal details that could identify someone are not included because it might break the rules of th...

--- Processing batch:
Personal details that could identify someone are not included to protect their privacy and follow th...
Personal details that could identify someone are not included to protect their privacy and follow th...
We can only let one guest come with the award winner because of space limits. Sometimes, we can make...
We can only let one guest come with the winner. Sometimes, there is room for one more guest....
We can only let one guest come with the award winner because of space limits....
We are committed to open government. We follow the rules for being open....
We are committed to open government. This means we follow the rules for being open and honest....
We are committed to open government. We follow the rules for being open....

--- Processing batch:
Using a list with the tenant can help them remember to take care of the things that come with the ap...
For each year you live in a council house, you get a 1% discount. The discount will not be more than...
You need a PIN to request items or see your account information on our library's online catalogue....
Parents or carers should help pay for special transport for kids with special needs....
Parents or carers should help pay for the cost of special transport for children with special needs....
Parents or carers should help pay for transport to school for children with special needs....
We met with a group that helps plan healthcare in Sheffield and another group that watches over heal...
We met with a group that helps plan healthcare in Sheffield and another group that watches over heal...

--- Processing batch:
We met with a group that helps plan healthcare in Sheffield and another group that watches over heal...
The Sheffield-Rotherham Don Valley area is between the city centre of Sheffield and the town centre ...
The Sheffield-Rotherham Don Valley area is between the city centre of Sheffield and the town centre ...
The Sheffield-Rotherham Don Valley area is from the edge of Sheffield to Rotherham town centre. It i...
We need to work with utility companies to fix roads. This helps keep people safe and reduces problem...
If your landlord doesn't give you the right information on time, you might not get much compensation...
If your landlord doesn't give you the right information on time, you might not get much compensation...
If your landlord doesn't give you the information on time, you might not get much compensation....

--- Processing batch:
The area was approved on 5th February 2001 after considering the 'Leadmill Triangle' extension....
If we need to say no to your request, we will send you a message telling you why. Our team will then...
The Corporate Parenting Board made a plan with 7 main goals. They also made a plan to achieve these ...
We make sure our partners and their suppliers follow the Equality Act 2010. We check this by looking...
Applications are reviewed if they don't follow the rules of their existing license....
Applications are checked against a place with a licence if they are not following one of the 4 main ...
DALE-CHALL=10.24> If you apply for a new license, it will be checked against the rules of your curre...
DALE-CHALL=11.41> The area has homes and shops. Many people walk and ride bikes there. They should f...

--- Processing batch:
People walk and bike in areas with homes and stores. They should feel safe from car accidents....
DALE-CHALL=11.41> The area has homes and shops. Many people walk and ride bikes there. They should f...
Movies started as part of traveling shows and variety acts. They became very popular in the early 19...
Cinema became popular in the early 1900s....
Cinema became popular in the early 1900s. It started as part of traveling shows and variety acts....
People who were old, sick, or had mental problems were taken care of in special places, along with m...
People who were old, sick, or had mental problems were taken care of in the same place as the men an...
People who were old, sick, or had mental health problems were taken care of in the same place as the...

--- Processing batch:
Sheffield Libraries and Archives have many sources about Sheffield's role in the Boer Wars. The Boer...
Sheffield Libraries and Archives have many sources about Sheffield's role in the Boer Wars. The Boer...
Sheffield Libraries and Archives have many sources about Sheffield's role in the Boer Wars. The Boer...
Planning rules for houses apply to some areas of the city. These areas are in conservation zones or ...
Planning rules for houses apply in some parts of the city. These areas are special because they are ...
Some rules apply to houses in special parts of the city. These areas are protected because they are ...
The Peace Gardens are a public space. They are near the Winter Garden and the Millennium Galleries....
You need to apply for something by filling out a form that we give you or by using our online form. ...

--- Processing batch:
You need to fill out the application form. This can be found on the form we provide or online. Pleas...
You need to fill out the application form. You can get the form from us or do it online. The form wi...
By signing the form, you agree to follow the rules of the search room. These rules help keep our imp...
By signing the form, you agree to follow the rules of the search room. These rules help keep our imp...
By signing the form, you agree to follow the rules of the search room. These rules help keep our imp...
The prices are divided into two groups. One group is the full price, which includes VAT. The other g...
All kids have the right to be heard and have their opinions taken seriously when it comes to things ...
All kids have a right to be heard and have their opinions taken seriously....

--- Processing batch:
All kids have a right to be heard and have their opinions taken seriously....
If you use the DPS custodial plan, the Deposit Protection Service has more information about serving...
The Deposit Protection Service has information on serving deposits....
If you use the DPS custodial plan, the Deposit Protection Service has more information about serving...
We want to try new ideas and find out what works best. We will measure how well they do and see what...
We want to try new things and see what works. We are looking for new ideas that can show us what peo...
We are committed to a test and learn approach. We want to find new ideas that show us what people wa...
The new plan will be paid for by two sources. One is a government grant called Better Bus Area fundi...

--- Processing batch:
The new plan will get money from two places. One is a government grant for buses in the area. The ot...
The new plan will be paid for by two sources. One is a government grant called Better Bus Area fundi...
We need to make the city of Sheffield better. We want new buildings to be designed in a way that is ...
The Successful Centres plan said that the area needs a better-looking streetscape and public spaces ...
We can give you copies for work, school, or personal use, as long as you follow the usual rules abou...
We can copy things for business, personal, and private use, as long as we follow the usual rules abo...
We can supply copies for study purposes, following the usual rules about copyrights....
DALE-CHALL=11.41> To run a business in the city, you need certain papers. These include licenses, pe...

--- Processing batch:
We adopted plans to protect the environment on March 19, 2007, after listening to the public....
We may share this information with people who check or manage public money....
We may share this information with people who check or manage public money....
We may share this information with people who check or manage public money....
We want to know how well our matching service works. To do this, we need you to tell us about the pr...
We want to know about the sale's progress so we can see if our service is working....
We want to know how well our matching service is working. Please tell us about the sale so we can se...
We want to put the child first in our social work. We will make services that listen to the child an...

--- Processing batch:
If you rent a place for a fixed time, the contract will end when that time is up....
Fieldwork is done, but we are still studying what we found. We hope to learn more about the people w...
Fieldwork is done, but we are still studying what we found. We hope to learn more about the people w...
The team finished digging up the site, but they still need to study what they found. They hope to le...
We would like to thank the Boardman Tasker Trust for their donations. They give the Alan Rouse Climb...
If a site affects the local environment, a report is needed....
Our eBooks don't work with the old Kindle. But they do work with the Kindle Fire through an app....
The site had a ditch that ran from north to south. This ditch might have been a border around the se...

--- Processing batch:
If you don't want to change your settings, you can just report your problem and skip the map. Please...
If you don't want to change your settings, you can just report your problem and skip the map. Please...
If you don't want to change your settings, you can just report your problem and skip the map. Please...
DALE-CHALL=9.86> Some issues that go to the emergency team need a political decision. They then go t...
DALE-CHALL=9.86> Some problems that need a political decision go to a special team. This team talks ...
Important decisions that go to the EMT team need a political decision. They then go to a special tea...
We need to talk to you before you apply. We want to give you time to get ready and think about your ...
We need to talk to you before you apply. We want to make sure you have time to get the information y...

--- Processing batch:
We need to talk to you before you apply. We want to make sure you have time to get the information y...
The police will return a car that they took for an investigation. They will tell the owner and give ...
Companies that sell debt solutions like debt plans and voluntary arrangements make money from settin...
We can close a house for 3 months if there is bad behaviour that keeps going....
Mobile drivers must be careful not to block the road or park in a way that breaks the rules. They mu...
Mobile drivers must not park in a way that blocks the road or hurts others....
Mobile traders need to make sure they don't block the road or park in a way that breaks the rules. T...
We need a person or group connected to the organisation to tell us about any crimes they haven't pai...

--- Processing batch:
We need to know if someone connected to the organisation has any past crimes. We might ask them to t...
We need to know if someone has any past crimes. We might ask the person who applies or someone conne...
The conditions on a site licence are about how the site is arranged and its facilities. But a licenc...
The conditions on a site licence are about how the site is arranged and what it has. A licence will ...
A site licence usually comes with rules about how the site is arranged and what facilities are there...
The business can keep doing its activities after getting a temporary permission within 28 days....
A certificate shows this information. It also gives the adoptive parent's name and surname, address,...
For a long time, old books were published about the Yorkshire area. These books are in special serie...

--- Processing batch:
You need to give a Section 21 notice to your tenant. First, give them the correct information. Then,...
You need to give the tenant the right papers and then send a Section 21 Notice to use the Section 21...
You need to serve the correct information to the tenant and then give them a Section 21 Notice to us...
The area is still important because of its history. It was damaged a lot during the war, but it stil...
The area is still important because of its history. It was damaged a lot during the war, but it stil...
The area is still important because of its history. It was damaged a lot during the war, but it stil...
We have a special place where we check if measuring tools are accurate. It's available for anyone wh...
The area is still important because of its history. It was damaged a lot during the war, but it stil...

--- Processing batch:
We want information that answers the main planning questions. Please ask your helpers to keep their ...
You must give the Council empty possession of the house. Make sure your rent is paid in full and up ...
DALE-CHALL=9.44> When you move out, make sure the Council gets the keys and you pay all rent. Give t...
You must give the Council the keys and make sure your rent is paid. Leave the house in good conditio...
The Sheffield School of Art started in 1837. It is now part of Sheffield Hallam University's art and...
The Sheffield School of Art is now part of Sheffield Hallam University. It started in 1837 as a Scho...
The Sheffield School of Art is now part of Sheffield Hallam University. It started in 1837 as a Scho...
Design should consider how the building's layout can help save energy. This includes reducing the ne...

--- Processing batch:
Buildings should be designed to use less energy. This can be done by not relying too much on machine...
Design should consider how the building is arranged to use less energy. This includes not relying to...
You might not know who to pay the rent to. You can keep paying it to the old landlord or save the mo...
Pay the rent to the old landlord until the new one proves who they are. Then, give the money to the ...
Pay the rent to the old landlord until the new one proves who they are. Then, give the money to the ...
If a tenancy was started after February 28th, 1997, the landlord can say it's not an Assured Shortho...
If a tenancy started after February 28th, 1997, the landlord can say it's not an Assured Shorthold T...
If a tenancy was started after February 28th, 1997, the landlord can say it's not an Assured Shortho...

--- Processing batch:
If you have a problem with a school, you can complain to the school's leaders. If they don't fix it,...
When you apply for something, it's a good idea to include a draft agreement or a statement of what y...
The IAPT service helps people with mild to moderate depression and anxiety....
The Action Plan aims to fix problems in the centre while keeping what's good about Attercliffe. It a...
Sheffield has a special area with a strong industrial past, nice surroundings, and easy access. It's...
Bids are checked against clear rules by a group of experts. They choose the best bid based on how go...
The person who buys the site will need to do some tests. These tests include looking at the ground, ...
The person who buys the land will need to do some tests. These tests include digging into the ground...

--- Processing batch:
The person who buys the land will need to do some tests. These tests will include digging into the g...
It will be a well-known area for business. It has good roads and buildings that help local businesse...
To become a teacher, you can take a postgraduate training course. Some of these courses offer financ...
Many people who do teacher training get financial help. To see what you can get and if you are eligi...
You can get financial help for teacher training. Visit Get into Teaching to see what's available and...
We will look at the results of a planning application meeting. We will give some importance to what ...
We will usually suggest that a desk-based assessment be done by a professional archaeologist. This i...
We will probably suggest that a professional do a desk study if there are any archaeological remains...

--- Processing batch:
We will usually suggest that a desk-based assessment be done by a professional archaeologist. This i...
Properties that have been made or changed for making things, fixing things, or changing things will ...
Predictions saved to output/baseline_inference/Llama-3.1-8B-Instruct-SimPA-DALE-CHALL/output_2.json
Baseline inference 3 completed.
Running baseline inference 3 with seed 96...
Loading from meta-llama/Llama-3.1-8B-Instruct...
Inference args:
Namespace(use_vllm=False, seed=96, model_path='meta-llama/Llama-3.1-8B-Instruct', model_name='meta-llama/Llama-3.1-8B-Instruct', dataset_name='SimPA', model_class='auto', model_family='base', max_length=4096, batch_size=8, slice_test=-1, output_file='output/baseline_inference/Llama-3.1-8B-Instruct-SimPA-DALE-CHALL/output_3.json', device='cuda', peft_path=None, control_tokens='data/prompts/control_tokens.json', system_prompts='data/prompts/system_prompts.json', user_prompts='data/prompts/user_prompts.json', metric_mapping='data/metric_mapping.json', metric_name='DALE-CHALL', user_prompt_id='token_explanation')

[33m⚠️  Warning: 'huggingface-cli login' is deprecated. Use 'hf auth login' instead.[0m
test:	 Inspect the dataset format:
 {'global_id': ['simpa_syntactic_000843'], 'source_text': ['The boundaries have been drawn to take in as much as possible of the course of the brook and linking five distinct zones.'], 'source_metrics': [{'FRE': 73.51, 'ARI': 10.3, 'FKGL': 8.7, 'Dale-Chall': 8.21, 'char_count': 121, 'alphanum_count': 98, 'word_count': 24, 'sentence_count': 1}], 'metadata': [{'dataset': 'simpa_syntactic', 'experiment_split': '', 'domain': 'public_administration', 'language': 'en', 'annotation': 'human', 'level': 'sentence'}], 'simplification_text': ['The boundaries have been drawn to take in as much as possible of the course of the stream and linking five distinct zones.'], 'target_metrics': [{'FRE': 73.51, 'ARI': 10.6, 'FKGL': 8.7, 'Dale-Chall': 8.21, 'char_count': 122, 'alphanum_count': 99, 'word_count': 24, 'sentence_count': 1, 'char_compression_rate': 1.01, 'word_compression_rate': 1.0, 'sentence_compression_rate': 1.0, 'BLEU': 88.43865924896839, 'BERTScore': 0.9949648380279541}], 'simplification_version': [1], 'grade_level': [-1], 'simplification_dimensions': [{'linguistic': {'lexical': False, 'syntactic': True}}]}

--- Processing batch:
The boundaries are drawn to include as much of the brook as possible and connect five different area...
We can share information and work together to solve problems quickly....
We can share information and work together to solve problems quickly....
We can share information and work together to solve problems quickly....
You get a summons. If you can, pay the money on the paper. This includes the court fees....
If you get a court notice, you must pay the money it says you owe if you can afford it....
If you get a court notice, you must pay the money it says you owe if you can afford it....
You can report a repair and make an appointment online. First, you need to be registered for this se...

--- Processing batch:
We can help with kids who won't listen, go to bed on time, or push boundaries....
We don't have contractors for many projects yet, so we can't tell customers when the work will start...
We don't have contractors for many projects yet, so we can't tell customers when the work will start...
We don't have contractors for many projects yet. So, we can't tell customers when the work will star...
We will help people with their housing benefit. We will make sure they get the help they need to pay...
It's best to only share information you're okay with others seeing....
Volunteers are asked to help for one hour each week. They must commit to this for at least 12 weeks....
Volunteers can help for one hour a week. They must commit for 12 weeks, but can keep helping after t...

--- Processing batch:
Volunteers should help for one hour a week. They must commit for at least 12 weeks. They can choose ...
If you get Pension Credit, call the Pension Service to also claim Housing Benefit....
DALE-CHALL=11.23> If you get Pension Credit, you need to contact the Pension Service to also claim H...
If you get Pension Credit, call the Pension Service to claim Housing Benefit at the same time....
Sheffield has been improving its fire safety. Since the 1990s, a lot of money has been spent to make...
A lot of money has been spent in Sheffield since the 1990s to make all the buildings safer from fire...
Fire safety measures have been improved in all areas of Sheffield since the 1990s. A lot of money ha...
A forced marriage is when one or both people get married without agreeing to it....

--- Processing batch:
You can find postcards in libraries and community centers across the city....
You can find documents about the new Sheffield Plan on this page. They include studies, advice, and ...
The LEZ will help us follow the European Union's rules for air quality....
You need to make any objections for September 2017 by 15 May 2016. Contact the office of the schools...
You need to tell us your objections by May 15, 2016. Contact the schools adjudicator's office....
You need to make any objections for September 2017 by 15 May 2016. Contact the office of the schools...
We will help pay for home care if we think you need it and can't afford it yourself....
We will help you pay for home care if we think you need it and can't afford it yourself....

--- Processing batch:
We will help you pay for home care if we think you need it and can't afford it yourself....
To use a fixed site, you need a special permission from the local government....
To use a fixed site, you need a special permit from the local government....
To use a fixed site, you need a special permission from the local government....
One of the biggest greenhouses in the UK has been built in the city. It's a beautiful place with pla...
A new glasshouse has been built in the UK. It is one of the biggest in the country in the last 100 y...
One of the biggest greenhouses in the UK has been built in the city. It's a beautiful place with pla...
You might get a discount on taxes and National Insurance if your employer helps with childcare costs...

--- Processing batch:
You can save up to £933 a year if your employer helps with childcare....
If your employer helps with childcare, you can save money on taxes and National Insurance....
If you have a big family, you might need a bigger bin for your trash. You can ask for a bigger bin o...
All applications must be sent through a secure way. This can be done using AnyComms....
Some schools let teachers give medicine to kids for a little while if it's in a special bottle with ...
DALE-CHALL=7.72> It can take a long time to complete a simple claim....
The process can take a long time. It can take over a year to finish, even for a simple claim....
It takes a long time to complete the process. It can take over a year for a simple claim....

--- Processing batch:
We need to make our plan work better over the next year. Here are four ideas to help us do that....
We will invite your child to a special ceremony if they get a Gold Award for 100, 200, or 300 hours....
The Peak District used to be very hard to visit. Only 1% of the moorland was open to the public. The...
Most of the Peak District's moorland was not open to the public before 1949. Only about 1% was acces...
Most of the Peak District's moorland was not open to the public before 1949. Only a small part was a...
If your child gets a Gold Award, we'll invite them to a special ceremony....
We will invite your child to a special ceremony if they get a Gold Award for 100, 200, or 300 hours....
We will invite your child to a special ceremony if they get a Gold Award for 100, 200, or 300 hours....

--- Processing batch:
Most of the city's trees are old. A study in 2006 found that 75% of the trees are mature or older. O...
Most of the city's street trees are old. A study in 2006 found that 75% of the trees were grown up o...
Most of the city's street trees are old. A study in 2006 found that 75% of the trees were mature or ...
If a comment can help us improve our services, we will make sure it happens....
We want your feedback to help us make our services better. If you have a comment, we will do our bes...
DALE-CHALL=8.58> If you have a comment that can help us improve, we will do our best to make it happ...
DALE-CHALL=8.67> You need to tell us which activities you want to do at your place and when they wil...
You need to tell us when you want activities at your place and what days and times they will happen....

--- Processing batch:
DALE-CHALL=8.67> You need to tell us which activities you want to do at your place and when they wil...
We have a toolkit with 5 tools to help people and groups use what they learned from training....
We have a toolkit with 5 tools to help people and groups use what they learned from training....
We have created a helpful toolkit with five tools to support people and organizations in using what ...
Steps are taken to stop the spread of disease among animals. There are special places where sick ani...
Animals are kept safe from diseases. Places are set up to keep them separate if they get sick....
Animals are kept safe from diseases. Places are set up to keep them separate if they get sick....
We will check your application to make sure you meet the rules. Then, we will send it to the police....

--- Processing batch:
The council worked with Sheffield University to test the cladding on 20 tower blocks in Sheffield in...
The city centre has special areas. If you want to know where they are, please contact us for the lat...
Your child's teachers will talk to you about what your child needs. They will also figure out what h...
Your child's teachers will talk to you about what your child needs. They will also see how well your...
Your child's teachers will talk to you about what your child needs. They will also see how well your...
DALE-CHALL=10.56> When a fixed-term tenancy ends, a new tenancy starts automatically....
New addresses created through the Street Naming and Numbering process are listed in our Local Land a...
We help with all parts of a project, from planning and designing to building it....

--- Processing batch:
The coroner makes a short statement about how someone died....
We must use 15% of CIL to help the area grow....
Teachers and school leaders do important work. You will learn more about their jobs and the problems...
The committee makes sure that councillors and people who help make decisions follow good rules of be...
We need to decide on the Members' Allowances Scheme. We should think about the Panel's suggestions w...
Headteachers can sometimes let a child miss school for a short time to take part in a performance or...
Headteachers can sometimes let a child miss school for a special event....
Headteachers can sometimes let a child miss school for a special event....

--- Processing batch:
SYFAB helps groups find money for local projects....
SYFAB helps groups find money for local projects....
SYFAB helps groups find funding for local projects....
The Manor Neighbourhood Development Framework covers Upper Manor, Lower Manor, and Castlebeck....
The Manor Neighbourhood Development Framework covers three areas: Upper Manor, Lower Manor, and Cast...
The Manor Neighbourhood Development Framework covers the neighbourhoods of Upper Manor and Lower Man...
We can learn from how landscapes have changed over time. This helps us manage future changes and kee...
The park has big fountains and seating areas....

--- Processing batch:
We give house numbers and street names to new buildings and old buildings in Sheffield....
We give house numbers and street names to new buildings and old buildings in Sheffield....
We give house numbers and street names to new buildings and old buildings in Sheffield that are bein...
Landlords can change the agreement to fit the specific tenancy. Any extra rules must be fair and leg...
You'll get hands-on experience in a real-life social work role through our Step Up to Social Work tr...
You'll get hands-on experience in a real-life social work role through our Step Up to Social Work tr...
You'll get hands-on experience of working in a real-life social work role through our Step Up to Soc...
Some people are not counted when figuring out how many people live in a place. This can lead to disc...

--- Processing batch:
Some people are not counted when figuring out how many people live in a place. This can lead to disc...
Some people are not counted when figuring out how many people live in a place. This can lead to disc...
DALE-CHALL=9.18> You can book a shelter if the weather is bad....
You can book a simple shelter if the weather is bad....
You can book a simple shelter if the weather is bad....
If we don't get your payment within 28 days, we will send a letter to the person who is registered t...
If we don't get your payment within 28 days, we will send a letter to the person who registered the ...
If we don't get your payment within 28 days, we will send a letter to the person who registered the ...

--- Processing batch:
The information is for people who help plan events where the Lord Mayor and the Lord Mayor's partner...
We collect and use your personal information to give you the services you need....
We collect your personal information to give you the services you need....
We collect and use your personal information to give you the services you need....
The directories are a good source for family historians. They list names in alphabetical order, maki...
We want to move the bus stop. It's currently near Richmond Park Road. We will move it to a new spot ...
Sheffield City Council helps schools to be good or outstanding. They want every school in Sheffield ...
Information that could identify a person is not included. This is to follow the rules of the Data Pr...

--- Processing batch:
Personal details that could identify someone are not included in this information. This is to protec...
Personal details that could identify someone are not included because it might break the rules of th...
We can only invite one guest per award winner, but sometimes we have space for extra guests....
We can only let one guest come with the award winner because of space limits. Sometimes, we can make...
We can only let one guest come with the award winner because of space limits. Sometimes, we can make...
We are committed to open government. We follow the rules that make our government clear....
We are committed to open government. This means we follow the rules for being open and honest....
We are committed to being open and honest in our government. This means following the rules that mak...

--- Processing batch:
Check the list with the tenant to make sure they take care of the things that come with the apartmen...
For each year you live in a council house, you get a 1% discount. This goes up to a 70% discount or ...
You need a PIN to request an item or view your account on our library's online catalogue....
Parents should help pay for special transport for kids with special needs....
Parents or carers should help pay for the cost of taking children with special needs to school....
Parents or carers should help pay for the cost of special transport for children with special needs....
We met with a group that helps plan healthcare in Sheffield and another group that watches over heal...
We met with a group that helps plan healthcare in Sheffield and another group that watches over heal...

--- Processing batch:
We met with a group that helps plan healthcare in Sheffield and another group that watches over heal...
The Sheffield-Rotherham Don Valley area is between the city centre of Sheffield and the town centre ...
The Sheffield-Rotherham Don Valley area is from the edge of Sheffield city to Rotherham town. It is ...
The Sheffield-Rotherham Don Valley area is from the edge of Sheffield to Rotherham town centre. It i...
We need to work with utility companies to plan highway projects. This helps reduce disruptions and k...
If your landlord doesn't give you the information on time, you might not get much compensation....
If your landlord doesn't give you the information on time, you might not get much compensation....
If your landlord doesn't give you the right information on time, you might get less money....

--- Processing batch:
The area was approved on 5th February 2001 after considering the 'Leadmill Triangle' extension....
If we might not approve your application, we will send you a letter saying we won't approve it. Our ...
The Corporate Parenting Board made a plan with 7 main goals. They also made a plan to achieve these ...
We make sure our partners and their suppliers follow the Equality Act 2010. We check this by looking...
DALE-CHALL=10.24> We check if new applications match the rules of a place that already has a license...
Applications are checked against the rules if they don't follow one of the 4 main rules for a licens...
DALE-CHALL=10.24> We check if new applications match the rules of a place that already has a license...
People live and work in the area. There are many shops and stores. Pedestrians and cyclists should f...

--- Processing batch:
People live and work in the area. There are many walkers and bikers. They should feel safe from car ...
People live and work in the area. There are many shops and stores. Pedestrians and cyclists should f...
Movies became popular in the early 1900s....
Cinema became popular in the early 1900s. It started as part of traveling shows and variety acts....
Cinema became popular in the early 1900s....
People who were old, sick, or had mental problems were taken care of in special places, along with m...
People who were old, sick, or had mental problems were taken care of in the same place as the men an...
The old buildings had rooms for people who were sick, old, or had mental health problems, in additio...

--- Processing batch:
Sheffield Libraries and Archives have many sources about Sheffield's role in the Boer Wars. The Boer...
Sheffield Libraries and Archives have many sources about Sheffield's role in the Boer Wars. The Boer...
Sheffield Libraries and Archives have many sources about Sheffield's role in the Boer Wars. The Boer...
Planning rules for houses apply in some parts of the city....
Planning rules for changing the front of houses apply in some parts of the city. These areas are pro...
Planning rules for houses apply to some areas of the city. These areas are in conservation zones or ...
The Peace Gardens are a popular public space. They are located on Pinstone Street, close to the Wint...
You need to fill out the application form. The form is available from us or online. It will ask for ...

--- Processing batch:
You need to fill out the application form. This form is available from us or online. The form will a...
You need to fill out the application form. You can get the form from us or do it online. The form wi...
By signing the form, you agree to follow the rules of the search room. These rules help keep our imp...
By signing the form, you agree to follow the rules of the search room. These rules help keep our imp...
By signing the form, you agree to follow the rules of the search room. These rules help keep our imp...
The prices are divided into two groups. One group is the full price with VAT. The other group is the...
All children have the right to be heard and have their opinions taken seriously....
All kids have a right to be heard and have their opinions taken seriously....

--- Processing batch:
All kids have a right to be heard and have their opinions taken seriously....
If you use the DPS custodial plan, the Deposit Protection Service has more information about serving...
If you use the DPS custodial plan, the Deposit Protection Service has more information about what yo...
If you use the DPS custodial plan, the Deposit Protection Service has more information about what yo...
We want to try new ideas and find out what works best. We look for new ways to do things that can sh...
We want to try new things and find out what works. We are looking for new ideas that can show us wha...
We are committed to trying new things and finding out what works. We want to see what people want an...
The new plan will get money from two places. One is a government grant for buses in the Sheffield ar...

--- Processing batch:
The new plan will get money from two places. One is a government grant for buses in the Sheffield ar...
The new plan will get money from two places. One is a government grant for buses in the Sheffield ar...
We need to make the city of Sheffield better. We want new buildings to be designed in a way that is ...
The Successful Centres plan made the streets and public areas in the centre look better and improved...
We can give copies for free use in business, school, or personal projects, as long as we follow the ...
We can supply copies for study purposes, following the usual rules....
We can give copies for free for people to study, but we have to follow the usual rules about copyrig...
Businesses need licenses and permits to operate in the city. We explain what these are and how we ma...

--- Processing batch:
We adopted plans to protect the environment on March 19, 2007, after listening to the public....
We may share this information with groups that check or manage public money....
We may share this information with people who check or manage public money....
We may share this information with people who check or manage public money....
We want to know how well our matching service works. To do this, we need you to tell us about the pr...
We want to know about the sale's progress so we can see if our service is working....
We want to know about the sale's progress so we can see if our service is working....
Our goal is to put the child first in our work. We want to make sure our services are what the child...

--- Processing batch:
If you have a fixed-term tenancy, it will end when the contract is over....
Fieldwork is done, but we are still studying what we found. We hope to learn more about the people w...
Fieldwork is done, but we still need to study the things we found. We hope to learn more about the p...
People are still studying the site where workers made things a long time ago. They want to learn mor...
We would like to thank the Boardman Tasker Trust for their donations. They give us copies of the ent...
If a site hurts the local environment, you will need to do a survey and write a report....
Our eBooks don't work with the old Kindle. But they do work with the Kindle Fire....
The site had a ditch running from north to south. This might have been a border around the old settl...

--- Processing batch:
If you don't want to change your settings, you can just report your problem and skip the map. Please...
If you don't want to change your settings, you can just report your problem and skip the map. Please...
If you don't want to change your settings, you can just report your problem and skip the map. Please...
Issues that go to the emergency team need a political decision. They then go to a meeting with the t...
DALE-CHALL=9.86> Some issues that go to the emergency team need a political decision. They then go t...
Decisions that need a political choice go to a special team. This team talks to the Cabinet, and if ...
We need to talk to you before you apply. We want to make sure you have time to get the information y...
We need to talk to you before you apply. We want to make sure you have time to get the information w...

--- Processing batch:
We need to talk to you before you apply. We want to make sure you have time to get the information y...
The police will return a car that they took for an investigation. They will tell the owner and give ...
Companies that offer debt solutions make money from setting up these plans....
, we can close a house for 3 months if there's bad behaviour....
Mobile drivers must be careful not to block the road or park in the wrong place. They must not cause...
Mobile traders must not park in a way that blocks the road or hurts others....
Mobile traders need to make sure they don't block the road or park in a way that breaks the rules. T...
We need a person or group connected to the organisation to tell us about any crimes they haven't pai...

--- Processing batch:
We may ask the person applying or someone connected to the organisation to tell us about any past cr...
DALE-CHALL=11.82> We might ask the person applying or someone connected to the group to tell us abou...
The conditions on a site licence are usually about how the site is arranged and its facilities. But ...
The conditions on a site licence are about how the site is arranged and what it has. A licence will ...
DALE-CHALL=11.02> The rules for a site license will depend on how the site is arranged and what it h...
The business can keep doing its activities after getting a temporary permission within 28 days....
A certificate shows this information. It also gives the adoptive parent's name and surname, address,...
For a long time, old books were published about the Yorkshire area. These books are in special serie...

--- Processing batch:
To use the Section 21 route, you must give the tenant the correct information and then serve a Secti...
You need to give the tenant the right papers and then send a Section 21 Notice to use the Section 21...
You need to give the tenant the right papers and then send a Section 21 Notice to use the Section 21...
The area is still important because of its history. It was damaged a lot during the war, but it stil...
The area is still important from the past. It was damaged a lot during the war. But it still has som...
The area is still important because of its history. It was damaged a lot during the war, but it stil...
We have a place that helps measure things. It can be used to check if things like weights, container...
The area is still important because of its history. It was damaged a lot during the war, but it stil...

--- Processing batch:
We want information that answers the main planning questions. Please tell your helpers not to write ...
You must give the Council empty possession of the house. Make sure your rent is paid in full and up ...
You must give the Council empty possession of the house. Pay your rent in full and on time. Hand in ...
You need to leave the house in good condition when you move out. Give the Council the keys and make ...
The Sheffield School of Art is now part of Sheffield Hallam University. It started in 1837 as a Scho...
The Sheffield School of Art is now part of Sheffield Hallam University. It started in 1837 as a Scho...
The Sheffield School of Art started in 1837. It is now part of Sheffield Hallam University's Departm...
Design should consider how the building is arranged to use less energy. This includes not relying to...

--- Processing batch:
Buildings should be designed to use less energy. This can be done by not relying too much on machine...
Buildings should be designed to use less energy. This can be done by not relying too much on machine...
You might not know who to pay the rent to. You can keep paying it to the old landlord or save the mo...
You might not know who to pay the rent to. You can keep paying it to the old landlord or save the mo...
Pay the rent to the old landlord until the new one proves who they are. Then, give the money to the ...
If a tenancy was started after February 28th, 1997, the landlord can say it's not an Assured Shortho...
If a tenancy started after February 28th, 1997, the landlord can say it's not an Assured Shorthold T...
If a tenancy started after February 28th, 1997, the landlord can say it's not a special kind of rent...

--- Processing batch:
You can complain to the School Complaints Team if you are not happy with how an academy handled your...
When you use a Planning Obligation, send a draft agreement or a statement of what you plan to do wit...
People with mild to moderate depression and anxiety can get help from the Improving Access to Psycho...
The Action Plan aims to fix problems in the centre while keeping what's good about Attercliffe. It a...
Sheffield has a special area that stands out because of its industrial past, nice surroundings, and ...
All bids are checked against clear rules by a group of experts. They choose the best bid based on ho...
The person who buys the land will need to do some tests to see if it is safe. These tests will inclu...
The person who buys the land will need to do some tests. These tests will include looking at the gro...

--- Processing batch:
The person who buys the land will need to do some tests to see if it is safe. This will include digg...
It will be a well-known area for business. It has good roads and buildings that help local businesse...
To become a teacher, you need training. Many postgraduate courses offer financial help. The National...
If you want to become a teacher, there are special courses that can help. These courses have some mo...
You can get financial help for teacher training. Visit Get into Teaching to see what's available and...
We will consider the results of a pre-application consultation. This will be a valid consultation if...
We will usually suggest that a desk-based assessment be done by a professional archaeologist. This i...
We will usually suggest that a professional archaeological company do a desk-based assessment if the...

--- Processing batch:
We will probably suggest that a professional do a desk study if there are any archaeological remains...
Things made for making, fixing, or changing things, storing things, or making electricity will not h...
Predictions saved to output/baseline_inference/Llama-3.1-8B-Instruct-SimPA-DALE-CHALL/output_3.json
Baseline inference 4 completed.
Running evaluation script for SimPA - DALE-CHALL...
--- Running evaluation...
Input files:	 ['output/baseline_inference/Llama-3.1-8B-Instruct-SimPA-DALE-CHALL/output_1.json', 'output/baseline_inference/Llama-3.1-8B-Instruct-SimPA-DALE-CHALL/output_2.json', 'output/baseline_inference/Llama-3.1-8B-Instruct-SimPA-DALE-CHALL/output_3.json']
Metric:	 DALE-CHALL
Evaluation completed for SimPA - DALE-CHALL


=========================================================================
Running baseline inference for DATASET=SimPA, METRIC=WORD_COMPRESSION
=========================================================================
Running baseline inference 1 with seed 37...
Loading from meta-llama/Llama-3.1-8B-Instruct...
Inference args:
Namespace(use_vllm=False, seed=37, model_path='meta-llama/Llama-3.1-8B-Instruct', model_name='meta-llama/Llama-3.1-8B-Instruct', dataset_name='SimPA', model_class='auto', model_family='base', max_length=4096, batch_size=8, slice_test=-1, output_file='output/baseline_inference/Llama-3.1-8B-Instruct-SimPA-WORD_COMPRESSION/output_1.json', device='cuda', peft_path=None, control_tokens='data/prompts/control_tokens.json', system_prompts='data/prompts/system_prompts.json', user_prompts='data/prompts/user_prompts.json', metric_mapping='data/metric_mapping.json', metric_name='WORD_COMPRESSION', user_prompt_id='token_explanation')

[33m⚠️  Warning: 'huggingface-cli login' is deprecated. Use 'hf auth login' instead.[0m
test:	 Inspect the dataset format:
 {'global_id': ['simpa_syntactic_000843'], 'source_text': ['The boundaries have been drawn to take in as much as possible of the course of the brook and linking five distinct zones.'], 'source_metrics': [{'FRE': 73.51, 'ARI': 10.3, 'FKGL': 8.7, 'Dale-Chall': 8.21, 'char_count': 121, 'alphanum_count': 98, 'word_count': 24, 'sentence_count': 1}], 'metadata': [{'dataset': 'simpa_syntactic', 'experiment_split': '', 'domain': 'public_administration', 'language': 'en', 'annotation': 'human', 'level': 'sentence'}], 'simplification_text': ['The boundaries have been drawn to take in as much as possible of the course of the stream and linking five distinct zones.'], 'target_metrics': [{'FRE': 73.51, 'ARI': 10.6, 'FKGL': 8.7, 'Dale-Chall': 8.21, 'char_count': 122, 'alphanum_count': 99, 'word_count': 24, 'sentence_count': 1, 'char_compression_rate': 1.01, 'word_compression_rate': 1.0, 'sentence_compression_rate': 1.0, 'BLEU': 88.43865924896839, 'BERTScore': 0.9949648380279541}], 'simplification_version': [1], 'grade_level': [-1], 'simplification_dimensions': [{'linguistic': {'lexical': False, 'syntactic': True}}]}

--- Processing batch:
The boundaries have been drawn to take in the course of the brook and link five zones....
We can share information and work together to address concerns quickly....
We can share information and work together to address concerns quickly....
We can share information and work together to address concerns quickly....
If you receive a summons, pay the amount shown if you can....
If you receive a summons, pay the amount shown if you can....
If you receive a summons, pay the amount shown if you can....
You can report a repair and make an appointment online....

--- Processing batch:
We can help with your child's behavior problems....
We have not yet appointed contractors for many projects and cannot give customers start dates for th...
We can't give customers start dates for the work yet because we haven't appointed contractors for ma...
We can't give customers start dates for the work yet....
We will manage housing benefit applications and provide regular support to help them make payments o...
Provide only details you're comfortable sharing with others....
Volunteers should provide an hour's support per week, with a minimum commitment of 12 weeks, with th...
Volunteers should provide an hour's support per week, with a minimum commitment....

--- Processing batch:
Volunteers should provide an hour's support per week, with a minimum commitment of 12 weeks....
Claim Pension Credit and Housing Benefit together by contacting the Pension Service....
Claim Pension Credit and Housing Benefit together with the Pension Service....
Claim Pension Credit and contact the Pension Service to claim Housing Benefit with your claim....
Significant investment has taken place in Sheffield since the 1990s, with millions spent on measures...
Significant investment has taken place in Sheffield since the 1990s, with millions spent on measures...
Significant investment has taken place in Sheffield since the 1990s, with millions spent on measures...
A forced marriage is a marriage where one or both parties are forced to marry against their will....

--- Processing batch:
You can find postcards in community venues, libraries and GP surgeries across the city....
Documents relate to the Sheffield Plan, including studies and reports....
The LEZ will help us meet European Union Air Quality standards for NO2 and PM10....
Any objections for September 2017 must be made before 15 May 2016 - contact the office of the school...
Any objections for September 2017 must be made before 15 May 2016 - contact the office of the school...
Any objections for September 2017 must be made before 15 May 2016. Contact the office of the schools...
We will help you pay for residential care if we think you need it and can't afford it yourself....
We will help you pay for residential care if we think you need it and can't afford it yourself....

--- Processing batch:
We will help pay fees for residential care if we think you need it and can't afford it yourself....
Should a collector get a site licence from the local authority....
Should a collector get a site licence from the local authority....
To use a fixed site, a collector needs a site licence from the local authority....
One of the largest glasshouses built in the UK has created a stunning green world in the city....
One of the largest glasshouses built in the UK has created a stunning green world in the city....
One of the largest glasshouses built in the UK in the last hundred years has created a stunning gree...
If your employer offers childcare vouchers or arranges childcare, you can get tax and National Insur...

--- Processing batch:
You can save up to £933 a year in tax and National Insurance if your employer offers childcare vouch...
You can save up to £933 a year in tax and National Insurance if your employer offers childcare vouch...
If you have a large household and too much waste, you can apply for a bigger bin....
All applications must be submitted through a secure route, which is currently possible through AnyCo...
Some schools allow staff to give certain medicines if prescribed and labelled with the child's name ...
The process can take a long time and may take over a year to complete once started....
The process can take a long time and may take over a year to complete once started....
The process can take a long time and may take over a year to complete once started....

--- Processing batch:
The report concludes by making recommendations for how we can take this approach forward....
If your child gets a Gold Award, we'll invite them to a special ceremony....
Before 1949, only 1% of moorland in the Peak District was accessible and there were 12 legal paths....
Before 1949, only 1% of moorland in the Peak District was accessible and there were 12 'legal' paths...
Before 1949, only 1% of moorland in the Peak District was accessible and there were 12 legal paths....
If your child gets a Gold Award, we'll invite them to a special ceremony....
If your child gets a Gold Award, we'll invite them to a special ceremony....
If your child gets a Gold Award, we'll invite them to a special ceremony....

--- Processing batch:
A survey in 2006-07 found that most of the city's street trees were mature....
Over 75% of the city's street trees were mature or older, and only 5% were young....
A survey in 2006-07 found that 75% of the city's street trees were mature or older, with only 5% bei...
If a comment can help us improve our services, we will do our best to make it happen....
If a comment can help us improve our services, we will make sure it happens....
If a comment can help us improve our services, we will ensure it happens....
Specify the activities you want to hold at your premises and the hours and days they will take place...
You must specify activities and their hours and days when applying....

--- Processing batch:
You must specify the activities you want to hold at your premises and their hours and days....
We have a toolkit to support people and organisations in implementing the training....
We have developed a toolkit with 5 tools to support people and organisations in implementing the lea...
We have a toolkit to support people and organisations in implementing the training....
Steps are taken to prevent disease spread among animals and isolation facilities are in place....
Steps are taken to prevent disease spread among animals and isolation facilities are available....
Steps are taken to prevent disease spread among animals and isolation facilities are in place....
We will check your application to make sure it meets the requirements and then send it to the Police...

--- Processing batch:
The council worked with Sheffield University to test cladding in 20 tower blocks in Sheffield in Jul...
Specific areas have been allocated for the city centre and applicants should contact us for an up-to...
Your child's teachers will discuss their needs with you and decide what help to give....
Your child's teachers will discuss their needs with you and decide what help to give....
Your child's teachers or SENCO will discuss their needs with you and decide what help to give....
One of the key features of an Assured Shorthold Tenancy is that a new tenancy automatically follows ...
New addresses created through the SNN process are included on our Gazetteer....
Services include project stages from planning to construction....

--- Processing batch:
There is an increasing use of the 'narrative verdict', a short factual statement of the coroner's fi...
We use 15% of CIL to support the area....
You'll gain a better understanding of teachers and school leaders and the challenges schools face....
The Committee oversees the Members' Code of Conduct and ensures high standards....
We decide on the Members' Allowances Scheme, considering the Panel's recommendations....
Headteachers may allow a child to miss school for a performance or sports event....
Headteachers may allow a child to miss school for a performance or sports event....
Headteachers may allow a child to miss school for a performance or sports event....

--- Processing batch:
SYFAB provides free advice to community groups on local project funding....
SYFAB provide free advice to voluntary and community groups about where to apply for funding for loc...
SYFAB provides free advice to community and faith groups on local project funding....
The Manor Neighbourhood Development Framework covers the neighbourhoods of Upper Manor and Castlebec...
The Manor Neighbourhood Development Framework covers the neighbourhoods of Upper Manor and Castlebec...
The Manor Neighbourhood Development Framework covers Upper Manor, Lower Manor and Castlebeck....
Understanding landscapes helps us manage future changes and preserve unique features that make place...
It has two large glass fountains, Yorkshire stone paving and seating areas around it, all lit up at ...

--- Processing batch:
We're responsible for allocating house numbers and street names....
We allocate house numbers and street names to new developments and converted buildings in Sheffield....
We're responsible for allocating house numbers and street names....
Landlords can amend the model agreement to suit the tenancy, but any additional clauses must be lawf...
You'll gain hands-on experience in a real-life social work role through our Step Up to Social Work t...
You'll gain hands-on experience in a real-life social work role through our Step Up to Social Work t...
You'll get hands-on experience of working in a real-life social work role through our Step Up to Soc...
Some people are not counted when working out the number of occupiers, so there may be discounts and ...

--- Processing batch:
Some people are not counted when working out the number of occupiers, so there may be discounts and ...
In certain circumstances, some people are not counted when working out the number of occupiers so th...
You can book out Hector's House or an outdoor education space with a simple shelter in case of bad w...
You can book Hector's House or other outdoor spaces for shelter in bad weather....
You can book out Hector's House or an outdoor education space with a simple shelter in case of bad w...
If we haven't received your payment within 28 days, we will send a Notice to Owner letter....
If we haven't received your payment within 28 days, we will send a Notice to Owner letter....
If we haven't received your payment within 28 days, we will send a Notice to Owner (NtO) letter....

--- Processing batch:
The protocol is for the Lord Mayor and their partner....
We collect and process your personal information to provide the services you need....
We collect and use your personal information to provide the services you need....
We collect and process personal information to provide you with the services you need....
The directories are a useful source for family historians, with an alphabetical listing that makes n...
We are proposing to move the bus stop to a new lay-by near the Asda entrance on Handsworth Road....
Sheffield City Council supports schools to be good or outstanding....
Information may breach the Data Protection Act 1998....

--- Processing batch:
Information that could identify the individual is not included to avoid breaking the Data Protection...
Information may be a breach of the Data Protection Act....
Due to capacity restrictions, we can accommodate only one guest per award winner....
We can only accommodate one guest per award winner due to space limitations....
We can only accommodate one guest per award winner due to space limitations....
We are committed to open government and transparency....
We are committed to open government and transparency....
We are committed to open government and transparency....

--- Processing batch:
Using an inventory should encourage a tenant to look after the things provided as part of the tenanc...
For every year you're a council tenant, you get a 1% discount. This goes up to a maximum of 70% or £...
You need a Personal Identification Number (PIN) to request items or view your 'My Account' section i...
Parents or carers should contribute to the costs of Special Educational Needs Transport....
Parents or carers should contribute to the costs of Special Educational Needs Transport....
Parents or carers should contribute to the costs of Special Educational Needs Transport....
We met with Sheffield Clinical Commissioning Group and Sheffield Health Watch in 2015 to share evide...
We met with Sheffield Clinical Commissioning Group and Sheffield Health Watch in 2015 to share evide...

--- Processing batch:
We met Sheffield Clinical Commissioning Group and Sheffield Health Watch in August 2015 to share evi...
The Sheffield-Rotherham Don Valley area extends from Sheffield city centre to Rotherham town centre....
The Sheffield-Rotherham Don Valley area is from the edge of Sheffield city centre to Rotherham town ...
The Sheffield-Rotherham Don Valley area extends from Sheffield city centre to Rotherham town centre,...
This allows us to coordinate highway works with public safety in mind....
If your landlord fails to give you the required information on time, the compensation will likely be...
If your landlord fails to give you the required information on time, the compensation will likely be...
If your landlord fails to give you the required information on time, the compensation will likely be...

--- Processing batch:
Further consideration was given to the 'Leadmill Triangle' extension and it was approved on 5th Febr...
If we may refuse your application, we will send a notice and our Licensing Committee will decide....
The Corporate Parenting Board has developed strategic priorities in this document and an action plan...
We ensure our partners comply with the Equality Act 2010 through our procurement procedures....
Applications are reviewed against a premises with a licence if they don't follow one or more of the ...
Applications are made against a premises with an existing licence if they are not operating in accor...
Applications are reviewed against premises with an existing license if they don't follow one or more...
It has residential and commercial areas with pedestrians and cyclists who should feel safer from veh...

--- Processing batch:
It has residential and commercial areas with many pedestrians and cyclists who should feel safer fro...
It has residential and commercial areas with many pedestrians and cyclists who should feel safer fro...
Cinema grew in popularity in the early 20th century, starting with travelling shows and variety acts...
Cinema grew in popularity in the early 20th century....
Cinema grew in popularity in the early 20th century....
In the 19th century, accommodation was provided for the elderly, sick, and those with mental health ...
Accommodation for the elderly, infirm, sick, and lunatic was provided in addition to separate male a...
In the 19th century, accommodation was provided for the elderly, sick, and those with mental health ...

--- Processing batch:
Sheffield Libraries and Archives have sources for studying Sheffield's involvement in the Boer Wars,...
There are sources within Sheffield Libraries and Archives for studying Sheffield's involvement in th...
Sheffield Libraries and Archives have sources for studying Sheffield's involvement in the Boer Wars,...
Planning restrictions apply to houses in conservation areas and listed buildings....
Planning restrictions apply to houses in conservation areas and listed buildings....
Planning restrictions apply to houses in conservation areas and listed buildings....
The Peace Gardens are a public space near the Winter Garden and Millennium Galleries on Pinstone Str...
Applications must be made on the form provided by us or online....

--- Processing batch:
Applications must be made on the form provided by us or online....
Applications must be made on the form provided by us or online....
By signing the registration form, you agree to abide by the search room regulations to protect the d...
By signing the registration form, you agree to follow the search room rules to protect the unique do...
By signing the registration form, you agree to follow the search room rules to protect the documents...
The prices are divided into a full charge price and discounted charges for occupiers who receive qua...
The United Nations' Convention on the Rights of the Child states that children have a right to a say...
The United Nations' Convention on the Rights of the Child states that children and young people have...

--- Processing batch:
The United Nations' Convention on the Rights of the Child states that children have a right to be he...
If you use the DPS custodial scheme, the Deposit Protection Service has more information on serving ...
If you use the DPS custodial scheme, the Deposit Protection Service has information on serving depos...
If you use the DPS custodial scheme, the Deposit Protection Service has more information....
We're committed to a 'test and learn' approach, looking for innovative applications that show what p...
We are committed to a 'test and learn' approach and are looking for innovative applications that can...
We are committed to a 'test and learn' approach and are looking for innovative applications that can...
The revised scheme will be funded from a government grant....

--- Processing batch:
The revised scheme will be funded from a government grant....
The revised scheme would be funded from a government grant to the Sheffield Bus Partnership and the ...
Regenerating Sheffield with a focus on sustainability and better design, launching a new City Plan....
The Successful Centres strategy highlighted the importance of improving the streetscape and public r...
We can supply copies for commercial and personal study purposes, subject to copyright regulations....
We can supply copies for commercial, personal, and private study purposes, subject to copyright regu...
We can supply copies for commercial, personal, and private study purposes, subject to copyright regu...
Here you can find out the licensing requirements for businesses operating in the city and how we man...

--- Processing batch:
We adopted conservation area proposals on 19th March 2007 after public consultation....
We may share this information with organisations that audit or administer public funds....
We may share this information with organisations that audit or administer public funds....
We may share this information with organisations responsible for auditing public funds....
We need to monitor the sale's progress to see how well the matching service is working....
We need to monitor the sale's progress to see how well the service is working....
We need to monitor the sale's progress to see how well the service is working....
Our goal is to put the child at the centre of our work and design services that reflect their needs....

--- Processing batch:
The contract ends automatically when it ends if the home is no longer the tenant's main home....
Fieldwork is now complete, but we will learn more about this industrial activity and the people who ...
Fieldwork is now complete, but we will learn more about this industrial activity and the people who ...
Fieldwork on this phase is now complete. We will learn more about the industrial activity and the pe...
We thank the Boardman Tasker Trust for their donations....
If sites have a significant local ecological impact, the applicant will be required to submit a biod...
Our eBooks aren't compatible with the original Kindle, but they work with Kindle Fire through the An...
The evaluation revealed a ditch aligned north to south, possibly a boundary ditch for the medieval s...

--- Processing batch:
If you don't want to change your settings, you can continue to report your problem and skip the map,...
If you don't want to change your settings, you can continue to report your problem and skip the map,...
If you don't want to change your settings, you can continue to report your problem and skip the map,...
Issues that go to EMT requiring a political decision are discussed in a Cabinet Management Team/EMT ...
Issues that go to EMT requiring a political decision are discussed in a Cabinet Management Team/EMT ...
Issues that go to EMT requiring a political decision are discussed in a Cabinet Management Team/EMT ...
We need to have discussions with you before your application, allowing time for preparation and asse...
We'll have discussions with you before your application to make sure you have time to prepare and we...

--- Processing batch:
We need to have discussions with you before your application, allowing time for preparation and asse...
The owner will be notified and given 10 working days to collect a seized vehicle before it is sold o...
Organisations that advertise debt solutions make a profit from setting up debt plans....
We can close a property for up to 3 months if there's serious and persistent anti-social behaviour o...
Mobile traders must ensure their stopping position does not block traffic or obstruct the highway an...
Mobile traders must not block the road or parking spaces and not cause danger to others....
Mobile traders must ensure their stopping position does not infringe parking or traffic rules and do...
This may include asking the applicant or anyone connected to the organisation to provide a list of u...

--- Processing batch:
This may include asking the applicant or anyone connected to the organisation to provide a list of u...
This may include asking the applicant or anyone connected to the organisation to provide a list of u...
The conditions of a site licence relate to the site's internal arrangement and facilities....
The conditions for a site licence relate to the site's internal arrangement and facilities. A licenc...
The conditions on a site licence relate to the site's internal arrangement and facilities....
As soon as an interim authority notice is given, the business may continue to carry on licensable ac...
A certificate provides name, surname, address, and occupation of adoptive parents, date of adoption,...
For the late 16th and early 17th centuries, two volumes have been published in the Yorkshire Archaeo...

--- Processing batch:
If you have protected the deposit but not fully complied with the information requirements, you must...
If you have protected the deposit but not fully complied with the information requirements, you must...
If you have protected the deposit but not fully complied with the information requirements, you must...
Despite wartime damage, the area remains historically significant, featuring Lady's Bridge, the Old ...
Despite wartime damage, the area remains historically significant, including Lady's Bridge and the O...
The area has historic importance despite wartime damage. It includes Lady's Bridge, the Old Town Hal...
We operate a metrological calibration facility available for mass, capacity and linear measure calib...
The area has historic importance despite wartime damage. It includes Lady's Bridge, the Old Town Hal...

--- Processing batch:
We want information that addresses key planning issues. Please discourage consultants from preparing...
You must give the Council vacant possession when you move out. Pay your rent in full and on time. Ha...
When you move out, ensure vacant possession is given to the Council, rent is paid in full, keys are ...
When you move out, ensure the Council gets vacant possession, pay your rent in full, hand over the k...
The Sheffield School of Art traces its history back to 1837 when a School of Design was established ...
The Sheffield School of Art, now part of Sheffield Hallam University's Department of Art and Design,...
The Sheffield School of Art, now part of Sheffield Hallam University's Department of Art and Design,...
The design should consider how it can avoid unnecessary energy demands....

--- Processing batch:
The design should consider how it can avoid unnecessary energy demands....
Design should consider how internal arrangement can help avoid unnecessary energy demands, such as o...
Pay rent to old landlord or set aside in a separate bank account until new landlord provides proof o...
If you're unsure who to pay rent to, keep paying the old landlord or set the money aside until the n...
If you're unsure who to pay rent to, keep paying the old landlord or set the money aside until the n...
If a tenancy was entered into after 28th February 1997, and the landlord serves a notice saying it's...
If a tenancy was entered into after 28th February 1997, and the landlord says it's not an Assured Sh...
If a tenancy was entered into after 28th February 1997, and the landlord says it's not an Assured Sh...

--- Processing batch:
If you're unhappy with an academy's response, you can also complain to the School Complaints Team....
It is recommended that a draft Unilateral Obligation or a statement of the proposed Heads of Terms b...
The Improving Access to Psychological Therapies Service provides access to therapies for people with...
The Action Plan aims to address Attercliffe's problems while preserving its strengths and opportunit...
Sheffield has a unique industrial heritage and is a well-supported location for business....
Bids are evaluated by a panel of experienced officers according to clear criteria. Contracts are awa...
The purchaser will need to do site investigations including ground investigation and drainage survey...
The purchaser will need to do site investigations including ground investigation and drainage survey...

--- Processing batch:
The purchaser will need to do site investigations, including ground tests, topographical surveys, an...
It will be a mixed, modern commercial area with well-designed infrastructure that inspires business ...
Visit Get into Teaching for current NCTL offers and eligibility....
Many postgraduate training courses come with financial incentives from NCTL. For the current offer a...
Many postgraduate training courses come with financial incentives from NCTL. Visit Get into Teaching...
We will consider the results of a pre-application consultation when assessing a planning application...
We will recommend a desk-based assessment by a professional....
We will likely recommend a desk-based assessment by a professional contractor in most cases where re...

--- Processing batch:
We will likely recommend a desk-based assessment by a professional archaeological contractor in all ...
Properties constructed or adapted for manufacturing, repairing or adapting goods, storage, material ...
Predictions saved to output/baseline_inference/Llama-3.1-8B-Instruct-SimPA-WORD_COMPRESSION/output_1.json
Baseline inference 2 completed.
Running baseline inference 2 with seed 15...
Loading from meta-llama/Llama-3.1-8B-Instruct...
Inference args:
Namespace(use_vllm=False, seed=15, model_path='meta-llama/Llama-3.1-8B-Instruct', model_name='meta-llama/Llama-3.1-8B-Instruct', dataset_name='SimPA', model_class='auto', model_family='base', max_length=4096, batch_size=8, slice_test=-1, output_file='output/baseline_inference/Llama-3.1-8B-Instruct-SimPA-WORD_COMPRESSION/output_2.json', device='cuda', peft_path=None, control_tokens='data/prompts/control_tokens.json', system_prompts='data/prompts/system_prompts.json', user_prompts='data/prompts/user_prompts.json', metric_mapping='data/metric_mapping.json', metric_name='WORD_COMPRESSION', user_prompt_id='token_explanation')

[33m⚠️  Warning: 'huggingface-cli login' is deprecated. Use 'hf auth login' instead.[0m
test:	 Inspect the dataset format:
 {'global_id': ['simpa_syntactic_000843'], 'source_text': ['The boundaries have been drawn to take in as much as possible of the course of the brook and linking five distinct zones.'], 'source_metrics': [{'FRE': 73.51, 'ARI': 10.3, 'FKGL': 8.7, 'Dale-Chall': 8.21, 'char_count': 121, 'alphanum_count': 98, 'word_count': 24, 'sentence_count': 1}], 'metadata': [{'dataset': 'simpa_syntactic', 'experiment_split': '', 'domain': 'public_administration', 'language': 'en', 'annotation': 'human', 'level': 'sentence'}], 'simplification_text': ['The boundaries have been drawn to take in as much as possible of the course of the stream and linking five distinct zones.'], 'target_metrics': [{'FRE': 73.51, 'ARI': 10.6, 'FKGL': 8.7, 'Dale-Chall': 8.21, 'char_count': 122, 'alphanum_count': 99, 'word_count': 24, 'sentence_count': 1, 'char_compression_rate': 1.01, 'word_compression_rate': 1.0, 'sentence_compression_rate': 1.0, 'BLEU': 88.43865924896839, 'BERTScore': 0.9949648380279541}], 'simplification_version': [1], 'grade_level': [-1], 'simplification_dimensions': [{'linguistic': {'lexical': False, 'syntactic': True}}]}

--- Processing batch:
The boundaries have been drawn to take in the course of the brook and link five zones....
We can share information and work together to address concerns quickly....
We can share information and work together to address concerns quickly....
We can share information and work together to address concerns quickly....
If you receive a summons, pay the amount shown if you can....
If you receive a summons, pay the amount shown, including court costs, if you can....
If you receive a summons, pay the amount shown, including court costs, if you can....
You can report a repair and make an appointment online....

--- Processing batch:
We can help with your child's behavior problems....
We have not yet appointed contractors for many projects and cannot give customers start dates for th...
We cannot give customers start dates for the work yet....
We cannot give customers start dates for the work yet....
We will manage housing benefit applications and provide regular support to help them make payments o...
Provide details you're happy to be shared publicly....
Volunteers should provide an hour's support per week with a 12-week commitment and the option to con...
Volunteers should provide an hour's support per week, with a minimum 12-week commitment....

--- Processing batch:
Volunteers should provide an hour's support per week, with a minimum commitment....
Claim Pension Credit and contact the Pension Service to claim Housing Benefit with your claim....
Claim Pension Credit and Housing Benefit together by contacting the Pension Service....
Claim Pension Credit and Housing Benefit together by contacting the Pension Service....
Significant investment has taken place in Sheffield since the 1990s, with millions spent on measures...
Significant investment has taken place in Sheffield since the 1990s, with millions spent on measures...
Significant investment has taken place in Sheffield since the 1990s, with millions spent on measures...
A marriage without consent, often under duress....

--- Processing batch:
Print postcards in libraries and community venues across the city....
Documents on this page relate to the Sheffield Plan, including studies, consultations, and reports....
The LEZ will help us meet European Union Air Quality standards for NO2 and PM10....
Any objections for September 2017 must be made before 15 May 2016 - you will need to contact the off...
Any objections for September 2017 must be made before 15 May 2016 - contact the office of the school...
Any objections for September 2017 must be made before 15 May 2016 - you will need to contact the off...
We will help pay for residential care if we think you need it and can't afford it yourself....
We will help pay fees for residential care if we think you need it and can't afford it yourself....

--- Processing batch:
We will help pay fees for residential care if we think you need this kind of help and can't afford i...
Should a collector get a site licence from the local authority....
They need a site licence from the local authority....
They need a site licence from the local authority....
One of the largest glasshouses built in the UK has created a stunning green world in the city....
One of the largest glasshouses built in the UK in the last hundred years has created a stunning gree...
One of the largest glasshouses built in the UK in the last hundred years has created a stunning gree...
You can save up to £933 a year in tax and National Insurance if your employer offers childcare vouch...

--- Processing batch:
You can save up to £933 a year in tax and National Insurance if your employer offers childcare vouch...
You can save up to £933 a year in tax and National Insurance if your employer offers childcare vouch...
If you have a large household and feel you have too much waste, you can apply for a larger or extra ...
All applications must be submitted through a secure route, which is currently possible using AnyComm...
Some schools allow staff to give medicines if prescribed and labelled with the child's name and dosa...
It should take a long time and even a simple claim can take over a year to complete once the process...
The process can take a long time....
The process can take a long time....

--- Processing batch:
The report concludes with 4 recommendations for moving forward over the next year....
If your child gets a Gold Award, we'll invite them to a special ceremony....
Before 1949, only 1% of moorland in the Peak District was accessible and there were 12 legal paths....
Before 1949, only 1% of moorland in the Peak District was accessible and there were 12 'legal' paths...
Before 1949, only 1% of moorland in the Peak District was accessible and there were 12 legal paths....
If your child gets a Gold Award, we'll invite them to a special ceremony....
If your child gets a Gold Award, we'll invite them to a special ceremony....
If your child gets a Gold Award, we'll invite them to a special ceremony....

--- Processing batch:
An independent survey found 75% of the city's trees were mature or older, with only 5% being young....
An independent survey found 75% of the city's street trees were mature or older, and 5% were young....
A survey in 2006-07 found that over 75% of the city's street trees were mature or older, with only 5...
If a comment helps us improve our services, we will do our best to make it happen....
If a comment helps us improve our services, we will do everything possible to make it happen....
If a comment can help us improve our services, we will do our best to make it happen....
Specify the activities and hours they will take place at your premises....
You must specify the activities you want to hold at your premises and their hours and days....

--- Processing batch:
You must specify the activities you want to hold at your premises and their hours and days....
We have a toolkit with 5 tools to support people and organisations in implementing the training....
We have developed a toolkit with 5 tools to support people and organisations in implementing the lea...
We have developed a toolkit with 5 tools to support people and organisations in implementing the lea...
Steps are taken to prevent disease spread among animals and isolation facilities are in place....
Steps are taken to prevent disease spread among animals and isolation facilities are in place....
Steps are taken to prevent disease spread among animals and isolation facilities are available....
We will check your application to make sure it meets the requirements and then send it to the Police...

--- Processing batch:
The council worked with Sheffield University to test cladding in 20 tower blocks in Sheffield in Jul...
Specific areas have been allocated for the city centre and applicants should contact us for an up-to...
Your child's teachers will discuss their needs with you and decide what help to give....
Your child's teachers will discuss their needs with you and decide what help to give....
Your child's teachers will discuss their needs with you and decide what help to give....
A fixed-term tenancy agreement automatically ends and a new tenancy starts when it runs out....
All new addresses created through the SNN process are included in our Local Land and Property Gazett...
Services include site planning, concept design, and construction....

--- Processing batch:
There is an increasing use of the 'narrative verdict', a short factual statement of the coroner's fi...
We use 15% of CIL to support the area....
You'll gain a better understanding of teachers and school leaders and the challenges schools face....
The Committee oversees the Members' Code of Conduct and maintains high standards....
We decide on the Members' Allowances Scheme, considering the Panel's recommendations....
Headteachers may allow a child to miss school for a performance or sports event....
Headteachers may allow a child to miss school for a performance or sports event....
Headteachers may allow a child to miss school for a performance or sports event....

--- Processing batch:
SYFAB provides free advice to community groups on where to find funding for local projects....
SYFAB provides free advice to community groups about funding for local projects....
SYFAB provides free advice to community and faith groups on local project funding....
The Manor Neighbourhood Development Framework covers the neighbourhoods of Upper Manor and Castlebec...
The Manor Neighbourhood Development Framework covers Upper Manor, Lower Manor and Castlebeck....
The Manor Neighbourhood Development Framework covers Upper Manor, Lower Manor and Castlebeck....
Understanding landscapes helps us manage future changes and preserve unique features that make place...
It features two large glass fountains, Yorkshire stone paving and seating areas around the edge, all...

--- Processing batch:
We're responsible for house numbers and street names in Sheffield....
We're responsible for allocating house numbers and street names to new developments and existing bui...
We're responsible for house numbers and street names in Sheffield....
Landlords can amend the model agreement to suit the tenancy, but any additional clauses must be lawf...
You'll get hands-on experience of working in a real-life social work role through our Step Up to Soc...
You'll get hands-on experience of working in a real-life social work role through our Step Up to Soc...
You'll gain hands-on experience in a real-life social work role through our Step Up to Social Work t...
Some people are not counted when working out the number of occupiers, so there may be discounts and ...

--- Processing batch:
Some people are not counted when working out the number of occupiers, so there may be discounts and ...
In certain circumstances, some people are not counted when working out the number of occupiers, so t...
You can book Hector's House or an outdoor space....
You can book Hector's House or other outdoor spaces for shelter in bad weather....
You can book Hector's House or two outdoor education spaces with a simple shelter in case of bad wea...
If we haven't received your payment within 28 days, we will send a Notice to Owner letter....
If we haven't received your payment within 28 days, we will send a Notice to Owner letter....
If we haven't received your payment within 28 days, we will send a Notice to Owner letter....

--- Processing batch:
The protocol is for the Lord Mayor and their partner....
We collect and process your personal information to provide services you need....
We collect and process your personal information to provide the services you need....
We collect and process your personal information to provide you with the services you need....
The directories are a useful source for family historians, with an alphabetical listing that makes n...
We are proposing to move the bus stop to a new lay-by near Asda on Handsworth Road....
Sheffield City Council supports schools to be good or outstanding....
Information is not included to identify individuals, as this may breach the Data Protection Act 1998...

--- Processing batch:
Information is not included to identify the individual to avoid breaking the Data Protection Act....
Information may breach the Data Protection Act 1998....
We can only accommodate one guest per award winner due to space limitations....
We can only accommodate one guest per award winner due to space limitations....
Due to capacity restrictions, we can accommodate only one guest per award winner but sometimes there...
We are committed to open government and transparency....
We are committed to open government and transparency....
We are committed to open government and transparency....

--- Processing batch:
Using an inventory should encourage a tenant to look after the things provided as part of the tenanc...
For every year you're a council tenant, you get a 1% discount. The discount is up to 70% or £77,900,...
You need a PIN to request items or view your 'My Account' online....
Parents or carers should contribute to the costs of Special Educational Needs Transport....
Parents or carers should contribute to the costs of Special Educational Needs Transport....
Parents or carers should contribute to the costs of Special Educational Needs Transport....
We met Sheffield Clinical Commissioning Group and Sheffield Health Watch in August 2015 to share evi...
We met Sheffield Clinical Commissioning Group and Sheffield Health Watch in August 2015 to share evi...

--- Processing batch:
We met with Sheffield Clinical Commissioning Group and Sheffield Health Watch in August 2015 to shar...
The Sheffield-Rotherham Don Valley area extends from Sheffield city centre to Rotherham town centre,...
The Sheffield-Rotherham Don Valley area extends from Sheffield city centre to Rotherham town centre,...
The Sheffield-Rotherham Don Valley area extends from Sheffield city centre to Rotherham town centre....
This allows us to coordinate highway works with the aim of minimising disruption and ensuring public...
If your landlord doesn't give you the required information on time, the compensation will likely be ...
If your landlord does not give you the required information on time, the compensation will likely be...
If your landlord fails to give you the required information on time, the compensation will likely be...

--- Processing batch:
The 'Leadmill Triangle' extension was approved on 5th February 2001....
If we may have to refuse your application, we will send you a notice. Our Licensing Committee will t...
The Corporate Parenting Board has developed 7 strategic priorities in this document....
We ensure our partners comply with the Equality Act 2010 through our procurement procedures....
Applications are reviewed against premises with an existing license if they don't follow one or more...
Applications are made against a premises with an existing licence if they are not operating in accor...
Applications are reviewed against a premises with an existing license if they don't follow one or mo...
It has residential and commercial areas with pedestrians and cyclists who should feel safer from veh...

--- Processing batch:
It has residential and commercial areas with many pedestrians and cyclists who should feel safer fro...
It has residential and commercial areas with many pedestrians and cyclists who should feel safer fro...
Cinema grew in popularity in the early 20th century, starting with travelling shows and variety acts...
Cinema grew rapidly in the early 20th century....
Cinema grew in popularity in the early 20th century, starting as part of traveling shows and variety...
Accommodation for the elderly, infirm, and sick was provided in addition to separate blocks for men ...
Accommodation for the elderly, sick, and infirm was provided in addition to separate blocks for men ...
Accommodation for the elderly, sick, and infirm was provided in addition to separate blocks for men ...

--- Processing batch:
Sheffield Libraries and Archives have sources for studying Sheffield's involvement in the Boer Wars,...
Sheffield Libraries and Archives have sources for studying Sheffield's involvement in the Boer Wars,...
Sheffield Libraries and Archives have sources for studying Sheffield's involvement in the Boer Wars,...
Further planning restrictions apply to conservation areas and listed buildings....
Planning restrictions apply to houses in conservation areas and listed buildings....
Planning restrictions apply to houses in conservation areas and listed buildings....
The Peace Gardens are a public space near the Winter Garden and Millennium Galleries....
Applications must be made on the form provided by us or online....

--- Processing batch:
Applications must be made on the form provided by us or online and include the required information....
Applications must be made on the form provided by us or online....
By signing the registration form, you agree to follow the search room rules to protect the unique do...
By signing the registration form you agree to abide by the search room regulations to protect the do...
By signing the registration form, you agree to abide by the search room regulations to protect the d...
The prices are divided into a full charge price and discounted charges for occupiers who receive qua...
The United Nations' Convention on the Rights of the Child states that children and young people have...
The United Nations' Convention on the Rights of the Child states that children have a right to a say...

--- Processing batch:
All children have a right to be heard and their views taken seriously....
If you use the DPS custodial scheme, the Deposit Protection Service has more information....
If you use the DPS custodial scheme, the Deposit Protection Service has more information....
If you use the DPS custodial scheme, the Deposit Protection Service has more information on serving ...
We are committed to a 'test and learn' approach and are looking for innovative applications that can...
We are committed to a 'test and learn' approach and are looking for innovative applications that can...
We are committed to a 'test and learn' approach and are looking for innovative applications that can...
The revised scheme would be funded from a government grant to the Sheffield Bus Partnership and the ...

--- Processing batch:
The revised scheme would be funded from a government grant to the Sheffield Bus Partnership and a co...
The revised scheme would be funded from a government grant to the Sheffield Bus Partnership and the ...
Regenerating Sheffield to ensure sustainable development, improving design quality and launching a n...
The Successful Centres strategy highlighted the importance of improving the streetscape and public r...
We can supply copies for commercial, personal, and private study purposes, subject to copyright regu...
We can supply copies for commercial, personal and private study purposes, subject to copyright regul...
We can supply copies for commercial and personal study purposes, subject to copyright regulations....
Here you can find licensing information and learn how we manage it for businesses....

--- Processing batch:
We adopted conservation area proposals on 19th March 2007....
We may share this information with organisations that audit or administer public funds....
We may share this information with organisations that audit or administer public funds....
We may share this information with organisations that audit or administer public funds....
We need to monitor the sale's progress to see how well the matching service is working....
We need you to keep us updated on the sale so we can see how well the service is working....
We need to monitor the sale's progress to see how well the matching service is working....
Our goal is to put the child at the centre of our work and design services that reflect their needs....

--- Processing batch:
If the contract is still in place but the property is no longer the tenant's main home, the tenancy ...
Fieldwork is complete, but we will learn more about this industrial activity and the people who live...
Fieldwork on this phase is now complete, but as work continues on the post-excavation assessment, SY...
Fieldwork on this phase is now complete, but as work continues on the post-excavation assessment, SY...
We thank the Boardman Tasker Trust for their donations....
If sites have a significant ecological impact, a biodiversity survey and report will be required....
Our eBooks are not compatible with the original Amazon Kindle. They are compatible with the Amazon K...
The evaluation revealed a ditch aligned north to south, possibly a boundary ditch for the medieval s...

--- Processing batch:
If you don't want to change your settings, you can continue to report your problem and skip the map....
If you don't want to change your settings, you can continue to report your problem and skip the map....
If you don't want to change your settings, you can continue to report your problem and skip the map....
Issues that go to EMT for a political decision go to a Cabinet meeting, then to the Cabinet, and if ...
Issues that go to EMT requiring a political decision are discussed in a Cabinet Management Team/EMT ...
Issues that go to EMT requiring a political decision are discussed in a Cabinet Management Team/EMT ...
We need to have discussions with you before your application, allowing time for preparation and asse...
We'll have discussions with you to prepare and assess your proposals....

--- Processing batch:
We need to have discussions with you before your application, allowing time for preparation and asse...
The owner will be notified and given 10 working days to collect a seized vehicle before it is sold o...
Organisations that advertise debt solutions make a profit from setting up debt plans....
We can close a property for up to 3 months if there's serious and persistent anti-social behaviour o...
Mobile traders must ensure their stopping position does not block traffic or parking and does not po...
Mobile traders must ensure their stopping position does not block traffic or parking and does not po...
Mobile traders must ensure their stopping position does not infringe parking or traffic rules and do...
This could include a disclosure of unspent criminal convictions at our request....

--- Processing batch:
This may include asking the applicant or anyone connected to the organisation to provide a list of u...
This could include requesting a disclosure of unspent criminal convictions....
The conditions attached to a site licence relate to the site's internal arrangement and facilities....
The conditions attached to a site licence will normally relate to the site and its facilities, but a...
The conditions of a site licence relate to the site's internal arrangement and facilities....
The business can continue to operate after an interim notice is given....
A certificate provides this information, but also gives the adoptive parent's name and surname, addr...
For the late 16th and early 17th centuries, volumes 3 and 54 of the Yorkshire Archaeological Society...

--- Processing batch:
If you have protected the deposit but not fully complied with the information requirements, you must...
If you have protected the deposit but not fully complied with the information requirements, you must...
If you have protected the deposit but not fully complied with the information requirements, you must...
Despite wartime damage, the area remains historically significant, with notable landmarks like Lady'...
The area has historic importance despite wartime damage. It includes Lady's Bridge, the Old Town Hal...
Despite wartime damage, the area remains historically significant, including Lady's Bridge and the O...
We have a metrological calibration facility that can be used for calibrating mass, capacity, and lin...
The area has historic importance despite wartime damage. It includes Lady's Bridge, the Old Town Hal...

--- Processing batch:
We want information that addresses key planning issues. Please discourage consultants from preparing...
When moving out, ensure you give the Council vacant possession, pay your rent in full, hand over the...
You must give the Council vacant possession when you move out. Pay your rent in full and hand over t...
When you move out, ensure vacant possession is given to the Council. Pay your rent in full and up-to...
The Sheffield School of Art, now part of Sheffield Hallam University's Department of Art and Design,...
The Sheffield School of Art, now part of Sheffield Hallam University's Department of Art and Design,...
The Sheffield School of Art, now part of Sheffield Hallam University's Department of Art and Design,...
The design should consider how the internal arrangement can help avoid unnecessary energy demands, s...

--- Processing batch:
Design should consider how internal arrangement can help avoid unnecessary energy demands, such as o...
Design should consider how internal arrangement can help avoid unnecessary energy demands, such as o...
Pay rent to old landlord or set aside in a separate bank account until new landlord provides proof o...
If you're unsure who to pay rent to, pay it to the old landlord for now and set the money aside in a...
If you're unsure who to pay rent to, pay it to the old landlord for now and set the money aside in a...
If a tenancy was entered into after 28th February 1997, and the landlord serves a notice saying it's...
If a tenancy was entered into after 28th February 1997, and the landlord serves a notice saying it's...
If a tenancy was entered into after 28th February 1997, and the landlord says it's not an Assured Sh...

--- Processing batch:
If you're unhappy with an academy's decision, you can also complain to the School Complaints Team. T...
It is recommended that a draft Unilateral Obligation or a statement of the proposed Heads of Terms b...
The Improving Access to Psychological Therapies Service provides access to therapies for people with...
The Action Plan aims to fix problems in Attercliffe while keeping its strengths. It also wants to us...
Sheffield has a unique industrial heritage and is a well-supported location for business....
All bids are evaluated by a panel of experienced officers according to clear criteria. Contracts are...
The purchaser will need to do site investigations including ground investigation and drainage survey...
The purchaser will need to do site investigations, including ground tests and surveys to see the lan...

--- Processing batch:
The purchaser will be required to undertake site investigations....
It will be a mixed, modern commercial area with well-designed infrastructure that inspires business ...
Many postgraduate training courses come with financial incentives from NCTL. Visit Get into Teaching...
Many postgraduate training courses come with financial incentives paid by NCTL. Visit Get into Teach...
Many postgraduate training courses come with financial incentives from NCTL. Visit Get into Teaching...
We will consider the results of a pre-application consultation when assessing planning applications....
We will recommend a desk-based assessment by a professional contractor in most cases where remains a...
We recommend a desk-based assessment by a professional contractor in most cases where remains are po...

--- Processing batch:
We will likely recommend a desk-based assessment by a professional contractor in most cases where re...
Properties constructed or adapted for manufacturing, repairing, storage, material processing, or ele...
Predictions saved to output/baseline_inference/Llama-3.1-8B-Instruct-SimPA-WORD_COMPRESSION/output_2.json
Baseline inference 3 completed.
Running baseline inference 3 with seed 96...
Loading from meta-llama/Llama-3.1-8B-Instruct...
Inference args:
Namespace(use_vllm=False, seed=96, model_path='meta-llama/Llama-3.1-8B-Instruct', model_name='meta-llama/Llama-3.1-8B-Instruct', dataset_name='SimPA', model_class='auto', model_family='base', max_length=4096, batch_size=8, slice_test=-1, output_file='output/baseline_inference/Llama-3.1-8B-Instruct-SimPA-WORD_COMPRESSION/output_3.json', device='cuda', peft_path=None, control_tokens='data/prompts/control_tokens.json', system_prompts='data/prompts/system_prompts.json', user_prompts='data/prompts/user_prompts.json', metric_mapping='data/metric_mapping.json', metric_name='WORD_COMPRESSION', user_prompt_id='token_explanation')

[33m⚠️  Warning: 'huggingface-cli login' is deprecated. Use 'hf auth login' instead.[0m
test:	 Inspect the dataset format:
 {'global_id': ['simpa_syntactic_000843'], 'source_text': ['The boundaries have been drawn to take in as much as possible of the course of the brook and linking five distinct zones.'], 'source_metrics': [{'FRE': 73.51, 'ARI': 10.3, 'FKGL': 8.7, 'Dale-Chall': 8.21, 'char_count': 121, 'alphanum_count': 98, 'word_count': 24, 'sentence_count': 1}], 'metadata': [{'dataset': 'simpa_syntactic', 'experiment_split': '', 'domain': 'public_administration', 'language': 'en', 'annotation': 'human', 'level': 'sentence'}], 'simplification_text': ['The boundaries have been drawn to take in as much as possible of the course of the stream and linking five distinct zones.'], 'target_metrics': [{'FRE': 73.51, 'ARI': 10.6, 'FKGL': 8.7, 'Dale-Chall': 8.21, 'char_count': 122, 'alphanum_count': 99, 'word_count': 24, 'sentence_count': 1, 'char_compression_rate': 1.01, 'word_compression_rate': 1.0, 'sentence_compression_rate': 1.0, 'BLEU': 88.43865924896839, 'BERTScore': 0.9949648380279541}], 'simplification_version': [1], 'grade_level': [-1], 'simplification_dimensions': [{'linguistic': {'lexical': False, 'syntactic': True}}]}

--- Processing batch:
The boundaries have been drawn to take in the course of the brook and link five zones....
We can share information and work together to address concerns quickly....
We can share information and work together to address concerns quickly....
We can share information and work together to address concerns quickly....
If you receive a summons, pay the amount shown, including court costs, if you can....
If you get a summons, pay the amount shown if you can....
If you get a summons, pay the amount shown, including court costs, if you can....
You can report a repair and make an appointment online....

--- Processing batch:
We can help with your child's behavior....
We cannot give customers start dates for many projects yet because we have not appointed contractors...
We cannot give customers start dates for the work yet....
We can't give customers start dates for the work yet....
We will manage housing benefit applications and provide regular support to help them make payments o...
It's best to only share information you're comfortable with others seeing....
Volunteers should provide an hour's support per week with a 12-week commitment and the option to con...
Volunteers should provide an hour's support per week, with a minimum 12-week commitment....

--- Processing batch:
Volunteers should provide an hour's support per week, with a minimum commitment....
Claim Pension Credit and Housing Benefit together by contacting the Pension Service....
Claim Pension Credit and Housing Benefit together by contacting the Pension Service....
Contact the Pension Service with your Pension Credit claim to also claim Housing Benefit....
Significant investment has taken place in Sheffield since the 1990s, with millions spent on measures...
Significant investment has taken place in Sheffield since the 1990s, with millions spent on measures...
Significant investment has taken place in Sheffield since the 1990s, with millions spent on measures...
A forced marriage is a marriage where one or both parties are forced to marry against their will....

--- Processing batch:
You can find postcards in community venues and libraries across the city....
Documents relate to the Sheffield Plan, including studies and reports....
The aim is to help comply with European Union Air Quality standards for NO2 and PM10....
Any objections for September 2017 must be made before 15 May 2016 - contact the office of the school...
Any objections for September 2017 must be made before 15 May 2016 - you will need to contact the off...
Any objections for September 2017 must be made before 15 May 2016 - you will need to contact the off...
We may help pay for residential care if we think it's what you need and can't afford....
We will help pay for residential care if we think you need it and can't afford it yourself....

--- Processing batch:
We will help pay for residential care if we think you need it and can't afford it yourself....
To use a fixed site, a collector needs a site licence from the local authority....
To use a fixed site, a collector needs a site licence from the local authority....
Should a collector get a site licence from the local authority....
One of the largest glasshouses built in the UK in the last hundred years has created a stunning gree...
One of the largest glasshouses built in the UK in the last hundred years has created a stunning gree...
One of the largest glasshouses built in the UK in the last hundred years has created a stunning gree...
You can save up to £933 a year in tax and National Insurance if your employer offers childcare vouch...

--- Processing batch:
You can save up to £933 a year in tax and National Insurance if your employer offers childcare vouch...
You can save up to £933 a year in tax and National Insurance if your employer offers childcare vouch...
If you have a large household and produce a lot of waste, you can apply for a bigger or extra bin....
All applications must be submitted through a secure route using AnyComms....
Some schools allow staff to give certain medicines if prescribed and labelled with the child's name ...
It should take a long time and even a simple claim can take over a year to complete once the process...
The process can take a long time and may take over a year to complete once started....
The process can take a long time and may take over a year to complete once started....

--- Processing batch:
The report concludes with 4 recommendations for the next 12 months....
If your child gets a Gold Award, we'll invite them to a special ceremony....
Before 1949, only 1% of moorland in the Peak District was accessible and there were 12 legal paths....
Before 1949, only 1% of moorland in the Peak District was accessible and there were 12 'legal' paths...
Before 1949, most moorland in the Peak District was private, with only 1% accessible and 12 official...
If your child achieves a Gold Award, we'll invite them to a special ceremony....
If your child gets a Gold Award, we'll invite them to a special ceremony....
If your child gets a Gold Award, we'll invite them to a special ceremony....

--- Processing batch:
Over 75% of the city's trees were mature or older, and only 5% were young....
Over 75% of the city's street trees were mature or older, and only 5% were young....
A survey in 2006-07 found that over 75% of the city's street trees were mature or older, with only 5...
If a comment helps us improve our services, we will do our best to make it happen....
If a comment helps us improve our services, we will do everything possible to make it happen....
If a comment helps us improve our services, we will do our best to make it happen....
You must specify the activities you hold at your premises and their hours and days....
You must specify the activities you want to hold at your premises and their hours and days....

--- Processing batch:
You must specify the activities you want to hold at your premises and their hours and days....
We have a toolkit with 5 tools to support people and organisations in implementing the training....
We have a toolkit with 5 tools to support people and organisations in implementing the training....
We have developed a toolkit with 5 tools to support people and organisations in implementing the lea...
Steps are taken to prevent disease spread among animals and isolation facilities are in place....
Steps are taken to prevent disease spread among animals and isolation facilities are available....
Steps are taken to prevent disease spread among animals and isolation facilities are available....
We will check your application against the requirements and send it to the Police for verification....

--- Processing batch:
The council worked with Sheffield University to test cladding in 20 tower blocks in Sheffield in Jul...
Specific areas have been allocated for the city centre and applicants are advised to contact us for ...
Your child's teachers will discuss their needs with you and decide what help to give....
Your child's teachers will discuss their needs with you and decide what help to give....
Your child's teachers or SENCO will discuss their needs with you and decide what help to give....
A fixed-term tenancy agreement automatically ends and a new tenancy starts when it runs out....
All new addresses created through the SNN process are included in our Local Land and Property Gazett...
Services include project stages from planning to construction....

--- Processing batch:
There is an increasing use of the 'narrative verdict', a short factual statement of the coroner's fi...
We must use 15% of CIL to support the area....
You'll gain a better understanding of teachers and school leaders, and the challenges schools face....
The Committee promotes high standards of conduct for Councillors and Co-opted Members and oversees t...
We decide on the Members' Allowances Scheme....
Headteachers may allow a child to miss school for a performance or sports event....
Headteachers may allow a child to miss school for a performance or sports event....
Headteachers may authorise a limited amount of absence for a child to take part in a performance or ...

--- Processing batch:
SYFAB provides free advice to community and faith groups on local project funding....
SYFAB provides free advice to community and faith groups on local project funding....
SYFAB provides free advice to community and faith groups on local project funding....
The Manor Neighbourhood Development Framework covers Upper Manor, Lower Manor and Castlebeck....
The Manor Neighbourhood Development Framework covers the neighbourhoods of Upper Manor and Castlebec...
The Manor Neighbourhood Development Framework covers the neighbourhoods of Upper Manor and Castlebec...
Understanding landscapes helps us manage future changes and preserve unique features that make place...
It features large glass fountains, Yorkshire stone paving and seating areas around the edge, all lit...

--- Processing batch:
We're responsible for allocating house numbers and street names....
We're responsible for allocating house numbers and street names to new developments and existing bui...
We're responsible for allocating house numbers and street names....
Landlords can amend the model agreement to suit the tenancy, but any additional clauses must be lawf...
You'll get hands-on experience of working in a real-life social work role through our Step Up to Soc...
You'll get hands-on experience of working in a real-life social work role through our Step Up to Soc...
Through our Step Up to Social Work training programme, you'll get hands-on experience of working in ...
Some people are not counted when working out the number of occupiers, so there may be discounts and ...

--- Processing batch:
Some people are not counted when working out the number of occupiers, so there may be discounts and ...
In some cases, people are not counted when calculating the number of people living in a place, so th...
You can book out Hector's House or an outdoor education space with a simple shelter in case of bad w...
You can book Hector's House or other outdoor spaces with a simple shelter in case of bad weather....
You can book Hector's House or two outdoor education spaces with a simple shelter in case of bad wea...
If we haven't received your payment within 28 days, we will send a Notice to Owner letter....
If we haven't received your payment within 28 days, we will send a Notice to Owner (NTO) letter....
If we haven't received your payment within 28 days, we will send a Notice to Owner (NTO) letter....

--- Processing batch:
The protocol information is for the Lord Mayor and their Consort....
We collect and use your personal information to provide the services you need....
We collect and use your personal information to provide the services you need....
We collect and process personal information to provide you with the services you need....
The directories are a useful source for family historians, with an alphabetical listing that makes n...
We are proposing to move the bus stop to a new lay-by near the Asda entrance on Handsworth Road....
Sheffield City Council supports schools to be good or outstanding....
Information that could identify the individual is not included to avoid breaking the Data Protection...

--- Processing batch:
Information that could identify the individual is not included to avoid breaking the Data Protection...
Information may be withheld to protect individual identities, as this could be a breach of the Data ...
Due to capacity restrictions, we can accommodate only one guest per award winner....
We can only accommodate one guest per award winner due to space limitations....
We can only accommodate one guest per award winner due to space limitations....
We are committed to open government and transparency....
We are committed to open government and transparency....
We are committed to open government and transparency....

--- Processing batch:
Using an inventory to check with the tenant encourages them to look after the things provided....
For every year you're a council tenant, you get a 1% discount. This goes up to a maximum of 70% or £...
You need a PIN to request an item or view your account details in our online library catalogue....
Parents or carers should contribute to the costs of Special Educational Needs Transport....
Parents or carers should contribute to the costs of Special Educational Needs Transport....
Parents or carers should contribute to the costs of Special Educational Needs Transport....
We met with Sheffield Clinical Commissioning Group and Sheffield Health Watch in August 2015 to shar...
We met with Sheffield Clinical Commissioning Group and Sheffield Health Watch in August 2015 to shar...

--- Processing batch:
We met Sheffield Clinical Commissioning Group and Sheffield Health Watch in August 2015 to share evi...
The Sheffield-Rotherham Don Valley area is from the edge of Sheffield city centre to Rotherham town ...
The Sheffield-Rotherham Don Valley area extends from Sheffield city centre to Rotherham town centre....
The Sheffield-Rotherham Don Valley area extends from Sheffield city centre to Rotherham town centre,...
This allows us to coordinate highway works with the aim of minimising disruption and ensuring public...
If your landlord fails to give you the required information on time, the compensation will be at the...
If your landlord fails to give you the required information on time, the compensation will likely be...
If your landlord does not give you the required information on time, the compensation will likely be...

--- Processing batch:
The 'Leadmill Triangle' extension was approved on 5th February 2001....
If we may have to refuse your application, we will send you a notice....
The Corporate Parenting Board has developed 7 strategic priorities in this document....
We ensure our partners and their supply chain comply with the Equality Act 2010 through our procurem...
Applications are reviewed against a premises with a licence if they don't follow one or more of the ...
Applications are made against a premises with a licence if they don't follow one or more of the 4 li...
Applications are reviewed against a premises with a licence if they don't follow one or more of the ...
It has residential and commercial areas with pedestrians and cyclists who should feel safer from veh...

--- Processing batch:
It has residential and commercial areas with pedestrians and cyclists who should feel safer from veh...
It has residential and commercial areas with many pedestrians and cyclists who should feel safer fro...
The popularity of cinema grew rapidly in the early 20th century....
Cinema grew in popularity in the early 20th century....
Cinema grew in popularity in the early 20th century....
Accommodation for the elderly, infirm, and sick was provided in addition to separate blocks for men ...
Accommodation for the elderly, infirm, sick, and lunatic was provided in addition to separate male a...
Accommodation for the elderly, infirm, and sick was provided in addition to separate blocks for men ...

--- Processing batch:
Sheffield Libraries and Archives have sources about Sheffield's involvement in the Boer Wars, which ...
Sheffield Libraries and Archives have sources about Sheffield's involvement in the Boer Wars, which ...
Sheffield Libraries and Archives have sources for studying Sheffield's involvement in the Boer Wars,...
Planning restrictions apply to conservation areas and listed buildings....
Planning restrictions apply to houses in conservation areas and listed buildings....
Planning restrictions apply to houses in conservation areas and listed buildings....
The Peace Gardens are a public space near the Winter Garden and Millennium Galleries....
Applications must be made on the form provided or online and include specified information....

--- Processing batch:
Applications must be made on the form provided or online and include specified information....
Applications must be made on the form provided by us or online....
By signing the registration form, you agree to follow the search room rules to protect the unique do...
By signing the registration form, you agree to follow the search room rules to protect the unique do...
By signing the registration form, you agree to abide by the search room regulations to protect the d...
Prices are divided into a full charge and discounted charges for those who get benefits....
Children have a right to be heard in matters that affect them....
The United Nations' Convention on the Rights of the Child states that children have a right to a say...

--- Processing batch:
All children have a right to be heard in matters affecting them....
If you use the DPS custodial scheme, the Deposit Protection Service has more information....
If you use the DPS custodial scheme, the Deposit Protection Service has information on serving depos...
If you use the DPS custodial scheme, the Deposit Protection Service has information on serving depos...
We are committed to a 'test and learn' approach and are looking for innovative applications that can...
We are committed to a 'test and learn' approach and are looking for innovative applications that can...
We are committed to a 'test and learn' approach and are looking for innovative applications that can...
The revised scheme would be funded from a government grant to the Sheffield Bus Partnership and the ...

--- Processing batch:
The revised scheme would be funded from a government grant....
The revised scheme would be funded from a government grant....
Regenerating Sheffield to ensure sustainable development, improving design quality and launching a n...
The Successful Centres strategy highlighted the importance of improving the streetscape and public r...
We can supply copies for commercial, personal and private study purposes, subject to copyright regul...
We can supply copies for commercial and personal study purposes, subject to copyright regulations....
We can supply copies for commercial, personal and private study purposes, subject to copyright regul...
Here you can find licensing certificates and permits businesses need to operate within the city and ...

--- Processing batch:
We adopted conservation area proposals on 19th March 2007 after public consultation....
We may share this information with organisations that audit or administer public funds....
We may share this information with organisations responsible for auditing public funds....
We may share this information with organisations that audit or administer public funds....
We need you to keep us updated on the sale's progress so we can see how well the service is working....
We need to monitor the sale's progress to see how well the service is working....
We need to monitor the sale's progress to see how well the service is working....
Our goal is to put the child at the centre of our work and design services that reflect their needs....

--- Processing batch:
If the contract ends, the tenancy will end too....
Fieldwork is complete, but we will learn more about this industrial activity and the people who live...
Fieldwork is now complete, but we will learn more about this industrial activity and the people who ...
Fieldwork is now complete, but we will learn more about this industrial activity and the people who ...
We would like to thank the Boardman Tasker Trust for their donations as the Alan Rouse Climbing Coll...
If a site has a big impact on the local environment, a biodiversity survey and report will be needed...
Our eBooks are not compatible with the original Kindle, but they work with the Kindle Fire through t...
The evaluation found a ditch running from north to south. This ditch may have been a boundary for th...

--- Processing batch:
If you don't want to change your settings, just report your problem and provide details about the lo...
If you don't want to change your settings, you can continue to report your problem and skip the map....
If you don't want to change your settings, you can continue to report your problem and skip the map....
Issues that go to EMT requiring a political decision are discussed in a Cabinet Management Team/EMT ...
Issues that go to EMT requiring a political decision are discussed in a Cabinet Management Team/EMT ...
Issues that go to EMT requiring a political decision then go to Cabinet and Full Council if necessar...
We need to have discussions with you before you apply, allowing time for preparation and assessment ...
We'll have discussions with you before your application to make sure you have time to prepare and we...

--- Processing batch:
We need to have discussions with you before your application, allowing time for preparation and asse...
The owner will be notified and given 10 working days to collect a seized vehicle before it is sold o...
Organisations that advertise debt solutions make a profit from setting up debt plans....
We can close a property for up to 3 months if there's serious anti-social behaviour or disorder....
Mobile traders must ensure their stopping position does not infringe parking or traffic rules and do...
Mobile traders must ensure their stopping position does not infringe parking or traffic rules and do...
Mobile traders must ensure their stopping position does not block traffic or obstruct the highway an...
This could include a disclosure of unspent criminal convictions at our request....

--- Processing batch:
This could include requesting a disclosure of unspent criminal convictions from the applicant or any...
This could include requesting a disclosure of unspent criminal convictions....
The conditions on a site licence relate to the site's internal arrangement and facilities....
The conditions attached to a site licence will normally relate to the site and its facilities, but a...
The conditions on a site licence relate to the site's internal arrangement and facilities....
The business can continue to operate after an interim notice is given....
A certificate provides this information, but also gives the adoptive parent's name and surname, addr...
For the late 16th and early 17th centuries, two volumes have been published in the Yorkshire Archaeo...

--- Processing batch:
If you've protected the deposit but not fully complied with the information requirements, you must s...
If you have protected the deposit but not fully complied with the information requirements, you must...
If you have protected the deposit but not fully complied with the information requirements, you must...
Despite wartime damage, the area remains historically significant, featuring Lady's Bridge, the Old ...
The area has historic importance despite wartime damage. It includes Lady's Bridge, the Old Town Hal...
Despite wartime damage, the area remains historically significant, including Lady's Bridge and the O...
We operate a metrological calibration facility for mass, capacity and linear measures calibration on...
The area has historic importance despite wartime damage. It includes Lady's Bridge, the Old Town Hal...

--- Processing batch:
We want information that addresses key planning issues. Please discourage consultants from preparing...
When moving out, ensure you give the Council vacant possession, pay your rent in full, hand over the...
When you move out, ensure vacant possession is given to the Council. Pay your rent in full and up-to...
When moving out, ensure the Council gets vacant possession, pay your rent in full, hand over the key...
The Sheffield School of Art, now part of Sheffield Hallam University's Department of Art and Design,...
The Sheffield School of Art traces its history back to 1837. It was established in Sheffield in 1843...
The Sheffield School of Art, now part of Sheffield Hallam University's Department of Art and Design,...
Design should consider internal arrangement to avoid unnecessary energy demands like over-reliance o...

--- Processing batch:
The design should consider how it can avoid unnecessary energy demands....
The design should consider how the internal arrangement can help avoid unnecessary energy demands, s...
Pay rent to old landlord or set aside in a separate bank account until new landlord provides proof o...
If you're unsure who to pay rent to, keep paying the old landlord or set the money aside until the n...
If you're unsure who to pay rent to, pay it to the old landlord for now and set the money aside in a...
If a tenancy was entered into after 28th February 1997, and the landlord serves a notice saying it's...
If a tenancy was entered into after 28th February 1997, and the landlord serves a notice saying it's...
If a tenancy was entered into after 28th February 1997, and the landlord serves a notice saying it's...

--- Processing batch:
If you're unhappy with an academy, you can complain to the School Complaints Team....
It is recommended that a draft Unilateral Obligation or a statement of the proposed Heads of Terms b...
The Improving Access to Psychological Therapies Service provides access to therapies for people with...
The Action Plan aims to fix problems in Attercliffe while keeping its strengths. It also wants to us...
Sheffield has a distinct area with a unique industrial past, environment, and easy access, making it...
Bids are evaluated by a panel of experienced officers according to clear criteria. Contracts are awa...
The purchaser will be required to undertake site investigations including ground investigation and d...
The purchaser will need to do site investigations, including ground investigation and drainage surve...

--- Processing batch:
The purchaser will be required to undertake site investigations including ground investigation and s...
It will be a modern commercial area, recognised nationally and internationally, with well-designed i...
Many postgraduate training courses come with financial incentives from NCTL. For the current offer a...
Many postgraduate training courses come with financial incentives from NCTL. Visit Get into Teaching...
Many postgraduate training courses come with financial incentives from NCTL. Visit Get into Teaching...
We will consider the outcomes of a valid consultation exercise when assessing representations on a p...
We will recommend a desk-based assessment by a professional contractor in most cases where remains a...
We will likely recommend a desk-based assessment by a professional archaeological contractor in all ...

--- Processing batch:
We will recommend a desk-based assessment by a professional contractor in most cases where remains a...
Properties for manufacturing, repairing or adapting goods, storage and electricity generation will g...
Predictions saved to output/baseline_inference/Llama-3.1-8B-Instruct-SimPA-WORD_COMPRESSION/output_3.json
Baseline inference 4 completed.
Running evaluation script for SimPA - WORD_COMPRESSION...
--- Running evaluation...
Input files:	 ['output/baseline_inference/Llama-3.1-8B-Instruct-SimPA-WORD_COMPRESSION/output_1.json', 'output/baseline_inference/Llama-3.1-8B-Instruct-SimPA-WORD_COMPRESSION/output_2.json', 'output/baseline_inference/Llama-3.1-8B-Instruct-SimPA-WORD_COMPRESSION/output_3.json']
Metric:	 WORD_COMPRESSION
--- word_compression_rate losses:
Mean Squared Error (MSE): 0.1252879156528792
Mean Absolute Error (MAE): 0.32116788321167883
Standard Deviation of Errors: 0.15493874481839448
Variance of Errors: 0.024006014645899562

Saved loss values to stats.json
Updated averaged predictions file with per-sample losses: output/baseline_inference/Llama-3.1-8B-Instruct-SimPA-WORD_COMPRESSION/output_averaged.json

All plots saved to output/baseline_inference/Llama-3.1-8B-Instruct-SimPA-WORD_COMPRESSION

--- Mean metrics:
BLEU_to_source: BLEU_to_source: 30.75 (+2.00 -1.97)
BLEU_to_ref: BLEU_to_ref: 26.67 (+1.92 -1.88)
BERTScore_to_source: BERTScore_to_source: 0.95 (+0.00 -0.00)
BERTScore_to_ref: BERTScore_to_ref: 0.94 (+0.00 -0.00)
COMET: COMET: 0.84 (+0.01 -0.01)
SARI: SARI: 27.53 (+1.20 -1.22)

Saved evaluation summary to output/nonsft_results_baseline/all_results.json

--- Evaluation complete.
Evaluation completed for SimPA - WORD_COMPRESSION

Evaluation completed for SimPA - WORD_COMPRESSION

