Tue Jun 24 20:55:28 2025       
+-----------------------------------------------------------------------------------------+
| NVIDIA-SMI 560.35.05              Driver Version: 560.35.05      CUDA Version: 12.6     |
|-----------------------------------------+------------------------+----------------------+
| GPU  Name                 Persistence-M | Bus-Id          Disp.A | Volatile Uncorr. ECC |
| Fan  Temp   Perf          Pwr:Usage/Cap |           Memory-Usage | GPU-Util  Compute M. |
|                                         |                        |               MIG M. |
|=========================================+========================+======================|
|   0  NVIDIA A100-SXM4-80GB          Off |   00000000:C8:00.0 Off |                    0 |
| N/A   26C    P0             59W /  400W |       1MiB /  81920MiB |      0%      Default |
|                                         |                        |             Disabled |
+-----------------------------------------+------------------------+----------------------+
                                                                                         
+-----------------------------------------------------------------------------------------+
| Processes:                                                                              |
|  GPU   GI   CI        PID   Type   Process name                              GPU Memory |
|        ID   ID                                                               Usage      |
|=========================================================================================|
|  No running processes found                                                             |
+-----------------------------------------------------------------------------------------+
Script started: Tue Jun 24 20:55:29 CEST 2025
Running inference 1 with seed 37...
Using PEFT...
Loading from models/WORD_COMPRESSION-WikiLarge_ori_splitwise-token_explanation-Qwen3-8B-20250624...
Inference args:
Namespace(use_vllm=False, seed=37, model_path='models/WORD_COMPRESSION-WikiLarge_ori_splitwise-token_explanation-Qwen3-8B-20250624', model_name='Qwen/Qwen3-8B', dataset_name='WikiLarge_ori_splitwise', model_class='auto', model_family='base', max_length=512, batch_size=4, slice_test=-1, output_file='output/sft_inference/WORD_COMPRESSION-WikiLarge_ori_splitwise-token_explanation-Qwen3-8B-20250624/output_1.json', device='cuda', peft_path='models/WORD_COMPRESSION-WikiLarge_ori_splitwise-token_explanation-Qwen3-8B-20250624', control_tokens='data/prompts/control_tokens.json', system_prompts='data/prompts/system_prompts.json', user_prompts='data/prompts/user_prompts.json', metric_mapping='data/metric_mapping.json', metric_name='WORD_COMPRESSION', user_prompt_id='token_explanation')

test:	 Inspect the dataset format:
 {'global_id': ['wikilarge_ori_220768'], 'source_text': ['Smaller riverboats can reach higher as far as Achual Point .\n'], 'source_metrics': [{'FRE': 78.25, 'ARI': 7.1, 'FKGL': 4.8, 'Dale-Chall': 10.45, 'char_count': 61, 'alphanum_count': 49, 'word_count': 11, 'sentence_count': 1}], 'metadata': [{'dataset': 'wikilarge_ori', 'experiment_split': '', 'domain': 'general', 'language': 'en', 'annotation': 'automatic', 'level': 'sentence'}], 'simplification_text': ['Smaller riverboats can reach 780 km -LRB- 486 mi -RRB- higher as far as Actual Point .\n'], 'target_metrics': [{'FRE': 72.16, 'ARI': 7.2, 'FKGL': 7.2, 'Dale-Chall': 14.3, 'char_count': 87, 'alphanum_count': 59, 'word_count': 17, 'sentence_count': 1, 'char_compression_rate': 1.43, 'word_compression_rate': 1.55, 'sentence_compression_rate': 1.0, 'BLEU': 31.46660996956415, 'BERTScore': 0.8939859867095947}], 'simplification_version': [1], 'grade_level': [-1], 'simplification_dimensions': [{'linguistic': {'lexical': False, 'syntactic': False}}]}

--- Processing batch:
Smaller riverboats can reach higher as far as Achual Point. The river is 120 km long....
Each square in the graticule is known as a major division....
MiG-23 '' Flogger ''...
They have sold nearly 100 million records worldwide. They have sold over 100 million records worldwi...

--- Processing batch:
But they are most often planted from large cuttings which root readily. They are also sometimes grow...
All Killer No Filler...
Sports Milestones His jersey number 30 has been retired by the Granby Bisons....
Her body was found eight days later in a lagoon on Condobolin Road near Forbes....

--- Processing batch:
Other rules are the same as pallapugno....
The H1N1 form of swine flu is one of the descendants of the strain that caused the 1918 flu pandemic...
The temperature in Labuan, which lies in the heart of the tropics, hardly changes through the year....
Although he still plays for Spain, he currently lives in Latvia....

--- Processing batch:
CBE -LRB- born 2 February 1944 -RRB- is a British conductor and composer....
Hans-J ürgen Dörner -LRB- born 1951 -RRB-, football player...
From 1902 to 1904, Burnham was employed by the East Africa Syndicate....
Borough council...

--- Processing batch:
Ashfield is a village in Stirlingshire, Scotland....
He performed with, amongst others, Elf, Rainbow, Black Sabbath, Heaven & Hell, and his own band Dio....
He is not considered inactive, but simply has not been in any shows for a while....
Karl Dönitz I G G O 10 years Leader of the Kriegsmarine from 1943, succeeded Raeder....

--- Processing batch:
The Class 166 Turbo Express trains are a type of electric multiple unit train operated by the Britis...
The latter device can then be used in less strict environments....
The distance from the center of a circle to its edge is called the radius....
'' Luk tru da senta av da muun huen it iz bluu, '' sed haa royal mada in ansa tu haa kueschan....

--- Processing batch:
The stadium plays host to the home matches of Scottish Premier League club Motherwell....
The stadium is used for football matches and is the home ground of the Scottish Premier League club ...
The population is 16,770....
Matthew groups Jesus'teachings into five discourses, of which the Sermon on the Mount is the first. ...

--- Processing batch:
The band has had 16 top ten singles on the Billboard rock charts, eight of which peaked at # 1, and ...
After his apprenticeship he worked as a salesman in his father's shop....
The Parti Québécois was defeated by the Quebec Liberal Party in the 1985 election. The Parti Québéco...
Truls Olaf Otterbech MÃ rk -LRB- born 25 April 1961 -RRB- is a Norwegian cellist and composer....

--- Processing batch:
Mouthpiece...
It was held on October 5....
They were parents of three children : Lady Margaret Clifford -LRB- 1540 - September 28, 1596 -RRB-....
Saint-Mard-d'Eyrans is a commune. It is found in the region Aquitaine in the Gironde department in t...

--- Processing batch:
Each entry has a datum -LRB- a nugget of data -RRB- which is a copy of the datum in some backing sto...
Sudbury Town, opened June 28, 1903 by the District ; first served by the Piccadilly line July 4, 193...
Jeu de paume was a French game that was played without racquets. It was the original form of lawn te...
Tekken 6 is a fighting game developed by Namco Bandai....

--- Processing batch:
Byzantion later conquered Chalcedon, across the Bosporus....
The city is also a center of sugar production and industry. It has a sugar factory....
Finger foods are foods that are easy to eat with the fingers....
South Yorkshire was created on 1 April 1974 as a result of the Local Government Act 1972. It is a me...

--- Processing batch:
Kingdom Hearts : Chain of Memories takes place after the first game....
Mufasa then teaches Simba about the stars, saying that they represent all the great kings of the pas...
Kayes Region is one of eight first level subdivisions of Mali....
The name '' desert cat '' is reserved for Felis silvestris lybica, the African wildcat. The name '' ...

--- Processing batch:
The current archbishop is Rowan Williams....
In the usual topology on Rn the basic open sets are the open balls....
It is in Travelcard Zone 3....
From 1987 to 2010 he was a member of the House of Commons for Banff and Buchan....

--- Processing batch:
When Miller's contract expired at the end of that season, he transferred to Celtic for free under th...
In September 1926, Dempsey fought Gene Tunney, an Irish-American former U.S. Marine, in Philadelphia...
Fortuna - goddess of luck....
It is a standard....

--- Processing batch:
Its studios located at Shrine Hills, Matina, Davao City....
Jeanne Rij-Rousseau -LRB- 1870 - 1956 -RRB- was a French painter....
Viré-en-Champagne is a commune. It is found in the region Pays-de-la-Loire in the Sarthe department ...
Clara Wieck was born in Leipzig on 13 September 1819 to Friedrich Wieck and Marianne Wieck -LRB- née...

--- Processing batch:
Aberlin played Lady Aberlin on Mister Rogers'Neighborhood....
After his father went broke in 1926, the family moved to Winnipeg....
Matteo Paro -LRB- born 17 March 1983 -RRB- is an Italian footballer who plays for Vicenza....
On 28 April 2006, eHow was sold and wikiHow was launched as an independent site....

--- Processing batch:
Samovar & Porter -LRB- 1994 -RRB-, p. 84 Syrians did not congregate in urban enclaves ; many of the ...
The study of perception gave rise to the Gestalt school of psychology, with its emphasis on holistic...
Today, other technologies can perform the functions of magnetic tape....
By Topic Religion January 11 -- Pope Miltiades'reign ends. Pope Miltiades was the 11th Pope of the R...

--- Processing batch:
It is now the site of Meher Baba's samadhi -LRB- tomb-shrine -RRB-....
At landfall, hurricane-force winds extended outward 120 miles -LRB- 190 km -RRB- from the center and...
Hafnium is a chemical element....
Nitrogen -LRB- N -RRB-...

--- Processing batch:
Suriname is a country in South America....
Sabana Larga, ElÃ as PiÃ a is a Dominican municipal district of Comendador in the ElÃ as PiÃ a Provi...
Hancock, Michigan, as of 2005, still has street signs written in both English and Finnish....
Fearing that Drek will destroy the galaxy, Clank asks Ratchet to help him find the famous superhero ...

--- Processing batch:
Today, many of the Lutheran chorales are familiar as hymns still used in Protestant churches, sung i...
The poem described how a Christian owes his loyalties to both his homeland and the heavenly kingdom....
She performed for President Reagan in 1988's Great Performances at the White House series, which was...
The highest grades of matcha have more intense sweetness and deeper flavor than the standard or coar...

--- Processing batch:
Longvilliers is a commune in the Pas-de-Calais department in the Nord-Pas-de-Calais region of France...
For provincial and federal elections, Woodstock is included in the riding of Oxford....
Brighton, Victoria, a suburb of Melbourne, Australia...
The Great Barrier Reef is the world's biggest single structure made by living organisms....

--- Processing batch:
The Rainbow jersey is the jersey worn by the reigning world champion in a bicycle racing discipline....
Kellner served as chief justice inspector and administrator of the Laubach courthouse until 1948....
To cope with life in the suffocating depths, vampire squid have developed several radical adaptation...
In 1990, she was the only female entertainer allowed to perform in Saudi Arabia....

--- Processing batch:
Egypt is annexed to the Roman Republic, and Octavian becomes the undisputed ruler of Rome and her su...
Hip dysplasia is a major problem for the breed....
Teddy Ruxpin is a brand of teddy bears....
Some of the lesbian fan base see Xena and Gabrielle as a couple and have embraced them as role model...

--- Processing batch:
Similarly the Taiwanese and the South Korean natives do not use the number 4 when assigning Pennant ...
The Quokka -LRB- Setonix brachyurus -RRB- is a small marsupial about the size of a domestic cat....
StarÄ eviÄ believed that Bosniaks were '' the best Croats '', and claimed that '' Bosnian Muslims ar...
He was the chair of a commission installed by the then social democratic-green government for reform...

--- Processing batch:
The Frisians are a Germanic people living in the Netherlands, Denmark and Germany....
The Caspian Sea is the largest enclosed inland body of water on Earth. The Caspian Sea is the larges...
Naiad was discovered sometime before mid-September, 1989 from the images taken by the Voyager 2 prob...
In public saunas it is more common that men and women go to the sauna separately....

--- Processing batch:
The group's original lineup was Curt Kirkwood -LRB- guitar/vocals -RRB-, his brother Cris Kirkwood -...
Afterwards Sparks transferred it on heavy cotton material, then asked his wife Grace and her sister ...
Broda was born in Brandon, Manitoba....
Schizanthus is a genus of flowering plants in the nightshade family....

--- Processing batch:
Valea Moldovei is a commune in Suceava County, Romania....
Graham attended Wheaton College from 1939 to 1943, when he graduated with a BA in anthropology....
Her famous friendship with the Russian mystic Grigori Rasputin was also an important factor in her l...
Phycodurus eques...

--- Processing batch:
San Nazzaro is a former municipality in the district of Locarno in the canton of Ticino in Switzerla...
The body color varies from medium brown to gold-ish to beige-white ; and occasionally, is marked wit...
However, in what is sometimes called the Post-Vulgate Merlin, Excalibur was given to Arthur by the L...
Görlitz is a town on the Lusatian Neisse River in the Bundesland of Saxony....

--- Processing batch:
Alessandro Mazzola -LRB- born 8 November 1942 -RRB- is an Italian former football player....
Saint-Denis-de-Mailloc is a commune. It is found in the region Basse-Normandie in the Calvados depar...
The region is divided into three provinces : Huesca, Zaragoza, and Teruel....
Big Dogs...

--- Processing batch:
The politics of the force were intermingled with Jihad, the religious war or holy war of Muhammad 14...
It has five claws on its fore feet....
Emmy Awards...
His fiction works are considered part of the Romantic movement and, more specifically, dark romantic...

--- Processing batch:
Collapse It was previously believed that sometime during the 7th or 8th centuries, the city was burn...
Gable also earned an Academy Award nomination when he portrayed Fletcher Christian in 1935's Mutiny ...
Frank Tracy Griswold III -LRB- born 1938 -RRB- was the 25th Presiding Bishop of the Episcopal Church...
The aluminium ore bauxite is made up of mostly aluminium hydroxides....

--- Processing batch:
However, when his daughter, Fern Arable, hears of the pig's fate she rescues him and tells her dad t...
Carteret County is a member of the Eastern Carolina Council of Governments....
Epauvillers is a village in the district of Franches-Montagnes in the canton of Jura in Switzerland....
Electricity...

--- Processing batch:
Mary Quant OBE FCSD -LRB- born 11 February 1934 -RRB- is a Welsh fashion designer and British fashio...
BookCrossing.com users can ` go hunting ', where a member will go to the website to view a list of b...
The Roman de la Rose is a medieval French poem....
Richard A. Peddie -LRB- born on January 1947 in Windsor, Ontario -RRB- is the President and CEO of M...

--- Processing batch:
-LRB- In larger libraries, some specialize in teen services, periodicals, or other special collectio...
Typically a device can pull about 7 to 8 watts from the port ; however, the voltage varies significa...
The character made his first appearance in a black and white preview comic titled Daze of the Dead :...
Thus people interested in perception have long struggled to explain what visual processing does to c...

--- Processing batch:
The conference papers were published the next year in a bookMicroeconomic Foundations of Employment ...
Formal minor planet designations are number-name combinations overseen by the Minor Planet Center....
San Fernando is a city in the Biobio Region of Chile. It is the capital of the San Fernando Province...
Railway Gazette International is a monthly business journal covering the railway, metro, light rail ...

--- Processing batch:
It includes the ceremonial counties of Essex, Hertfordshire, Bedfordshire, Cambridgeshire, Norfolk, ...
His castmates included future girlfriend and pop superstar Britney Spears, future tourmate Christina...
Its remnants moved across southern Spain, dumping rain on the drought-ridden region, and moved into ...
Undated The Spanish conquest of the highlands of Guatemala is completed ; the first Guatemala City i...

--- Processing batch:
Ear piercings...
The Khyber Pass is a mountain pass in the Khyber region of Pakistan....
Blues music is a music genre that originated in the United States from African-American communities ...
The Great Seal of the State of Colorado is an adaptation of the Territorial Seal which was adopted b...

--- Processing batch:
On 26 January 1788, the marines and convicts were landed at Sydney Cove....
Spanish cuisine, especially that of the coastal regions, uses cuttlefish and squid ink for the marin...
The Southern Railway made great use of steam locomotive names for publicity, and the carrying of pup...
However, the BZÖ differs a bit in comparison to the Freedom Party, as is in favor of a referendum ab...

--- Processing batch:
The Opera Company continued to stage innovative productions of both modern and classic Russian opera...
Bersirc is a chat program....
The Rwanda national football team is the national team of Rwanda....
Prunk is a member of the Institute of European History in Mainz, and a senior fellow of the Center f...

--- Processing batch:
These tablets were then usually placed beneath the ground : either buried in graves or tombs, thrown...
James became the number one contender for the Women's Title on December 12 by defeating Victoria in ...
Choir...
DXBN-TV, channel 9, is a television station of Philippine television network National Broadcasting N...

--- Processing batch:
At a dinner party attended by the Dearly couple, Cruella de Vil expresses her dislike for animals ; ...
The internal styles are also known as Wudangquan, named for their association with the Taoist monast...
In return, Rollo swore fealty to Charles, converted to Christianity, and undertook to defend the nor...
Gastric dumping syndrome, or rapid gastric emptying is a condition where ingested foods bypass the s...

--- Processing batch:
Sylvain Grenier -LRB- born March 26, 1977 -RRB- is a Canadian professional wrestler. He is best know...
The peninsula is home to 257,223 people, which is about 51 % of Newfoundland's population in 2009....
In telecommunication, a Hamming code is a linear error-correcting code. It is named after its invent...
1943 - World War II : Battle of Tarawa -LRB- Operation Galvanic -RRB- begins...

--- Processing batch:
Delgadillo's Snow Cap Drive-In is a historic eatery and roadside attraction located along former Rou...
The Kingdom of Israel was ruled by Jeroboam....
Asclepias incarnata -LRB- Swamp Milkweed -RRB-...
Modern science has shown that itch has many similarities to pain, and while both are unpleasant, the...

--- Processing batch:
The fossils were found in the Yixian Formation in the Liaoning province of China, which is known for...
Mede is a comune -LRB- municipality -RRB- in the Province of Pavia in the Italian region Lombardy....
Sean Hannity -LRB- born December 30, 1961 -RRB- is an American radio and television host, author, an...
Each time You Distribute or Publicly Perform the Work or a Collection, the Licensor offers to the re...

--- Processing batch:
She made her debut as a leading film actress in Little Secrets -LRB- 2002 -RRB- and became well-know...
The most common nucleic acids are deoxyribonucleic acid -LRB- DNA -RRB- and ribonucleic acid -LRB- R...
The Aylesbury Music Centre is a music school in Aylesbury....
Texas A&M University is a public university in College Station, Texas....

--- Processing batch:
As time passed, Arika started losing her optimism in being an Otome as she learns more about the pas...
The Apostolic Tradition, attributed to the theologian Hippolytus, attests the singing of Hallel psal...
Hungarians are a sizeable minority in Transylvania, and they are a majority in the counties of Hargh...
Buildings in early Gaborone include Assembly buildings, government offices, a power station, a hospi...

--- Processing batch:
Gatorade...
It was an anthology of short spookie stories, including by Edgar Allan Poe, tied together by the adv...
The early medieval Rustamid dynasty in Algeria was Ibadi, and refugees from its capital Tahert found...
However, religious wars continued until the Thirty Years War, which was ended in 1648 by the Peace o...

--- Processing batch:
Michael Hordy -LRB- born October 10, 1956 in Thunder Bay, Ontario -RRB- is a retired Canadian profes...
On June 23, 2010, Eager was traded to the Atlanta Thrashers along with Dustin Byfuglien, Brent Sopel...
He continued making music under the Girl Talk name while studying biomedical engineering at Case Wes...
Both IBM Lotus and Microsoft have introduced federation between their EIM systems and some of the pu...

--- Processing batch:
See below...
William Moseley, Anna Popplewell, Georgie Henley and Skandar Keynes play Peter, Susan, Lucy and Edmu...
Encyclopædia Britannica, Inc. is an American company best known for publishing the Encyclopædia Brit...
The electric potential is only defined up to an additive constant....

--- Processing batch:
The WebKit engine provides a set of classes to display web content in windows, and implements browse...
Robinson also openly criticized segregated hotels and restaurants that served the Dodger organizatio...
Eleanor de Montfort is captured by pirates in the employ of Edward I of England....
Predictions saved to output/sft_inference/WORD_COMPRESSION-WikiLarge_ori_splitwise-token_explanation-Qwen3-8B-20250624/output_1.json
Inference 2 completed.
Running inference 2 with seed 15...
Using PEFT...
Loading from models/WORD_COMPRESSION-WikiLarge_ori_splitwise-token_explanation-Qwen3-8B-20250624...
Inference args:
Namespace(use_vllm=False, seed=15, model_path='models/WORD_COMPRESSION-WikiLarge_ori_splitwise-token_explanation-Qwen3-8B-20250624', model_name='Qwen/Qwen3-8B', dataset_name='WikiLarge_ori_splitwise', model_class='auto', model_family='base', max_length=512, batch_size=4, slice_test=-1, output_file='output/sft_inference/WORD_COMPRESSION-WikiLarge_ori_splitwise-token_explanation-Qwen3-8B-20250624/output_2.json', device='cuda', peft_path='models/WORD_COMPRESSION-WikiLarge_ori_splitwise-token_explanation-Qwen3-8B-20250624', control_tokens='data/prompts/control_tokens.json', system_prompts='data/prompts/system_prompts.json', user_prompts='data/prompts/user_prompts.json', metric_mapping='data/metric_mapping.json', metric_name='WORD_COMPRESSION', user_prompt_id='token_explanation')

test:	 Inspect the dataset format:
 {'global_id': ['wikilarge_ori_220768'], 'source_text': ['Smaller riverboats can reach higher as far as Achual Point .\n'], 'source_metrics': [{'FRE': 78.25, 'ARI': 7.1, 'FKGL': 4.8, 'Dale-Chall': 10.45, 'char_count': 61, 'alphanum_count': 49, 'word_count': 11, 'sentence_count': 1}], 'metadata': [{'dataset': 'wikilarge_ori', 'experiment_split': '', 'domain': 'general', 'language': 'en', 'annotation': 'automatic', 'level': 'sentence'}], 'simplification_text': ['Smaller riverboats can reach 780 km -LRB- 486 mi -RRB- higher as far as Actual Point .\n'], 'target_metrics': [{'FRE': 72.16, 'ARI': 7.2, 'FKGL': 7.2, 'Dale-Chall': 14.3, 'char_count': 87, 'alphanum_count': 59, 'word_count': 17, 'sentence_count': 1, 'char_compression_rate': 1.43, 'word_compression_rate': 1.55, 'sentence_compression_rate': 1.0, 'BLEU': 31.46660996956415, 'BERTScore': 0.8939859867095947}], 'simplification_version': [1], 'grade_level': [-1], 'simplification_dimensions': [{'linguistic': {'lexical': False, 'syntactic': False}}]}

--- Processing batch:
Smaller riverboats can reach higher as far as Achual Point. The river is 100 km long....
Each square in the graticule is known as a major division....
MiG-23 '' Flogger ''...
They have sold nearly 100 million records worldwide. They have sold nearly 100 million records world...

--- Processing batch:
But they are most often planted from large cuttings which root readily. They are also sometimes grow...
All Killer No Filler...
Sports Milestones His jersey number 30 has been retired by the Granby Bisons....
Her body was found eight days later in a lagoon on Condobolin Road near Forbes....

--- Processing batch:
Other rules are the same as pallapugno....
The H1N1 form of swine flu is one of the descendants of the strain that caused the 1918 flu pandemic...
The temperature in Labuan, which lies in the heart of the tropics, hardly changes through the year....
Although he still plays for Spain, he currently lives in Latvia....

--- Processing batch:
CBE -LRB- born 2 February 1944 -RRB- is a British conductor and composer....
Hans-J ürgen Dörner -LRB- born 1951 -RRB-, football player...
From 1902 to 1904, Burnham was employed by the East Africa Syndicate....
Borough council...

--- Processing batch:
Ashfield is a village in Stirlingshire, Scotland....
He performed with, amongst others, Elf, Rainbow, Black Sabbath, Heaven & Hell, his own band Dio, and...
He is not considered inactive, but simply has not been in any shows for a while....
Karl Dönitz I G G O 10 years Leader of the Kriegsmarine from 1943, succeeded Raeder....

--- Processing batch:
The Class 166 Turbo Express trains are a type of electric multiple unit train operated by the Britis...
The latter device can then be used in less strict environments....
The distance from the center of a circle to its edge is called the radius....
'' Luk tru da senta av da muun huen it iz bluu, '' sed haa royal mada in ansa tu haa kueschan....

--- Processing batch:
The stadium plays host to the home matches of Scottish Premier League club Motherwell....
The stadium plays host to the home matches of Scottish Premier League club Motherwell. It is also us...
The population is 16,780....
Matthew groups Jesus'teachings into five discourses, of which the Sermon on the Mount is the first. ...

--- Processing batch:
The band has had 16 top ten singles on the Billboard rock charts, eight of which peaked at # 1, and ...
After his apprenticeship he worked as a salesman in his father's shop....
The Parti Québécois was defeated by the Quebec Liberal Party in the 1985 election. The Parti Québéco...
Truls Olaf Otterbech MÃ rk -LRB- born 25 April 1961 -RRB- is a Norwegian cellist and composer....

--- Processing batch:
Brass instruments...
It was held on October 5....
They were parents of three children : Lady Margaret Clifford -LRB- 1540 - September 28, 1596 -RRB-....
Saint-Mard-d'Eyrans is a commune. It is found in the region Aquitaine in the Gironde department in t...

--- Processing batch:
Each entry has a datum -LRB- a nugget of data -RRB- which is a copy of the datum in some backing sto...
Sudbury Town, opened June 28, 1903 by the District ; first served by the Piccadilly line July 4, 193...
Jeu de paume was a French game that was played without racquets. It was the first game that was play...
Tekken 6 is a fighting game developed by Namco Bandai....

--- Processing batch:
Byzantion later conquered Chalcedon, across the Bosporus....
The city is also a center of sugar production and industry. It has a sugar factory....
Finger foods are foods that are easy to eat with the fingers....
South Yorkshire was created on 1 April 1974 as a result of the Local Government Act 1972. It is a me...

--- Processing batch:
Kingdom Hearts : Chain of Memories takes place after the first game....
Mufasa then teaches Simba about the stars, saying that they represent all the great kings of the pas...
Kayes Region is one of eight first level subdivisions of Mali....
The name '' desert cat '' is reserved for Felis silvestris lybica, the African wildcat. The name '' ...

--- Processing batch:
The current archbishop is Rowan Williams....
In the usual topology on Rn the basic open sets are the open balls....
It is in Travelcard Zone 3....
He was a member of the House of Commons from 1987 to 2010....

--- Processing batch:
When Miller's contract expired at the end of that season, he transferred to Celtic for free under th...
In September 1926, Dempsey fought Gene Tunney, an Irish-American former U.S. Marine, in Philadelphia...
Fortuna - goddess of luck....
It is a standard....

--- Processing batch:
Its studios located at Shrine Hills, Matina, Davao City....
Jeanne Rij-Rousseau -LRB- June 10, 1870 -- October 22, 1956 -RRB- was a French painter....
Viré-en-Champagne is a commune. It is found in the region Pays-de-la-Loire in the Sarthe department ...
Clara Wieck was born in Leipzig on 13 September 1819 to Friedrich Wieck and Marianne Wieck -LRB- née...

--- Processing batch:
Aberlin played Lady Aberlin on Mister Rogers'Neighborhood....
After his father went broke in 1926, the family moved to Winnipeg....
Matteo Paro -LRB- born 17 March 1983 -RRB- is an Italian footballer who plays for Vicenza....
On 28 April 2006, eHow was sold and wikiHow was launched as an independent site....

--- Processing batch:
Samovar & Porter -LRB- 1994 -RRB-, p. 84 Syrians did not congregate in urban enclaves ; many of the ...
The study of perception gave rise to the Gestalt school of psychology, with its emphasis on holistic...
Today, other technologies can perform the functions of magnetic tape....
By Topic Religion January 11 -- Pope Miltiades'reign ends. Pope Miltiades was the Pope of the Cathol...

--- Processing batch:
It is now the site of Meher Baba's samadhi -LRB- tomb-shrine -RRB-....
At landfall, hurricane-force winds extended outward 120 miles -LRB- 190 km -RRB- from the center and...
Hafnium is a chemical element....
Nitrogen -LRB- N -RRB-...

--- Processing batch:
Suriname is a country in South America....
Sabana Larga, ElÃ as PiÃ a is a Dominican municipal district of Comendador in the ElÃ as PiÃ a Provi...
Hancock, Michigan, as of 2005, still has street signs written in both English and Finnish....
Fearing that Drek will destroy the galaxy, Clank asks Ratchet to help him find the famous superhero ...

--- Processing batch:
Today, many of the Lutheran chorales are familiar as hymns still used in Protestant churches, sung i...
The poem described how a Christian owes his loyalties to both his homeland and the heavenly kingdom....
She performed for President Reagan in 1988's Great Performances at the White House series, which was...
The highest grades of matcha have more intense sweetness and deeper flavor than the standard or coar...

--- Processing batch:
Longvilliers is a commune in the Pas-de-Calais department in the Nord-Pas-de-Calais region of France...
For provincial and federal elections, Woodstock is included in the riding of Oxford....
Brighton, Victoria, a suburb of Melbourne, Australia...
The Great Barrier Reef is the world's biggest single structure made by living organisms....

--- Processing batch:
The Rainbow jersey is the jersey worn by the reigning world champion in a bicycle racing discipline....
Kellner served as chief justice inspector and administrator of the Laubach courthouse until 1948....
To cope with life in the suffocating depths, vampire squid have developed several radical adaptation...
In 1990, she was the only female entertainer allowed to perform in Saudi Arabia....

--- Processing batch:
Egypt is annexed to the Roman Republic, and Octavian becomes the undisputed ruler of Rome and her su...
Hip dysplasia is a major problem for the breed....
Teddy Ruxpin is a brand of teddy bears....
Some of the lesbian fan base see Xena and Gabrielle as a couple and have embraced them as role model...

--- Processing batch:
Similarly the Taiwanese and the South Korean natives do not use the number 4 when assigning Pennant ...
The Quokka -LRB- Setonix brachyurus -RRB- is a small marsupial about the size of a domestic cat....
StarÄ eviÄ believed that Bosniaks were '' the best Croats '', and claimed that '' Bosnian Muslims ar...
He was the chair of a commission installed by the then social democratic-green government for reform...

--- Processing batch:
The Frisians are a Germanic people living in the Netherlands....
The Caspian Sea is the largest enclosed inland body of water on Earth. The Caspian Sea is the larges...
Naiad was discovered sometime before mid-September, 1989 from the images taken by the Voyager 2 prob...
In public saunas it is more common that men and women go to the sauna separately....

--- Processing batch:
The group's original lineup was Curt Kirkwood -LRB- guitar/vocals -RRB-, his brother Cris Kirkwood -...
Afterwards Sparks transferred it on heavy cotton material, then asked his wife Grace and her sister ...
Broda was born in Brandon, Manitoba....
Schizanthus is a genus of flowering plants in the nightshade family....

--- Processing batch:
Valea Moldovei is a commune in Suceava County, Romania....
Graham attended Wheaton College from 1939 to 1943, when he graduated with a BA in anthropology....
Her famous friendship with the Russian mystic Grigori Rasputin was also an important factor in her l...
Phycodurus eques...

--- Processing batch:
San Nazzaro is a former municipality in the district of Locarno in the canton of Ticino in Switzerla...
The body color varies from medium brown to gold-ish to beige-white ; and occasionally, is marked wit...
However, in what is sometimes called the Post-Vulgate Merlin, Excalibur was given to Arthur by the L...
Görlitz is a town on the Lusatian Neisse River in the Bundesland of Saxony....

--- Processing batch:
Alessandro Mazzola -LRB- born 8 November 1942 -RRB- is an Italian former football player....
Saint-Denis-de-Mailloc is a commune. It is found in the region Basse-Normandie in the Calvados depar...
The region is divided into three provinces : Huesca, Zaragoza, and Teruel....
Big Dogs...

--- Processing batch:
The politics of the force were intermingled with Jihad, the religious war or holy war of Muhammad 14...
It has five claws on its fore feet....
It has won 28 Emmy Awards....
His fiction works are considered part of the Romantic movement and, more specifically, dark romantic...

--- Processing batch:
Collapse It was previously believed that sometime during the 7th or 8th centuries, the city was burn...
Gable also earned an Academy Award nomination when he portrayed Fletcher Christian in 1935's Mutiny ...
Frank Tracy Griswold III -LRB- born 1938 -RRB- was the 25th Presiding Bishop of the Episcopal Church...
The aluminium ore bauxite is made up of mostly aluminium hydroxides....

--- Processing batch:
However, when his daughter, Fern Arable, hears of the pig's fate she rescues him and tells her dad t...
Carteret County is a member of the Eastern Carolina Council of Governments....
Epauvillers is a village in the district of Franches-Montagnes in the canton of Jura in Switzerland....
Electricity...

--- Processing batch:
Mary Quant OBE FCSD -LRB- born 11 February 1934 -RRB- is a Welsh fashion designer and British fashio...
BookCrossing.com users can ` go hunting ', where a member will go to the website to view a list of b...
The Roman de la Rose is a medieval French poem....
Richard A. Peddie -LRB- born on January 1947 in Windsor, Ontario -RRB- is the President and CEO of M...

--- Processing batch:
-LRB- In larger libraries, some specialize in teen services, periodicals, or other special collectio...
Typically a device can pull about 7 to 8 watts from the port ; however, the voltage varies significa...
The character made his first appearance in a black and white preview comic titled Daze of the Dead :...
Thus people interested in perception have long struggled to explain what visual processing does to c...

--- Processing batch:
The conference papers were published the next year in a bookMicroeconomic Foundations of Employment ...
Formal minor planet designations are number-name combinations overseen by the Minor Planet Center....
San Fernando is located close to the Tinguiririca River -LRB- a tributary of the Rapel -RRB- in a fe...
Railway Gazette International is a monthly business journal covering the railway, metro, light rail ...

--- Processing batch:
It includes the ceremonial counties of Essex, Hertfordshire, Bedfordshire, Cambridgeshire, Norfolk, ...
His castmates included future girlfriend and pop superstar Britney Spears, future tourmate Christina...
Its remnants moved across southern Spain, dumping rain on the drought-ridden region, and moved into ...
The Spanish conquest of the Guatemalan highlands is completed ; the first Guatemala City is founded....

--- Processing batch:
Ear piercings...
The Khyber Pass is a mountain pass in the Khyber region of Pakistan....
Blues music is a music genre that originated in the United States from African-American communities ...
The Great Seal of the State of Colorado is an adaptation of the Territorial Seal which was adopted b...

--- Processing batch:
On 26 January 1788, the marines and convicts were landed at Sydney Cove....
Spanish cuisine, especially that of the coastal regions, uses cuttlefish and squid ink for the marin...
The Southern Railway made great use of steam locomotive names for publicity, and the carrying of pup...
However, the BZÖ differs a bit in comparison to the Freedom Party, as is in favor of a referendum ab...

--- Processing batch:
The Opera Company continued to stage innovative productions of both modern and classic Russian opera...
Bersirc...
The Rwanda national football team is the national team of Rwanda....
Prunk is a member of the Institute of European History in Mainz, and a senior fellow of the Center f...

--- Processing batch:
These tablets were then usually placed beneath the ground : either buried in graves or tombs, thrown...
James became the number one contender for the Women's Title on December 12 by defeating Victoria in ...
Choir...
DXBN-TV, channel 9, is a television station of Philippine television network National Broadcasting N...

--- Processing batch:
At a dinner party attended by the Dearly couple, Cruella de Vil expresses her dislike for animals ; ...
The internal styles are also known as Wudangquan, named for their association with the Taoist monast...
In return, Rollo swore fealty to Charles, converted to Christianity, and undertook to defend the nor...
Gastric dumping syndrome, or rapid gastric emptying is a condition where ingested foods bypass the s...

--- Processing batch:
Sylvain Grenier -LRB- born March 26, 1977 -RRB- is a Canadian professional wrestler. He is best know...
The peninsula is home to 257,223 people, which is about 51 % of Newfoundland's population in 2009....
In telecommunication, a Hamming code is a linear error-correcting code. It is named after its invent...
1943 - World War II : Battle of Tarawa -LRB- Operation Galvanic -RRB- begins...

--- Processing batch:
Delgadillo's Snow Cap Drive-In is a historic eatery and roadside attraction located along former Rou...
The Kingdom of Israel was ruled by Jeroboam....
It is native to North America....
Modern science has shown that itch has many similarities to pain, and while both are unpleasant, the...

--- Processing batch:
The fossils were found in the Yixian Formation in the Liaoning province of China, which is known for...
Mede is a comune -LRB- municipality -RRB- in the Province of Pavia in the Italian region Lombardy....
Sean Hannity -LRB- born December 30, 1961 -RRB- is an American radio and television host, author, an...
Each time You Distribute or Publicly Perform the Work or a Collection, the Licensor offers to the re...

--- Processing batch:
She made her debut as a leading film actress in Little Secrets -LRB- 2002 -RRB- and became well-know...
The most common nucleic acids are deoxyribonucleic acid -LRB- DNA -RRB- and ribonucleic acid -LRB- R...
Aylesbury High School -LRB- Aylesbury High School -RRB-...
Texas A&M University is a public university in College Station, Texas....

--- Processing batch:
As time passed, Arika started losing her optimism in being an Otome as she learns more about the pas...
The Apostolic Tradition, attributed to the theologian Hippolytus, attests the singing of Hallel psal...
Hungarians are a sizeable minority in Transylvania, and they are a majority in the counties of Hargh...
Buildings in early Gaborone include Assembly buildings, government offices, a power station, a hospi...

--- Processing batch:
Gatorade...
It was an anthology of short spookie stories, including by Edgar Allan Poe, tied together by the adv...
The early medieval Rustamid dynasty in Algeria was Ibadi, and refugees from its capital Tahert found...
However, religious wars continued until the Thirty Years War, which was ended in 1648 by the Peace o...

--- Processing batch:
Michael Hordy -LRB- born October 10, 1956 in Thunder Bay, Ontario -RRB- is a retired Canadian profes...
On June 23, 2010, Eager was traded to the Atlanta Thrashers along with Dustin Byfuglien, Brent Sopel...
He continued making music under the Girl Talk name while studying biomedical engineering at Case Wes...
Both IBM Lotus and Microsoft have introduced federation between their EIM systems and some of the pu...

--- Processing batch:
See also...
William Moseley, Anna Popplewell, Georgie Henley and Skandar Keynes play Peter, Susan, Lucy and Edmu...
Encyclopædia Britannica, Inc. is an American company best known for publishing the Encyclopædia Brit...
The electric potential is only defined up to an additive constant....

--- Processing batch:
The WebKit engine provides a set of classes to display web content in windows, and implements browse...
Robinson also openly criticized segregated hotels and restaurants that served the Dodger organizatio...
Eleanor de Montfort is captured by pirates in the employ of Edward I of England....
Predictions saved to output/sft_inference/WORD_COMPRESSION-WikiLarge_ori_splitwise-token_explanation-Qwen3-8B-20250624/output_2.json
Inference 3 completed.
Running inference 3 with seed 96...
Using PEFT...
Loading from models/WORD_COMPRESSION-WikiLarge_ori_splitwise-token_explanation-Qwen3-8B-20250624...
Inference args:
Namespace(use_vllm=False, seed=96, model_path='models/WORD_COMPRESSION-WikiLarge_ori_splitwise-token_explanation-Qwen3-8B-20250624', model_name='Qwen/Qwen3-8B', dataset_name='WikiLarge_ori_splitwise', model_class='auto', model_family='base', max_length=512, batch_size=4, slice_test=-1, output_file='output/sft_inference/WORD_COMPRESSION-WikiLarge_ori_splitwise-token_explanation-Qwen3-8B-20250624/output_3.json', device='cuda', peft_path='models/WORD_COMPRESSION-WikiLarge_ori_splitwise-token_explanation-Qwen3-8B-20250624', control_tokens='data/prompts/control_tokens.json', system_prompts='data/prompts/system_prompts.json', user_prompts='data/prompts/user_prompts.json', metric_mapping='data/metric_mapping.json', metric_name='WORD_COMPRESSION', user_prompt_id='token_explanation')

test:	 Inspect the dataset format:
 {'global_id': ['wikilarge_ori_220768'], 'source_text': ['Smaller riverboats can reach higher as far as Achual Point .\n'], 'source_metrics': [{'FRE': 78.25, 'ARI': 7.1, 'FKGL': 4.8, 'Dale-Chall': 10.45, 'char_count': 61, 'alphanum_count': 49, 'word_count': 11, 'sentence_count': 1}], 'metadata': [{'dataset': 'wikilarge_ori', 'experiment_split': '', 'domain': 'general', 'language': 'en', 'annotation': 'automatic', 'level': 'sentence'}], 'simplification_text': ['Smaller riverboats can reach 780 km -LRB- 486 mi -RRB- higher as far as Actual Point .\n'], 'target_metrics': [{'FRE': 72.16, 'ARI': 7.2, 'FKGL': 7.2, 'Dale-Chall': 14.3, 'char_count': 87, 'alphanum_count': 59, 'word_count': 17, 'sentence_count': 1, 'char_compression_rate': 1.43, 'word_compression_rate': 1.55, 'sentence_compression_rate': 1.0, 'BLEU': 31.46660996956415, 'BERTScore': 0.8939859867095947}], 'simplification_version': [1], 'grade_level': [-1], 'simplification_dimensions': [{'linguistic': {'lexical': False, 'syntactic': False}}]}

--- Processing batch:
Smaller riverboats can reach higher as far as Achual Point. The river is 120 km long....
Each square in the graticule is known as a major division....
MiG-23 '' Flogger ''...
They have sold nearly 100 million records worldwide. They have sold nearly 100 million records world...

--- Processing batch:
But they are most often planted from large cuttings which root readily. They are also sometimes grow...
All Killer No Filler...
Sports Milestones His jersey number 30 has been retired by the Granby Bisons....
Her body was found eight days later in a lagoon on Condobolin Road near Forbes....

--- Processing batch:
Other rules are the same as pallapugno....
The H1N1 form of swine flu is one of the descendants of the strain that caused the 1918 flu pandemic...
The temperature in Labuan, which lies in the heart of the tropics, hardly changes through the year....
Although he still plays for Spain, he currently lives in Latvia....

--- Processing batch:
CBE -LRB- born 2 February 1944 -RRB- is a British conductor and composer....
Hans-J ürgen Dörner -LRB- born 1951 -RRB-, football player...
From 1902 to 1904, Burnham was employed by the East Africa Syndicate....
Borough council...

--- Processing batch:
Ashfield is a village in Stirlingshire, Scotland....
He performed with, amongst others, Elf, Rainbow, Black Sabbath, Heaven & Hell, and his own band Dio....
He is not considered inactive, but simply has not been in any shows for a while....
Karl Dönitz I G G O 10 years Leader of the Kriegsmarine from 1943, succeeded Raeder....

--- Processing batch:
The Class 166 Turbo Express trains are a type of electric multiple unit train operated by the Britis...
The latter device can then be designed and used in less strict environments....
The distance from the center of a circle to its edge is called the radius....
Luk tru da senta av da muun huen it iz bluu, '' sed haa royal mada in ansa tu haa kueschan....

--- Processing batch:
The stadium plays host to the home matches of Scottish Premier League club Motherwell....
The stadium is used for football matches and is the home ground of the Scottish Premier League club ...
The population is 16,770....
Matthew groups Jesus'teachings into five discourses, of which the Sermon on the Mount is the first. ...

--- Processing batch:
The band has had 16 top ten singles on the Billboard rock charts, eight of which peaked at # 1, and ...
After his apprenticeship he worked as a salesman in his father's shop....
The Parti Québécois was defeated by the Quebec Liberal Party in the 1985 election....
Truls Olaf Otterbech MÃ rk -LRB- born 25 April 1961 -RRB- is a Norwegian cellist and composer....

--- Processing batch:
Mouthpiece...
It was held on October 5....
They were parents of three children : Lady Margaret Clifford -LRB- 1540 - September 28, 1596 -RRB-....
Saint-Mard-d'Eyrans is a commune. It is found in the region Aquitaine in the Gironde department in t...

--- Processing batch:
Each entry has a datum -LRB- a nugget of data -RRB- which is a copy of the datum in some backing sto...
Sudbury Town, opened June 28, 1903 by the District ; first served by the Piccadilly line July 4, 193...
Jeu de paume was a French game that was played without racquets. It was the first game that was play...
Tekken 6 is a fighting game developed by Namco Bandai....

--- Processing batch:
Byzantion later conquered Chalcedon, across the Bosporus....
The city is also a center of sugar production and industry. It has a sugar factory....
Finger foods are foods that are easy to eat with the fingers....
South Yorkshire was created on 1 April 1974 as a result of the Local Government Act 1972. It is a me...

--- Processing batch:
Kingdom Hearts : Chain of Memories takes place after the first game....
Mufasa then teaches Simba about the stars, saying that they represent all the great kings of the pas...
Kayes Region is one of eight first level subdivisions of Mali....
The name '' desert cat '' is reserved for Felis silvestris lybica, the African wildcat. The name '' ...

--- Processing batch:
The current archbishop is Rowan Williams....
In the usual topology on Rn the basic open sets are the open balls....
It is in Travelcard Zone 3....
From 1987 to 2010 he was a member of the House of Commons for Banff and Buchan....

--- Processing batch:
When Miller's contract expired at the end of that season, he transferred to Celtic for free under th...
In September 1926, Dempsey fought Gene Tunney, an Irish-American former U.S. Marine, in Philadelphia...
Fortuna - goddess of luck....
It is a standard....

--- Processing batch:
Its studios located at Shrine Hills, Matina, Davao City....
Jeanne Rij-Rousseau -LRB- 1870 - 1956 -RRB- was a French painter....
Viré-en-Champagne is a commune. It is found in the region Pays-de-la-Loire in the Sarthe department ...
Clara Wieck was born in Leipzig on 13 September 1819 to Friedrich Wieck and Marianne Wieck -LRB- née...

--- Processing batch:
Aberlin played Lady Aberlin on Mister Rogers'Neighborhood....
After his father went broke in 1926, the family moved to Winnipeg....
Matteo Paro -LRB- born 17 March 1983 -RRB- is an Italian footballer who plays for Vicenza....
On 28 April 2006, eHow was sold and wikiHow was launched as an independent site....

--- Processing batch:
Samovar & Porter -LRB- 1994 -RRB-, p. 84 Syrians did not congregate in urban enclaves ; many of the ...
The study of perception gave rise to the Gestalt school of psychology, with its emphasis on holistic...
Tape is used in many different ways. It is used to record sound and video....
By Topic Religion January 11 -- Pope Miltiades'reign ends. Pope Miltiades was the Pope of the Cathol...

--- Processing batch:
It is now the site of Meher Baba's samadhi -LRB- tomb-shrine -RRB-....
At landfall, hurricane-force winds extended outward 120 miles -LRB- 190 km -RRB- from the center and...
Hafnium is a chemical element....
The three primary macronutrients : N, P, and K....

--- Processing batch:
Suriname is a country in South America....
Sabana Larga, ElÃ as PiÃ a is a Dominican municipal district of Comendador in the ElÃ as PiÃ a Provi...
Hancock, Michigan, as of 2005, still has street signs written in both English and Finnish....
Fearing that Drek will destroy the galaxy, Clank asks Ratchet to help him find the famous superhero ...

--- Processing batch:
Today, many of the Lutheran chorales are familiar as hymns still used in Protestant churches, sung i...
The poem described how a Christian owes his loyalties to both his homeland and the heavenly kingdom....
She performed for President Reagan in 1988's Great Performances at the White House series, which was...
The highest grades of matcha have more intense sweetness and deeper flavor than the standard or coar...

--- Processing batch:
Longvilliers is a commune in the Pas-de-Calais department in the Nord-Pas-de-Calais region of France...
For provincial and federal elections, Woodstock is included in the riding of Oxford....
Brighton is a suburb of the city of Melbourne in the state of Victoria, Australia....
The Great Barrier Reef is the world's biggest single structure made by living organisms....

--- Processing batch:
The Rainbow jersey is the jersey worn by the reigning world champion in a bicycle racing discipline....
Kellner served as chief justice inspector and administrator of the Laubach courthouse until 1948....
To cope with life in the suffocating depths, vampire squid have developed several radical adaptation...
In 1990, she was the only female entertainer allowed to perform in Saudi Arabia....

--- Processing batch:
Egypt is annexed to the Roman Republic, and Octavian becomes the undisputed ruler of Rome and her su...
Hip dysplasia is a major problem for the breed, with 63.8 % of pugs being affected....
Teddy Ruxpin is a brand of teddy bears....
Some of the lesbian fan base see Xena and Gabrielle as a couple and have embraced them as role model...

--- Processing batch:
Similarly the Taiwanese and the South Korean natives do not use the number 4 when assigning Pennant ...
The Quokka -LRB- Setonix brachyurus -RRB- is a small marsupial about the size of a domestic cat....
StarÄ eviÄ believed that Bosniaks were '' the best Croats '', and claimed that '' Bosnian Muslims ar...
He was the chair of a commission installed by the then social democratic-green government for reform...

--- Processing batch:
The Frisians are a Germanic people living in the Netherlands, Denmark and Germany....
The Caspian Sea is the largest enclosed inland body of water on Earth. The Caspian Sea is the larges...
Naiad was discovered sometime before mid-September, 1989 from the images taken by the Voyager 2 prob...
In public saunas it is more common that men and women go to the sauna separately....

--- Processing batch:
The group's original lineup was Curt Kirkwood -LRB- guitar/vocals -RRB-, his brother Cris Kirkwood -...
Afterwards Sparks transferred it on heavy cotton material, then asked his wife Grace and her sister ...
Broda was born in Brandon, Manitoba....
Schizanthus is a genus of flowering plants in the nightshade family....

--- Processing batch:
Valea Moldovei is a commune in Suceava County, Romania....
Graham attended Wheaton College from 1939 to 1943, when he graduated with a BA in anthropology....
Her famous friendship with the Russian mystic Grigori Rasputin was also an important factor in her l...
Phycodurus eques...

--- Processing batch:
San Nazzaro is a former municipality in the district of Locarno in the canton of Ticino in Switzerla...
The body color varies from medium brown to gold-ish to beige-white ; and occasionally, is marked wit...
However, in what is sometimes called the Post-Vulgate Merlin, Excalibur was given to Arthur by the L...
Görlitz is a town on the Lusatian Neisse River in Saxony....

--- Processing batch:
Alessandro Mazzola -LRB- born 8 November 1942 -RRB- is an Italian former football player....
Saint-Denis-de-Mailloc is a commune. It is found in the region Basse-Normandie in the Calvados depar...
The region is divided into three provinces : Huesca, Zaragoza, and Teruel....
Big Dogs...

--- Processing batch:
The politics of the force were intermingled with Jihad, the religious war or holy war of Muhammad 14...
It has five claws on its fore feet....
Emmy Awards...
His fiction works are considered part of the Romantic movement and, more specifically, dark romantic...

--- Processing batch:
Collapse It was previously believed that sometime during the 7th or 8th centuries, the city was sack...
Gable also earned an Academy Award nomination when he portrayed Fletcher Christian in 1935's Mutiny ...
Frank Tracy Griswold III -LRB- born 1938 -RRB- was the 25th Presiding Bishop of the Episcopal Church...
The aluminium ore bauxite is made up of mostly aluminium hydroxides....

--- Processing batch:
However, when his daughter, Fern Arable, hears of the pig's fate she rescues him and tells her dad t...
Carteret County is a member of the Eastern Carolina Council of Governments....
Epauvillers is a village and former municipality in the district of Franches-Montagnes in the canton...
Electricity is a form of energy....

--- Processing batch:
Mary Quant OBE FCSD -LRB- born 11 February 1934 -RRB- is a Welsh fashion designer and British fashio...
BookCrossing.com users can ` go hunting ', where a member will go to the website to view a list of b...
Jean de Meun wrote the second part of the Roman de la Rose....
Richard A. Peddie -LRB- born on January 1947 in Windsor, Ontario -RRB- is the President and CEO of M...

--- Processing batch:
-LRB- In larger libraries, some specialize in teen services, periodicals, or other special collectio...
Typically a device can pull about 7 to 8 watts from the port ; however, the voltage varies significa...
The character made his first appearance in a black and white preview comic titled Daze of the Dead :...
Thus people interested in perception have long struggled to explain what visual processing does to c...

--- Processing batch:
The conference papers were published the next year in a bookMicroeconomic Foundations of Employment ...
Formal minor planet designations are number-name combinations overseen by the Minor Planet Center....
San Fernando is a city in the Biobio Region of Chile. It is the capital of the San Fernando Province...
Railway Gazette International is a monthly business journal covering the railway, metro, light rail ...

--- Processing batch:
It includes the ceremonial counties of Essex, Hertfordshire, Bedfordshire, Cambridgeshire, Norfolk, ...
His castmates included future girlfriend and pop superstar Britney Spears, future tourmate Christina...
Its remnants moved across southern Spain, dumping rain on the drought-ridden region, and moved into ...
The Spanish conquest of the highlands of Guatemala is completed ; the first Guatemala City is founde...

--- Processing batch:
Ear piercings...
The Khyber Pass is a mountain pass in the Khyber region of Pakistan....
Blues music is a music genre that originated in the United States from African-American music tradit...
The Great Seal of the State of Colorado is an adaptation of the Territorial Seal which was adopted b...

--- Processing batch:
On 26 January 1788, the marines and convicts were landed at Sydney Cove....
Spanish cuisine, especially that of the coastal regions, uses cuttlefish and squid ink for the marin...
The Southern Railway made great use of steam locomotive names for publicity, and the carrying of pup...
However, the BZÖ differs a bit in comparison to the Freedom Party, as is in favor of a referendum ab...

--- Processing batch:
The Opera Company continued to stage innovative productions of both modern and classic Russian opera...
Bersirc...
The Rwanda national football team is the national team of Rwanda....
Prunk is a member of the Institute of European History in Mainz, and a senior fellow of the Center f...

--- Processing batch:
These tablets were then usually placed beneath the ground : either buried in graves or tombs, thrown...
James became the number one contender for the Women's Title on December 12 by defeating Victoria in ...
Choir...
DXBN-TV, channel 9, is a television station of Philippine television network National Broadcasting N...

--- Processing batch:
At a dinner party attended by the Dearly couple, Cruella de Vil expresses her dislike for animals ; ...
The internal styles are also known as Wudangquan, named for their association with the Taoist monast...
In return, Rollo swore fealty to Charles, converted to Christianity, and undertook to defend the nor...
Gastric dumping syndrome, or rapid gastric emptying is a condition where ingested foods bypass the s...

--- Processing batch:
Sylvain Grenier -LRB- born March 26, 1977 -RRB- is a Canadian professional wrestler. He is best know...
The peninsula is home to 257,223 people, which is about 51 % of Newfoundland's population in 2009....
In telecommunication, a Hamming code is a linear error-correcting code. It is named after its invent...
1943 - World War II : Battle of Tarawa -LRB- Operation Galvanic -RRB- begins...

--- Processing batch:
Delgadillo's Snow Cap Drive-In is a historic eatery and roadside attraction located along former Rou...
The Kingdom of Israel was ruled by Jeroboam....
It is native to North America....
Modern science has shown that itch has many similarities to pain, and while both are unpleasant, the...

--- Processing batch:
The fossils were found in the Yixian Formation in the Liaoning province of China, which is known for...
Mede is a comune -LRB- municipality -RRB- in the Province of Pavia in the Italian region Lombardy....
Sean Hannity -LRB- born December 30, 1961 -RRB- is an American radio and television host, author, an...
Each time You Distribute or Publicly Perform the Work or a Collection, the Licensor offers to the re...

--- Processing batch:
She made her debut as a leading film actress in Little Secrets -LRB- 2002 -RRB- and became well-know...
The most common nucleic acids are deoxyribonucleic acid -LRB- DNA -RRB- and ribonucleic acid -LRB- R...
The Aylesbury Music Centre is a music school in Aylesbury....
Texas A&M University is a public university in College Station, Texas....

--- Processing batch:
As time passed, Arika started losing her optimism in being an Otome as she learns more about the pas...
The Apostolic Tradition, attributed to the theologian Hippolytus, attests the singing of Hallel psal...
Hungarians, who are a sizeable minority in Transylvania, are the majority in the counties of Harghit...
Buildings in early Gaborone include Assembly buildings, government offices, a power station, a hospi...

--- Processing batch:
Gatorade...
It was an anthology of short spookie stories, including by Edgar Allan Poe, tied together by the adv...
The early medieval Rustamid dynasty in Algeria was Ibadi, and refugees from its capital Tahert found...
However, religious wars continued until the Thirty Years War, which was ended in 1648 by the Peace o...

--- Processing batch:
Michael Hordy -LRB- born October 10, 1956 in Thunder Bay, Ontario -RRB- is a retired Canadian profes...
On June 23, 2010, Eager was traded to the Atlanta Thrashers along with Dustin Byfuglien, Brent Sopel...
He continued making music under the Girl Talk name while studying biomedical engineering at Case Wes...
Both IBM Lotus and Microsoft have introduced federation between their EIM systems and some of the pu...

--- Processing batch:
LRB- see below -RRB-...
William Moseley, Anna Popplewell, Georgie Henley and Skandar Keynes play Peter, Susan, Lucy and Edmu...
Encyclopædia Britannica, Inc. is an American company best known for publishing the Encyclopædia Brit...
The electric potential is only defined up to an additive constant....

--- Processing batch:
The WebKit engine provides a set of classes to display web content in windows, and implements browse...
Robinson also openly criticized segregated hotels and restaurants that served the Dodger organizatio...
Eleanor de Montfort is captured by pirates in the employ of Edward I of England....
Predictions saved to output/sft_inference/WORD_COMPRESSION-WikiLarge_ori_splitwise-token_explanation-Qwen3-8B-20250624/output_3.json
Inference 4 completed.
Running inference 4 with seed 2...
Using PEFT...
Loading from models/WORD_COMPRESSION-WikiLarge_ori_splitwise-token_explanation-Qwen3-8B-20250624...
Inference args:
Namespace(use_vllm=False, seed=2, model_path='models/WORD_COMPRESSION-WikiLarge_ori_splitwise-token_explanation-Qwen3-8B-20250624', model_name='Qwen/Qwen3-8B', dataset_name='WikiLarge_ori_splitwise', model_class='auto', model_family='base', max_length=512, batch_size=4, slice_test=-1, output_file='output/sft_inference/WORD_COMPRESSION-WikiLarge_ori_splitwise-token_explanation-Qwen3-8B-20250624/output_4.json', device='cuda', peft_path='models/WORD_COMPRESSION-WikiLarge_ori_splitwise-token_explanation-Qwen3-8B-20250624', control_tokens='data/prompts/control_tokens.json', system_prompts='data/prompts/system_prompts.json', user_prompts='data/prompts/user_prompts.json', metric_mapping='data/metric_mapping.json', metric_name='WORD_COMPRESSION', user_prompt_id='token_explanation')

test:	 Inspect the dataset format:
 {'global_id': ['wikilarge_ori_220768'], 'source_text': ['Smaller riverboats can reach higher as far as Achual Point .\n'], 'source_metrics': [{'FRE': 78.25, 'ARI': 7.1, 'FKGL': 4.8, 'Dale-Chall': 10.45, 'char_count': 61, 'alphanum_count': 49, 'word_count': 11, 'sentence_count': 1}], 'metadata': [{'dataset': 'wikilarge_ori', 'experiment_split': '', 'domain': 'general', 'language': 'en', 'annotation': 'automatic', 'level': 'sentence'}], 'simplification_text': ['Smaller riverboats can reach 780 km -LRB- 486 mi -RRB- higher as far as Actual Point .\n'], 'target_metrics': [{'FRE': 72.16, 'ARI': 7.2, 'FKGL': 7.2, 'Dale-Chall': 14.3, 'char_count': 87, 'alphanum_count': 59, 'word_count': 17, 'sentence_count': 1, 'char_compression_rate': 1.43, 'word_compression_rate': 1.55, 'sentence_compression_rate': 1.0, 'BLEU': 31.46660996956415, 'BERTScore': 0.8939859867095947}], 'simplification_version': [1], 'grade_level': [-1], 'simplification_dimensions': [{'linguistic': {'lexical': False, 'syntactic': False}}]}

--- Processing batch:
Smaller riverboats can reach higher as far as Achual Point. The river is 120 km long....
Each square in the graticule is known as a major division....
MiG-23 '' Flogger ''...
They have sold nearly 100 million records worldwide. They have sold nearly 100 million records world...

--- Processing batch:
But they are most often planted from large cuttings which root readily. They are also sometimes grow...
All Killer No Filler...
Sports Milestones His jersey number 30 has been retired by the Granby Bisons....
Her body was found eight days later in a lagoon on Condobolin Road near Forbes....

--- Processing batch:
Other rules are the same as pallapugno....
The H1N1 form of swine flu is one of the descendants of the strain that caused the 1918 flu pandemic...
The temperature in Labuan, which lies in the heart of the tropics, hardly changes through the year....
Although he still plays for Spain, he currently lives in Latvia....

--- Processing batch:
CBE -LRB- born 2 February 1944 -RRB- is a British conductor and composer....
Hans-J ürgen Dörner -LRB- born 1951 -RRB-, football player...
From 1902 to 1904, Burnham was employed by the East Africa Syndicate....
Borough council...

--- Processing batch:
Ashfield is a village in Stirlingshire, Scotland....
He performed with, amongst others, Elf, Rainbow, Black Sabbath, Heaven & Hell, his own band Dio, and...
He is not considered inactive, but simply has not been in any shows for a while....
Karl Dönitz I G G O 10 years Leader of the Kriegsmarine from 1943, succeeded Raeder....

--- Processing batch:
The Class 166 Turbo Express trains are a type of electric multiple unit train operated by the Britis...
The latter device can then be used in less strict environments....
The distance from the center of a circle to its edge is called the radius....
Luk tru da senta av da muun huen it iz bluu, '' sed haa royal mada in ansa tu haa kueschan....

--- Processing batch:
The stadium plays host to the home matches of Scottish Premier League club Motherwell....
The stadium plays host to the home matches of Scottish Premier League club Motherwell. It is also us...
The population is 16,770....
Matthew groups Jesus'teachings into five discourses, of which the Sermon on the Mount is the first. ...

--- Processing batch:
The band has had 16 top ten singles on the Billboard rock charts, eight of which peaked at # 1, and ...
After his apprenticeship he worked as a salesman in his father's shop....
The Parti Québécois was defeated by the Quebec Liberal Party in the 1985 election....
Truls Olaf Otterbech MÃ rk -LRB- born 25 April 1961 -RRB- is a Norwegian cellist and composer....

--- Processing batch:
Mouthpiece...
It was held on October 5....
They were parents of three children : Lady Margaret Clifford -LRB- 1540 - September 28, 1596 -RRB-....
Saint-Mard-d'Eyrans is a commune. It is found in the region Aquitaine in the Gironde department in t...

--- Processing batch:
Each entry has a datum -LRB- a nugget of data -RRB- which is a copy of the datum in some backing sto...
Sudbury Town, opened June 28, 1903 by the District ; first served by the Piccadilly line July 4, 193...
Jeu de paume was a French game played with a racquet and a ball....
Tekken 6 is a fighting game developed by Namco Bandai....

--- Processing batch:
Byzantion later conquered Chalcedon, across the Bosporus....
The city is also a center of sugar production and industry. It has a sugar factory....
Finger foods are foods that are easy to eat with the fingers....
South Yorkshire was created on 1 April 1974 as a result of the Local Government Act 1972. It is a me...

--- Processing batch:
Kingdom Hearts : Chain of Memories takes place after the first game....
Mufasa then teaches Simba about the stars, saying that they represent all the great kings of the pas...
Kayes Region is one of eight first level subdivisions of Mali....
The name '' desert cat '' is reserved for Felis silvestris lybica, the African wildcat. The name '' ...

--- Processing batch:
The current archbishop is Rowan Williams....
In the usual topology on Rn the basic open sets are the open balls....
It is in Travelcard Zone 3....
He was a member of the House of Commons from 1987 to 2010....

--- Processing batch:
When Miller's contract ended at the end of that season, he moved to Celtic for free under the Bosman...
In September 1926, Dempsey fought Gene Tunney, an Irish-American former U.S. Marine, in Philadelphia...
Fortuna - goddess of luck....
It is a standard....

--- Processing batch:
Its studios located at Shrine Hills, Matina, Davao City....
Jeanne Rij-Rousseau -LRB- 1870 - 1956 -RRB- was a French painter....
Viré-en-Champagne is a commune. It is found in the region Pays-de-la-Loire in the Sarthe department ...
Clara Wieck was born in Leipzig on 13 September 1819 to Friedrich Wieck and Marianne Wieck -LRB- née...

--- Processing batch:
Aberlin played Lady Aberlin on Mister Rogers'Neighborhood....
After his father went broke in 1926, the family moved to Winnipeg....
Matteo Paro -LRB- born 17 March 1983 -RRB- is an Italian footballer who plays for Vicenza....
On 28 April 2006, eHow was sold and wikiHow was launched as an independent site....

--- Processing batch:
Samovar & Porter -LRB- 1994 -RRB-, p. 84 Syrians did not congregate in urban enclaves ; many of the ...
The study of perception gave rise to the Gestalt school of psychology, with its emphasis on holistic...
Today, other technologies can perform the functions of magnetic tape....
By Topic Religion January 11 -- Pope Miltiades'reign ends. Pope Miltiades was the Pope of the Cathol...

--- Processing batch:
It is now the site of Meher Baba's samadhi -LRB- tomb-shrine -RRB-....
At landfall, hurricane-force winds extended outward 120 miles -LRB- 190 km -RRB- from the center and...
Hafnium is a chemical element....
Nitrogen -LRB- N -RRB-...

--- Processing batch:
Suriname is a country in South America....
Sabana Larga, ElÃ as PiÃ a is a Dominican municipal district of Comendador in the ElÃ as PiÃ a Provi...
Hancock, Michigan, as of 2005, still has street signs written in both English and Finnish....
Fearing that Drek will destroy the galaxy, Clank asks Ratchet to help him find the famous superhero ...

--- Processing batch:
Today, many of the Lutheran chorales are familiar as hymns still used in Protestant churches, sung i...
The poem described how a Christian owes his loyalties to both his homeland and the heavenly kingdom....
She performed for President Reagan in 1988's Great Performances at the White House series, which was...
The highest grades of matcha have more intense sweetness and deeper flavor than the standard or coar...

--- Processing batch:
Longvilliers is a commune in the Pas-de-Calais department in the Nord-Pas-de-Calais region of France...
For provincial and federal elections, Woodstock is included in the riding of Oxford....
Brighton is a suburb of the city of Melbourne in the state of Victoria, Australia....
The Great Barrier Reef is the world's biggest single structure made by living organisms....

--- Processing batch:
The Rainbow jersey is the jersey worn by the reigning world champion in a bicycle racing discipline....
Kellner served as chief justice inspector and administrator of the Laubach courthouse until 1948....
To cope with life in the suffocating depths, vampire squid have developed several radical adaptation...
In 1990, she was the only female entertainer allowed to perform in Saudi Arabia....

--- Processing batch:
Egypt is annexed to the Roman Republic, and Octavian becomes the undisputed ruler of Rome and her su...
Hip dysplasia is a major problem for the breed....
Teddy Ruxpin is a brand of teddy bears....
Some of the lesbian fan base see Xena and Gabrielle as a couple and have embraced them as role model...

--- Processing batch:
Similarly the Taiwanese and the South Korean natives do not use the number 4 when assigning Pennant ...
The Quokka -LRB- Setonix brachyurus -RRB- is a small marsupial about the size of a domestic cat....
StarÄ eviÄ believed that Bosniaks were '' the best Croats '', and claimed that '' Bosnian Muslims ar...
He was the chair of a commission installed by the then social democratic-green government for reform...

--- Processing batch:
The Frisians are a Germanic people living in the Netherlands....
The Caspian Sea is the largest enclosed inland body of water on Earth. The Caspian Sea is the larges...
Naiad was discovered sometime before mid-September, 1989 from the images taken by the Voyager 2 prob...
In public saunas it is more common that men and women go to the sauna separately....

--- Processing batch:
The group's original lineup was Curt Kirkwood -LRB- guitar/vocals -RRB-, his brother Cris Kirkwood -...
Afterwards Sparks transferred it on heavy cotton material, then asked his wife Grace and her sister ...
Broda was born in Brandon, Manitoba....
Schizanthus is a genus of flowering plants in the nightshade family....

--- Processing batch:
Valea Moldovei is a commune in Suceava County, Romania....
Graham attended Wheaton College from 1939 to 1943, when he graduated with a BA in anthropology....
Her famous friendship with the Russian mystic Grigori Rasputin was also an important factor in her l...
Phycodurus eques...

--- Processing batch:
San Nazzaro is a former municipality in the district of Locarno in the canton of Ticino in Switzerla...
The body color varies from medium brown to gold-ish to beige-white ; and occasionally, is marked wit...
However, in what is sometimes called the Post-Vulgate Merlin, Excalibur was given to Arthur by the L...
Görlitz is a town on the Lusatian Neisse River in Saxony....

--- Processing batch:
Alessandro Mazzola -LRB- born 8 November 1942 -RRB- is an Italian former football player....
Saint-Denis-de-Mailloc is a commune. It is found in the region Basse-Normandie in the Calvados depar...
The region is divided into three provinces : Huesca, Zaragoza, and Teruel....
Big Dogs...

--- Processing batch:
The politics of the force were intermingled with Jihad, the religious war or holy war of Muhammad 14...
It has five claws on its fore feet....
It has won 28 Emmy Awards....
His fiction works are considered part of the Romantic movement and, more specifically, dark romantic...

--- Processing batch:
Collapse It was previously believed that sometime during the 7th or 8th centuries, the city was sack...
Gable also earned an Academy Award nomination when he portrayed Fletcher Christian in 1935's Mutiny ...
Frank Tracy Griswold III -LRB- born 1938 -RRB- was the 25th Presiding Bishop of the Episcopal Church...
The aluminium ore bauxite is made up of mostly aluminium hydroxides....

--- Processing batch:
However, when his daughter, Fern Arable, hears of the pig's fate she rescues him and tells her dad t...
Carteret County is a member of the Eastern Carolina Council of Governments....
Epauvillers is a village in the district of Franches-Montagnes in the canton of Jura in Switzerland....
Electricity...

--- Processing batch:
Mary Quant OBE FCSD -LRB- born 11 February 1934 -RRB- is a Welsh fashion designer and British fashio...
BookCrossing.com users can ` go hunting ', where a member will go to the website to view a list of b...
The Roman de la Rose is a medieval French poem....
Richard A. Peddie -LRB- born on January 1947 in Windsor, Ontario -RRB- is the President and CEO of M...

--- Processing batch:
-LRB- In larger libraries, some libraries specialize in teen services, periodicals, or other special...
Typically a device can pull about 7 to 8 watts from the port ; however, the voltage varies significa...
The character made his first appearance in a black and white preview comic titled Daze of the Dead :...
Thus people interested in perception have long struggled to explain what visual processing does to c...

--- Processing batch:
The conference papers were published the next year in a bookMicroeconomic Foundations of Employment ...
Formal minor planet designations are number-name combinations overseen by the Minor Planet Center....
San Fernando is a city in the Biobio Region of Chile. It is the capital of the San Fernando Province...
Railway Gazette International is a monthly business journal covering the railway, metro, light rail ...

--- Processing batch:
It includes the ceremonial counties of Essex, Hertfordshire, Bedfordshire, Cambridgeshire, Norfolk, ...
His castmates included future girlfriend and pop superstar Britney Spears, future tourmate Christina...
Its remnants moved across southern Spain, dumping rain on the drought-ridden region, and moved into ...
Undated The Spanish conquest of the highlands of Guatemala is completed ; the first Guatemala City i...

--- Processing batch:
Ear piercings...
The Khyber Pass is a mountain pass in the Khyber region of Pakistan....
Blues music is a music genre that originated in the United States from African-American music tradit...
The Great Seal of the State of Colorado is an adaptation of the Territorial Seal which was adopted b...

--- Processing batch:
On 26 January 1788, the marines and convicts were landed at Sydney Cove....
Spanish cuisine, especially that of the coastal regions, uses cuttlefish and squid ink for the marin...
The Southern Railway made great use of steam locomotive names for publicity, and the carrying of pup...
However, the BZÖ differs a bit in comparison to the Freedom Party, as is in favor of a referendum ab...

--- Processing batch:
The Opera Company continued to stage innovative productions of both modern and classic Russian opera...
Bersirc is a chat client....
The Rwanda national football team is the national team of Rwanda....
Prunk is a member of the Institute of European History in Mainz, and a senior fellow of the Center f...

--- Processing batch:
These tablets were then usually placed beneath the ground : either buried in graves or tombs, thrown...
James became the number one contender for the Women's Title on December 12 by defeating Victoria in ...
Singing...
DXBN-TV, channel 9, is a television station of Philippine television network National Broadcasting N...

--- Processing batch:
At a dinner party attended by the Dearly couple, Cruella de Vil expresses her dislike for animals ; ...
The internal styles are also known as Wudangquan, named for their association with the Taoist monast...
In return, Rollo swore fealty to Charles, converted to Christianity, and undertook to defend the nor...
Gastric dumping syndrome, or rapid gastric emptying is a condition where ingested foods bypass the s...

--- Processing batch:
Sylvain Grenier -LRB- born March 26, 1977 -RRB- is a Canadian professional wrestler. He is best know...
The peninsula is home to 257,223 people, which is about 51 % of Newfoundland's population in 2009....
In telecommunication, a Hamming code is a linear error-correcting code. It is named after its invent...
1943 - World War II : Battle of Tarawa -LRB- Operation Galvanic -RRB- begins...

--- Processing batch:
Delgadillo's Snow Cap Drive-In is a historic eatery and roadside attraction located along former Rou...
The Kingdom of Israel was ruled by Jeroboam....
It is native to North America....
Modern science has shown that itch has many similarities to pain, and while both are unpleasant, the...

--- Processing batch:
The fossils were found in the Yixian Formation in the Liaoning province of China, which is known for...
Mede is a comune -LRB- municipality -RRB- in the Province of Pavia in the Italian region Lombardy....
Sean Hannity -LRB- born December 30, 1961 -RRB- is an American radio and television host, author, an...
Each time You Distribute or Publicly Perform the Work or a Collection, the Licensor offers to the re...

--- Processing batch:
She made her debut as a leading film actress in Little Secrets -LRB- 2002 -RRB- and became well-know...
The most common nucleic acids are deoxyribonucleic acid -LRB- DNA -RRB- and ribonucleic acid -LRB- R...
Aylesbury High School...
Texas A&M University is a public university in College Station, Texas....

--- Processing batch:
As time passed, Arika started losing her optimism in being an Otome as she learns more about the pas...
The Apostolic Tradition, attributed to the theologian Hippolytus, attests the singing of Hallel psal...
Hungarians, who are a sizeable minority in Transylvania, are the majority in the counties of Harghit...
Buildings in early Gaborone include Assembly buildings, government offices, a power station, a hospi...

--- Processing batch:
Gatorade...
It was an anthology of short spookie stories, including by Edgar Allan Poe, tied together by the adv...
The early medieval Rustamid dynasty in Algeria was Ibadi, and refugees from its capital Tahert found...
However, religious wars continued until the Thirty Years War, which was ended in 1648 by the Peace o...

--- Processing batch:
Michael Hordy -LRB- born October 10, 1956 in Thunder Bay, Ontario -RRB- is a retired Canadian profes...
On June 23, 2010, Eager was traded to the Atlanta Thrashers along with Dustin Byfuglien, Brent Sopel...
He continued making music under the Girl Talk name while studying biomedical engineering at Case Wes...
Both IBM Lotus and Microsoft have introduced federation between their EIM systems and some of the pu...

--- Processing batch:
See below...
William Moseley, Anna Popplewell, Georgie Henley and Skandar Keynes play Peter, Susan, Lucy and Edmu...
Encyclopædia Britannica, Inc. is an American company best known for publishing the Encyclopædia Brit...
The electric potential is only defined up to an additive constant....

--- Processing batch:
The WebKit engine provides a set of classes to display web content in windows, and implements browse...
Robinson also openly criticized segregated hotels and restaurants that served the Dodger organizatio...
Eleanor de Montfort is captured by pirates in the employ of Edward I of England....
Predictions saved to output/sft_inference/WORD_COMPRESSION-WikiLarge_ori_splitwise-token_explanation-Qwen3-8B-20250624/output_4.json
Inference 5 completed.
Running inference 5 with seed 28...
Using PEFT...
Loading from models/WORD_COMPRESSION-WikiLarge_ori_splitwise-token_explanation-Qwen3-8B-20250624...
Inference args:
Namespace(use_vllm=False, seed=28, model_path='models/WORD_COMPRESSION-WikiLarge_ori_splitwise-token_explanation-Qwen3-8B-20250624', model_name='Qwen/Qwen3-8B', dataset_name='WikiLarge_ori_splitwise', model_class='auto', model_family='base', max_length=512, batch_size=4, slice_test=-1, output_file='output/sft_inference/WORD_COMPRESSION-WikiLarge_ori_splitwise-token_explanation-Qwen3-8B-20250624/output_5.json', device='cuda', peft_path='models/WORD_COMPRESSION-WikiLarge_ori_splitwise-token_explanation-Qwen3-8B-20250624', control_tokens='data/prompts/control_tokens.json', system_prompts='data/prompts/system_prompts.json', user_prompts='data/prompts/user_prompts.json', metric_mapping='data/metric_mapping.json', metric_name='WORD_COMPRESSION', user_prompt_id='token_explanation')

test:	 Inspect the dataset format:
 {'global_id': ['wikilarge_ori_220768'], 'source_text': ['Smaller riverboats can reach higher as far as Achual Point .\n'], 'source_metrics': [{'FRE': 78.25, 'ARI': 7.1, 'FKGL': 4.8, 'Dale-Chall': 10.45, 'char_count': 61, 'alphanum_count': 49, 'word_count': 11, 'sentence_count': 1}], 'metadata': [{'dataset': 'wikilarge_ori', 'experiment_split': '', 'domain': 'general', 'language': 'en', 'annotation': 'automatic', 'level': 'sentence'}], 'simplification_text': ['Smaller riverboats can reach 780 km -LRB- 486 mi -RRB- higher as far as Actual Point .\n'], 'target_metrics': [{'FRE': 72.16, 'ARI': 7.2, 'FKGL': 7.2, 'Dale-Chall': 14.3, 'char_count': 87, 'alphanum_count': 59, 'word_count': 17, 'sentence_count': 1, 'char_compression_rate': 1.43, 'word_compression_rate': 1.55, 'sentence_compression_rate': 1.0, 'BLEU': 31.46660996956415, 'BERTScore': 0.8939859867095947}], 'simplification_version': [1], 'grade_level': [-1], 'simplification_dimensions': [{'linguistic': {'lexical': False, 'syntactic': False}}]}

--- Processing batch:
Smaller riverboats can reach higher as far as Achual Point. The river is 120 km long....
Each square in the graticule is known as a major division....
MiG-23 '' Flogger ''...
They have sold nearly 100 million records worldwide. They have sold over 100 million records worldwi...

--- Processing batch:
But they are most often planted from large cuttings which root readily. They are also sometimes grow...
All Killer No Filler...
Sports Milestones His jersey number 30 has been retired by the Granby Bisons....
Her body was found eight days later in a lagoon on Condobolin Road near Forbes....

--- Processing batch:
Other rules are the same as pallapugno....
The H1N1 form of swine flu is one of the descendants of the strain that caused the 1918 flu pandemic...
The temperature in Labuan, which lies in the heart of the tropics, hardly changes through the year....
Although he still plays for Spain, he currently lives in Latvia....

--- Processing batch:
CBE -LRB- born 2 February 1944 -RRB- is a British conductor and composer....
Hans-J ürgen Dörner -LRB- born 1951 -RRB-, football player...
From 1902 to 1904, Burnham was employed by the East Africa Syndicate....
Borough council...

--- Processing batch:
Ashfield is a village in Stirlingshire, Scotland....
He performed with, amongst others, Elf, Rainbow, Black Sabbath, Heaven & Hell, his own band Dio, and...
He is not considered inactive, but simply has not been in any shows for a while....
Karl Dönitz I G G O 10 years Leader of the Kriegsmarine from 1943, succeeded Raeder....

--- Processing batch:
The Class 166 Turbo Express trains are a type of electric multiple unit train operated by the Britis...
The latter device can then be designed and used in less strict environments....
The distance from the center of a circle to its edge is called the radius....
'' Luk tru da senta av da muun huen it iz bluu, '' sed haa royal mada in ansa tu haa kueschan....

--- Processing batch:
The stadium plays host to the home matches of Scottish Premier League club Motherwell....
The stadium plays host to the home matches of Scottish Premier League club Motherwell. It is also us...
The population is 16,770....
Matthew groups Jesus'teachings into five discourses, of which the Sermon on the Mount is the first. ...

--- Processing batch:
The band has had 16 top ten singles on the Billboard rock charts, eight of which peaked at # 1, and ...
After his apprenticeship he worked as a salesman in his father's shop....
The Parti Québécois was defeated by the Quebec Liberal Party in the 1985 election. The Parti Québéco...
Truls Olaf Otterbech MÃ rk -LRB- born 25 April 1961 -RRB- is a Norwegian cellist and composer....

--- Processing batch:
Mouthpiece...
It was held on October 5....
They were parents of three children : Lady Margaret Clifford -LRB- 1540 - September 28, 1596 -RRB-....
Saint-Mard-d'Eyrans is a commune. It is found in the region Aquitaine in the Gironde department in t...

--- Processing batch:
Each entry has a datum -LRB- a nugget of data -RRB- which is a copy of the datum in some backing sto...
Sudbury Town, opened June 28, 1903 by the District ; first served by the Piccadilly line July 4, 193...
Jeu de paume was a French game played with a racquet and a ball....
Tekken 6 is a fighting game developed by Namco Bandai....

--- Processing batch:
Byzantion later conquered Chalcedon, across the Bosporus on the Asiatic side....
The city is also a center of sugar production and industry. It is the largest city in the state....
Finger foods are foods that are easy to eat with the fingers....
South Yorkshire was created on 1 April 1974 as a result of the Local Government Act 1972. It is a co...

--- Processing batch:
Kingdom Hearts : Chain of Memories takes place after the first game....
Mufasa then teaches Simba about the stars, saying that they represent all the great kings of the pas...
Kayes Region is one of eight first level subdivisions of Mali....
The name '' desert cat '' is reserved for Felis silvestris lybica, the African wildcat. The desert c...

--- Processing batch:
The current archbishop is Rowan Williams....
In the usual topology on Rn the basic open sets are the open balls....
It is in Travelcard Zone 3....
From 1987 to 2010 he was a member of the House of Commons for Banff and Buchan....

--- Processing batch:
When Miller's contract expired at the end of that season, he transferred to Celtic for free under th...
In September 1926, Dempsey fought Gene Tunney, an Irish-American former U.S. Marine, in Philadelphia...
Fortuna - goddess of luck....
It is a standard....

--- Processing batch:
Its studios located at Shrine Hills, Matina, Davao City....
Jeanne Rij-Rousseau -LRB- June 10, 1870 -- October 22, 1956 -RRB- was a French painter....
Viré-en-Champagne is a commune. It is found in the region Pays-de-la-Loire in the Sarthe department ...
Clara Wieck was born in Leipzig on 13 September 1819 to Friedrich Wieck and Marianne Wieck -LRB- née...

--- Processing batch:
Aberlin played Lady Aberlin on Mister Rogers'Neighborhood....
After his father went broke in 1926, the family moved to Winnipeg....
Matteo Paro -LRB- born 17 March 1983 -RRB- is an Italian footballer who plays for Vicenza....
On 28 April 2006, eHow was sold and wikiHow was launched as an independent site....

--- Processing batch:
Samovar & Porter -LRB- 1994 -RRB-, p. 84 Syrians did not congregate in urban enclaves ; many of the ...
The study of perception gave rise to the Gestalt school of psychology, with its emphasis on holistic...
Today, other technologies can perform the functions of magnetic tape....
By Topic Religion January 11 -- Pope Miltiades'reign ends. Pope Miltiades was the Pope of the Cathol...

--- Processing batch:
It is now the site of Meher Baba's samadhi -LRB- tomb-shrine -RRB-....
At landfall, hurricane-force winds extended outward 120 miles -LRB- 190 km -RRB- from the center and...
Hafnium is a chemical element....
The three primary macronutrients : N, P, and K....

--- Processing batch:
Suriname is a country in South America....
Sabana Larga, ElÃ as PiÃ a is a Dominican municipal district of Comendador in the ElÃ as PiÃ a Provi...
Hancock, Michigan, as of 2005, still has street signs written in both English and Finnish....
Fearing that Drek will destroy the galaxy, Clank asks Ratchet to help him find the famous superhero ...

--- Processing batch:
Today, many of the Lutheran chorales are familiar as hymns still used in Protestant churches, sung i...
The poem described how a Christian owes his loyalties to both his homeland and the heavenly kingdom....
She performed for President Reagan in 1988's Great Performances at the White House series, which air...
The highest grades of matcha have more intense sweetness and deeper flavor than the standard or coar...

--- Processing batch:
Longvilliers is a commune in the Pas-de-Calais department in the Nord-Pas-de-Calais region of France...
For provincial and federal elections, Woodstock is included in the riding of Oxford....
Brighton is a suburb of the city of Melbourne in the state of Victoria, Australia....
The Great Barrier Reef is the world's biggest single structure made by living organisms....

--- Processing batch:
The Rainbow jersey is the jersey worn by the reigning world champion in a bicycle racing discipline....
Kellner served as chief justice inspector and administrator of the Laubach courthouse until 1948....
To cope with life in the suffocating depths, vampire squid have developed several radical adaptation...
In 1990, she was the only female entertainer allowed to perform in Saudi Arabia....

--- Processing batch:
Egypt is annexed to the Roman Republic, and Octavian becomes the undisputed ruler of Rome and her su...
Hip dysplasia is a major problem for the breed....
Teddy Ruxpin is a brand of teddy bears....
Some of the lesbian fan base see Xena and Gabrielle as a couple and have embraced them as role model...

--- Processing batch:
Similarly the Taiwanese and the South Korean natives do not use the number 4 when assigning Pennant ...
The Quokka -LRB- Setonix brachyurus -RRB- is a small marsupial about the size of a domestic cat....
StarÄ eviÄ believed that Bosniaks were '' the best Croats '', and claimed that '' Bosnian Muslims ar...
He was the chair of a commission installed by the then social democratic-green government for reform...

--- Processing batch:
The Frisians are a Germanic people living in the Netherlands....
The Caspian Sea is the largest enclosed inland body of water on Earth. The Caspian Sea is the larges...
Naiad was discovered sometime before mid-September, 1989 from the images taken by the Voyager 2 prob...
In public saunas it is more common that men and women go to the sauna separately....

--- Processing batch:
The group's original lineup was Curt Kirkwood -LRB- guitar/vocals -RRB-, his brother Cris Kirkwood -...
Afterwards Sparks transferred it on heavy cotton material, then asked his wife Grace and her sister ...
Broda was born in Brandon, Manitoba....
Schizanthus is a genus of flowering plants in the nightshade family....

--- Processing batch:
Valea Moldovei is a commune in Suceava County, Romania....
Graham attended Wheaton College from 1939 to 1943, when he graduated with a BA in anthropology....
Her famous friendship with the Russian mystic Grigori Rasputin was also an important factor in her l...
Phycodurus eques...

--- Processing batch:
San Nazzaro is a former municipality in the district of Locarno in the canton of Ticino in Switzerla...
The body color varies from medium brown to gold-ish to beige-white ; and occasionally, is marked wit...
However, in what is sometimes called the Post-Vulgate Merlin, Excalibur was given to Arthur by the L...
Görlitz is a town on the Lusatian Neisse River in Saxony....

--- Processing batch:
Alessandro Mazzola -LRB- born 8 November 1942 -RRB- is an Italian former football player....
Saint-Denis-de-Mailloc is a commune. It is found in the region Basse-Normandie in the Calvados depar...
The region is divided into three provinces : Huesca, Zaragoza, and Teruel....
Big Dogs...

--- Processing batch:
The politics of the force were intermingled with Jihad, the religious war or holy war of Muhammad 14...
It has five claws on its fore feet....
Emmy Awards...
His fiction works are considered part of the Romantic movement and, more specifically, dark romantic...

--- Processing batch:
Collapse It was previously believed that sometime during the 7th or 8th centuries, the city was burn...
Gable also earned an Academy Award nomination when he portrayed Fletcher Christian in 1935's Mutiny ...
Frank Tracy Griswold III -LRB- born 1938 -RRB- was the 25th Presiding Bishop of the Episcopal Church...
The aluminium ore bauxite is made up of mostly aluminium hydroxides....

--- Processing batch:
However, when his daughter, Fern Arable, hears of the pig's fate she rescues him and tells her dad t...
Carteret County is a member of the Eastern Carolina Council of Governments....
Epauvillers is a village in the district of Franches-Montagnes in the canton of Jura in Switzerland....
Electricity is a form of energy....

--- Processing batch:
Mary Quant OBE FCSD -LRB- born 11 February 1934 -RRB- is a Welsh fashion designer and British fashio...
BookCrossing.com users can ` go hunting ', where a member will go to the website to view a list of b...
The Roman de la Rose is a medieval French poem....
Richard A. Peddie -LRB- born on January 1947 in Windsor, Ontario -RRB- is the President and CEO of M...

--- Processing batch:
-LRB- In larger libraries, some specialize in teen services, periodicals, or other special collectio...
Typically a device can pull about 7 to 8 watts from the port ; however, the voltage varies significa...
The character made his first appearance in a black and white preview comic titled Daze of the Dead :...
Thus people interested in perception have long struggled to explain what visual processing does to c...

--- Processing batch:
The conference papers were published the next year in a bookMicroeconomic Foundations of Employment ...
Formal minor planet designations are number-name combinations overseen by the Minor Planet Center....
San Fernando is a city in the Biobio Region of Chile. It is the capital of the San Fernando Province...
Railway Gazette International is a monthly business journal covering the railway, metro, light rail ...

--- Processing batch:
It includes the ceremonial counties of Essex, Hertfordshire, Bedfordshire, Cambridgeshire, Norfolk, ...
His castmates included future girlfriend and pop superstar Britney Spears, future tourmate Christina...
Its remnants moved across southern Spain, dumping rain on the drought-ridden region, and moved into ...
The Spanish conquest of the highlands of Guatemala is completed ; the first Guatemala City is founde...

--- Processing batch:
Ear piercings...
The Khyber Pass is a mountain pass in the Khyber region of Pakistan....
Blues music is a music genre that originated in the United States from African-American communities ...
The Great Seal of the State of Colorado is an adaptation of the Territorial Seal which was adopted b...

--- Processing batch:
On 26 January 1788, the marines and convicts were landed at Sydney Cove....
Spanish cuisine, especially that of the coastal regions, uses cuttlefish and squid ink for the marin...
The Southern Railway made great use of steam locomotive names for publicity, and the carrying of pup...
However, the BZÖ differs a bit in comparison to the Freedom Party, as is in favor of a referendum ab...

--- Processing batch:
Under Yuri Temirkanov, Principal Conductor from 1976 to 1988, the Opera Company continued to stage i...
Bersirc...
The Rwanda national football team is the national team of Rwanda....
Prunk is a member of the Institute of European History in Mainz, and a senior fellow of the Center f...

--- Processing batch:
These tablets were then usually placed beneath the ground : either buried in graves or tombs, thrown...
James became the number one contender for the Women's Title on December 12 by defeating Victoria in ...
Choir...
DXBN-TV, channel 9, is a television station of Philippine television network National Broadcasting N...

--- Processing batch:
At a dinner party attended by the Dearly couple, Cruella de Vil expresses her dislike for animals ; ...
The internal styles are also known as Wudangquan, named for their association with the Taoist monast...
In return, Rollo swore fealty to Charles, converted to Christianity, and undertook to defend the nor...
Gastric dumping syndrome, or rapid gastric emptying is a condition where ingested foods bypass the s...

--- Processing batch:
Sylvain Grenier -LRB- born March 26, 1977 -RRB- is a Canadian professional wrestler. He is best know...
The peninsula is home to 257,223 people, which is about 51 % of Newfoundland's population in 2009....
In telecommunication, a Hamming code is a linear error-correcting code. It is named after its invent...
1943 - World War II : Battle of Tarawa -LRB- Operation Galvanic -RRB- begins...

--- Processing batch:
Delgadillo's Snow Cap Drive-In is a historic eatery and roadside attraction located along former Rou...
The Kingdom of Israel was ruled by Jeroboam....
It is native to North America....
Modern science has shown that itch has many similarities to pain, and while both are unpleasant, the...

--- Processing batch:
The fossils were found in the Yixian Formation in the Liaoning province of China, which is known for...
Mede is a comune -LRB- municipality -RRB- in the Province of Pavia in the Italian region Lombardy....
Sean Hannity -LRB- born December 30, 1961 -RRB- is an American radio and television host, author, an...
Each time You Distribute or Publicly Perform the Work or a Collection, the Licensor offers to the re...

--- Processing batch:
She made her debut as a leading film actress in Little Secrets -LRB- 2002 -RRB- and became well-know...
The most common nucleic acids are deoxyribonucleic acid -LRB- DNA -RRB- and ribonucleic acid -LRB- R...
Aylesbury High School is a school in Aylesbury....
Texas A&M University is a public university in College Station, Texas....

--- Processing batch:
As time passed, Arika started losing her optimism in being an Otome as she learns more about the pas...
The Apostolic Tradition, attributed to the theologian Hippolytus, attests the singing of Hallel psal...
Hungarians, who are a sizeable minority in Transylvania, are the majority in the counties of Harghit...
Buildings in early Gaborone include Assembly buildings, government offices, a power station, a hospi...

--- Processing batch:
Gatorade...
It was an anthology of short spookie stories, including by Edgar Allan Poe, tied together by the adv...
The early medieval Rustamid dynasty in Algeria was Ibadi, and refugees from its capital Tahert found...
However, religious wars continued until the Thirty Years War, which was ended in 1648 by the Peace o...

--- Processing batch:
Michael Hordy -LRB- born October 10, 1956 in Thunder Bay, Ontario -RRB- is a retired Canadian profes...
On June 23, 2010, Eager was traded to the Atlanta Thrashers along with Dustin Byfuglien, Brent Sopel...
He continued making music under the Girl Talk name while studying biomedical engineering at Case Wes...
Both IBM Lotus and Microsoft have introduced federation between their EIM systems and some of the pu...

--- Processing batch:
Administrators may unprotect a page....
William Moseley, Anna Popplewell, Georgie Henley and Skandar Keynes play Peter, Susan, Lucy and Edmu...
Encyclopædia Britannica, Inc. is an American company best known for publishing the Encyclopædia Brit...
The electric potential is only defined up to an additive constant....

--- Processing batch:
The WebKit engine provides a set of classes to display web content in windows, and implements browse...
Robinson also openly criticized segregated hotels and restaurants that served the Dodger organizatio...
Eleanor de Montfort is captured by pirates in the employ of Edward I of England....
Predictions saved to output/sft_inference/WORD_COMPRESSION-WikiLarge_ori_splitwise-token_explanation-Qwen3-8B-20250624/output_5.json
Inference 6 completed.
Running evaluation script...
--- Running evaluation...
Input files:	 ['output/sft_inference/WORD_COMPRESSION-WikiLarge_ori_splitwise-token_explanation-Qwen3-8B-20250624/output_1.json', 'output/sft_inference/WORD_COMPRESSION-WikiLarge_ori_splitwise-token_explanation-Qwen3-8B-20250624/output_2.json', 'output/sft_inference/WORD_COMPRESSION-WikiLarge_ori_splitwise-token_explanation-Qwen3-8B-20250624/output_3.json', 'output/sft_inference/WORD_COMPRESSION-WikiLarge_ori_splitwise-token_explanation-Qwen3-8B-20250624/output_4.json', 'output/sft_inference/WORD_COMPRESSION-WikiLarge_ori_splitwise-token_explanation-Qwen3-8B-20250624/output_5.json']
Metric:	 WORD_COMPRESSION
--- word_compression_rate losses:
Mean Squared Error (MSE): 0.03953969849246231
Mean Absolute Error (MAE): 0.12552763819095475
Standard Deviation of Errors: 0.1986067986962468
Variance of Errors: 0.03944466048837151

Saved loss values to stats.json
Updated averaged predictions file with per-sample losses: output/sft_inference/WORD_COMPRESSION-WikiLarge_ori_splitwise-token_explanation-Qwen3-8B-20250624/output_averaged.json
Scatter plot saved to output/sft_inference/WORD_COMPRESSION-WikiLarge_ori_splitwise-token_explanation-Qwen3-8B-20250624/word_compression_rate_scatter_plot.png
Legend saved to output/sft_inference/WORD_COMPRESSION-WikiLarge_ori_splitwise-token_explanation-Qwen3-8B-20250624/word_compression_rate_scatter_legend.png
Control attribute vs metrics plot saved as word_compression_rate_ctrl_attr_vs_metrics.png
Error-vs-metrics plots saved.
STD of error by reference bin saved as word_compression_rate_error_std_by_ref_bin.png
Plots saved to output/sft_inference/WORD_COMPRESSION-WikiLarge_ori_splitwise-token_explanation-Qwen3-8B-20250624

All plots saved to output/sft_inference/WORD_COMPRESSION-WikiLarge_ori_splitwise-token_explanation-Qwen3-8B-20250624

--- Mean metrics:
BLEU_to_source: BLEU_to_source: 60.89 (+4.74 -5.12)
BLEU_to_ref: BLEU_to_ref: 37.54 (+4.15 -4.22)
BERTScore_to_source: BERTScore_to_source: 0.95 (+0.01 -0.01)
BERTScore_to_ref: BERTScore_to_ref: 0.91 (+0.01 -0.01)
COMET: COMET: 0.74 (+0.02 -0.03)
SARI: SARI: 51.41 (+2.62 -2.43)

Saved evaluation summary to output/sft_results/all_results.json

--- Evaluation complete.
Script completed: Tue Jun 24 23:14:43 CEST 2025
