Wed May 28 08:59:18 2025       
+-----------------------------------------------------------------------------------------+
| NVIDIA-SMI 560.35.05              Driver Version: 560.35.05      CUDA Version: 12.6     |
|-----------------------------------------+------------------------+----------------------+
| GPU  Name                 Persistence-M | Bus-Id          Disp.A | Volatile Uncorr. ECC |
| Fan  Temp   Perf          Pwr:Usage/Cap |           Memory-Usage | GPU-Util  Compute M. |
|                                         |                        |               MIG M. |
|=========================================+========================+======================|
|   0  NVIDIA A100-SXM4-80GB          Off |   00000000:CB:00.0 Off |                    0 |
| N/A   27C    P0             62W /  400W |       1MiB /  81920MiB |      0%      Default |
|                                         |                        |             Disabled |
+-----------------------------------------+------------------------+----------------------+
                                                                                         
+-----------------------------------------------------------------------------------------+
| Processes:                                                                              |
|  GPU   GI   CI        PID   Type   Process name                              GPU Memory |
|        ID   ID                                                               Usage      |
|=========================================================================================|
|  No running processes found                                                             |
+-----------------------------------------------------------------------------------------+
Running inference 1 with seed 37...
Using PEFT...
Loading from models/CHAR_COMPRESSION-Med-EASi-token_explanation-Llama-3.1-8B-Instruct-20250527...
Inference args:
Namespace(use_vllm=False, seed=37, model_path='models/CHAR_COMPRESSION-Med-EASi-token_explanation-Llama-3.1-8B-Instruct-20250527', model_name='meta-llama/Llama-3.1-8B-Instruct', dataset_name='Med-EASi', model_class='auto', model_family='base', max_length=512, batch_size=4, slice_test=-1, output_file='output/sft_inference/CHAR_COMPRESSION-Med-EASi-token_explanation-Llama-3.1-8B-Instruct-20250527/output_1.json', device='cuda', peft_path='models/CHAR_COMPRESSION-Med-EASi-token_explanation-Llama-3.1-8B-Instruct-20250527', control_tokens='data/prompts/control_tokens.json', system_prompts='data/prompts/system_prompts.json', user_prompts='data/prompts/user_prompts.json', metric_mapping='data/metric_mapping.json', metric_name='CHAR_COMPRESSION', user_prompt_id='token_explanation')

test:	 Inspect the dataset format:
 {'global_id': ['medeasi_001354'], 'source_text': ['Malthus was not the first to outline the problems he perceived.'], 'source_metrics': [{'FRE': 85.69, 'ARI': 6.8, 'FKGL': 4.0, 'Dale-Chall': 8.49, 'char_count': 63, 'alphanum_count': 52, 'word_count': 12, 'sentence_count': 1}], 'metadata': [{'dataset': 'medeasi', 'experiment_split': '', 'domain': 'medical', 'language': 'en', 'annotation': 'human', 'level': 'sentence'}], 'simplification_text': ['Malthus said this would not work, and it would only lead to increased numbers of the poor.'], 'target_metrics': [{'FRE': 88.06, 'ARI': 7.6, 'FKGL': 5.2, 'Dale-Chall': 7.27, 'char_count': 90, 'alphanum_count': 72, 'word_count': 19, 'sentence_count': 1, 'char_compression_rate': 1.43, 'word_compression_rate': 1.58, 'sentence_compression_rate': 1.0, 'BLEU': 3.0272532566104675, 'BERTScore': 0.9067994952201843}], 'simplification_version': [1], 'grade_level': [-1], 'simplification_dimensions': [{'linguistic': {'lexical': False, 'syntactic': False}}]}

--- Processing batch:
The first person to outline the problems Malthus perceived was Thomas Robert Malthus'father, Daniel ...
The Joubert syndrome is one such disease....
The common cold has no cure, but the symptoms can be treated....
The people who live in shanty towns have high rates of crime, suicide, drug use and disease....

--- Processing batch:
The sudden death of Seidl in 1898 from food poisoning at the age of 47 was widely mourned....
The disorder affects about 0.3-0.7 % of people at some point in their life, or 24 million people wor...
The glans penis is the expanded cap of the corpus spongiosum....
The pain creates a withdrawal reflex, while the itch leads to a scratch reflex....

--- Processing batch:
The syndrome is named after John Hilton Edwards, who first described the syndrome in 1960....
The electric fields help the fish find buried prey....
The small feedings reduce the osmotic load....
The testes have two main functions: to produce hormones and to produce sperm....

--- Processing batch:
The symptoms of asthma can vary from person to person. Some people have mild symptoms, while others ...
The extreme characteristics ( e.g., height ) in parents are not passed on completely to their offspr...
The risk of hardening of the arteries is lower in people with Down syndrome....
The knees are often swollen but not painful; they are often hot but rarely red....

--- Processing batch:
The disease usually lasts 13 to 15 years....
The most common form of acne is called acne vulgaris, meaning `` common acne ''....
The medications pirfenidone or nintedanib may slow the progression of the disease....
The north pole of a magnet feels a force in the direction of the H-field while the force on the sout...

--- Processing batch:
The police arrested her on May 16, 1947, for possessing narcotics in her New York apartment....
The white blood cells and ESR may be elevated due to gout in the absence of infection....
The involuntary movement of the eye is often called `` dancing eyes ''....
The king died of a stroke at Sheen on 21 June....

--- Processing batch:
The reasons for wearing underwear are many....
The symptoms usually go away in seven to ten days, but some symptoms may last up to three weeks....
The doctors believed the herbs would counter the `` evil '' smells of the plague and prevent them fr...
The symptoms of a heart attack may include shortness of breath, nausea, feeling faint, a cold sweat,...

--- Processing batch:
The recommended dosage is 0.05 mg/kg body weight sc once/ day....
The PET scan also commonly is done to assess the extent of disease as well as the cervical lymphatic...
The appendix is located near the junction of the small intestine and the large intestine....
The symptoms of epiglottitis include a sore throat, difficulty swallowing, and drooling. In children...

--- Processing batch:
The ants will eventually die of exhaustion....
The diagnosis of anaphylaxis is based on a person's signs and symptoms....
The disease was first described by the Japanese physician Hakaru Hashimoto in 1912....
The risk of complications is low, and less than 0.2 % of children need a tube inserted through the m...

--- Processing batch:
The nasal spray may reduce the symptoms of a runny nose but has little effect on stuffiness....
The Diels-Alder reaction and the dipolar reaction both become a [ 4+2 ] cycloaddition....
The bacteria that cause this condition are becoming resistant to many of the antibiotics used to tre...
The person may have a rapid heart rate and high blood pressure....

--- Processing batch:
The sit-skis are designed for wheelchair users or other skiers with a form of paraplegia....
The doctor may prescribe antidiarrheal medicines (eg, loperamide) to help control diarrhea....
The blood vessels may grow in from the limbus (corneal neovascularization)....
The risk of getting a sexually transmitted infection is lower if a person has a sexually transmitted...

--- Processing batch:
The most common cause of strabismus is a problem with the way the eyes focus (refractive error). The...
The most common warts are sharply demarcated, rough, round or irregular, firm, and light gray, yello...
The treatment is determined by where the disease is acquired, the species of Leishmania, and the typ...
The singer lived in Cambridge, Massachusetts until his death in 2011 from pneumonia....

--- Processing batch:
The symptoms and signs of food allergies vary by the type of food, the mechanism of the allergy, and...
The risk, however, varies depending on the degree of high uric acid levels....
The breast may be warm to the touch and may have a rash (peau d'orange). The nipple may be inverted ...
The antibiotics prescribed for strep throat are given at a higher rate than would be expected from i...

--- Processing batch:
The urinary tract infections occur four times more frequently in females than males....
The lungs are affected, so people with EP have trouble breathing....
The kidneys are two bean-shaped organs in the lower back. Nephritis is inflammation of the kidneys a...
The outer layer of human skin is made of keratin, a protein....

--- Processing batch:
The mother may not bond with her infant, resulting in emotional, social, and cognitive problems in t...
The blood vessels are blocked or narrowed with blood clots....
The symptoms of sarcoidosis can vary widely. About 50 % of patients report constitutional symptoms s...
The food waste produced by processing can be difficult to reduce without affecting the quality of th...

--- Processing batch:
The symptoms of sarcoidosis can vary widely. Some people have no symptoms....
The first symptoms of heart failure are usually weight gain and swelling in the legs....
The person may feel tired and need to sleep a lot....
The disease is usually spread by eating food or drinking water contaminated with infected feces....

--- Processing batch:
The bacteria that cause a single infection can be many different types....
The recessive gene disorders confer an advantage in certain environments when only one copy of the g...
The doctors said that if they moved to a warmer place, it would help her get better....
The fungus can destroy an entire orchard in a single growing season....

--- Processing batch:
The innate immune system provides immediate defense against infection, and is found in all classes o...
The Taung skull is in the repository at the University of Witwatersrand....
The blood pressure in the arteries of the lungs is too high....
The Real Shapeshifters Website Dedicated to the study of shapeshifting phenomena ( realshapeshifters...

--- Processing batch:
The hands of people who touch cholera patients or their clothing, bedding, etc., should be thoroughl...
The function of T cells and B cells is to recognize specific non-self antigens....
The patient has diarrhea, fever, and malaise. A chronic phase of milder diarrhea, nausea, anorexia, ...
The ganglion can be treated with injections of corticosteroids, which can reduce the size of the gan...

--- Processing batch:
The measles epidemic and food shortages during 1900 reduced the population of the area by one-third....
The onset is often acute, usually with fever, severe joint pain, and limitation of movement....
The epidural hematoma is a collection of blood that forms between the dura mater and the cranium....
The Nazis also made it illegal for Jews to use public transportation, except for the ferry, and to s...

--- Processing batch:
The risk of hepatitis C is increased by two to three times in people who have tattoos. This can be d...
The peat forms when plant material does not fully decay in acidic and anaerobic conditions....
The ship then sailed southwards but, reaching thick ice at around 60°S, turned northeast towards the...
The child may put off having bowel movements because the stools are hard and uncomfortable to pass o...

--- Processing batch:
The cheletropic reaction is a type of cycloaddition reaction....
The syndrome usually develops in early childhood or in the teenage years....
The symptoms of acute appendicitis are fever as high as 40° C, usually accompanied by peritonitis....
The screams for a man being bitten by an alligator were performed by Wooley....

--- Processing batch:
The Grignard reagent reacts with a variety of carbonyl derivatives....
The venom from stinging or biting insects such as Hymenoptera (ants, bees, and wasps) or Triatominae...
The first step in diagnosing hepatitis C is a blood test to detect the presence of antibodies to the...
The infection ranges from asymptomatic (in 5 to 50 % of cases) to a hemorrhagic fever with a case fa...

--- Processing batch:
The most common type of migraine is called migraine with aura....
The Orb changed the title to `` A Huge Ever Growing Pulsating Brain That Rules From the Centre of th...
The fossilized fauna were numerous organisms previously thought to have died out after the mid-Cambr...
The woman could, apparently, recall random dot patterns with such fidelity as to combine two pattern...

--- Processing batch:
The doctor can usually diagnose mallet finger by looking at the finger....
The hepatitis E virus causes different patterns of liver damage depending on the person's background...
The first antibiotic treatments and vaccines for leprosy were developed using armadillos, then given...
The next day, Oscar Hijuelos collapsed of a heart attack while playing tennis in Manhattan and never...

--- Processing batch:
The West Highland railway line was built across Rannoch Moor in western Scotland, and its builders h...
The differences in life expectancy increased between the 1970s and 1990s.Schizophrenia is a major ca...
The mouthwash and gels contain Sodium Nitrate....
The Yankees manager, Miller Huggins, died of a skin infection....

--- Processing batch:
The symptoms include a sense of fullness, heaviness, aching, cramps, pain, tiredness, and paresthesi...
The symptoms of proctitis include rectal itching, a cloudy rectal discharge, bleeding, and constipat...
The preliminary research results from Hong Kong also indicated this as the probable reason for many ...
The theory states that animals react to threats with a general discharge of the sympathetic nervous ...

--- Processing batch:
The largest intestinal roundworm is the most common helminth infection of humans worldwide, a diseas...
The symptoms of acute porphyria include a bandlike tightness around the chest or abdomen, weakness, ...
The most accurate method for measuring body fat is called underwater (hydrostatic) weighing....
The self-help groups may provide resources for personality disorders....

--- Processing batch:
The SN1 reaction is often known as the dissociative mechanism in inorganic chemistry....
The symptoms of lupus can vary widely from person to person and can change over time. Joint symptoms...
The conjunctiva may become red and swollen....
The account of the anchorage by Morrell is wrong, giving a location in open sea about 60 miles ( 97 ...

--- Processing batch:
The diagnosis of gout is based upon the identification of monosodium urate crystals in synovial flui...
The charity work he does is to help raise money to find a cure for Cystic Fibrosis....
The term neurosis is used to describe a group of mental disorders....
The breast may feel lumpy or rope-like. A lump may be felt in the breast....

--- Processing batch:
The early and late stages are usually separated by a period of time when the person does not have sy...
The liver becomes inflamed and damaged, and the person may develop jaundice (yellowing of the skin a...
The number of cases of bacterial meningitis is about 2,600 per year in the United States....
The infection can cause burning or sharp pains during ejaculation....

--- Processing batch:
The United States has repeatedly described Armenia as a major source of illegal transport of women f...
The diagnosis of abdominal migraines is controversial because the symptoms are not the same as those...
The chest tightness tends to return and persist through midweek and occasionally to the end of the w...
The silent stroke still causes damage to the brain, and places the patient at increased risk for bot...

--- Processing batch:
The symptoms of typhoid fever usually last for 2 to 4 weeks....
The caste system of insects enables eusociality, the division of labor between non-breeding and bree...
The American military governor wrote in a report to Congress, `` that execution by the garotte is fa...
The symptoms of schizophrenia include hallucinations, delusions, and disorganized thinking and speec...

--- Processing batch:
The same disease, such as some forms of cancer, may be caused by an inherited genetic condition in s...
The risk of anaphylaxis is higher in people with asthma, eczema, or allergic rhinitis....
The penis may be injured during sex or masturbation....
The researchers can then infer the probable function of the gene....

--- Processing batch:
The pain may be superficial or deep - whether it occurs primarily at the vaginal outlet or vaginal b...
The eye pain can be divided into three categories: pain that comes from the cornea, pain that comes ...
The historian said, `` it was quinine's efficacy that gave colonists fresh opportunities to swarm in...
The waste products of metabolism and other non-useful materials are eliminated from an organism....

--- Processing batch:
The symptoms of vasculitis can vary depending on the size of the blood vessels involved....
The researchers can then infer the probable function of the gene....
The most common type of anal cancer is squamous cell carcinoma....
The four stages of syphilis are primary, secondary, latent, and tertiary....

--- Processing batch:
The bruises can be serious, leading to other more life-threatening forms of hematoma, such as when a...
The risk of schizophrenia is higher in people who have a family history of the disorder. Other facto...
The bleeding can occur internally, where blood leaks from blood vessels inside the body, or external...
The use of cigarettes is especially high in individuals diagnosed with schizophrenia, with estimates...

--- Processing batch:
The height of an individual will measure around a midpoint that is two thirds of the parents' deviat...
The primary symptoms are caused by tetanospasmin, a neurotoxin produced by the bacterium Clostridium...
The virus usually enters the host when a virus enters a host, either : It is usually only after a vi...
The embryo implants into the Fallopian tube instead of the uterus, creating an ectopic pregnancy, co...

--- Processing batch:
The bacteria must be isolated, cultured, described, and deposited in a bacteriology culture collecti...
The cycloaddition of two molecules can also occur via photochemical activation....
The various thalassemias resemble another genetic disorder affecting hemoglobin, sickle-cell disease...
The reaction is used in organic synthesis to convert 4-substituted-gamma-lactones to butyrolactones....

--- Processing batch:
The person then looks at a black-and-white horizontal grating and a black-and-white vertical grating...
The symptoms of depression and anxiety disorders are similar....
The abnormal proliferation and contraction of the smooth muscle cells of the pulmonary arteries in p...
The risk of death from coronary artery disease can be reduced by aerobic exercise....

--- Processing batch:
The risk factors include poverty, malnutrition, deforestation, lack of sanitation and urbanization....
The urinary tract is the system that carries urine from the kidneys to the bladder and out of the bo...
The risk of getting an infection is lower during non-penetrative sex....
The diagnosis of sinus infections is usually made clinically....

--- Processing batch:
The Youth Games were held in Singapore in 2010....
The risk of tuberculosis is increased by undernutrition and HIV infection....
The treatment for cerebrovascular disease may include medication, lifestyle changes and/or surgery, ...
The concept of pansexuality rejects the gender binary, the `` notion of two genders and indeed of sp...

--- Processing batch:
The doctor will ask the following questions: Is the discharge from one or both breasts? What color i...
The subcortical vascular dementia caused by small- vessel ischemic damage (which includes multiple l...
The light-harvesting complex, the nicotinic acetylcholine receptor, and the bacterial flagellum have...
The disorder was named after George Huntington, who wrote a paper about it in 1872, stating that `` ...

--- Processing batch:
The doctor asks about all possible causes of peripheral neuropathy, including chronic heavy metal ex...
The Fitz-Hugh-Curtis syndrome is gonococcal (or chlamydial) perihepatitis that occurs predominantly ...
The bile ducts are the tubes that carry bile from the liver into the small intestine. Cholangiocarci...
The errors create large structural changes in DNA sequence - duplications, inversions, deletions of ...

--- Processing batch:
The bacteria that cause osteomyelitis can be spread through the bloodstream (hematogenous osteomyeli...
The term `` metabolic syndrome '' was used by Haller in 1977 for associations of obesity, diabetes m...
The pancreas is a long, flat gland....
The symptoms of a concussion may last for a few days to weeks after the injury; they include Chronic...

--- Processing batch:
The physiological adaptations permit the organism to perform special functions such as making venom,...
The caffeine in coffee has a mild diuretic effect....
The randomness of the environment (for example, Brownian motion, but also hardware random number gen...
The most common cause of tonsillopharyngitis is a viral infection, most often caused by the common c...

--- Processing batch:
The heart muscle may become thickened (hypertrophied), and the heart may become stiff and unable to ...
The exact cause of sarcopenia is unknown, but it may be due to a combination of the gradual failure ...
The person is very unhappy with their appearance....
The hypothalamus is a part of the brain....
Predictions saved to output/sft_inference/CHAR_COMPRESSION-Med-EASi-token_explanation-Llama-3.1-8B-Instruct-20250527/output_1.json
Inference 2 completed.
Running inference 2 with seed 15...
Using PEFT...
Loading from models/CHAR_COMPRESSION-Med-EASi-token_explanation-Llama-3.1-8B-Instruct-20250527...
Inference args:
Namespace(use_vllm=False, seed=15, model_path='models/CHAR_COMPRESSION-Med-EASi-token_explanation-Llama-3.1-8B-Instruct-20250527', model_name='meta-llama/Llama-3.1-8B-Instruct', dataset_name='Med-EASi', model_class='auto', model_family='base', max_length=512, batch_size=4, slice_test=-1, output_file='output/sft_inference/CHAR_COMPRESSION-Med-EASi-token_explanation-Llama-3.1-8B-Instruct-20250527/output_2.json', device='cuda', peft_path='models/CHAR_COMPRESSION-Med-EASi-token_explanation-Llama-3.1-8B-Instruct-20250527', control_tokens='data/prompts/control_tokens.json', system_prompts='data/prompts/system_prompts.json', user_prompts='data/prompts/user_prompts.json', metric_mapping='data/metric_mapping.json', metric_name='CHAR_COMPRESSION', user_prompt_id='token_explanation')

test:	 Inspect the dataset format:
 {'global_id': ['medeasi_001354'], 'source_text': ['Malthus was not the first to outline the problems he perceived.'], 'source_metrics': [{'FRE': 85.69, 'ARI': 6.8, 'FKGL': 4.0, 'Dale-Chall': 8.49, 'char_count': 63, 'alphanum_count': 52, 'word_count': 12, 'sentence_count': 1}], 'metadata': [{'dataset': 'medeasi', 'experiment_split': '', 'domain': 'medical', 'language': 'en', 'annotation': 'human', 'level': 'sentence'}], 'simplification_text': ['Malthus said this would not work, and it would only lead to increased numbers of the poor.'], 'target_metrics': [{'FRE': 88.06, 'ARI': 7.6, 'FKGL': 5.2, 'Dale-Chall': 7.27, 'char_count': 90, 'alphanum_count': 72, 'word_count': 19, 'sentence_count': 1, 'char_compression_rate': 1.43, 'word_compression_rate': 1.58, 'sentence_compression_rate': 1.0, 'BLEU': 3.0272532566104675, 'BERTScore': 0.9067994952201843}], 'simplification_version': [1], 'grade_level': [-1], 'simplification_dimensions': [{'linguistic': {'lexical': False, 'syntactic': False}}]}

--- Processing batch:
The first person to outline the problems Malthus perceived was Thomas Robert Malthus'father, Daniel ...
The Joubert syndrome is one such disease....
The common cold has no cure, but the symptoms can be treated....
The people who live in shanty towns have high rates of crime, suicide, drug use and disease....

--- Processing batch:
The sudden death of Seidl in 1898 from food poisoning at the age of 47 was widely mourned....
The disorder affects about 0.3-0.7 % of people at some point in their life, or 24 million people wor...
The glans penis is the expanded cap of the corpus spongiosum....
The pain creates a withdrawal reflex, while the itch leads to a scratch reflex....

--- Processing batch:
The syndrome is named after John Hilton Edwards, who first described the syndrome in 1960....
The electric fields help the fish find buried prey....
The small feedings reduce the osmotic load....
The testes have two main functions: to produce hormones and to produce sperm....

--- Processing batch:
The symptoms of asthma can vary from person to person. Some people have mild symptoms, while others ...
The extreme characteristics ( e.g., height ) in parents are not passed on completely to their offspr...
The risk of hardening of the arteries is lower in people with Down syndrome....
The knees are often swollen, hot, but rarely red....

--- Processing batch:
The disease usually lasts 13 to 15 years....
The most common form of acne is called acne vulgaris, meaning `` common acne ''....
The medications pirfenidone or nintedanib may slow the progression of the disease....
The north pole of a magnet feels a force in the direction of the H-field while the force on the sout...

--- Processing batch:
The police arrested her on May 16, 1947, for possessing narcotics in her New York apartment....
The white blood cells and ESR may be elevated due to gout in the absence of infection....
The involuntary movement of the eye is often called `` dancing eyes ''....
The king died of a stroke at Sheen on 21 June....

--- Processing batch:
The reasons for wearing underwear are many....
The symptoms usually go away in seven to ten days, but some symptoms may last up to three weeks....
The doctors believed the herbs would counter the `` evil '' smells of the plague and prevent them fr...
The symptoms of a heart attack may include shortness of breath, nausea, feeling faint, a cold sweat,...

--- Processing batch:
The recommended dosage is 0.05 mg/kg body weight sc once/ day....
The PET scan also commonly is done to assess the extent of disease as well as the cervical lymphatic...
The appendix is located near the junction of the small intestine and the large intestine....
The symptoms of epiglottitis are a sore throat, difficulty swallowing, and drooling. The symptoms de...

--- Processing batch:
The ants will eventually die of exhaustion....
The diagnosis of anaphylaxis is based on a person's signs and symptoms....
The disease was first described by the Japanese physician Hakaru Hashimoto in 1912....
The risk of death is less than 0.2 % of children....

--- Processing batch:
The nasal spray may reduce the symptoms of a runny nose but has little effect on stuffiness....
The Diels-Alder reaction and the dipolar reaction both become a [ 4+2 ] cycloaddition....
The bacteria that cause this condition are becoming resistant to many of the antibiotics used to tre...
The person may have a fast heart rate and high blood pressure....

--- Processing batch:
The sit-skis are designed for wheelchair users or other skiers with a form of paraplegia....
The doctor may recommend antidiarrheal medications (eg, loperamide) 1 h before eating....
The blood vessels may grow in from the limbus (corneal neovascularization)....
The risk of getting a sexually transmitted infection is lower if a person has a sexually transmitted...

--- Processing batch:
The most common cause of strabismus is a problem with the way the eyes focus (refractive error). Thi...
The most common warts are sharply demarcated, rough, round or irregular, firm, and light gray, yello...
The treatment is determined by where the disease is acquired, the species of Leishmania, and the typ...
The singer lived in Cambridge, Massachusetts until his death in 2011 from pneumonia....

--- Processing batch:
The symptoms and signs of food allergies vary by allergen, mechanism, and patient age....
The risk, however, varies depending on the degree of high uric acid levels....
The breast may be warm to the touch and may have a rash (peau d'orange). The nipple may be inverted ...
The antibiotics are prescribed for strep throat at a higher rate than would be expected from its pre...

--- Processing batch:
The urinary tract infections occur four times more frequently in females than males....
The lungs are affected, so people with EP have trouble breathing....
The kidneys are two bean-shaped organs in the lower back. Nephritis is inflammation of the kidneys a...
The outer layer of human skin is made of keratin, a protein....

--- Processing batch:
The mother may not bond with her infant, resulting in emotional, social, and cognitive problems in t...
The blood vessels are blocked or narrowed with blood clots....
The symptoms of sarcoidosis can vary widely. About 50 % of patients report constitutional symptoms s...
The food waste produced by processing can be difficult to reduce without affecting the quality of th...

--- Processing batch:
The symptoms of sarcoidosis can vary widely. Some people have no symptoms....
The first symptoms of heart failure are usually weight gain and swelling in the legs....
The person may feel tired and need to sleep a lot....
The disease may rarely cause acute liver failure, which is more common in the elderly....

--- Processing batch:
The bacteria that cause a single infection can be many different types....
The recessive gene disorders confer an advantage in certain environments when only one copy of the g...
The doctors said that a warmer climate would help her get better....
The fungus can destroy an entire orchard in a single growing season....

--- Processing batch:
The innate immune system provides immediate defense against infection, and is found in all classes o...
The Taung skull is in the repository at the University of Witwatersrand....
The blood pressure in the arteries of the lungs is too high....
The Real Shapeshifters Website Dedicated to the study of shapeshifting phenomena ( realshapeshifters...

--- Processing batch:
The hands of people who touch cholera patients or their clothing, bedding, etc., should be thoroughl...
The function of T cells and B cells is to recognize specific non-self antigens....
The patient has diarrhea, fever, and malaise. A chronic phase of milder diarrhea, nausea, anorexia, ...
The ganglion can be treated with a variety of methods, including injections of corticosteroids, inje...

--- Processing batch:
The measles epidemic and food shortages during 1900 reduced the population of the area by one-third....
The symptoms of rheumatoid arthritis are usually sudden and severe, and include fever, severe joint ...
The epidural hematoma is a collection of blood that forms between the dura mater and the cranium....
The Nazis also forbade Jews from using public transportation, except for the ferry, and from shoppin...

--- Processing batch:
The risk of hepatitis C is increased by two to three times in people who have tattoos. This can be d...
The peat forms when plant material does not fully decay in acidic and anaerobic conditions....
The ship then sailed southwards but, reaching thick ice at around 60°S, turned northeast towards the...
The child may put off having bowel movements because the stools are hard and uncomfortable to pass o...

--- Processing batch:
The cheletropic reaction is a type of cycloaddition reaction where a molecule is added to a ring of ...
The syndrome usually develops in early childhood or in the teenage years....
The symptoms of acute appendicitis are fever as high as 40° C, usually accompanied by peritonitis....
The screams for a man being bitten by an alligator were performed by Wooley....

--- Processing batch:
The Grignard reagent reacts with a variety of carbonyl derivatives....
The venom from stinging or biting insects such as Hymenoptera (ants, bees, and wasps) or Triatominae...
The first step in diagnosing hepatitis C is a blood test to detect the presence of antibodies to the...
The infection ranges from asymptomatic (in 5 to 50 % of cases) to a hemorrhagic fever with a case fa...

--- Processing batch:
The most common type of migraine is called migraine with aura....
The Orb changed the title to `` A Huge Ever Growing Pulsating Brain That Rules From the Centre of th...
The fossilized fauna were numerous organisms previously thought to have died out after the mid-Cambr...
The woman could, apparently, recall random dot patterns with such fidelity as to combine two pattern...

--- Processing batch:
The doctor can usually diagnose mallet finger by looking at the finger....
The hepatitis E virus causes different patterns of liver damage depending on the host's background....
The first antibiotic treatments and vaccines for leprosy were developed using armadillos, then given...
The next day, Oscar Hijuelos collapsed of a heart attack while playing tennis in Manhattan and never...

--- Processing batch:
The West Highland railway line was built across Rannoch Moor in western Scotland, and its builders h...
The differences in life expectancy increased between the 1970s and 1990s.Schizophrenia is a major ca...
The mouthwash and gels contain Sodium Nitrate....
The Yankees manager, Miller Huggins, died of a skin infection....

--- Processing batch:
The symptoms include a sense of fullness, heaviness, aching, cramps, pain, tiredness, and paresthesi...
The symptoms of proctitis include rectal itching, a cloudy rectal discharge, bleeding, and constipat...
The preliminary research results from Hong Kong also indicated this as the probable reason for many ...
The theory states that animals react to threats with a general discharge of the sympathetic nervous ...

--- Processing batch:
The largest intestinal roundworm is the most common helminth infection of humans worldwide, a diseas...
The symptoms of acute porphyria include a bandlike tightness around the chest or abdomen, weakness, ...
The most accurate method for measuring percentage of body fat is underwater (hydrostatic) weighing....
The self-help groups may provide resources for personality disorders....

--- Processing batch:
The SN1 reaction is often known as the dissociative mechanism in inorganic chemistry....
The symptoms of lupus can vary widely from person to person. Some people have mild symptoms, while o...
The conjunctiva may become red and swollen....
The account of the anchorage by Morrell is wrong, giving a location in open sea about 60 miles ( 97 ...

--- Processing batch:
The definitive diagnosis of gout is based upon the identification of monosodium urate crystals in sy...
The money raised goes to help find a cure for Cystic Fibrosis....
The term neurosis is used to describe a group of mental disorders....
The breast may feel lumpy or rope-like. A lump may be felt in the breast....

--- Processing batch:
The early and late stages are usually separated by a period of time when the person does not have sy...
The liver becomes inflamed and damaged, and the liver cells die. The liver becomes unable to remove ...
The number of cases of bacterial meningitis is about 2,600 per year in the United States....
The infection can cause burning or sharp pains during ejaculation....

--- Processing batch:
The United States has repeatedly described Armenia as a major source of illegal transport of women f...
The diagnosis of abdominal migraines is controversial because the symptoms are not the same as those...
The chest tightness tends to return and persist through midweek and occasionally to the end of the w...
The silent stroke still causes damage to the brain, and places the patient at increased risk for bot...

--- Processing batch:
The symptoms of typhoid fever usually last for 2 to 4 weeks....
The caste system of insects enables eusociality, the division of labor between non-breeding and bree...
The American military governor wrote in a report to Congress, `` that execution by the garotte is fa...
The symptoms of schizophrenia include hallucinations, delusions, and disorganized thinking and speec...

--- Processing batch:
The same disease, such as some forms of cancer, may be caused by an inherited genetic condition in s...
The risk of anaphylaxis is higher in people with asthma, eczema, or allergies....
The penis may be injured during sex or masturbation....
The researchers can then infer the probable function of the gene....

--- Processing batch:
The pain may be superficial or deep - whether it occurs primarily at the vaginal outlet or vaginal b...
The eye pain can be divided into three categories: pain that comes from the cornea, pain that comes ...
The historian said, `` it was quinine's efficacy that gave colonists fresh opportunities to swarm in...
The waste products of metabolism and other non-useful materials are eliminated from an organism....

--- Processing batch:
The symptoms of vasculitis can vary depending on the size of the blood vessels involved....
The researchers can then infer the probable function of the gene....
The most common type of anal cancer is squamous cell carcinoma....
The four stages of syphilis are primary, secondary, latent, and tertiary....

--- Processing batch:
The bruises can be serious, leading to other more life-threatening forms of hematoma, such as when a...
The risk of schizophrenia is higher in people who have a family history of the disorder. Other facto...
The bleeding can occur internally, where blood leaks from blood vessels inside the body, or external...
The use of cigarettes is especially high in individuals diagnosed with schizophrenia, with estimates...

--- Processing batch:
The height of an individual will measure around a midpoint that is two thirds of the parents' deviat...
The primary symptoms are caused by tetanospasmin, a neurotoxin produced by the bacterium Clostridium...
The virus usually enters the host when a virus enters a host, either :...
The embryo implants into the Fallopian tube instead of the uterus, creating an ectopic pregnancy, co...

--- Processing batch:
The bacteria must be isolated, cultured, described, and deposited in a bacteriology culture collecti...
The cycloaddition of two molecules can also occur via photochemical activation....
The various thalassemias resemble another genetic disorder affecting hemoglobin, sickle-cell disease...
The reaction is used in organic synthesis to convert 4-substituted-gamma-lactones to butyrolactones....

--- Processing batch:
The person then looks at a black-and-white horizontal grating and a black-and-white vertical grating...
The symptoms of depression and anxiety disorders are similar....
The abnormal proliferation and contraction of the smooth muscle cells of the pulmonary arteries in p...
The risk of death from coronary artery disease can be reduced by aerobic exercise....

--- Processing batch:
The risk factors include poverty, malnutrition, deforestation, lack of sanitation and urbanization....
The urinary tract is the system that makes, stores, and carries urine out of the body. Urinary tract...
The risk of getting an infection is lower during non-penetrative sex....
The diagnosis of sinus infections is usually made clinically....

--- Processing batch:
The Youth Games were held in Singapore in 2010....
The risk of tuberculosis is increased by undernutrition and HIV infection....
The treatment for cerebrovascular disease may include medication, lifestyle changes and/or surgery, ...
The concept of pansexuality rejects the gender binary, the `` notion of two genders and indeed of sp...

--- Processing batch:
The doctor will ask the following questions: Is the discharge from one or both breasts? What color i...
The subcortical vascular dementia caused by small- vessel ischemic damage (which includes multiple l...
The light-harvesting complex, the nicotinic acetylcholine receptor, and the bacterial flagellum have...
The disorder was named after George Huntington, who wrote a paper about the disorder in 1872, statin...

--- Processing batch:
The doctor asks about all possible causes of peripheral neuropathy, including chronic heavy metal ex...
The Fitz-Hugh-Curtis syndrome is gonococcal (or chlamydial) perihepatitis that occurs predominantly ...
The bile ducts are the tubes that carry bile from the liver into the small intestine. Cholangiocarci...
The errors create large structural changes in DNA sequence - duplications, inversions, deletions of ...

--- Processing batch:
The most common cause of osteomyelitis is Staphylococcus aureus. Fungi and mycobacteria can cause os...
The term `` metabolic syndrome '' was used by Haller in 1977 for associations of obesity, diabetes m...
The pancreas is a long, flat gland....
The symptoms of a concussion may last for a few days to weeks after the injury; they include Chronic...

--- Processing batch:
The physiological adaptations permit the organism to perform special functions such as making venom,...
The caffeine in coffee has a mild diuretic effect....
The randomness of the environment (for example, Brownian motion, but also hardware random number gen...
The most common cause of tonsillopharyngitis is a viral infection, most often caused by the common c...

--- Processing batch:
The heart muscle may become thickened (hypertrophied), and the heart may become stiff and unable to ...
The exact cause of sarcopenia is unknown, but it may be due to a combination of the gradual failure ...
The person is very unhappy with their appearance....
The hypothalamus is a part of the brain....
Predictions saved to output/sft_inference/CHAR_COMPRESSION-Med-EASi-token_explanation-Llama-3.1-8B-Instruct-20250527/output_2.json
Inference 3 completed.
Running inference 3 with seed 96...
Using PEFT...
Loading from models/CHAR_COMPRESSION-Med-EASi-token_explanation-Llama-3.1-8B-Instruct-20250527...
Inference args:
Namespace(use_vllm=False, seed=96, model_path='models/CHAR_COMPRESSION-Med-EASi-token_explanation-Llama-3.1-8B-Instruct-20250527', model_name='meta-llama/Llama-3.1-8B-Instruct', dataset_name='Med-EASi', model_class='auto', model_family='base', max_length=512, batch_size=4, slice_test=-1, output_file='output/sft_inference/CHAR_COMPRESSION-Med-EASi-token_explanation-Llama-3.1-8B-Instruct-20250527/output_3.json', device='cuda', peft_path='models/CHAR_COMPRESSION-Med-EASi-token_explanation-Llama-3.1-8B-Instruct-20250527', control_tokens='data/prompts/control_tokens.json', system_prompts='data/prompts/system_prompts.json', user_prompts='data/prompts/user_prompts.json', metric_mapping='data/metric_mapping.json', metric_name='CHAR_COMPRESSION', user_prompt_id='token_explanation')

test:	 Inspect the dataset format:
 {'global_id': ['medeasi_001354'], 'source_text': ['Malthus was not the first to outline the problems he perceived.'], 'source_metrics': [{'FRE': 85.69, 'ARI': 6.8, 'FKGL': 4.0, 'Dale-Chall': 8.49, 'char_count': 63, 'alphanum_count': 52, 'word_count': 12, 'sentence_count': 1}], 'metadata': [{'dataset': 'medeasi', 'experiment_split': '', 'domain': 'medical', 'language': 'en', 'annotation': 'human', 'level': 'sentence'}], 'simplification_text': ['Malthus said this would not work, and it would only lead to increased numbers of the poor.'], 'target_metrics': [{'FRE': 88.06, 'ARI': 7.6, 'FKGL': 5.2, 'Dale-Chall': 7.27, 'char_count': 90, 'alphanum_count': 72, 'word_count': 19, 'sentence_count': 1, 'char_compression_rate': 1.43, 'word_compression_rate': 1.58, 'sentence_compression_rate': 1.0, 'BLEU': 3.0272532566104675, 'BERTScore': 0.9067994952201843}], 'simplification_version': [1], 'grade_level': [-1], 'simplification_dimensions': [{'linguistic': {'lexical': False, 'syntactic': False}}]}

--- Processing batch:
The idea that the population of the world would grow faster than the food supply was not new....
The Joubert syndrome is one such disease....
The common cold has no cure, but the symptoms can be treated....
The shanty towns have high rates of crime, suicide, drug use and disease....

--- Processing batch:
The sudden death of Seidl in 1898 from food poisoning at the age of 47 was widely mourned....
The disorder affects about 0.3-0.7 % of people at some point in their life, or 24 million people wor...
The glans penis is the expanded cap of the corpus spongiosum....
The pain creates a withdrawal reflex, while the itch leads to a scratch reflex....

--- Processing batch:
The syndrome is named after John Hilton Edwards, who first described the syndrome in 1960....
The electric fields help the fish find buried prey....
The small feedings reduce the osmotic load....
The testes have two main functions: to produce hormones and to produce sperm....

--- Processing batch:
The symptoms of asthma can vary from person to person. Some people have mild symptoms, while others ...
The extreme characteristics ( e.g., height ) in parents are not passed on completely to their offspr...
The risk of hardening of the arteries is lower in people with Down syndrome....
The knees are often swollen, hot, but rarely red....

--- Processing batch:
The disease usually lasts 13 to 15 years....
The most common form of acne is called acne vulgaris, meaning `` common acne ''....
The medications pirfenidone or nintedanib may slow the progression of the disease....
The force on a north pole is in the direction of the H-field while the force on the south pole is op...

--- Processing batch:
The police arrested her on May 16, 1947, for possessing narcotics in her New York apartment....
The white blood cells and ESR may be elevated due to gout in the absence of infection....
The involuntary movement of the eye is often called `` dancing eyes ''....
The king died of a stroke at Sheen on 21 June....

--- Processing batch:
The reasons for wearing underwear are many....
The symptoms usually go away in seven to ten days, but some symptoms may last up to three weeks....
The doctors believed the herbs would counter the `` evil '' smells of the plague and prevent them fr...
The symptoms of a heart attack may include shortness of breath, nausea, feeling faint, a cold sweat,...

--- Processing batch:
The recommended dosage is 0.05 mg/kg body weight sc once/ day....
The PET scan also commonly is done to assess the extent of disease as well as the cervical lymphatic...
The appendix is located near the junction of the small intestine and the large intestine....
The symptoms of epiglottitis are a sore throat, difficulty swallowing, and drooling. The symptoms de...

--- Processing batch:
The ants will eventually die of exhaustion....
The diagnosis of anaphylaxis is based on a person's signs and symptoms....
The disease was first described by the Japanese physician Hakaru Hashimoto in 1912....
The risk of complications is low, and less than 0.2 % of children need a tube inserted through the m...

--- Processing batch:
The nasal spray may reduce the symptoms of a runny nose but has little effect on stuffiness....
The Diels-Alder reaction and the dipolar reaction both become a [ 4+2 ] cycloaddition....
The bacteria that cause this condition are becoming resistant to many of the antibiotics used to tre...
The person may have a fast heart rate and high blood pressure....

--- Processing batch:
The sit-skis are designed for wheelchair users or other skiers with a form of paraplegia....
The doctor may recommend antidiarrheal medicines (eg, loperamide) 1 h before eating....
The blood vessels may grow in from the limbus (corneal neovascularization)....
The risk of getting a sexually transmitted infection is lower if a person has a sexually transmitted...

--- Processing batch:
The most common cause of strabismus is a problem with the way the eyes focus (refractive error). The...
The most common warts are sharply demarcated, rough, round or irregular, firm, and light gray, yello...
The treatment is determined by where the disease is acquired, the species of Leishmania, and the typ...
The singer lived in Cambridge, Massachusetts until his death in 2011 from pneumonia....

--- Processing batch:
The symptoms and signs of food allergies vary by the type of food, the mechanism of the allergy, and...
The risk, however, varies depending on the degree of high uric acid levels....
The breast may be warm to the touch and may have a rash (peau d'orange). The nipple may be inverted ...
The antibiotics prescribed for strep throat are given at a higher rate than would be expected from i...

--- Processing batch:
The urinary tract infections occur four times more frequently in females than males....
The lungs are affected, so people with EP have trouble breathing....
The kidneys are two bean-shaped organs in the lower back. Nephritis is inflammation of the kidneys a...
The outer layer of human skin is made of keratin, a protein....

--- Processing batch:
The mother may not bond with her infant, resulting in emotional, social, and cognitive problems in t...
The blood vessels are blocked or narrowed with blood clots....
The symptoms of sarcoidosis can vary widely. About 50 % of patients report constitutional symptoms s...
The food waste produced by processing can be difficult to reduce without affecting the quality of th...

--- Processing batch:
The symptoms of sarcoidosis can vary widely. Some people have no symptoms....
The first symptoms of heart failure are usually weight gain and swelling in the legs and feet....
The person may feel tired and need to sleep a lot....
The disease may rarely cause acute liver failure, which is more common in the elderly....

--- Processing batch:
The bacteria that cause a single infection can be many different types....
The recessive gene disorders confer an advantage in certain environments when only one copy of the g...
The doctors said that a warmer climate would help her get better....
The fungus can destroy an entire orchard in a single growing season....

--- Processing batch:
The innate immune system provides immediate defense against infection, and is found in all classes o...
The Taung skull is in the repository at the University of Witwatersrand....
The blood pressure in the arteries of the lungs is too high....
The Real Shapeshifters Website Dedicated to the study of shapeshifting phenomena ( realshapeshifters...

--- Processing batch:
The hands of people who touch cholera patients or their clothing, bedding, etc., should be thoroughl...
The function of T cells and B cells is to recognize specific non-self antigens....
The patient has diarrhea, fever, and malaise. A chronic phase of milder diarrhea, nausea, anorexia, ...
The ganglion can be treated with a variety of methods, including injections of corticosteroids, inje...

--- Processing batch:
The measles epidemic and food shortages during 1900 reduced the population of the area by one-third....
The symptoms of rheumatoid arthritis are usually sudden and severe, and include fever, severe joint ...
The epidural hematoma is a collection of blood that forms between the dura mater and the cranium....
The Nazis also made it illegal for Jews to use public transportation, except for the ferry, and to s...

--- Processing batch:
The risk of hepatitis C is increased by two to three times in people who have tattoos. This can be d...
The peat forms when plant material does not fully decay in acidic and anaerobic conditions....
The ship then sailed southwards but, reaching thick ice at around 60°S, turned northeast towards the...
The child may put off having bowel movements because the stools are hard and uncomfortable to pass o...

--- Processing batch:
The cheletropic reaction is a type of cycloaddition reaction where a molecule is added to a ring of ...
The syndrome usually develops in early childhood or in the teenage years....
The symptoms of acute appendicitis are fever as high as 40° C, usually accompanied by peritonitis....
The screams for a man being bitten by an alligator were performed by Wooley....

--- Processing batch:
The Grignard reagent reacts with a variety of carbonyl derivatives....
The venom from stinging or biting insects such as Hymenoptera (ants, bees, and wasps) or Triatominae...
The first step in diagnosing hepatitis C is a blood test to detect the presence of antibodies to the...
The infection ranges from asymptomatic (in 5 to 50 % of cases) to a hemorrhagic fever with a case fa...

--- Processing batch:
The most common type of migraine is called migraine with aura....
The Orb changed the title to `` A Huge Ever Growing Pulsating Brain That Rules From the Centre of th...
The fossilized fauna were numerous organisms previously thought to have died out after the mid-Cambr...
The woman could, apparently, recall random dot patterns with such fidelity as to combine two pattern...

--- Processing batch:
The doctor can usually diagnose mallet finger by looking at the finger....
The hepatitis E virus causes different patterns of liver damage depending on the host's background....
The first antibiotic treatments and vaccines for leprosy were developed using armadillos, then given...
The next day, Oscar Hijuelos collapsed of a heart attack while playing tennis in Manhattan and never...

--- Processing batch:
The West Highland railway line was built across Rannoch Moor in western Scotland, and its builders h...
The differences in life expectancy increased between the 1970s and 1990s.Schizophrenia is a major ca...
The mouthwash and gels contain Sodium Nitrate....
The Yankees manager, Miller Huggins, died of a skin infection....

--- Processing batch:
The symptoms include a sense of fullness, heaviness, aching, cramps, pain, tiredness, and paresthesi...
The symptoms of proctitis include rectal itching, a cloudy rectal discharge, bleeding, and constipat...
The preliminary research results from Hong Kong also indicated this as the probable reason for many ...
The sympathetic nervous system is a part of the nervous system that prepares the body for action....

--- Processing batch:
The largest intestinal roundworm is Ascaris lumbricoides, the most common helminth infection of huma...
The symptoms of acute porphyria include a bandlike tightness around the chest or abdomen, weakness, ...
The most accurate method for measuring percentage of body fat is underwater (hydrostatic) weighing....
The self-help groups may provide resources for personality disorders....

--- Processing batch:
The SN1 reaction is often known as the dissociative mechanism in inorganic chemistry....
The symptoms of lupus can vary widely from person to person and can change over time. Joint symptoms...
The conjunctiva may become red and swollen....
The account of the anchorage by Morrell is wrong, giving a location in open sea about 60 miles ( 97 ...

--- Processing batch:
The definitive diagnosis of gout is based upon the identification of monosodium urate crystals in sy...
The money raised goes to help find a cure for Cystic Fibrosis....
The term neurosis is used to describe a group of mental disorders that cause distress but not delusi...
The breast may feel lumpy or rope-like. The lump may be the same size as the surrounding breast tiss...

--- Processing batch:
The early and late stages are usually separated by a period of time when the person does not have sy...
The liver becomes inflamed and damaged, and the liver cells die. The liver becomes unable to remove ...
The number of cases of bacterial meningitis is about 2,600 per year in the United States....
The infection can cause burning or sharp pains during ejaculation....

--- Processing batch:
The United States has repeatedly described Armenia as a major source of illegal transport of women f...
The diagnosis of abdominal migraines is controversial because the symptoms are not the same as those...
The chest tightness tends to return and persist through midweek and occasionally to the end of the w...
The silent stroke still causes damage to the brain, and places the patient at increased risk for bot...

--- Processing batch:
The symptoms of typhoid fever usually last for 2 to 4 weeks....
The caste system of insects enables eusociality, the division of labor between non-breeding and bree...
The American military governor wrote in a report to Congress, `` that execution by the garotte is fa...
The symptoms of schizophrenia include hallucinations, delusions, and disorganized thinking and speec...

--- Processing batch:
The same disease, such as some forms of cancer, may be caused by an inherited genetic condition in s...
The risk of anaphylaxis is higher in people with asthma, eczema, or allergic rhinitis....
The penis may be injured during sex or masturbation....
The researchers can then infer the probable function of the gene....

--- Processing batch:
The pain may be superficial or deep - whether it occurs primarily at the vaginal outlet or vaginal b...
The eye pain can be divided into three categories: pain that comes from the cornea, pain that comes ...
The historian said, `` it was quinine's efficacy that gave colonists fresh opportunities to swarm in...
The waste products of metabolism and other non-useful materials are eliminated from an organism....

--- Processing batch:
The symptoms of vasculitis can vary depending on the size of the blood vessels involved....
The researchers can then infer the probable function of the gene....
The most common type of anal cancer is squamous cell carcinoma....
The disease can be divided into four stages: primary, secondary, latent, and tertiary....

--- Processing batch:
The bruises can be serious, leading to other more life-threatening forms of hematoma, such as when a...
The risk of schizophrenia is higher in people who have a family history of the disorder. Other facto...
The bleeding can occur internally, where blood leaks from blood vessels inside the body, or external...
The use of cigarettes is especially high in individuals diagnosed with schizophrenia, with estimates...

--- Processing batch:
The height of an individual will measure around a midpoint that is two thirds of the parents' deviat...
The primary symptoms are caused by tetanospasmin, a neurotoxin produced by the bacterium Clostridium...
The virus usually enters the host when a virus enters a host, either : It is usually only after a vi...
The embryo implants into the Fallopian tube instead of the uterus, creating an ectopic pregnancy, co...

--- Processing batch:
The bacteria must be isolated, cultured, described, and deposited in a bacteriology culture collecti...
The cycloaddition of two molecules can also occur via photochemical activation....
The various thalassemias resemble another genetic disorder affecting hemoglobin, sickle-cell disease...
The reaction is used in organic synthesis to convert 4-substituted-gamma-lactones to butyrolactones....

--- Processing batch:
The person then looks at a black-and-white horizontal grating and a black-and-white vertical grating...
The symptoms of depression and anxiety disorders are similar....
The abnormal proliferation and contraction of the smooth muscle cells of the pulmonary arteries in p...
The risk of death from coronary artery disease can be reduced by aerobic exercise....

--- Processing batch:
The risk factors include poverty, malnutrition, deforestation, lack of sanitation and urbanization....
The urinary tract is the system that makes, stores, and carries urine out of the body. Urinary tract...
The risk of getting an infection is lower during non-penetrative sex....
The diagnosis of sinus infections is usually made clinically....

--- Processing batch:
The Youth Games were held in Singapore in 2010....
The risk of tuberculosis is increased by undernutrition and HIV infection....
The treatment for cerebrovascular disease may include medication, lifestyle changes and/or surgery, ...
The concept of pansexuality rejects the gender binary, the `` notion of two genders and indeed of sp...

--- Processing batch:
The doctor will ask the following questions: Whether the current discharge is coming from one breast...
The subcortical vascular dementia caused by small- vessel ischemic damage (which includes multiple l...
The light-harvesting complex, the nicotinic acetylcholine receptor, and the bacterial flagellum have...
The disorder was named after George Huntington, who wrote a paper about it in 1872, stating that `` ...

--- Processing batch:
The doctor asks about all possible causes of peripheral neuropathy, including chronic heavy metal ex...
The Fitz-Hugh-Curtis syndrome is gonococcal (or chlamydial) perihepatitis that occurs predominantly ...
The bile ducts are the tubes that carry bile from the liver into the small intestine. Cholangiocarci...
The errors create large structural changes in DNA sequence - duplications, inversions, deletions of ...

--- Processing batch:
The most common cause of osteomyelitis is Staphylococcus aureus. Fungi and mycobacteria can cause os...
The term `` metabolic syndrome '' was used by Haller in 1977 for associations of obesity, diabetes m...
The pancreas is a long, flat gland....
The symptoms of a concussion may last for a few days to weeks after the injury; they include Chronic...

--- Processing batch:
The physiological adaptations permit the organism to perform special functions such as making venom,...
The caffeine in coffee has a mild diuretic effect....
The randomness of the environment (for example, Brownian motion, but also hardware random number gen...
The most common cause of tonsillopharyngitis is a viral infection, most often caused by the common c...

--- Processing batch:
The heart muscle may become thickened (hypertrophied), and the heart may become stiff and unable to ...
The exact cause of sarcopenia is unknown, but it may be due to a combination of the gradual failure ...
The person is very unhappy with their appearance....
The hypothalamus is a part of the brain....
Predictions saved to output/sft_inference/CHAR_COMPRESSION-Med-EASi-token_explanation-Llama-3.1-8B-Instruct-20250527/output_3.json
Inference 4 completed.
Running inference 4 with seed 2...
Using PEFT...
Loading from models/CHAR_COMPRESSION-Med-EASi-token_explanation-Llama-3.1-8B-Instruct-20250527...
Inference args:
Namespace(use_vllm=False, seed=2, model_path='models/CHAR_COMPRESSION-Med-EASi-token_explanation-Llama-3.1-8B-Instruct-20250527', model_name='meta-llama/Llama-3.1-8B-Instruct', dataset_name='Med-EASi', model_class='auto', model_family='base', max_length=512, batch_size=4, slice_test=-1, output_file='output/sft_inference/CHAR_COMPRESSION-Med-EASi-token_explanation-Llama-3.1-8B-Instruct-20250527/output_4.json', device='cuda', peft_path='models/CHAR_COMPRESSION-Med-EASi-token_explanation-Llama-3.1-8B-Instruct-20250527', control_tokens='data/prompts/control_tokens.json', system_prompts='data/prompts/system_prompts.json', user_prompts='data/prompts/user_prompts.json', metric_mapping='data/metric_mapping.json', metric_name='CHAR_COMPRESSION', user_prompt_id='token_explanation')

test:	 Inspect the dataset format:
 {'global_id': ['medeasi_001354'], 'source_text': ['Malthus was not the first to outline the problems he perceived.'], 'source_metrics': [{'FRE': 85.69, 'ARI': 6.8, 'FKGL': 4.0, 'Dale-Chall': 8.49, 'char_count': 63, 'alphanum_count': 52, 'word_count': 12, 'sentence_count': 1}], 'metadata': [{'dataset': 'medeasi', 'experiment_split': '', 'domain': 'medical', 'language': 'en', 'annotation': 'human', 'level': 'sentence'}], 'simplification_text': ['Malthus said this would not work, and it would only lead to increased numbers of the poor.'], 'target_metrics': [{'FRE': 88.06, 'ARI': 7.6, 'FKGL': 5.2, 'Dale-Chall': 7.27, 'char_count': 90, 'alphanum_count': 72, 'word_count': 19, 'sentence_count': 1, 'char_compression_rate': 1.43, 'word_compression_rate': 1.58, 'sentence_compression_rate': 1.0, 'BLEU': 3.0272532566104675, 'BERTScore': 0.9067994952201843}], 'simplification_version': [1], 'grade_level': [-1], 'simplification_dimensions': [{'linguistic': {'lexical': False, 'syntactic': False}}]}

--- Processing batch:
The first person to outline the problems Malthus perceived was Thomas Robert Malthus'father, Daniel ...
The Joubert syndrome is one such disease....
The common cold has no cure, but the symptoms can be treated....
The people who live in shanty towns have high rates of crime, suicide, drug use and disease....

--- Processing batch:
The sudden death of Seidl in 1898 from food poisoning at the age of 47 was widely mourned....
The disorder affects about 0.3-0.7 % of people at some point in their life, or 24 million people wor...
The glans penis is the expanded cap of the corpus spongiosum....
The pain creates a withdrawal reflex, while the itch leads to a scratch reflex....

--- Processing batch:
The syndrome is named after John Hilton Edwards, who first described the syndrome in 1960....
The electric fields help the fish find buried prey....
The small feedings reduce the osmotic load....
The testes have two main functions: to produce hormones and to produce sperm....

--- Processing batch:
The symptoms of asthma can vary from person to person. Some people have mild symptoms, while others ...
The extreme characteristics ( e.g., height ) in parents are not passed on completely to their offspr...
The risk of hardening of the arteries is lower in people with Down syndrome....
The knees are often swollen, hot, but rarely red....

--- Processing batch:
The disease usually lasts 13 to 15 years....
The most common form of acne is called acne vulgaris, meaning `` common acne ''....
The medications pirfenidone or nintedanib may slow the progression of the disease....
The north pole of a magnet feels a force in the direction of the H-field while the force on the sout...

--- Processing batch:
The police arrested her on May 16, 1947, for possessing narcotics in her New York apartment....
The white blood cells and ESR may be elevated due to gout in the absence of infection....
The involuntary movement of the eye is often called `` dancing eyes ''....
The king died of a stroke at Sheen on 21 June....

--- Processing batch:
The reasons for wearing underwear are many....
The symptoms usually go away in seven to ten days, but some symptoms may last up to three weeks....
The doctors believed the herbs would counter the `` evil '' smells of the plague and prevent them fr...
The symptoms of a heart attack may include shortness of breath, nausea, feeling faint, a cold sweat,...

--- Processing batch:
The recommended dosage is 0.05 mg/kg body weight sc once/ day....
The PET scan also commonly is done to assess the extent of disease as well as the cervical lymphatic...
The appendix is located near the junction of the small intestine and the large intestine....
The symptoms of epiglottitis are a sore throat, difficulty swallowing, and drooling. The symptoms de...

--- Processing batch:
The ants will eventually die of exhaustion....
The diagnosis of anaphylaxis is based on a person's signs and symptoms....
The disease was first described by the Japanese physician Hakaru Hashimoto in 1912....
The risk of death is less than 0.2 % of children....

--- Processing batch:
The nasal spray may reduce the symptoms of a runny nose but has little effect on stuffiness....
The Diels-Alder reaction and the dipolar reaction both become a [ 4+2 ] cycloaddition....
The bacteria that cause this condition are becoming resistant to many of the antibiotics used to tre...
The person may have a rapid heart rate and high blood pressure....

--- Processing batch:
The sit-skis are designed for wheelchair users or other skiers with a form of paraplegia....
The doctor may recommend antidiarrheal medicines (eg, loperamide) 1 h before eating....
The blood vessels may grow in from the limbus (corneal neovascularization)....
The risk of getting a sexually transmitted infection is lower if a person has a sexually transmitted...

--- Processing batch:
The most common cause of strabismus is a problem with the way the eyes focus (refractive error). The...
The most common warts are sharply demarcated, rough, round or irregular, firm, and light gray, yello...
The treatment is determined by where the disease is acquired, the species of Leishmania, and the typ...
The singer lived in Cambridge, Massachusetts until his death in 2011 from pneumonia....

--- Processing batch:
The symptoms and signs of food allergies vary by the type of food, the mechanism of the allergy, and...
The risk, however, varies depending on the degree of high uric acid levels....
The breast may be warm to the touch and may have a rash (peau d'orange). The nipple may be inverted ...
The antibiotics prescribed for strep throat are given at a higher rate than would be expected from i...

--- Processing batch:
The urinary tract infections occur four times more frequently in females than males....
The lungs are affected, so people with EP have trouble breathing....
The kidneys are two bean-shaped organs in the lower back. Nephritis is inflammation of the kidneys a...
The outer layer of human skin is made of keratin, a protein that is also found in hair and nails....

--- Processing batch:
The mother may not bond with her infant, resulting in emotional, social, and cognitive problems in t...
The blood vessels are blocked or narrowed with blood clots....
The symptoms of sarcoidosis can vary widely. About 50 % of patients report constitutional symptoms s...
The food waste produced by processing can be difficult to reduce without affecting the quality of th...

--- Processing batch:
The symptoms of sarcoidosis can vary widely. Some people have no symptoms....
The first symptoms of heart failure are usually weight gain and swelling in the legs....
The person may feel tired and need to sleep a lot....
The disease is usually spread by eating food or drinking water contaminated with infected feces....

--- Processing batch:
The bacteria that cause a single infection can be many different types....
The recessive gene disorders confer an advantage in certain environments when only one copy of the g...
The doctors said that if they moved to a warmer place, it would help her get better....
The fungus can destroy an entire orchard in a single growing season....

--- Processing batch:
The innate immune system provides immediate defense against infection, and is found in all classes o...
The Taung skull is in the repository at the University of Witwatersrand....
The blood pressure in the arteries of the lungs is too high....
The Real Shapeshifters Website Dedicated to the study of shapeshifting phenomena ( realshapeshifters...

--- Processing batch:
The hands of people who touch cholera patients or their clothing, bedding, etc., should be thoroughl...
The function of T cells and B cells is to recognize specific non-self antigens....
The patient has diarrhea, fever, and malaise. A chronic phase of milder diarrhea, nausea, anorexia, ...
The ganglion can be treated with a variety of methods, including injections of corticosteroids, surg...

--- Processing batch:
The measles epidemic and food shortages during 1900 reduced the population of the area by one-third....
The symptoms of rheumatoid arthritis are usually sudden and severe, and include fever, severe joint ...
The epidural hematoma is a collection of blood that forms between the dura mater and the cranium....
The Nazis also made it illegal for Jews to use public transportation, except for the ferry, and to s...

--- Processing batch:
The risk of hepatitis C is increased by two to three times in people who have tattoos. This is becau...
The peat forms when plant material does not fully decay in acidic and anaerobic conditions....
The ship then sailed southwards but, reaching thick ice at around 60°S, turned northeast towards the...
The child may put off having bowel movements because the stools are hard and uncomfortable to pass o...

--- Processing batch:
The cheletropic reaction is a type of cycloaddition reaction where a molecule is added to a ring of ...
The syndrome usually develops in early childhood or in the teenage years....
The symptoms of acute appendicitis are fever as high as 40° C, usually accompanied by peritonitis....
The screams for a man being bitten by an alligator were performed by Wooley....

--- Processing batch:
The Grignard reagent reacts with a variety of carbonyl derivatives....
The venom from stinging or biting insects such as Hymenoptera (ants, bees, and wasps) or Triatominae...
The first step in diagnosing hepatitis C is a blood test to detect the presence of antibodies to the...
The infection ranges from asymptomatic (in 5 to 50 % of cases) to a hemorrhagic fever with a case fa...

--- Processing batch:
The most common type of migraine is called migraine with aura....
The Orb changed the title to `` A Huge Ever Growing Pulsating Brain That Rules From the Centre of th...
The fossilized fauna were numerous organisms previously thought to have died out after the mid-Cambr...
The woman could, apparently, recall random dot patterns with such fidelity as to combine two pattern...

--- Processing batch:
The doctor can usually diagnose mallet finger by looking at the finger....
The hepatitis E virus causes different patterns of liver damage depending on the person's background...
The first antibiotic treatments and vaccines for leprosy were developed using armadillos, then given...
The next day, Oscar Hijuelos collapsed of a heart attack while playing tennis in Manhattan and never...

--- Processing batch:
The West Highland railway line was built across Rannoch Moor in western Scotland, and its builders h...
The differences in life expectancy increased between the 1970s and 1990s.Schizophrenia is a major ca...
The mouthwash and gels contain Sodium Nitrate....
The Yankees manager, Miller Huggins, died of a skin infection....

--- Processing batch:
The symptoms include a sense of fullness, heaviness, aching, cramps, pain, tiredness, and paresthesi...
The symptoms of proctitis include rectal itching, a cloudy rectal discharge, bleeding, and constipat...
The preliminary research results from Hong Kong also indicated this as the probable reason for many ...
The theory states that animals react to threats with a general discharge of the sympathetic nervous ...

--- Processing batch:
The largest intestinal roundworm is the most common helminth infection of humans worldwide, a diseas...
The symptoms of acute porphyria include a bandlike tightness around the chest or abdomen, weakness, ...
The most accurate method for measuring body fat is called underwater (hydrostatic) weighing....
The self-help groups may provide resources for personality disorders....

--- Processing batch:
The SN1 reaction is often known as the dissociative mechanism in inorganic chemistry....
The symptoms of lupus can vary widely from person to person and can change over time. Joint symptoms...
The conjunctiva may become red and swollen....
The account of the anchorage by Morrell is wrong, giving a location in open sea about 60 miles ( 97 ...

--- Processing batch:
The definitive diagnosis of gout is based upon the identification of monosodium urate crystals in sy...
The money raised goes to help find a cure for Cystic Fibrosis....
The term neurosis is used to describe a group of mental disorders....
The breast may feel lumpy or rope-like. A lump may be felt in the breast....

--- Processing batch:
The early and late stages are usually separated by a period of time when the person does not have sy...
The liver becomes inflamed and damaged, and the liver cells die. The liver becomes unable to remove ...
The number of cases of bacterial meningitis is about 2,600 per year in the United States....
The infection can cause burning or sharp pains during ejaculation....

--- Processing batch:
The United States has repeatedly described Armenia as a major source of illegal transport of women f...
The diagnosis of abdominal migraines is controversial because the symptoms are not the same as those...
The chest tightness tends to return and persist through midweek and occasionally to the end of the w...
The silent stroke still causes damage to the brain, and places the patient at increased risk for bot...

--- Processing batch:
The symptoms of typhoid fever usually last for 2 to 4 weeks....
The caste system of insects enables eusociality, the division of labor between non-breeding and bree...
The American military governor wrote in a report to Congress, `` that execution by the garotte is fa...
The symptoms of schizophrenia include hallucinations, delusions, and disorganized thinking and speec...

--- Processing batch:
The same disease, such as some forms of cancer, may be caused by an inherited genetic condition in s...
The risk of anaphylaxis is higher in people with asthma, eczema, or allergic rhinitis....
The penis may be injured during sex or masturbation....
The researchers can then infer the probable function of the gene....

--- Processing batch:
The pain may be superficial or deep - whether it occurs primarily at the vaginal outlet or vaginal b...
The eye pain can be divided into three categories: pain that comes from the cornea, pain that comes ...
The historian said, `` it was quinine's efficacy that gave colonists fresh opportunities to swarm in...
The waste products of metabolism and other non-useful materials are eliminated from an organism....

--- Processing batch:
The symptoms of vasculitis can vary depending on the size of the blood vessels involved....
The researchers can then infer the probable function of the gene....
The most common type of anal cancer is squamous cell carcinoma....
The four stages of syphilis are primary, secondary, latent, and tertiary....

--- Processing batch:
The bruises can be serious, leading to other more life-threatening forms of hematoma, such as when a...
The risk of schizophrenia is higher in people who have a family history of the disorder. Other facto...
The bleeding can occur internally, where blood leaks from blood vessels inside the body, or external...
The use of cigarettes is especially high in individuals diagnosed with schizophrenia, with estimates...

--- Processing batch:
The height of an individual will measure around a midpoint that is two thirds of the parents' deviat...
The primary symptoms are caused by tetanospasmin, a neurotoxin produced by the bacterium Clostridium...
The virus usually enters the host when a virus enters a host, either :...
The embryo implants into the Fallopian tube instead of the uterus, creating an ectopic pregnancy, co...

--- Processing batch:
The bacteria must be isolated, cultured, described, and deposited in a bacteriology culture collecti...
The cycloaddition of two molecules can also occur via photochemical activation....
The various thalassemias resemble another genetic disorder affecting hemoglobin, sickle-cell disease...
The reaction is used in organic synthesis to convert 4-substituted-gamma-lactones to butyrolactones....

--- Processing batch:
The person then looks at a black-and-white horizontal grating and a black-and-white vertical grating...
The symptoms of depression and anxiety disorders are similar....
The abnormal proliferation and contraction of the smooth muscle cells of the pulmonary arteries in p...
The risk of death from coronary artery disease can be reduced by aerobic exercise....

--- Processing batch:
The risk factors include poverty, malnutrition, deforestation, lack of sanitation and urbanization....
The urinary tract is the system that makes, stores, and carries urine out of the body. Urinary tract...
The risk of getting an infection is lower during non-penetrative sex....
The diagnosis of sinus infections is usually made clinically....

--- Processing batch:
The Youth Games were held in Singapore in 2010....
The risk of tuberculosis is increased by undernutrition and HIV infection....
The treatment for cerebrovascular disease may include medication, lifestyle changes and/or surgery, ...
The concept of pansexuality rejects the gender binary, the `` notion of two genders and indeed of sp...

--- Processing batch:
The doctor will ask the following questions: Whether the current discharge is from one breast or bot...
The subcortical vascular dementia caused by small- vessel ischemic damage (which includes multiple l...
The light-harvesting complex, the nicotinic acetylcholine receptor, and the bacterial flagellum have...
The disorder was named after George Huntington, who wrote a paper about it in 1872, stating that `` ...

--- Processing batch:
The doctor asks about all possible causes of peripheral neuropathy, including chronic heavy metal ex...
The Fitz-Hugh-Curtis syndrome is gonococcal (or chlamydial) perihepatitis that occurs predominantly ...
The bile ducts are the tubes that carry bile from the liver into the small intestine. Cholangiocarci...
The errors create large structural changes in DNA sequence - duplications, inversions, deletions of ...

--- Processing batch:
The bacteria that cause osteomyelitis can be spread through the bloodstream (hematogenous osteomyeli...
The term `` metabolic syndrome '' was used by Haller in 1977 for associations of obesity, diabetes m...
The pancreas is a long, flat gland....
The symptoms of a concussion may last for a few days to weeks after the injury; they include Chronic...

--- Processing batch:
The physiological adaptations permit the organism to perform special functions such as making venom,...
The caffeine in coffee has a mild diuretic effect....
The randomness of the environment (for example, Brownian motion, but also hardware random number gen...
The most common cause of tonsillopharyngitis is a viral infection, most often caused by the common c...

--- Processing batch:
The heart muscle may become thickened (hypertrophied), and the heart may become stiff and unable to ...
The exact cause of sarcopenia is unknown, but it may be due to a combination of the gradual failure ...
The person is very unhappy with their appearance....
The hypothalamus is a part of the brain....
Predictions saved to output/sft_inference/CHAR_COMPRESSION-Med-EASi-token_explanation-Llama-3.1-8B-Instruct-20250527/output_4.json
Inference 5 completed.
Running inference 5 with seed 28...
Using PEFT...
Loading from models/CHAR_COMPRESSION-Med-EASi-token_explanation-Llama-3.1-8B-Instruct-20250527...
Inference args:
Namespace(use_vllm=False, seed=28, model_path='models/CHAR_COMPRESSION-Med-EASi-token_explanation-Llama-3.1-8B-Instruct-20250527', model_name='meta-llama/Llama-3.1-8B-Instruct', dataset_name='Med-EASi', model_class='auto', model_family='base', max_length=512, batch_size=4, slice_test=-1, output_file='output/sft_inference/CHAR_COMPRESSION-Med-EASi-token_explanation-Llama-3.1-8B-Instruct-20250527/output_5.json', device='cuda', peft_path='models/CHAR_COMPRESSION-Med-EASi-token_explanation-Llama-3.1-8B-Instruct-20250527', control_tokens='data/prompts/control_tokens.json', system_prompts='data/prompts/system_prompts.json', user_prompts='data/prompts/user_prompts.json', metric_mapping='data/metric_mapping.json', metric_name='CHAR_COMPRESSION', user_prompt_id='token_explanation')

test:	 Inspect the dataset format:
 {'global_id': ['medeasi_001354'], 'source_text': ['Malthus was not the first to outline the problems he perceived.'], 'source_metrics': [{'FRE': 85.69, 'ARI': 6.8, 'FKGL': 4.0, 'Dale-Chall': 8.49, 'char_count': 63, 'alphanum_count': 52, 'word_count': 12, 'sentence_count': 1}], 'metadata': [{'dataset': 'medeasi', 'experiment_split': '', 'domain': 'medical', 'language': 'en', 'annotation': 'human', 'level': 'sentence'}], 'simplification_text': ['Malthus said this would not work, and it would only lead to increased numbers of the poor.'], 'target_metrics': [{'FRE': 88.06, 'ARI': 7.6, 'FKGL': 5.2, 'Dale-Chall': 7.27, 'char_count': 90, 'alphanum_count': 72, 'word_count': 19, 'sentence_count': 1, 'char_compression_rate': 1.43, 'word_compression_rate': 1.58, 'sentence_compression_rate': 1.0, 'BLEU': 3.0272532566104675, 'BERTScore': 0.9067994952201843}], 'simplification_version': [1], 'grade_level': [-1], 'simplification_dimensions': [{'linguistic': {'lexical': False, 'syntactic': False}}]}

--- Processing batch:
The first person to outline the problems Malthus perceived was Thomas Robert Malthus'father, Daniel ...
The Joubert syndrome is one such disease....
The common cold has no cure, but the symptoms can be treated....
The people who live in shanty towns have high rates of crime, suicide, drug use and disease....

--- Processing batch:
The sudden death of Seidl in 1898 from food poisoning at the age of 47 was widely mourned....
The disorder affects about 0.3-0.7 % of people at some point in their life, or 24 million people wor...
The glans penis is the expanded cap of the corpus spongiosum....
The pain creates a withdrawal reflex, while the itch leads to a scratch reflex....

--- Processing batch:
The syndrome is named after John Hilton Edwards, who first described the syndrome in 1960....
The electric fields help the fish find buried prey....
The amount of fluid that is given is small, so the amount of salt in the blood does not increase too...
The testes have two main functions: to produce hormones and to produce sperm....

--- Processing batch:
The symptoms of asthma can vary from person to person. Some people have mild symptoms, while others ...
The extreme characteristics ( e.g., height ) in parents are not passed on completely to their offspr...
The risk of hardening of the arteries is lower in people with Down syndrome....
The knees are often swollen but not painful; they are often hot but rarely red....

--- Processing batch:
The disease usually lasts 13 to 15 years....
The most common form of acne is called acne vulgaris, meaning `` common acne ''....
The medications pirfenidone or nintedanib may slow the progression of the disease....
The force on a north pole is in the direction of the H-field while the force on the south pole is op...

--- Processing batch:
The police arrested her on May 16, 1947, for possessing narcotics in her New York apartment....
The white blood cells and ESR may be elevated due to gout in the absence of infection....
The involuntary movement of the eye is often called `` dancing eyes ''....
The king died of a stroke at Sheen on 21 June....

--- Processing batch:
The reasons for wearing underwear are many....
The symptoms usually go away in seven to ten days, but some symptoms may last up to three weeks....
The doctors believed the herbs would counter the `` evil '' smells of the plague and prevent them fr...
The symptoms of a heart attack may include shortness of breath, nausea, feeling faint, a cold sweat,...

--- Processing batch:
The recommended dosage is 0.05 mg/kg body weight sc once/ day....
The PET scan also commonly is done to assess the extent of disease as well as the cervical lymphatic...
The appendix is located near the junction of the small intestine and the large intestine....
The symptoms of epiglottitis are a sore throat, difficulty swallowing, and drooling. The symptoms de...

--- Processing batch:
The ants will eventually die of exhaustion....
The diagnosis of anaphylaxis is based on a person's signs and symptoms....
The disease was first described by the Japanese physician Hakaru Hashimoto in 1912....
The risk of complications is low, and less than 0.2 % of children need a tube inserted through the m...

--- Processing batch:
The nasal spray may reduce the symptoms of a runny nose but has little effect on stuffiness....
The Diels-Alder reaction and the dipolar reaction both become a [ 4+2 ] cycloaddition....
The bacteria that cause this condition are becoming resistant to many of the antibiotics used to tre...
The person may have a fast heart rate and high blood pressure....

--- Processing batch:
The sit-skis are designed for wheelchair users or other skiers with a form of paraplegia....
The doctor may recommend antidiarrheal medicines (eg, loperamide) 1 h before eating....
The blood vessels may grow in from the limbus (corneal neovascularization)....
The risk of getting a sexually transmitted infection is lower if a person has a sexually transmitted...

--- Processing batch:
The most common cause of strabismus is a problem with the way the eyes focus (refractive error). Thi...
The most common warts are sharply demarcated, rough, round or irregular, firm, and light gray, yello...
The treatment is determined by where the disease is acquired, the species of Leishmania, and the typ...
The singer lived in Cambridge, Massachusetts until his death in 2011 from pneumonia....

--- Processing batch:
The symptoms and signs of food allergies vary by allergen, mechanism, and patient age....
The risk, however, varies depending on the degree of high uric acid levels....
The breast may be warm to the touch and may have a rash (peau d'orange). The nipple may be inverted ...
The antibiotics prescribed for strep throat are given at a higher rate than would be expected from i...

--- Processing batch:
The urinary tract infections occur four times more frequently in females than males....
The lungs are affected, so people with EP have trouble breathing....
The kidneys are two bean-shaped organs in the lower back. Nephritis is inflammation of the kidneys a...
The outer layer of human skin is made of keratin, a protein....

--- Processing batch:
The mother may not bond with her infant, resulting in emotional, social, and cognitive problems in t...
The blood vessels are blocked or narrowed with blood clots....
The symptoms of sarcoidosis can vary widely. About 50 % of patients report constitutional symptoms s...
The food waste produced by processing can be difficult to reduce without affecting the quality of th...

--- Processing batch:
The symptoms of sarcoidosis can vary widely. Some people have no symptoms....
The first symptoms of heart failure are usually weight gain and swelling in the legs....
The person may feel tired and need to sleep a lot....
The disease may rarely cause acute liver failure, which is more common in the elderly....

--- Processing batch:
The bacteria that cause a single infection can be many different types....
The recessive gene disorders confer an advantage in certain environments when only one copy of the g...
The doctors said that if they moved to a warmer place, it would help her get better....
The fungus can destroy an entire orchard in a single growing season....

--- Processing batch:
The innate immune system provides immediate defense against infection, and is found in all classes o...
The Taung skull is in the repository at the University of Witwatersrand....
The blood pressure in the arteries of the lungs is too high....
The Real Shapeshifters Website Dedicated to the study of shapeshifting phenomena ( realshapeshifters...

--- Processing batch:
The hands of people who touch cholera patients or their clothing, bedding, etc., should be thoroughl...
The function of T cells and B cells is to recognize specific non-self antigens....
The patient has diarrhea, fever, and malaise. A chronic phase of milder diarrhea, nausea, anorexia, ...
The ganglion can be treated with injections of corticosteroids, which can reduce the size of the gan...

--- Processing batch:
The measles epidemic and food shortages during 1900 reduced the population of the area by one-third....
The onset is often acute, usually with fever, severe joint pain, and limitation of movement....
The epidural hematoma is a collection of blood that forms between the dura mater and the cranium....
The Jews were not allowed to use any public transportation, besides the ferry, and were able to shop...

--- Processing batch:
The risk of hepatitis C is increased by two to three times in people who have tattoos. This can be d...
The peat forms when plant material does not fully decay in acidic and anaerobic conditions....
The ship then sailed southwards but, reaching thick ice at around 60°S, turned northeast towards the...
The child may put off having bowel movements because the stools are hard and uncomfortable to pass o...

--- Processing batch:
The cheletropic reaction is a type of cycloaddition reaction....
The syndrome usually develops in early childhood or in the teenage years....
The symptoms of acute appendicitis are fever as high as 40° C, usually accompanied by peritonitis....
The screams for a man being bitten by an alligator were performed by Wooley....

--- Processing batch:
The Grignard reagent reacts with a variety of carbonyl derivatives....
The venom from stinging or biting insects such as Hymenoptera (ants, bees, and wasps) or Triatominae...
The first step in diagnosing hepatitis C is a blood test to detect the presence of antibodies to the...
The infection ranges from asymptomatic (in 5 to 50 % of cases) to a hemorrhagic fever with a case fa...

--- Processing batch:
The most common type of migraine is called migraine with aura....
The Orb changed the title to `` A Huge Ever Growing Pulsating Brain That Rules From the Centre of th...
The fossilized fauna were numerous organisms previously thought to have died out after the mid-Cambr...
The woman could, apparently, recall random dot patterns with such fidelity as to combine two pattern...

--- Processing batch:
The doctor can usually diagnose mallet finger by looking at the finger....
The hepatitis E virus causes different patterns of liver damage depending on the person's background...
The first antibiotic treatments and vaccines for leprosy were developed using armadillos, then given...
The next day, Oscar Hijuelos collapsed of a heart attack while playing tennis in Manhattan and never...

--- Processing batch:
The West Highland railway line was built across Rannoch Moor in western Scotland, and its builders h...
The differences in life expectancy increased between the 1970s and 1990s.Schizophrenia is a major ca...
The mouthwash and gels contain Sodium Nitrate....
The Yankees lost their manager, Huggins, to a skin infection....

--- Processing batch:
The symptoms include a sense of fullness, heaviness, aching, cramps, pain, tiredness, and paresthesi...
The symptoms of proctitis include rectal itching, a cloudy rectal discharge, bleeding, and constipat...
The preliminary research results from Hong Kong also indicated this as the probable reason for many ...
The theory states that animals react to threats with a general discharge of the sympathetic nervous ...

--- Processing batch:
The largest intestinal roundworm is Ascaris lumbricoides, the most common helminth infection of huma...
The symptoms of acute porphyria include a bandlike tightness around the chest or abdomen, weakness, ...
The most accurate method for measuring percentage of body fat is underwater (hydrostatic) weighing....
The self-help groups may provide resources for personality disorders....

--- Processing batch:
The SN1 reaction is often known as the dissociative mechanism in inorganic chemistry....
The symptoms of lupus can vary widely from person to person. Some people have mild symptoms, while o...
The conjunctiva may become red and swollen....
The account of the anchorage by Morrell is wrong, giving a location in open sea about 60 miles ( 97 ...

--- Processing batch:
The definitive diagnosis of gout is based upon the identification of monosodium urate crystals in sy...
The money raised goes to help find a cure for Cystic Fibrosis....
The term neurosis is used to describe a group of mental disorders....
The breast may feel lumpy or rope-like. A lump may be felt in the breast....

--- Processing batch:
The early and late stages are usually separated by a period of time when the person does not have sy...
The liver becomes inflamed and damaged, and the liver cells die. The liver becomes unable to remove ...
The number of cases of bacterial meningitis is about 2,600 per year in the United States....
The infection can cause burning or sharp pains during ejaculation....

--- Processing batch:
The United States has repeatedly described Armenia as a major source of illegal transport of women f...
The diagnosis of abdominal migraines is controversial because the symptoms are not the same as those...
The chest tightness tends to return and persist through midweek and occasionally to the end of the w...
The silent stroke still causes damage to the brain, and places the patient at increased risk for bot...

--- Processing batch:
The symptoms of typhoid fever usually last for 2 to 4 weeks....
The caste system of insects enables eusociality, the division of labor between non-breeding and bree...
The American military governor wrote in a report to Congress, `` that execution by the garotte is fa...
The symptoms of schizophrenia include hallucinations, delusions, and disorganized thinking and speec...

--- Processing batch:
The same disease, such as some forms of cancer, may be caused by an inherited genetic condition in s...
The risk of anaphylaxis is higher in people with asthma, eczema, or allergic rhinitis....
The penis may be injured during sex or masturbation....
The researchers can then infer the probable function of the gene....

--- Processing batch:
The pain may be superficial or deep - whether it occurs primarily at the vaginal outlet or vaginal b...
The eye pain can be divided into pain that comes from the cornea, other parts of the eye, and pain t...
The historian said, `` it was quinine's efficacy that gave colonists fresh opportunities to swarm in...
The waste products of metabolism and other non-useful materials are eliminated from an organism....

--- Processing batch:
The symptoms of vasculitis can vary depending on the size of the blood vessels involved....
The researchers can then infer the probable function of the gene....
The most common type of anal cancer is squamous cell carcinoma....
The disease can be divided into four stages: primary, secondary, latent, and tertiary....

--- Processing batch:
The bruises can be serious, leading to other more life-threatening forms of hematoma, such as when a...
The risk of schizophrenia is higher in people who have a family history of the disorder. Other facto...
The bleeding can occur internally, where blood leaks from blood vessels inside the body, or external...
The use of cigarettes is especially high in individuals diagnosed with schizophrenia, with estimates...

--- Processing batch:
The height of an individual will measure around a midpoint that is two thirds of the parents' deviat...
The primary symptoms are caused by tetanospasmin, a neurotoxin produced by the bacterium Clostridium...
The virus usually enters the host when a virus enters a host, either : It is usually only after a vi...
The embryo implants into the Fallopian tube instead of the uterus, creating an ectopic pregnancy, co...

--- Processing batch:
The bacteria must be isolated, cultured, described, and deposited in a bacteriology culture collecti...
The cycloaddition of two molecules can also occur via photochemical activation....
The various thalassemias resemble another genetic disorder affecting hemoglobin, sickle-cell disease...
The reaction is used in organic synthesis to convert 4-substituted-gamma-lactones to butyrolactones....

--- Processing batch:
The person then looks at a black-and-white horizontal grating and a black-and-white vertical grating...
The symptoms of depression and anxiety disorders are similar....
The abnormal proliferation and contraction of the smooth muscle cells of the pulmonary arteries in p...
The risk of death from coronary artery disease can be reduced by aerobic exercise....

--- Processing batch:
The risk factors include poverty, malnutrition, deforestation, lack of sanitation and urbanization....
The urinary tract is the system that makes, stores, and carries urine out of the body. Urinary tract...
The risk of getting an infection is lower during non-penetrative sex....
The diagnosis of sinus infections is usually made clinically....

--- Processing batch:
The Youth Games were held in Singapore in 2010....
The risk of tuberculosis is increased by undernutrition and HIV infection....
The treatment for cerebrovascular disease may include medication, lifestyle changes and/or surgery, ...
The concept of pansexuality rejects the gender binary, the `` notion of two genders and indeed of sp...

--- Processing batch:
The doctor will ask the following questions: Is the discharge from one or both breasts? What color i...
The subcortical vascular dementia caused by small- vessel ischemic damage (which includes multiple l...
The light-harvesting complex, the nicotinic acetylcholine receptor, and the bacterial flagellum have...
The disorder was named after George Huntington, who wrote a paper about it in 1872, stating that `` ...

--- Processing batch:
The doctor asks about all possible causes of peripheral neuropathy, including chronic heavy metal ex...
The Fitz-Hugh-Curtis syndrome is gonococcal (or chlamydial) perihepatitis that occurs predominantly ...
The bile ducts are the tubes that carry bile from the liver into the small intestine. Cholangiocarci...
The errors create large structural changes in DNA sequence - duplications, inversions, deletions of ...

--- Processing batch:
The bacteria that cause osteomyelitis can be spread through the bloodstream (hematogenous osteomyeli...
The term `` metabolic syndrome '' was used by Haller in 1977 for associations of obesity, diabetes m...
The pancreas is a long, flat gland....
The symptoms of a concussion may last for a few days to weeks after the injury; they include Chronic...

--- Processing batch:
The physiological adaptations permit the organism to perform special functions such as making venom,...
The caffeine in coffee has a mild diuretic effect....
The randomness of the environment (for example, Brownian motion, but also hardware random number gen...
The most common cause of tonsillopharyngitis is a viral infection, most often caused by the common c...

--- Processing batch:
The heart muscle may become thickened (hypertrophied), and the heart may become stiff and unable to ...
The exact cause of sarcopenia is unknown, but it may be due to a combination of the gradual failure ...
The person is very unhappy with their appearance....
The hypothalamus is a part of the brain....
Predictions saved to output/sft_inference/CHAR_COMPRESSION-Med-EASi-token_explanation-Llama-3.1-8B-Instruct-20250527/output_5.json
Inference 6 completed.
Inference 7 completed.
