Tue May 27 20:07:15 2025       
+-----------------------------------------------------------------------------------------+
| NVIDIA-SMI 560.35.05              Driver Version: 560.35.05      CUDA Version: 12.6     |
|-----------------------------------------+------------------------+----------------------+
| GPU  Name                 Persistence-M | Bus-Id          Disp.A | Volatile Uncorr. ECC |
| Fan  Temp   Perf          Pwr:Usage/Cap |           Memory-Usage | GPU-Util  Compute M. |
|                                         |                        |               MIG M. |
|=========================================+========================+======================|
|   0  NVIDIA A100-SXM4-80GB          Off |   00000000:C8:00.0 Off |                    0 |
| N/A   29C    P0             62W /  400W |       1MiB /  81920MiB |      0%      Default |
|                                         |                        |             Disabled |
+-----------------------------------------+------------------------+----------------------+
                                                                                         
+-----------------------------------------------------------------------------------------+
| Processes:                                                                              |
|  GPU   GI   CI        PID   Type   Process name                              GPU Memory |
|        ID   ID                                                               Usage      |
|=========================================================================================|
|  No running processes found                                                             |
+-----------------------------------------------------------------------------------------+
*** Finetuning meta-llama/Llama-3.1-8B-Instruct with Med-EASi and FKGL ***
torch.cuda.is_bf16_supported: True
Transformers version: 4.51.0
Python path: /home/hhubar/data/conda/envs/sft/bin/python
Using PEFT...

Run arguments:
Namespace(model_class='auto', model_family='base', model_name='meta-llama/Llama-3.1-8B-Instruct', dataset_name='Med-EASi', slice_train=-1, slice_val=-1, batch_size=4, eval_batch_size=4, gradient_accumulation_steps=4, learning_rate=0.0001, weight_decay=0.01, warmup_steps=30, max_grad_norm=1.0, epochs=3, max_length=512, logging_steps=10, wandb_project_name='ATS_with_control_tokens', wandb_entity='shtosti', generate_every=20, seed=42, patience=3, prompting_type='vanilla', user_prompt_id='token_explanation', metric_name='FKGL', control_tokens='data/prompts/control_tokens.json', system_prompts='data/prompts/system_prompts.json', user_prompts='data/prompts/user_prompts.json', metric_mapping='data/metric_mapping.json', peft=True, lora_r=16, lora_dropout=0.1)

Saving to: ./models/FKGL-Med-EASi-token_explanation-Llama-3.1-8B-Instruct-20250527

*** Finetuning Llama-3.1-8B-Instruct with Med-EASi ***

CUDA available: True
Number of GPUs: 1
GPU name: NVIDIA A100-SXM4-80GB
Model embedding size BEFORE resizing: 128256
Model embedding size AFTER resizing: 128257
Using PEFT for fine-tuning...
--- DEBUG ---
trainable params:
Trainable params: 6,815,744 / 8,037,085,184 (0.08%)
--- tokenizer pad_token_id: 128256
--- tokenizer eos_token_id: 128009
--- special tokens:
train:	 Inspect the dataset format:
 {'global_id': ['medeasi_000187'], 'source_text': ['Hot, wet compresses may relieve some pain.'], 'source_metrics': [{'FRE': 81.29, 'ARI': 6.3, 'FKGL': 3.7, 'Dale-Chall': 8.5, 'char_count': 42, 'alphanum_count': 34, 'word_count': 9, 'sentence_count': 1}], 'metadata': [{'dataset': 'medeasi', 'experiment_split': '', 'domain': 'medical', 'language': 'en', 'annotation': 'human', 'level': 'sentence'}], 'simplification_text': ['Hot, wet compresses may help relieve the pain in inflamed lymph nodes.'], 'target_metrics': [{'FRE': 84.68, 'ARI': 7.7, 'FKGL': 4.4, 'Dale-Chall': 10.81, 'char_count': 70, 'alphanum_count': 57, 'word_count': 14, 'sentence_count': 1, 'char_compression_rate': 1.67, 'word_compression_rate': 1.56, 'sentence_compression_rate': 1.0, 'BLEU': 29.89950354998137, 'BERTScore': 0.9616329073905945}], 'simplification_version': [1], 'grade_level': [-1], 'simplification_dimensions': [{'linguistic': {'lexical': False, 'syntactic': False}}]}
validation:	 Inspect the dataset format:
 {'global_id': ['medeasi_001663'], 'source_text': ['On 24 March 1950, his eyes were infected by trachoma.'], 'source_metrics': [{'FRE': 86.71, 'ARI': 4.3, 'FKGL': 3.7, 'Dale-Chall': 12.03, 'char_count': 53, 'alphanum_count': 36, 'word_count': 12, 'sentence_count': 1}], 'metadata': [{'dataset': 'medeasi', 'experiment_split': '', 'domain': 'medical', 'language': 'en', 'annotation': 'human', 'level': 'sentence'}], 'simplification_text': ['He was born on 14 January 1950.'], 'target_metrics': [{'FRE': 81.29, 'ARI': -1.2, 'FKGL': 3.7, 'Dale-Chall': 8.5, 'char_count': 31, 'alphanum_count': 18, 'word_count': 8, 'sentence_count': 1, 'char_compression_rate': 0.58, 'word_compression_rate': 0.67, 'sentence_compression_rate': 1.0, 'BLEU': 3.9832534781768225, 'BERTScore': 0.8754134178161621}], 'simplification_version': [1], 'grade_level': [-1], 'simplification_dimensions': [{'linguistic': {'lexical': False, 'syntactic': False}}]}


 *** Before tokenization ***
>>> train:

Showing 1 example(s):

Example 1 (index 130)
--- Prompt:
 <|begin_of_text|><|start_header_id|>system<|end_header_id|>

Cutting Knowledge Date: December 2023
Today Date: 26 Jul 2024

You are a helpful text simplification assistant. You are not only an expert in simplifying texts for different readerships, but you are also very good at adapting texts according to the exact needs of the user. You output only the simplified text, no further notes or comments allowed.<|eot_id|><|start_header_id|>user<|end_header_id|>

INSTRUCTION: Simplify the following text such that its Flesch-Kincaid Grade Level (FKGL) score is approximately equal to that specified in the control token prepended to your generated simplification. The control token has the following format: <METRIC=VALUE>. The control token prepended to the source text indicates the FKGL value of the source text. 
SOURCE TEXT: <FKGL=10.0> Other conditions that affect the sebaceous glands include:
EXPLANATION: The <FKGL=10.3> token specifies that the target Flesch-Kincaid Grade Level should be approximately 10.3. Lower values indicate simpler text.<|eot_id|><|start_header_id|>assistant<|end_header_id|>

<FKGL=10.3><|eot_id|>
--- Completion:
 In the glands, sebum is produced within specialized cells and is released as these cells burst; sebaceous glands are thus classified as holocrine glands. <|eot_id|>
==================================================


 *** After tokenization ***
>>> train:

Showing 1 example(s):

Example 1 (index 975)
--- Prompt:
 <|begin_of_text|><|start_header_id|>system<|end_header_id|>

Cutting Knowledge Date: December 2023
Today Date: 26 Jul 2024

You are a helpful text simplification assistant. You are not only an expert in simplifying texts for different readerships, but you are also very good at adapting texts according to the exact needs of the user. You output only the simplified text, no further notes or comments allowed.<|eot_id|><|start_header_id|>user<|end_header_id|>

INSTRUCTION: Simplify the following text such that its Flesch-Kincaid Grade Level (FKGL) score is approximately equal to that specified in the control token prepended to your generated simplification. The control token has the following format: <METRIC=VALUE>. The control token prepended to the source text indicates the FKGL value of the source text. 
SOURCE TEXT: <FKGL=13.1> Drooling or a very sick appearance indicate other medical conditions.
EXPLANATION: The <FKGL=7.2> token specifies that the target Flesch-Kincaid Grade Level should be approximately 7.2. Lower values indicate simpler text.<|eot_id|><|start_header_id|>assistant<|end_header_id|>

<FKGL=7.2><|eot_id|>
--- Completion:
 Drooling or a sick appearance can mean a different illness. <|eot_id|>
--- input_ids:
 [128000, 128000, 128006, 9125, 128007, 271, 38766, 1303, 33025, 2696, 25, 6790, 220, 2366, 18, 198, 15724, 2696, 25, 220, 1627, 10263, 220, 2366, 19, 271, 2675, 527, 264, 11190, 1495, 15858, 2461, 18328, 13, 1472, 527, 539, 1193, 459, 6335, 304, 15858, 7922, 22755, 369, 2204, 13016, 34322, 11, 719, 499, 527, 1101, 1633, 1695, 520, 70817, 22755, 4184, 311, 279, 4839, 3966, 315, 279, 1217, 13, 1472, 2612, 1193, 279, 44899, 1495, 11, 912, 4726, 8554, 477, 6170, 5535, 13, 128009, 128006, 882, 128007, 271, 691, 58555, 25, 62342, 1463, 279, 2768, 1495, 1778, 430, 1202, 435, 645, 331, 16222, 258, 936, 307, 24749, 9580, 320, 28096, 3910, 8, 5573, 374, 13489, 6273, 311, 430, 5300, 304, 279, 2585, 4037, 22033, 2954, 311, 701, 8066, 15858, 2461, 13, 578, 2585, 4037, 706, 279, 2768, 3645, 25, 366, 45975, 37078, 28, 24771, 14611, 578, 2585, 4037, 22033, 2954, 311, 279, 2592, 1495, 15151, 279, 85346, 3910, 907, 315, 279, 2592, 1495, 13, 720, 44098, 16139, 25, 366, 28096, 3910, 28, 1032, 13, 16, 29, 57967, 85669, 477, 264, 1633, 14363, 11341, 13519, 1023, 6593, 4787, 627, 3337, 95179, 3579, 25, 578, 366, 28096, 3910, 28, 22, 13, 17, 29, 4037, 30202, 430, 279, 2218, 435, 645, 331, 16222, 258, 936, 307, 24749, 9580, 1288, 387, 13489, 220, 22, 13, 17, 13, 28636, 2819, 13519, 35388, 1495, 13, 128009, 128006, 78191, 128007, 271, 27, 28096, 3910, 28, 22, 13, 17, 29, 128009, 128000, 35, 299, 85669, 477, 264, 14363, 11341, 649, 3152, 264, 2204, 17563, 13, 220, 128009, 128256, 128256, 128256, 128256, 128256, 128256, 128256, 128256, 128256, 128256, 128256, 128256, 128256, 128256, 128256, 128256, 128256, 128256, 128256, 128256, 128256, 128256, 128256, 128256, 128256, 128256, 128256, 128256, 128256, 128256, 128256, 128256, 128256, 128256, 128256, 128256, 128256, 128256, 128256, 128256, 128256, 128256, 128256, 128256, 128256, 128256, 128256, 128256, 128256, 128256, 128256, 128256, 128256, 128256, 128256, 128256, 128256, 128256, 128256, 128256, 128256, 128256, 128256, 128256, 128256, 128256, 128256, 128256, 128256, 128256, 128256, 128256, 128256, 128256, 128256, 128256, 128256, 128256, 128256, 128256, 128256, 128256, 128256, 128256, 128256, 128256, 128256, 128256, 128256, 128256, 128256, 128256, 128256, 128256, 128256, 128256, 128256, 128256, 128256, 128256, 128256, 128256, 128256, 128256, 128256, 128256, 128256, 128256, 128256, 128256, 128256, 128256, 128256, 128256, 128256, 128256, 128256, 128256, 128256, 128256, 128256, 128256, 128256, 128256, 128256, 128256, 128256, 128256, 128256, 128256, 128256, 128256, 128256, 128256, 128256, 128256, 128256, 128256, 128256, 128256, 128256, 128256, 128256, 128256, 128256, 128256, 128256, 128256, 128256, 128256, 128256, 128256, 128256, 128256, 128256, 128256, 128256, 128256, 128256, 128256, 128256, 128256, 128256, 128256, 128256, 128256, 128256, 128256, 128256, 128256, 128256, 128256, 128256, 128256, 128256, 128256, 128256, 128256, 128256, 128256, 128256, 128256, 128256, 128256, 128256, 128256, 128256, 128256, 128256, 128256, 128256, 128256, 128256, 128256, 128256, 128256, 128256, 128256, 128256, 128256, 128256, 128256, 128256, 128256, 128256, 128256, 128256, 128256, 128256, 128256, 128256, 128256, 128256, 128256, 128256, 128256, 128256, 128256, 128256, 128256, 128256, 128256, 128256, 128256, 128256, 128256, 128256, 128256, 128256, 128256, 128256, 128256, 128256, 128256, 128256, 128256, 128256, 128256, 128256, 128256, 128256, 128256, 128256, 128256, 128256, 128256, 128256, 128256, 128256, 128256, 128256, 128256, 128256, 128256]
--- labels:
 [-100, -100, -100, -100, -100, -100, -100, -100, -100, -100, -100, -100, -100, -100, -100, -100, -100, -100, -100, -100, -100, -100, -100, -100, -100, -100, -100, -100, -100, -100, -100, -100, -100, -100, -100, -100, -100, -100, -100, -100, -100, -100, -100, -100, -100, -100, -100, -100, -100, -100, -100, -100, -100, -100, -100, -100, -100, -100, -100, -100, -100, -100, -100, -100, -100, -100, -100, -100, -100, -100, -100, -100, -100, -100, -100, -100, -100, -100, -100, -100, -100, -100, -100, -100, -100, -100, -100, -100, -100, -100, -100, -100, -100, -100, -100, -100, -100, -100, -100, -100, -100, -100, -100, -100, -100, -100, -100, -100, -100, -100, -100, -100, -100, -100, -100, -100, -100, -100, -100, -100, -100, -100, -100, -100, -100, -100, -100, -100, -100, -100, -100, -100, -100, -100, -100, -100, -100, -100, -100, -100, -100, -100, -100, -100, -100, -100, -100, -100, -100, -100, -100, -100, -100, -100, -100, -100, -100, -100, -100, -100, -100, -100, -100, -100, -100, -100, -100, -100, -100, -100, -100, -100, -100, -100, -100, -100, -100, -100, -100, -100, -100, -100, -100, -100, -100, -100, -100, -100, -100, -100, -100, -100, -100, -100, -100, -100, -100, -100, -100, -100, -100, -100, -100, -100, -100, -100, -100, -100, -100, -100, -100, -100, -100, -100, -100, -100, -100, -100, -100, -100, -100, -100, -100, -100, -100, -100, -100, -100, -100, -100, -100, -100, -100, -100, -100, -100, -100, -100, -100, -100, -100, -100, 128000, 35, 299, 85669, 477, 264, 14363, 11341, 649, 3152, 264, 2204, 17563, 13, 220, 128009, -100, -100, -100, -100, -100, -100, -100, -100, -100, -100, -100, -100, -100, -100, -100, -100, -100, -100, -100, -100, -100, -100, -100, -100, -100, -100, -100, -100, -100, -100, -100, -100, -100, -100, -100, -100, -100, -100, -100, -100, -100, -100, -100, -100, -100, -100, -100, -100, -100, -100, -100, -100, -100, -100, -100, -100, -100, -100, -100, -100, -100, -100, -100, -100, -100, -100, -100, -100, -100, -100, -100, -100, -100, -100, -100, -100, -100, -100, -100, -100, -100, -100, -100, -100, -100, -100, -100, -100, -100, -100, -100, -100, -100, -100, -100, -100, -100, -100, -100, -100, -100, -100, -100, -100, -100, -100, -100, -100, -100, -100, -100, -100, -100, -100, -100, -100, -100, -100, -100, -100, -100, -100, -100, -100, -100, -100, -100, -100, -100, -100, -100, -100, -100, -100, -100, -100, -100, -100, -100, -100, -100, -100, -100, -100, -100, -100, -100, -100, -100, -100, -100, -100, -100, -100, -100, -100, -100, -100, -100, -100, -100, -100, -100, -100, -100, -100, -100, -100, -100, -100, -100, -100, -100, -100, -100, -100, -100, -100, -100, -100, -100, -100, -100, -100, -100, -100, -100, -100, -100, -100, -100, -100, -100, -100, -100, -100, -100, -100, -100, -100, -100, -100, -100, -100, -100, -100, -100, -100, -100, -100, -100, -100, -100, -100, -100, -100, -100, -100, -100, -100, -100, -100, -100, -100, -100, -100, -100, -100, -100, -100, -100, -100, -100, -100, -100, -100, -100, -100, -100, -100, -100, -100, -100, -100, -100, -100, -100, -100, -100, -100, -100, -100, -100, -100]
==================================================
********** DEBUG **********
Train dataset columns: ['global_id', 'source_text', 'source_metrics', 'metadata', 'simplification_text', 'target_metrics', 'simplification_version', 'grade_level', 'simplification_dimensions', 'prompt', 'completion', 'system_prompt_id', 'user_prompt_id', 'metric_name', 'source_metric_value', 'target_metric_value', 'input_ids', 'labels', 'attention_mask']
Validation dataset columns: ['global_id', 'source_text', 'source_metrics', 'metadata', 'simplification_text', 'target_metrics', 'simplification_version', 'grade_level', 'simplification_dimensions', 'prompt', 'completion', 'system_prompt_id', 'user_prompt_id', 'metric_name', 'source_metric_value', 'target_metric_value', 'input_ids', 'labels', 'attention_mask']
First 10 input_ids: [128000, 128000, 128006, 9125, 128007, 271, 38766, 1303, 33025, 2696]
First 10 labels: [-100, -100, -100, -100, -100, -100, -100, -100, -100, -100]

--- DEBUG: Explore first instance of the val set:
 {'global_id': 'medeasi_001547', 'source_text': "This includes studies on testosterone changes in sports which at least for males are similar to those in status conflicts in non-human primates with testosterone levels increasing and decreasing as an individual 's status changes.", 'source_metrics': {'FRE': 19.03, 'ARI': 22.4, 'FKGL': 19.3, 'Dale-Chall': 13.04, 'char_count': 230, 'alphanum_count': 193, 'word_count': 36, 'sentence_count': 1}, 'metadata': {'dataset': 'medeasi', 'experiment_split': '', 'domain': 'medical', 'language': 'en', 'annotation': 'human', 'level': 'sentence'}, 'simplification_text': 'This included psychology.', 'target_metrics': {'FRE': -24.64, 'ARI': 16.2, 'FKGL': 17.4, 'Dale-Chall': 14.31, 'char_count': 25, 'alphanum_count': 22, 'word_count': 4, 'sentence_count': 1, 'char_compression_rate': 0.11, 'word_compression_rate': 0.11, 'sentence_compression_rate': 1.0, 'BLEU': 0.006372411897069753, 'BERTScore': 0.8708639740943909}, 'simplification_version': 1, 'grade_level': -1, 'simplification_dimensions': {'linguistic': {'lexical': False, 'syntactic': False}}, 'prompt': "<|begin_of_text|><|start_header_id|>system<|end_header_id|>\n\nCutting Knowledge Date: December 2023\nToday Date: 26 Jul 2024\n\nYou are a helpful expert in text simplification. You generate a simplified version of the text input by the user. You simplify the text according to the instructions given by the user. When asked to simplify a text, generate only the requested simplification, without any additional comments, notes or explanations.<|eot_id|><|start_header_id|>user<|end_header_id|>\n\nINSTRUCTION: Simplify the following text such that its Flesch-Kincaid Grade Level (FKGL) score is approximately equal to that specified in the control token prepended to your generated simplification. The control token has the following format: <METRIC=VALUE>. The control token prepended to the source text indicates the FKGL value of the source text. \nSOURCE TEXT: <FKGL=19.3> This includes studies on testosterone changes in sports which at least for males are similar to those in status conflicts in non-human primates with testosterone levels increasing and decreasing as an individual 's status changes.\nEXPLANATION: The <FKGL=17.4> token specifies that the target Flesch-Kincaid Grade Level should be approximately 17.4. Lower values indicate simpler text.<|eot_id|><|start_header_id|>assistant<|end_header_id|>\n\n<FKGL=17.4><|eot_id|>", 'completion': 'This included psychology. <|eot_id|>', 'system_prompt_id': 'sys_prompt_6', 'user_prompt_id': 'token_explanation', 'metric_name': 'FKGL', 'source_metric_value': 19.3, 'target_metric_value': 17.4, 'input_ids': [128000, 128000, 128006, 9125, 128007, 271, 38766, 1303, 33025, 2696, 25, 6790, 220, 2366, 18, 198, 15724, 2696, 25, 220, 1627, 10263, 220, 2366, 19, 271, 2675, 527, 264, 11190, 6335, 304, 1495, 15858, 2461, 13, 1472, 7068, 264, 44899, 2373, 315, 279, 1495, 1988, 555, 279, 1217, 13, 1472, 40821, 279, 1495, 4184, 311, 279, 11470, 2728, 555, 279, 1217, 13, 3277, 4691, 311, 40821, 264, 1495, 11, 7068, 1193, 279, 11472, 15858, 2461, 11, 2085, 904, 5217, 6170, 11, 8554, 477, 41941, 13, 128009, 128006, 882, 128007, 271, 691, 58555, 25, 62342, 1463, 279, 2768, 1495, 1778, 430, 1202, 435, 645, 331, 16222, 258, 936, 307, 24749, 9580, 320, 28096, 3910, 8, 5573, 374, 13489, 6273, 311, 430, 5300, 304, 279, 2585, 4037, 22033, 2954, 311, 701, 8066, 15858, 2461, 13, 578, 2585, 4037, 706, 279, 2768, 3645, 25, 366, 45975, 37078, 28, 24771, 14611, 578, 2585, 4037, 22033, 2954, 311, 279, 2592, 1495, 15151, 279, 85346, 3910, 907, 315, 279, 2592, 1495, 13, 720, 44098, 16139, 25, 366, 28096, 3910, 28, 777, 13, 18, 29, 1115, 5764, 7978, 389, 40032, 4442, 304, 10034, 902, 520, 3325, 369, 25000, 527, 4528, 311, 1884, 304, 2704, 26885, 304, 2536, 70095, 9036, 988, 449, 40032, 5990, 7859, 323, 44649, 439, 459, 3927, 364, 82, 2704, 4442, 627, 3337, 95179, 3579, 25, 578, 366, 28096, 3910, 28, 1114, 13, 19, 29, 4037, 30202, 430, 279, 2218, 435, 645, 331, 16222, 258, 936, 307, 24749, 9580, 1288, 387, 13489, 220, 1114, 13, 19, 13, 28636, 2819, 13519, 35388, 1495, 13, 128009, 128006, 78191, 128007, 271, 27, 28096, 3910, 28, 1114, 13, 19, 29, 128009, 128000, 2028, 5343, 31018, 13, 220, 128009, 128256, 128256, 128256, 128256, 128256, 128256, 128256, 128256, 128256, 128256, 128256, 128256, 128256, 128256, 128256, 128256, 128256, 128256, 128256, 128256, 128256, 128256, 128256, 128256, 128256, 128256, 128256, 128256, 128256, 128256, 128256, 128256, 128256, 128256, 128256, 128256, 128256, 128256, 128256, 128256, 128256, 128256, 128256, 128256, 128256, 128256, 128256, 128256, 128256, 128256, 128256, 128256, 128256, 128256, 128256, 128256, 128256, 128256, 128256, 128256, 128256, 128256, 128256, 128256, 128256, 128256, 128256, 128256, 128256, 128256, 128256, 128256, 128256, 128256, 128256, 128256, 128256, 128256, 128256, 128256, 128256, 128256, 128256, 128256, 128256, 128256, 128256, 128256, 128256, 128256, 128256, 128256, 128256, 128256, 128256, 128256, 128256, 128256, 128256, 128256, 128256, 128256, 128256, 128256, 128256, 128256, 128256, 128256, 128256, 128256, 128256, 128256, 128256, 128256, 128256, 128256, 128256, 128256, 128256, 128256, 128256, 128256, 128256, 128256, 128256, 128256, 128256, 128256, 128256, 128256, 128256, 128256, 128256, 128256, 128256, 128256, 128256, 128256, 128256, 128256, 128256, 128256, 128256, 128256, 128256, 128256, 128256, 128256, 128256, 128256, 128256, 128256, 128256, 128256, 128256, 128256, 128256, 128256, 128256, 128256, 128256, 128256, 128256, 128256, 128256, 128256, 128256, 128256, 128256, 128256, 128256, 128256, 128256, 128256, 128256, 128256, 128256, 128256, 128256, 128256, 128256, 128256, 128256, 128256, 128256, 128256, 128256, 128256, 128256, 128256, 128256, 128256, 128256, 128256, 128256, 128256, 128256, 128256, 128256, 128256, 128256, 128256, 128256, 128256, 128256, 128256, 128256, 128256, 128256, 128256, 128256, 128256, 128256, 128256, 128256, 128256, 128256, 128256, 128256, 128256, 128256, 128256, 128256, 128256, 128256, 128256, 128256, 128256, 128256, 128256, 128256, 128256, 128256], 'labels': [-100, -100, -100, -100, -100, -100, -100, -100, -100, -100, -100, -100, -100, -100, -100, -100, -100, -100, -100, -100, -100, -100, -100, -100, -100, -100, -100, -100, -100, -100, -100, -100, -100, -100, -100, -100, -100, -100, -100, -100, -100, -100, -100, -100, -100, -100, -100, -100, -100, -100, -100, -100, -100, -100, -100, -100, -100, -100, -100, -100, -100, -100, -100, -100, -100, -100, -100, -100, -100, -100, -100, -100, -100, -100, -100, -100, -100, -100, -100, -100, -100, -100, -100, -100, -100, -100, -100, -100, -100, -100, -100, -100, -100, -100, -100, -100, -100, -100, -100, -100, -100, -100, -100, -100, -100, -100, -100, -100, -100, -100, -100, -100, -100, -100, -100, -100, -100, -100, -100, -100, -100, -100, -100, -100, -100, -100, -100, -100, -100, -100, -100, -100, -100, -100, -100, -100, -100, -100, -100, -100, -100, -100, -100, -100, -100, -100, -100, -100, -100, -100, -100, -100, -100, -100, -100, -100, -100, -100, -100, -100, -100, -100, -100, -100, -100, -100, -100, -100, -100, -100, -100, -100, -100, -100, -100, -100, -100, -100, -100, -100, -100, -100, -100, -100, -100, -100, -100, -100, -100, -100, -100, -100, -100, -100, -100, -100, -100, -100, -100, -100, -100, -100, -100, -100, -100, -100, -100, -100, -100, -100, -100, -100, -100, -100, -100, -100, -100, -100, -100, -100, -100, -100, -100, -100, -100, -100, -100, -100, -100, -100, -100, -100, -100, -100, -100, -100, -100, -100, -100, -100, -100, -100, -100, -100, -100, -100, -100, -100, -100, -100, -100, -100, -100, -100, -100, -100, -100, -100, -100, -100, -100, -100, -100, -100, -100, -100, -100, -100, -100, -100, -100, -100, 128000, 2028, 5343, 31018, 13, 220, 128009, -100, -100, -100, -100, -100, -100, -100, -100, -100, -100, -100, -100, -100, -100, -100, -100, -100, -100, -100, -100, -100, -100, -100, -100, -100, -100, -100, -100, -100, -100, -100, -100, -100, -100, -100, -100, -100, -100, -100, -100, -100, -100, -100, -100, -100, -100, -100, -100, -100, -100, -100, -100, -100, -100, -100, -100, -100, -100, -100, -100, -100, -100, -100, -100, -100, -100, -100, -100, -100, -100, -100, -100, -100, -100, -100, -100, -100, -100, -100, -100, -100, -100, -100, -100, -100, -100, -100, -100, -100, -100, -100, -100, -100, -100, -100, -100, -100, -100, -100, -100, -100, -100, -100, -100, -100, -100, -100, -100, -100, -100, -100, -100, -100, -100, -100, -100, -100, -100, -100, -100, -100, -100, -100, -100, -100, -100, -100, -100, -100, -100, -100, -100, -100, -100, -100, -100, -100, -100, -100, -100, -100, -100, -100, -100, -100, -100, -100, -100, -100, -100, -100, -100, -100, -100, -100, -100, -100, -100, -100, -100, -100, -100, -100, -100, -100, -100, -100, -100, -100, -100, -100, -100, -100, -100, -100, -100, -100, -100, -100, -100, -100, -100, -100, -100, -100, -100, -100, -100, -100, -100, -100, -100, -100, -100, -100, -100, -100, -100, -100, -100, -100, -100, -100, -100, -100, -100, -100, -100, -100, -100, -100, -100, -100, -100, -100, -100, -100, -100, -100, -100, -100, -100, -100, -100, -100, -100, -100, -100, -100, -100, -100, -100, -100], 'attention_mask': [1, 1, 1, 1, 1, 1, 1, 1, 1, 1, 1, 1, 1, 1, 1, 1, 1, 1, 1, 1, 1, 1, 1, 1, 1, 1, 1, 1, 1, 1, 1, 1, 1, 1, 1, 1, 1, 1, 1, 1, 1, 1, 1, 1, 1, 1, 1, 1, 1, 1, 1, 1, 1, 1, 1, 1, 1, 1, 1, 1, 1, 1, 1, 1, 1, 1, 1, 1, 1, 1, 1, 1, 1, 1, 1, 1, 1, 1, 1, 1, 1, 1, 1, 1, 1, 1, 1, 1, 1, 1, 1, 1, 1, 1, 1, 1, 1, 1, 1, 1, 1, 1, 1, 1, 1, 1, 1, 1, 1, 1, 1, 1, 1, 1, 1, 1, 1, 1, 1, 1, 1, 1, 1, 1, 1, 1, 1, 1, 1, 1, 1, 1, 1, 1, 1, 1, 1, 1, 1, 1, 1, 1, 1, 1, 1, 1, 1, 1, 1, 1, 1, 1, 1, 1, 1, 1, 1, 1, 1, 1, 1, 1, 1, 1, 1, 1, 1, 1, 1, 1, 1, 1, 1, 1, 1, 1, 1, 1, 1, 1, 1, 1, 1, 1, 1, 1, 1, 1, 1, 1, 1, 1, 1, 1, 1, 1, 1, 1, 1, 1, 1, 1, 1, 1, 1, 1, 1, 1, 1, 1, 1, 1, 1, 1, 1, 1, 1, 1, 1, 1, 1, 1, 1, 1, 1, 1, 1, 1, 1, 1, 1, 1, 1, 1, 1, 1, 1, 1, 1, 1, 1, 1, 1, 1, 1, 1, 1, 1, 1, 1, 1, 1, 1, 1, 1, 1, 1, 1, 1, 1, 1, 1, 1, 1, 1, 1, 1, 1, 1, 1, 1, 1, 1, 1, 1, 1, 1, 1, 1, 0, 0, 0, 0, 0, 0, 0, 0, 0, 0, 0, 0, 0, 0, 0, 0, 0, 0, 0, 0, 0, 0, 0, 0, 0, 0, 0, 0, 0, 0, 0, 0, 0, 0, 0, 0, 0, 0, 0, 0, 0, 0, 0, 0, 0, 0, 0, 0, 0, 0, 0, 0, 0, 0, 0, 0, 0, 0, 0, 0, 0, 0, 0, 0, 0, 0, 0, 0, 0, 0, 0, 0, 0, 0, 0, 0, 0, 0, 0, 0, 0, 0, 0, 0, 0, 0, 0, 0, 0, 0, 0, 0, 0, 0, 0, 0, 0, 0, 0, 0, 0, 0, 0, 0, 0, 0, 0, 0, 0, 0, 0, 0, 0, 0, 0, 0, 0, 0, 0, 0, 0, 0, 0, 0, 0, 0, 0, 0, 0, 0, 0, 0, 0, 0, 0, 0, 0, 0, 0, 0, 0, 0, 0, 0, 0, 0, 0, 0, 0, 0, 0, 0, 0, 0, 0, 0, 0, 0, 0, 0, 0, 0, 0, 0, 0, 0, 0, 0, 0, 0, 0, 0, 0, 0, 0, 0, 0, 0, 0, 0, 0, 0, 0, 0, 0, 0, 0, 0, 0, 0, 0, 0, 0, 0, 0, 0, 0, 0, 0, 0, 0, 0, 0, 0, 0, 0, 0, 0, 0, 0, 0, 0, 0, 0, 0, 0, 0, 0, 0, 0, 0, 0, 0, 0, 0, 0, 0, 0, 0, 0, 0, 0, 0]}
type of input_ids: <class 'list'>
type of labels: <class 'list'>

--- DEBUG: Tokenized fields ---
--- Tokenizer vocab size: 128000
--- input_ids: [128000, 128000, 128006, 9125, 128007, 271, 38766, 1303, 33025, 2696, 25, 6790, 220, 2366, 18, 198, 15724, 2696, 25, 220, 1627, 10263, 220, 2366, 19, 271, 2675, 527, 264, 11190, 6335, 304, 1495, 15858, 2461, 13, 1472, 7068, 264, 44899, 2373, 315, 279, 1495, 1988, 555, 279, 1217, 13, 1472, 40821, 279, 1495, 4184, 311, 279, 11470, 2728, 555, 279, 1217, 13, 3277, 4691, 311, 40821, 264, 1495, 11, 7068, 1193, 279, 11472, 15858, 2461, 11, 2085, 904, 5217, 6170, 11, 8554, 477, 41941, 13, 128009, 128006, 882, 128007, 271, 691, 58555, 25, 62342, 1463, 279, 2768, 1495, 1778, 430, 1202, 435, 645, 331, 16222, 258, 936, 307, 24749, 9580, 320, 28096, 3910, 8, 5573, 374, 13489, 6273, 311, 430, 5300, 304, 279, 2585, 4037, 22033, 2954, 311, 701, 8066, 15858, 2461, 13, 578, 2585, 4037, 706, 279, 2768, 3645, 25, 366, 45975, 37078, 28, 24771, 14611, 578, 2585, 4037, 22033, 2954, 311, 279, 2592, 1495, 15151, 279, 85346, 3910, 907, 315, 279, 2592, 1495, 13, 720, 44098, 16139, 25, 366, 28096, 3910, 28, 1691, 13, 18, 29, 17680, 10934, 320, 1527, 279, 18341, 88909, 11, 4059, 2754, 11206, 11, 323, 2709, 285, 11, 35663, 3044, 477, 2761, 57733, 8, 19813, 311, 459, 35663, 3044, 315, 279, 4059, 11, 323, 374, 264, 14281, 47657, 4751, 369, 264, 10723, 1614, 3629, 7633, 439, 16239, 264, 10103, 4814, 315, 3729, 449, 8903, 3436, 627, 3337, 95179, 3579, 25, 578, 366, 28096, 3910, 28, 717, 13, 22, 29, 4037, 30202, 430, 279, 2218, 435, 645, 331, 16222, 258, 936, 307, 24749, 9580, 1288, 387, 13489, 220, 717, 13, 22, 13, 28636, 2819, 13519, 35388, 1495, 13, 128009, 128006, 78191, 128007, 271, 27, 28096, 3910, 28, 717, 13, 22, 29, 128009, 128000, 4516, 16280, 11, 98147, 3445, 81846, 3044, 315, 279, 13836, 13, 220, 128009, 128256, 128256, 128256, 128256, 128256, 128256, 128256, 128256, 128256, 128256, 128256, 128256, 128256, 128256, 128256, 128256, 128256, 128256, 128256, 128256, 128256, 128256, 128256, 128256, 128256, 128256, 128256, 128256, 128256, 128256, 128256, 128256, 128256, 128256, 128256, 128256, 128256, 128256, 128256, 128256, 128256, 128256, 128256, 128256, 128256, 128256, 128256, 128256, 128256, 128256, 128256, 128256, 128256, 128256, 128256, 128256, 128256, 128256, 128256, 128256, 128256, 128256, 128256, 128256, 128256, 128256, 128256, 128256, 128256, 128256, 128256, 128256, 128256, 128256, 128256, 128256, 128256, 128256, 128256, 128256, 128256, 128256, 128256, 128256, 128256, 128256, 128256, 128256, 128256, 128256, 128256, 128256, 128256, 128256, 128256, 128256, 128256, 128256, 128256, 128256, 128256, 128256, 128256, 128256, 128256, 128256, 128256, 128256, 128256, 128256, 128256, 128256, 128256, 128256, 128256, 128256, 128256, 128256, 128256, 128256, 128256, 128256, 128256, 128256, 128256, 128256, 128256, 128256, 128256, 128256, 128256, 128256, 128256, 128256, 128256, 128256, 128256, 128256, 128256, 128256, 128256, 128256, 128256, 128256, 128256, 128256, 128256, 128256, 128256, 128256, 128256, 128256, 128256, 128256, 128256, 128256, 128256, 128256, 128256, 128256, 128256, 128256, 128256, 128256, 128256, 128256, 128256, 128256, 128256, 128256, 128256, 128256, 128256, 128256, 128256, 128256, 128256, 128256, 128256, 128256, 128256, 128256, 128256, 128256, 128256, 128256, 128256, 128256, 128256, 128256, 128256, 128256, 128256, 128256, 128256, 128256, 128256, 128256, 128256, 128256, 128256, 128256, 128256, 128256, 128256, 128256, 128256, 128256, 128256, 128256, 128256]
--- labels: [-100, -100, -100, -100, -100, -100, -100, -100, -100, -100, -100, -100, -100, -100, -100, -100, -100, -100, -100, -100, -100, -100, -100, -100, -100, -100, -100, -100, -100, -100, -100, -100, -100, -100, -100, -100, -100, -100, -100, -100, -100, -100, -100, -100, -100, -100, -100, -100, -100, -100, -100, -100, -100, -100, -100, -100, -100, -100, -100, -100, -100, -100, -100, -100, -100, -100, -100, -100, -100, -100, -100, -100, -100, -100, -100, -100, -100, -100, -100, -100, -100, -100, -100, -100, -100, -100, -100, -100, -100, -100, -100, -100, -100, -100, -100, -100, -100, -100, -100, -100, -100, -100, -100, -100, -100, -100, -100, -100, -100, -100, -100, -100, -100, -100, -100, -100, -100, -100, -100, -100, -100, -100, -100, -100, -100, -100, -100, -100, -100, -100, -100, -100, -100, -100, -100, -100, -100, -100, -100, -100, -100, -100, -100, -100, -100, -100, -100, -100, -100, -100, -100, -100, -100, -100, -100, -100, -100, -100, -100, -100, -100, -100, -100, -100, -100, -100, -100, -100, -100, -100, -100, -100, -100, -100, -100, -100, -100, -100, -100, -100, -100, -100, -100, -100, -100, -100, -100, -100, -100, -100, -100, -100, -100, -100, -100, -100, -100, -100, -100, -100, -100, -100, -100, -100, -100, -100, -100, -100, -100, -100, -100, -100, -100, -100, -100, -100, -100, -100, -100, -100, -100, -100, -100, -100, -100, -100, -100, -100, -100, -100, -100, -100, -100, -100, -100, -100, -100, -100, -100, -100, -100, -100, -100, -100, -100, -100, -100, -100, -100, -100, -100, -100, -100, -100, -100, -100, -100, -100, -100, -100, -100, -100, -100, -100, -100, -100, -100, -100, -100, -100, -100, -100, -100, -100, -100, -100, -100, -100, -100, -100, -100, -100, -100, -100, -100, -100, -100, 128000, 4516, 16280, 11, 98147, 3445, 81846, 3044, 315, 279, 13836, 13, 220, 128009, -100, -100, -100, -100, -100, -100, -100, -100, -100, -100, -100, -100, -100, -100, -100, -100, -100, -100, -100, -100, -100, -100, -100, -100, -100, -100, -100, -100, -100, -100, -100, -100, -100, -100, -100, -100, -100, -100, -100, -100, -100, -100, -100, -100, -100, -100, -100, -100, -100, -100, -100, -100, -100, -100, -100, -100, -100, -100, -100, -100, -100, -100, -100, -100, -100, -100, -100, -100, -100, -100, -100, -100, -100, -100, -100, -100, -100, -100, -100, -100, -100, -100, -100, -100, -100, -100, -100, -100, -100, -100, -100, -100, -100, -100, -100, -100, -100, -100, -100, -100, -100, -100, -100, -100, -100, -100, -100, -100, -100, -100, -100, -100, -100, -100, -100, -100, -100, -100, -100, -100, -100, -100, -100, -100, -100, -100, -100, -100, -100, -100, -100, -100, -100, -100, -100, -100, -100, -100, -100, -100, -100, -100, -100, -100, -100, -100, -100, -100, -100, -100, -100, -100, -100, -100, -100, -100, -100, -100, -100, -100, -100, -100, -100, -100, -100, -100, -100, -100, -100, -100, -100, -100, -100, -100, -100, -100, -100, -100, -100, -100, -100, -100, -100, -100, -100, -100, -100, -100, -100, -100, -100, -100, -100, -100, -100, -100, -100, -100, -100, -100, -100, -100, -100, -100, -100, -100, -100, -100, -100, -100, -100]
--- decoded input_ids:
 <|begin_of_text|><|begin_of_text|><|start_header_id|>system<|end_header_id|>

Cutting Knowledge Date: December 2023
Today Date: 26 Jul 2024

You are a helpful expert in text simplification. You generate a simplified version of the text input by the user. You simplify the text according to the instructions given by the user. When asked to simplify a text, generate only the requested simplification, without any additional comments, notes or explanations.<|eot_id|><|start_header_id|>user<|end_header_id|>

INSTRUCTION: Simplify the following text such that its Flesch-Kincaid Grade Level (FKGL) score is approximately equal to that specified in the control token prepended to your generated simplification. The control token has the following format: <METRIC=VALUE>. The control token prepended to the source text indicates the FKGL value of the source text. 
SOURCE TEXT: <FKGL=21.3> Psychosis (from the Greek psyche, mind/soul, and osis, abnormal condition or derangement) refers to an abnormal condition of the mind, and is a generic psychiatric term for a mental state often described as involving a `` loss of contact with reality ''.
EXPLANATION: The <FKGL=12.7> token specifies that the target Flesch-Kincaid Grade Level should be approximately 12.7. Lower values indicate simpler text.<|eot_id|><|start_header_id|>assistant<|end_header_id|>

<FKGL=12.7><|eot_id|><|begin_of_text|>So literally, psychosis means unnatural condition of the soul. <|eot_id|>[PAD][PAD][PAD][PAD][PAD][PAD][PAD][PAD][PAD][PAD][PAD][PAD][PAD][PAD][PAD][PAD][PAD][PAD][PAD][PAD][PAD][PAD][PAD][PAD][PAD][PAD][PAD][PAD][PAD][PAD][PAD][PAD][PAD][PAD][PAD][PAD][PAD][PAD][PAD][PAD][PAD][PAD][PAD][PAD][PAD][PAD][PAD][PAD][PAD][PAD][PAD][PAD][PAD][PAD][PAD][PAD][PAD][PAD][PAD][PAD][PAD][PAD][PAD][PAD][PAD][PAD][PAD][PAD][PAD][PAD][PAD][PAD][PAD][PAD][PAD][PAD][PAD][PAD][PAD][PAD][PAD][PAD][PAD][PAD][PAD][PAD][PAD][PAD][PAD][PAD][PAD][PAD][PAD][PAD][PAD][PAD][PAD][PAD][PAD][PAD][PAD][PAD][PAD][PAD][PAD][PAD][PAD][PAD][PAD][PAD][PAD][PAD][PAD][PAD][PAD][PAD][PAD][PAD][PAD][PAD][PAD][PAD][PAD][PAD][PAD][PAD][PAD][PAD][PAD][PAD][PAD][PAD][PAD][PAD][PAD][PAD][PAD][PAD][PAD][PAD][PAD][PAD][PAD][PAD][PAD][PAD][PAD][PAD][PAD][PAD][PAD][PAD][PAD][PAD][PAD][PAD][PAD][PAD][PAD][PAD][PAD][PAD][PAD][PAD][PAD][PAD][PAD][PAD][PAD][PAD][PAD][PAD][PAD][PAD][PAD][PAD][PAD][PAD][PAD][PAD][PAD][PAD][PAD][PAD][PAD][PAD][PAD][PAD][PAD][PAD][PAD][PAD][PAD][PAD][PAD][PAD][PAD][PAD][PAD][PAD][PAD][PAD][PAD][PAD][PAD][PAD][PAD][PAD][PAD][PAD][PAD]
--- decoded labels:
 So literally, psychosis means unnatural condition of the soul. 
{'loss': 3.336, 'grad_norm': 4.5336198806762695, 'learning_rate': 3e-05, 'epoch': 0.12}
{'eval_loss': 3.0116279125213623, 'eval_runtime': 13.1933, 'eval_samples_per_second': 13.037, 'eval_steps_per_second': 3.259, 'epoch': 0.12}

>>> [Step 20] Prompt:
<|begin_of_text|><|start_header_id|>system<|end_header_id|>

Cutting Knowledge Date: December 2023
Today Date: 26 Jul 2024

You are a helpful assistant. You are very good at simplifying texts. When you receive a text for simplification, you simplify it according to the instructions given by the user. Generate only the simplification, without any comments or notes.<|eot_id|><|start_header_id|>user<|end_header_id|>

INSTRUCTION: Simplify the following text such that its Flesch-Kincaid Grade Level (FKGL) score is approximately equal to that specified in the control token prepended to your generated simplification. The control token has the following format: <METRIC=VALUE>. The control token prepended to the source text indicates the FKGL value of the source text. 
SOURCE TEXT: <FKGL=11.9> In pathology, it specifically refers to a sharp injury which damages the dermis of the skin.
EXPLANATION: The <FKGL=10.3> token specifies that the target Flesch-Kincaid Grade Level should be approximately 10.3. Lower values indicate simpler text.<|eot_id|><|start_header_id|>assistant<|end_header_id|>

<FKGL=10.3><|eot_id|>
>>> Reference:
In pathology, it specifically means a sharp injury which damages the dermis of the skin. <|eot_id|>
>>> Prediction:

================================================================================

>>> [Step 20] Prompt:
<|begin_of_text|><|start_header_id|>system<|end_header_id|>

Cutting Knowledge Date: December 2023
Today Date: 26 Jul 2024

You are a helpful text simplification assistant. You are not only an expert in simplifying texts for different readerships, but you are also very good at adapting texts according to the exact needs of the user. You output only the simplified text, no further notes or comments allowed.<|eot_id|><|start_header_id|>user<|end_header_id|>

INSTRUCTION: Simplify the following text such that its Flesch-Kincaid Grade Level (FKGL) score is approximately equal to that specified in the control token prepended to your generated simplification. The control token has the following format: <METRIC=VALUE>. The control token prepended to the source text indicates the FKGL value of the source text. 
SOURCE TEXT: <FKGL=6.0> Flaccid penis length is a poor estimate of erect length.
EXPLANATION: The <FKGL=9.6> token specifies that the target Flesch-Kincaid Grade Level should be approximately 9.6. Lower values indicate simpler text.<|eot_id|><|start_header_id|>assistant<|end_header_id|>

<FKGL=9.6><|eot_id|>
>>> Reference:
Flaccid length is not a reliable indication of erect length. <|eot_id|>
>>> Prediction:

================================================================================

>>> [Step 20] Prompt:
<|begin_of_text|><|start_header_id|>system<|end_header_id|>

Cutting Knowledge Date: December 2023
Today Date: 26 Jul 2024

You are an expert in text simplification. When you receive a text for simplification, you generate a simplified version of that text. You carefully study the simplification criteria specified by the user and adapt the text accordingly. Please generate only the simplified text, no other notes or explanations allowed.<|eot_id|><|start_header_id|>user<|end_header_id|>

INSTRUCTION: Simplify the following text such that its Flesch-Kincaid Grade Level (FKGL) score is approximately equal to that specified in the control token prepended to your generated simplification. The control token has the following format: <METRIC=VALUE>. The control token prepended to the source text indicates the FKGL value of the source text. 
SOURCE TEXT: <FKGL=11.1> For the coupling of aryl halides with aryl Grignard reagents, nickel chloride in tetrahydrofuran ( THF ) is also a good catalyst.
EXPLANATION: The <FKGL=9.5> token specifies that the target Flesch-Kincaid Grade Level should be approximately 9.5. Lower values indicate simpler text.<|eot_id|><|start_header_id|>assistant<|end_header_id|>

<FKGL=9.5><|eot_id|>
>>> Reference:
For the coupling of aryl halides with aryl Grignards, nickel chloride in tetrahydrofuran ( THF ) is also a good catalyst. <|eot_id|>
>>> Prediction:
The text about the coupling of aryl halides with aryl Grignard reagents indicates that nickel chloride in tetrahydrofuran (THF) is also a good catalyst.
================================================================================

>>> [Step 20] Prompt:
<|begin_of_text|><|start_header_id|>system<|end_header_id|>

Cutting Knowledge Date: December 2023
Today Date: 26 Jul 2024

You are a helpful expert in text simplification. You generate a simplified version of the text input by the user. You simplify the text according to the instructions given by the user. When asked to simplify a text, generate only the requested simplification, without any additional comments, notes or explanations.<|eot_id|><|start_header_id|>user<|end_header_id|>

INSTRUCTION: Simplify the following text such that its Flesch-Kincaid Grade Level (FKGL) score is approximately equal to that specified in the control token prepended to your generated simplification. The control token has the following format: <METRIC=VALUE>. The control token prepended to the source text indicates the FKGL value of the source text. 
SOURCE TEXT: <FKGL=6.4> It is named after John Hilton Edwards, who first described the syndrome in 1960.
EXPLANATION: The <FKGL=2.5> token specifies that the target Flesch-Kincaid Grade Level should be approximately 2.5. Lower values indicate simpler text.<|eot_id|><|start_header_id|>assistant<|end_header_id|>

<FKGL=2.5><|eot_id|>
>>> Reference:
It is named after John H. Edwards, who first described the syndrome in 1960. <|eot_id|>
>>> Prediction:
assistant
================================================================================
{'loss': 2.4216, 'grad_norm': 2.291978120803833, 'learning_rate': 6.333333333333333e-05, 'epoch': 0.23}
{'eval_loss': 2.1746268272399902, 'eval_runtime': 13.2142, 'eval_samples_per_second': 13.016, 'eval_steps_per_second': 3.254, 'epoch': 0.23}
{'loss': 1.9776, 'grad_norm': 2.6059796810150146, 'learning_rate': 9.666666666666667e-05, 'epoch': 0.35}
{'eval_loss': 1.5035723447799683, 'eval_runtime': 13.1902, 'eval_samples_per_second': 13.04, 'eval_steps_per_second': 3.26, 'epoch': 0.35}

>>> [Step 40] Prompt:
<|begin_of_text|><|start_header_id|>system<|end_header_id|>

Cutting Knowledge Date: December 2023
Today Date: 26 Jul 2024

You are an expert in text simplification. When you receive a text for simplification, you generate a simplified version of that text. You carefully study the simplification criteria specified by the user and adapt the text accordingly. Please generate only the simplified text, no other notes or explanations allowed.<|eot_id|><|start_header_id|>user<|end_header_id|>

INSTRUCTION: Simplify the following text such that its Flesch-Kincaid Grade Level (FKGL) score is approximately equal to that specified in the control token prepended to your generated simplification. The control token has the following format: <METRIC=VALUE>. The control token prepended to the source text indicates the FKGL value of the source text. 
SOURCE TEXT: <FKGL=13.9> Although uncomfortable at times extremely so panic attacks are not medically dangerous.
EXPLANATION: The <FKGL=10.7> token specifies that the target Flesch-Kincaid Grade Level should be approximately 10.7. Lower values indicate simpler text.<|eot_id|><|start_header_id|>assistant<|end_header_id|>

<FKGL=10.7><|eot_id|>
>>> Reference:
Although panic attacks are uncomfortable at times extremely so they are not dangerous. <|eot_id|>
>>> Prediction:
defining panic attacks 
================================================================================

>>> [Step 40] Prompt:
<|begin_of_text|><|start_header_id|>system<|end_header_id|>

Cutting Knowledge Date: December 2023
Today Date: 26 Jul 2024

You are a helpful expert in text simplification. You generate a simplified version of the text input by the user. You simplify the text according to the instructions given by the user. When asked to simplify a text, generate only the requested simplification, without any additional comments, notes or explanations.<|eot_id|><|start_header_id|>user<|end_header_id|>

INSTRUCTION: Simplify the following text such that its Flesch-Kincaid Grade Level (FKGL) score is approximately equal to that specified in the control token prepended to your generated simplification. The control token has the following format: <METRIC=VALUE>. The control token prepended to the source text indicates the FKGL value of the source text. 
SOURCE TEXT: <FKGL=3.7> On 24 March 1950, his eyes were infected by trachoma.
EXPLANATION: The <FKGL=3.7> token specifies that the target Flesch-Kincaid Grade Level should be approximately 3.7. Lower values indicate simpler text.<|eot_id|><|start_header_id|>assistant<|end_header_id|>

<FKGL=3.7><|eot_id|>
>>> Reference:
He was born on 14 January 1950. <|eot_id|>
>>> Prediction:
Question:  On 24 March 1950, his eyes were infected by trachoma. 
================================================================================

>>> [Step 40] Prompt:
<|begin_of_text|><|start_header_id|>system<|end_header_id|>

Cutting Knowledge Date: December 2023
Today Date: 26 Jul 2024

You are a helpful expert in text simplification. You generate a simplified version of the text input by the user. You simplify the text according to the instructions given by the user. When asked to simplify a text, generate only the requested simplification, without any additional comments, notes or explanations.<|eot_id|><|start_header_id|>user<|end_header_id|>

INSTRUCTION: Simplify the following text such that its Flesch-Kincaid Grade Level (FKGL) score is approximately equal to that specified in the control token prepended to your generated simplification. The control token has the following format: <METRIC=VALUE>. The control token prepended to the source text indicates the FKGL value of the source text. 
SOURCE TEXT: <FKGL=11.5> Other decongestants such as pseudoephedrine appear effective in adults.
EXPLANATION: The <FKGL=10.7> token specifies that the target Flesch-Kincaid Grade Level should be approximately 10.7. Lower values indicate simpler text.<|eot_id|><|start_header_id|>assistant<|end_header_id|>

<FKGL=10.7><|eot_id|>
>>> Reference:
Other decongestants such as pseudoephedrine are also effective in adults. <|eot_id|>
>>> Prediction:
# Other decongestants such as pseudoephedrine appear effective in adults. 
================================================================================

>>> [Step 40] Prompt:
<|begin_of_text|><|start_header_id|>system<|end_header_id|>

Cutting Knowledge Date: December 2023
Today Date: 26 Jul 2024

You are a helpful text simplification assistant. You are not only an expert in simplifying texts for different readerships, but you are also very good at adapting texts according to the exact needs of the user. You output only the simplified text, no further notes or comments allowed.<|eot_id|><|start_header_id|>user<|end_header_id|>

INSTRUCTION: Simplify the following text such that its Flesch-Kincaid Grade Level (FKGL) score is approximately equal to that specified in the control token prepended to your generated simplification. The control token has the following format: <METRIC=VALUE>. The control token prepended to the source text indicates the FKGL value of the source text. 
SOURCE TEXT: <FKGL=19.7> Also, many physicians or diabetes specialists do n't recognize LADA or do n't know that Type 1 diabetes may occur in adults, and so LADA is misdiagnosed as or mistaken for Type 2 diabetes very often.
EXPLANATION: The <FKGL=13.1> token specifies that the target Flesch-Kincaid Grade Level should be approximately 13.1. Lower values indicate simpler text.<|eot_id|><|start_header_id|>assistant<|end_header_id|>

<FKGL=13.1><|eot_id|>
>>> Reference:
People with LADA are misdiagnosed as having Type 2 diabetes, except that LADA has GAD antibodies. <|eot_id|>
>>> Prediction:
# 
================================================================================
{'loss': 1.3584, 'grad_norm': 0.9375081658363342, 'learning_rate': 9.961602898685226e-05, 'epoch': 0.46}
{'eval_loss': 1.199689507484436, 'eval_runtime': 13.2197, 'eval_samples_per_second': 13.011, 'eval_steps_per_second': 3.253, 'epoch': 0.46}
{'loss': 1.2046, 'grad_norm': 1.141128420829773, 'learning_rate': 9.829629131445342e-05, 'epoch': 0.58}
{'eval_loss': 1.1635504961013794, 'eval_runtime': 13.2015, 'eval_samples_per_second': 13.029, 'eval_steps_per_second': 3.257, 'epoch': 0.58}

>>> [Step 60] Prompt:
<|begin_of_text|><|start_header_id|>system<|end_header_id|>

Cutting Knowledge Date: December 2023
Today Date: 26 Jul 2024

You are a helpful assistant. You are very good at simplifying texts. When you receive a text for simplification, you simplify it according to the instructions given by the user. Generate only the simplification, without any comments or notes.<|eot_id|><|start_header_id|>user<|end_header_id|>

INSTRUCTION: Simplify the following text such that its Flesch-Kincaid Grade Level (FKGL) score is approximately equal to that specified in the control token prepended to your generated simplification. The control token has the following format: <METRIC=VALUE>. The control token prepended to the source text indicates the FKGL value of the source text. 
SOURCE TEXT: <FKGL=9.6> Recurrence rates after surgical excision are about 5 to 15 %.
EXPLANATION: The <FKGL=10.3> token specifies that the target Flesch-Kincaid Grade Level should be approximately 10.3. Lower values indicate simpler text.<|eot_id|><|start_header_id|>assistant<|end_header_id|>

<FKGL=10.3><|eot_id|>
>>> Reference:
After surgical removal, ganglia return in about 5 to 15 % of people. <|eot_id|>
>>> Prediction:
What is the rate of recurrence of keloid scars? 
================================================================================

>>> [Step 60] Prompt:
<|begin_of_text|><|start_header_id|>system<|end_header_id|>

Cutting Knowledge Date: December 2023
Today Date: 26 Jul 2024

You are a helpful text simplification assistant. You are not only an expert in simplifying texts for different readerships, but you are also very good at adapting texts according to the exact needs of the user. You output only the simplified text, no further notes or comments allowed.<|eot_id|><|start_header_id|>user<|end_header_id|>

INSTRUCTION: Simplify the following text such that its Flesch-Kincaid Grade Level (FKGL) score is approximately equal to that specified in the control token prepended to your generated simplification. The control token has the following format: <METRIC=VALUE>. The control token prepended to the source text indicates the FKGL value of the source text. 
SOURCE TEXT: <FKGL=13.4> The virus, part of the orthopoxvirus family, is so closely related to the vaccinia virus that the two are often spoken of interchangeably.
EXPLANATION: The <FKGL=9.1> token specifies that the target Flesch-Kincaid Grade Level should be approximately 9.1. Lower values indicate simpler text.<|eot_id|><|start_header_id|>assistant<|end_header_id|>

<FKGL=9.1><|eot_id|>
>>> Reference:
It is caused by a virus (Cowpox virus) that is related to the Vaccinia virus. <|eot_id|>
>>> Prediction:
This virus, part of the orthopoxvirus family, is so closely related to the vaccinia virus that the two are often spoken of interchangeably. 
================================================================================

>>> [Step 60] Prompt:
<|begin_of_text|><|start_header_id|>system<|end_header_id|>

Cutting Knowledge Date: December 2023
Today Date: 26 Jul 2024

You are a helpful text simplification assistant. You are not only an expert in simplifying texts for different readerships, but you are also very good at adapting texts according to the exact needs of the user. You output only the simplified text, no further notes or comments allowed.<|eot_id|><|start_header_id|>user<|end_header_id|>

INSTRUCTION: Simplify the following text such that its Flesch-Kincaid Grade Level (FKGL) score is approximately equal to that specified in the control token prepended to your generated simplification. The control token has the following format: <METRIC=VALUE>. The control token prepended to the source text indicates the FKGL value of the source text. 
SOURCE TEXT: <FKGL=11.5> Nancy devoted most of her time to caring for her ailing husband, diagnosed in 1994 with Alzheimer 's disease, until his death in 2004.
EXPLANATION: The <FKGL=11.1> token specifies that the target Flesch-Kincaid Grade Level should be approximately 11.1. Lower values indicate simpler text.<|eot_id|><|start_header_id|>assistant<|end_header_id|>

<FKGL=11.1><|eot_id|>
>>> Reference:
Nancy devoted most of her time to caring for her ill husband who was diagnosed in 1994 with Alzheimer 's disease until his death in 2004. <|eot_id|>
>>> Prediction:
The couple moved to New York City, where Nancy devoted most of her time to caring for her ailing husband, diagnosed in 1994 with Alzheimer's disease, until his death in 2004. 
================================================================================

>>> [Step 60] Prompt:
<|begin_of_text|><|start_header_id|>system<|end_header_id|>

Cutting Knowledge Date: December 2023
Today Date: 26 Jul 2024

You are an expert in controlled text simplification. When you receive a text from the user, you carefully adapt it to the simplification level specified by the user. Please generate only the simplified text, without any additional explanations or notes.<|eot_id|><|start_header_id|>user<|end_header_id|>

INSTRUCTION: Simplify the following text such that its Flesch-Kincaid Grade Level (FKGL) score is approximately equal to that specified in the control token prepended to your generated simplification. The control token has the following format: <METRIC=VALUE>. The control token prepended to the source text indicates the FKGL value of the source text. 
SOURCE TEXT: <FKGL=12.3> Fade-ins and fade-outs are often used as cinematic devices that begin and end scenes; film language that developed at the same time as these early recordings.
EXPLANATION: The <FKGL=12.3> token specifies that the target Flesch-Kincaid Grade Level should be approximately 12.3. Lower values indicate simpler text.<|eot_id|><|start_header_id|>assistant<|end_header_id|>

<FKGL=12.3><|eot_id|>
>>> Reference:
Fade-ins and fade-outs are cinematic devices that begin and end scenes; film language that developed at the same time as these early recordings. <|eot_id|>
>>> Prediction:
In film, fade-ins and fade-outs are often used as cinematic devices that begin and end scenes; film language that developed at the same time as these early recordings. 
================================================================================
{'loss': 1.1093, 'grad_norm': 0.7735693454742432, 'learning_rate': 9.606105731925283e-05, 'epoch': 0.69}
{'eval_loss': 1.1479541063308716, 'eval_runtime': 13.2257, 'eval_samples_per_second': 13.005, 'eval_steps_per_second': 3.251, 'epoch': 0.69}
{'loss': 0.9647, 'grad_norm': 0.9015749096870422, 'learning_rate': 9.295269771849427e-05, 'epoch': 0.81}
{'eval_loss': 1.1375442743301392, 'eval_runtime': 13.1973, 'eval_samples_per_second': 13.033, 'eval_steps_per_second': 3.258, 'epoch': 0.81}

>>> [Step 80] Prompt:
<|begin_of_text|><|start_header_id|>system<|end_header_id|>

Cutting Knowledge Date: December 2023
Today Date: 26 Jul 2024

You are a helpful expert in text simplification. You generate a simplified version of the text input by the user. You simplify the text according to the instructions given by the user. When asked to simplify a text, generate only the requested simplification, without any additional comments, notes or explanations.<|eot_id|><|start_header_id|>user<|end_header_id|>

INSTRUCTION: Simplify the following text such that its Flesch-Kincaid Grade Level (FKGL) score is approximately equal to that specified in the control token prepended to your generated simplification. The control token has the following format: <METRIC=VALUE>. The control token prepended to the source text indicates the FKGL value of the source text. 
SOURCE TEXT: <FKGL=16.2> Symptoms of primary coccidioidomycosis, in decreasing order of frequency, include fever, cough, chest pain, chills, sputum production, sore throat, and hemoptysis.
EXPLANATION: The <FKGL=3.3> token specifies that the target Flesch-Kincaid Grade Level should be approximately 3.3. Lower values indicate simpler text.<|eot_id|><|start_header_id|>assistant<|end_header_id|>

<FKGL=3.3><|eot_id|>
>>> Reference:
They include a cough, fever, chills, chest pain, and sometimes shortness of breath. The cough may produce sputum. <|eot_id|>
>>> Prediction:
The most common symptoms are cough, chest pain, fever, chills, sputum production, sore throat, and coughing up blood. 
================================================================================

>>> [Step 80] Prompt:
<|begin_of_text|><|start_header_id|>system<|end_header_id|>

Cutting Knowledge Date: December 2023
Today Date: 26 Jul 2024

You are a helpful text simplification assistant. You are not only an expert in simplifying texts for different readerships, but you are also very good at adapting texts according to the exact needs of the user. You output only the simplified text, no further notes or comments allowed.<|eot_id|><|start_header_id|>user<|end_header_id|>

INSTRUCTION: Simplify the following text such that its Flesch-Kincaid Grade Level (FKGL) score is approximately equal to that specified in the control token prepended to your generated simplification. The control token has the following format: <METRIC=VALUE>. The control token prepended to the source text indicates the FKGL value of the source text. 
SOURCE TEXT: <FKGL=12.9> Frederick Akbar Mahomed ( d. 1884 ), who worked at Guy 's Hospital in London, made substantial contributions to the process of clinical trials, where `` he separated chronic nephritis with secondary hypertension from what we now term essential hypertension.
EXPLANATION: The <FKGL=15.0> token specifies that the target Flesch-Kincaid Grade Level should be approximately 15.0. Lower values indicate simpler text.<|eot_id|><|start_header_id|>assistant<|end_header_id|>

<FKGL=15.0><|eot_id|>
>>> Reference:
Frederick Akbar Mahomed ( d. 1884 ), who worked at Guy 's Hospital in London, made substantial contributions to the process of clinical trials during his detailed clinical studies, where `` he separated chronic nephritis with secondary hypertension from what we now term essential hypertension. '' <|eot_id|>
>>> Prediction:
Question 4: Frederick Akbar Mahomed ( d. 1884 ), who worked at Guy's Hospital in London, made substantial contributions to the process of clinical trials, where `` he separated chronic nephritis with secondary hypertension from what we now term essential hypertension. 
================================================================================

>>> [Step 80] Prompt:
<|begin_of_text|><|start_header_id|>system<|end_header_id|>

Cutting Knowledge Date: December 2023
Today Date: 26 Jul 2024

You are a helpful assistant. You are very good at simplifying texts. When you receive a text for simplification, you simplify it according to the instructions given by the user. Generate only the simplification, without any comments or notes.<|eot_id|><|start_header_id|>user<|end_header_id|>

INSTRUCTION: Simplify the following text such that its Flesch-Kincaid Grade Level (FKGL) score is approximately equal to that specified in the control token prepended to your generated simplification. The control token has the following format: <METRIC=VALUE>. The control token prepended to the source text indicates the FKGL value of the source text. 
SOURCE TEXT: <FKGL=19.7> There is little support for increased fight-or-flight response or failure of habituation in autism; there is more evidence of decreased responsiveness to sensory stimuli, although several studies show no differences.
EXPLANATION: The <FKGL=3.7> token specifies that the target Flesch-Kincaid Grade Level should be approximately 3.7. Lower values indicate simpler text.<|eot_id|><|start_header_id|>assistant<|end_header_id|>

<FKGL=3.7><|eot_id|>
>>> Reference:
There are many symptoms. <|eot_id|>
>>> Prediction:
It is not clear why some people with autism have sensory problems. 
================================================================================

>>> [Step 80] Prompt:
<|begin_of_text|><|start_header_id|>system<|end_header_id|>

Cutting Knowledge Date: December 2023
Today Date: 26 Jul 2024

You are a helpful text simplification assistant. You are not only an expert in simplifying texts for different readerships, but you are also very good at adapting texts according to the exact needs of the user. You output only the simplified text, no further notes or comments allowed.<|eot_id|><|start_header_id|>user<|end_header_id|>

INSTRUCTION: Simplify the following text such that its Flesch-Kincaid Grade Level (FKGL) score is approximately equal to that specified in the control token prepended to your generated simplification. The control token has the following format: <METRIC=VALUE>. The control token prepended to the source text indicates the FKGL value of the source text. 
SOURCE TEXT: <FKGL=13.8> Pliny the Younger provided an account of his death, and suggested that he collapsed and died through inhaling poisonous gases emitted from the volcano.
EXPLANATION: The <FKGL=12.7> token specifies that the target Flesch-Kincaid Grade Level should be approximately 12.7. Lower values indicate simpler text.<|eot_id|><|start_header_id|>assistant<|end_header_id|>

<FKGL=12.7><|eot_id|>
>>> Reference:
Pliny the Younger wrote an account of his death, and suggested that he collapsed and died through inhaling poisonous gases emitted by the volcano. <|eot_id|>
>>> Prediction:
This is the only known account of his death, and it is not certain whether he died from the gases or from a heart attack. 
================================================================================
{'loss': 1.123, 'grad_norm': 0.8997424840927124, 'learning_rate': 8.903013405060211e-05, 'epoch': 0.92}
{'eval_loss': 1.1273791790008545, 'eval_runtime': 13.1992, 'eval_samples_per_second': 13.031, 'eval_steps_per_second': 3.258, 'epoch': 0.92}
{'loss': 1.1628, 'grad_norm': 0.9890957474708557, 'learning_rate': 8.436772176847294e-05, 'epoch': 1.03}
{'eval_loss': 1.1277028322219849, 'eval_runtime': 13.2013, 'eval_samples_per_second': 13.029, 'eval_steps_per_second': 3.257, 'epoch': 1.03}

>>> [Step 100] Prompt:
<|begin_of_text|><|start_header_id|>system<|end_header_id|>

Cutting Knowledge Date: December 2023
Today Date: 26 Jul 2024

You are an expert in controlled text simplification. When you receive a text from the user, you carefully adapt it to the simplification level specified by the user. Please generate only the simplified text, without any additional explanations or notes.<|eot_id|><|start_header_id|>user<|end_header_id|>

INSTRUCTION: Simplify the following text such that its Flesch-Kincaid Grade Level (FKGL) score is approximately equal to that specified in the control token prepended to your generated simplification. The control token has the following format: <METRIC=VALUE>. The control token prepended to the source text indicates the FKGL value of the source text. 
SOURCE TEXT: <FKGL=17.2> Microbial cultures are rarely done because a valid culture requires a sample obtained by sinus endoscopy or sinus puncture; culturing a swab of nasal secretions is inadequate. Cultures are typically done only when empiric treatment fails and in immunocompromised patients and some hospital- acquired causes of sinusitis.
EXPLANATION: The <FKGL=11.7> token specifies that the target Flesch-Kincaid Grade Level should be approximately 11.7. Lower values indicate simpler text.<|eot_id|><|start_header_id|>assistant<|end_header_id|>

<FKGL=11.7><|eot_id|>
>>> Reference:
Sometimes a doctor passes a thin viewing scope (endoscope) into the nose to inspect the sinus openings and to obtain samples of fluid for culture. This procedure, which requires a local anesthetic (to numb the area), can be done in the doctor's office. <|eot_id|>
>>> Prediction:
Aspirin and ibuprofen may be used to treat pain. 
================================================================================

>>> [Step 100] Prompt:
<|begin_of_text|><|start_header_id|>system<|end_header_id|>

Cutting Knowledge Date: December 2023
Today Date: 26 Jul 2024

You are an expert in text simplification. When you receive a text for simplification, you generate a simplified version of that text. You carefully study the simplification criteria specified by the user and adapt the text accordingly. Please generate only the simplified text, no other notes or explanations allowed.<|eot_id|><|start_header_id|>user<|end_header_id|>

INSTRUCTION: Simplify the following text such that its Flesch-Kincaid Grade Level (FKGL) score is approximately equal to that specified in the control token prepended to your generated simplification. The control token has the following format: <METRIC=VALUE>. The control token prepended to the source text indicates the FKGL value of the source text. 
SOURCE TEXT: <FKGL=17.0> Benign paroxysmal vertigo of childhood is an uncommon neurological disorder which presents with recurrent episodes of dizziness.
EXPLANATION: The <FKGL=10.7> token specifies that the target Flesch-Kincaid Grade Level should be approximately 10.7. Lower values indicate simpler text.<|eot_id|><|start_header_id|>assistant<|end_header_id|>

<FKGL=10.7><|eot_id|>
>>> Reference:
Benign paroxysmal vertigo of childhood (BPVC for short) is a medical problem that happens in children. <|eot_id|>
>>> Prediction:
The main symptoms are dizziness, nausea, vomiting, and loss of balance. 
================================================================================

>>> [Step 100] Prompt:
<|begin_of_text|><|start_header_id|>system<|end_header_id|>

Cutting Knowledge Date: December 2023
Today Date: 26 Jul 2024

You are a helpful expert in text simplification. You generate a simplified version of the text input by the user. You simplify the text according to the instructions given by the user. When asked to simplify a text, generate only the requested simplification, without any additional comments, notes or explanations.<|eot_id|><|start_header_id|>user<|end_header_id|>

INSTRUCTION: Simplify the following text such that its Flesch-Kincaid Grade Level (FKGL) score is approximately equal to that specified in the control token prepended to your generated simplification. The control token has the following format: <METRIC=VALUE>. The control token prepended to the source text indicates the FKGL value of the source text. 
SOURCE TEXT: <FKGL=11.5> The key distinguishing feature of cheletropic reactions is that on one of the reagents , both new bonds are being made to the same atom .
EXPLANATION: The <FKGL=9.5> token specifies that the target Flesch-Kincaid Grade Level should be approximately 9.5. Lower values indicate simpler text.<|eot_id|><|start_header_id|>assistant<|end_header_id|>

<FKGL=9.5><|eot_id|>
>>> Reference:
What sets cheletropic reactions apart is that on one of the reagents , both new bonds are being made to the same atom . <|eot_id|>
>>> Prediction:
In a cheletropic reaction, two new bonds are made to the same atom. 
================================================================================

>>> [Step 100] Prompt:
<|begin_of_text|><|start_header_id|>system<|end_header_id|>

Cutting Knowledge Date: December 2023
Today Date: 26 Jul 2024

You are an expert in text simplification. When you receive a text for simplification, you generate a simplified version of that text. You carefully study the simplification criteria specified by the user and adapt the text accordingly. Please generate only the simplified text, no other notes or explanations allowed.<|eot_id|><|start_header_id|>user<|end_header_id|>

INSTRUCTION: Simplify the following text such that its Flesch-Kincaid Grade Level (FKGL) score is approximately equal to that specified in the control token prepended to your generated simplification. The control token has the following format: <METRIC=VALUE>. The control token prepended to the source text indicates the FKGL value of the source text. 
SOURCE TEXT: <FKGL=11.1> For the coupling of aryl halides with aryl Grignard reagents, nickel chloride in tetrahydrofuran ( THF ) is also a good catalyst.
EXPLANATION: The <FKGL=9.5> token specifies that the target Flesch-Kincaid Grade Level should be approximately 9.5. Lower values indicate simpler text.<|eot_id|><|start_header_id|>assistant<|end_header_id|>

<FKGL=9.5><|eot_id|>
>>> Reference:
For the coupling of aryl halides with aryl Grignards, nickel chloride in tetrahydrofuran ( THF ) is also a good catalyst. <|eot_id|>
>>> Prediction:
You can also use nickel chloride in tetrahydrofuran ( THF ) as a catalyst. 
================================================================================
{'loss': 1.0448, 'grad_norm': 0.910071849822998, 'learning_rate': 7.905384077009693e-05, 'epoch': 1.15}
{'eval_loss': 1.1199283599853516, 'eval_runtime': 13.2055, 'eval_samples_per_second': 13.025, 'eval_steps_per_second': 3.256, 'epoch': 1.15}
{'loss': 1.0402, 'grad_norm': 1.276158094406128, 'learning_rate': 7.318922008417203e-05, 'epoch': 1.27}
{'eval_loss': 1.1152724027633667, 'eval_runtime': 13.2132, 'eval_samples_per_second': 13.017, 'eval_steps_per_second': 3.254, 'epoch': 1.27}

>>> [Step 120] Prompt:
<|begin_of_text|><|start_header_id|>system<|end_header_id|>

Cutting Knowledge Date: December 2023
Today Date: 26 Jul 2024

You are a helpful text simplification assistant. You are not only an expert in simplifying texts for different readerships, but you are also very good at adapting texts according to the exact needs of the user. You output only the simplified text, no further notes or comments allowed.<|eot_id|><|start_header_id|>user<|end_header_id|>

INSTRUCTION: Simplify the following text such that its Flesch-Kincaid Grade Level (FKGL) score is approximately equal to that specified in the control token prepended to your generated simplification. The control token has the following format: <METRIC=VALUE>. The control token prepended to the source text indicates the FKGL value of the source text. 
SOURCE TEXT: <FKGL=15.0> The book depicts working class poverty, the absence of social programs, harsh and unpleasant living and working conditions, and a hopelessness among many workers.
EXPLANATION: The <FKGL=9.9> token specifies that the target Flesch-Kincaid Grade Level should be approximately 9.9. Lower values indicate simpler text.<|eot_id|><|start_header_id|>assistant<|end_header_id|>

<FKGL=9.9><|eot_id|>
>>> Reference:
The book writes about the poverty, bad living and working conditions, and sorrow among the working class. <|eot_id|>
>>> Prediction:
What did the book depict? 
================================================================================

>>> [Step 120] Prompt:
<|begin_of_text|><|start_header_id|>system<|end_header_id|>

Cutting Knowledge Date: December 2023
Today Date: 26 Jul 2024

You are a helpful expert in text simplification. You generate a simplified version of the text input by the user. You simplify the text according to the instructions given by the user. When asked to simplify a text, generate only the requested simplification, without any additional comments, notes or explanations.<|eot_id|><|start_header_id|>user<|end_header_id|>

INSTRUCTION: Simplify the following text such that its Flesch-Kincaid Grade Level (FKGL) score is approximately equal to that specified in the control token prepended to your generated simplification. The control token has the following format: <METRIC=VALUE>. The control token prepended to the source text indicates the FKGL value of the source text. 
SOURCE TEXT: <FKGL=16.6> A stroke, sometimes referred to as a cerebrovascular accident ( CVA ), cerebrovascular insult ( CVI ), or colloquially brain attack is the loss of brain function due to a disturbance in the blood supply to the brain.
EXPLANATION: The <FKGL=10.3> token specifies that the target Flesch-Kincaid Grade Level should be approximately 10.3. Lower values indicate simpler text.<|eot_id|><|start_header_id|>assistant<|end_header_id|>

<FKGL=10.3><|eot_id|>
>>> Reference:
A stroke, or cerebrovascular accident ( CVA ), is the rapid loss of brain function ( s ) due to disturbance in the blood supply to the brain. <|eot_id|>
>>> Prediction:
The brain is a soft, spongy tissue that lives inside the skull. 
================================================================================

>>> [Step 120] Prompt:
<|begin_of_text|><|start_header_id|>system<|end_header_id|>

Cutting Knowledge Date: December 2023
Today Date: 26 Jul 2024

You are a helpful assistant. You are very good at simplifying texts. When you receive a text for simplification, you simplify it according to the instructions given by the user. Generate only the simplification, without any comments or notes.<|eot_id|><|start_header_id|>user<|end_header_id|>

INSTRUCTION: Simplify the following text such that its Flesch-Kincaid Grade Level (FKGL) score is approximately equal to that specified in the control token prepended to your generated simplification. The control token has the following format: <METRIC=VALUE>. The control token prepended to the source text indicates the FKGL value of the source text. 
SOURCE TEXT: <FKGL=18.1> When determining the order of a sigmatropic shift involving a hydrogen atom migration it is critical to count across all atoms involved in the reaction rather than only across the closest atoms.
EXPLANATION: The <FKGL=9.9> token specifies that the target Flesch-Kincaid Grade Level should be approximately 9.9. Lower values indicate simpler text.<|eot_id|><|start_header_id|>assistant<|end_header_id|>

<FKGL=9.9><|eot_id|>
>>> Reference:
So, chemists count across all atoms involved in the reaction rather than only across the closest atoms. <|eot_id|>
>>> Prediction:
The order of a sigmatropic shift involving a hydrogen atom migration is critical to determine. 
================================================================================

>>> [Step 120] Prompt:
<|begin_of_text|><|start_header_id|>system<|end_header_id|>

Cutting Knowledge Date: December 2023
Today Date: 26 Jul 2024

You are a helpful assistant. You are very good at simplifying texts. When you receive a text for simplification, you simplify it according to the instructions given by the user. Generate only the simplification, without any comments or notes.<|eot_id|><|start_header_id|>user<|end_header_id|>

INSTRUCTION: Simplify the following text such that its Flesch-Kincaid Grade Level (FKGL) score is approximately equal to that specified in the control token prepended to your generated simplification. The control token has the following format: <METRIC=VALUE>. The control token prepended to the source text indicates the FKGL value of the source text. 
SOURCE TEXT: <FKGL=9.6> Recurrence rates after surgical excision are about 5 to 15 %.
EXPLANATION: The <FKGL=10.3> token specifies that the target Flesch-Kincaid Grade Level should be approximately 10.3. Lower values indicate simpler text.<|eot_id|><|start_header_id|>assistant<|end_header_id|>

<FKGL=10.3><|eot_id|>
>>> Reference:
After surgical removal, ganglia return in about 5 to 15 % of people. <|eot_id|>
>>> Prediction:
The recurrence rate after surgical excision is about 5 to 15 %. 
================================================================================
{'loss': 1.159, 'grad_norm': 1.0536540746688843, 'learning_rate': 6.688502846768696e-05, 'epoch': 1.38}
{'eval_loss': 1.1104366779327393, 'eval_runtime': 13.2494, 'eval_samples_per_second': 12.982, 'eval_steps_per_second': 3.245, 'epoch': 1.38}
{'loss': 1.0798, 'grad_norm': 1.1437124013900757, 'learning_rate': 6.026076710978171e-05, 'epoch': 1.5}
{'eval_loss': 1.1052515506744385, 'eval_runtime': 13.2432, 'eval_samples_per_second': 12.988, 'eval_steps_per_second': 3.247, 'epoch': 1.5}

>>> [Step 140] Prompt:
<|begin_of_text|><|start_header_id|>system<|end_header_id|>

Cutting Knowledge Date: December 2023
Today Date: 26 Jul 2024

You are a helpful assistant. You are very good at simplifying texts. When you receive a text for simplification, you simplify it according to the instructions given by the user. Generate only the simplification, without any comments or notes.<|eot_id|><|start_header_id|>user<|end_header_id|>

INSTRUCTION: Simplify the following text such that its Flesch-Kincaid Grade Level (FKGL) score is approximately equal to that specified in the control token prepended to your generated simplification. The control token has the following format: <METRIC=VALUE>. The control token prepended to the source text indicates the FKGL value of the source text. 
SOURCE TEXT: <FKGL=21.3> Other uncommon complications include bacterial tracheitis, pneumonia, and pulmonary edema.
EXPLANATION: The <FKGL=19.3> token specifies that the target Flesch-Kincaid Grade Level should be approximately 19.3. Lower values indicate simpler text.<|eot_id|><|start_header_id|>assistant<|end_header_id|>

<FKGL=19.3><|eot_id|>
>>> Reference:
Other uncommon complications include bacterial tracheitis (infection of the trachea), pneumonia (lung infection), and pulmonary edema (fluid in the lungs). <|eot_id|>
>>> Prediction:
The most common complications of croup are pneumonia, a lung infection, and bronchiolitis, an inflammation of the small airways. 
================================================================================

>>> [Step 140] Prompt:
<|begin_of_text|><|start_header_id|>system<|end_header_id|>

Cutting Knowledge Date: December 2023
Today Date: 26 Jul 2024

You are a helpful assistant. You are an expert in controlled text simplification. When you receive a text, you simplify it by rewriting it in a manner that is easier to read. Your simplification is guided by the simplification criteria specified by the user. You generate only the simplification result, without any additional comments or explanations.<|eot_id|><|start_header_id|>user<|end_header_id|>

INSTRUCTION: Simplify the following text such that its Flesch-Kincaid Grade Level (FKGL) score is approximately equal to that specified in the control token prepended to your generated simplification. The control token has the following format: <METRIC=VALUE>. The control token prepended to the source text indicates the FKGL value of the source text. 
SOURCE TEXT: <FKGL=14.2> Among these is the development of respiratory distress, which occurs in up to 25 % of adults and 40 % of children with severe P. falciparum malaria.
EXPLANATION: The <FKGL=10.7> token specifies that the target Flesch-Kincaid Grade Level should be approximately 10.7. Lower values indicate simpler text.<|eot_id|><|start_header_id|>assistant<|end_header_id|>

<FKGL=10.7><|eot_id|>
>>> Reference:
Falciparum malaria is always treated with two or more medicines. <|eot_id|>
>>> Prediction:
Question: What are the complications of malaria? 
================================================================================

>>> [Step 140] Prompt:
<|begin_of_text|><|start_header_id|>system<|end_header_id|>

Cutting Knowledge Date: December 2023
Today Date: 26 Jul 2024

You are a helpful text simplification assistant. You are not only an expert in simplifying texts for different readerships, but you are also very good at adapting texts according to the exact needs of the user. You output only the simplified text, no further notes or comments allowed.<|eot_id|><|start_header_id|>user<|end_header_id|>

INSTRUCTION: Simplify the following text such that its Flesch-Kincaid Grade Level (FKGL) score is approximately equal to that specified in the control token prepended to your generated simplification. The control token has the following format: <METRIC=VALUE>. The control token prepended to the source text indicates the FKGL value of the source text. 
SOURCE TEXT: <FKGL=11.5> Individuals with fragile X syndrome have a full mutation of the FMR1 allele, with over 200 CGG repeats.
EXPLANATION: The <FKGL=12.7> token specifies that the target Flesch-Kincaid Grade Level should be approximately 12.7. Lower values indicate simpler text.<|eot_id|><|start_header_id|>assistant<|end_header_id|>

<FKGL=12.7><|eot_id|>
>>> Reference:
Individuals with fragile X syndrome have a full mutation of the FMR1 allele, with over 200 repeats of the CGG codon. In these individuals with a repeat expansion greater than 200, there is methylation of the CGG repeat expansion and FMR1 promoter. <|eot_id|>
>>> Prediction:
The fragile X syndrome results from a full mutation of the FMR1 allele, with over 200 CGG repeats. 
================================================================================

>>> [Step 140] Prompt:
<|begin_of_text|><|start_header_id|>system<|end_header_id|>

Cutting Knowledge Date: December 2023
Today Date: 26 Jul 2024

You are an expert in text simplification. When you receive a text for simplification, you generate a simplified version of that text. You carefully study the simplification criteria specified by the user and adapt the text accordingly. Please generate only the simplified text, no other notes or explanations allowed.<|eot_id|><|start_header_id|>user<|end_header_id|>

INSTRUCTION: Simplify the following text such that its Flesch-Kincaid Grade Level (FKGL) score is approximately equal to that specified in the control token prepended to your generated simplification. The control token has the following format: <METRIC=VALUE>. The control token prepended to the source text indicates the FKGL value of the source text. 
SOURCE TEXT: <FKGL=9.2> Most Iridium satellites are still controlled, so their flares can be predicted.
EXPLANATION: The <FKGL=7.6> token specifies that the target Flesch-Kincaid Grade Level should be approximately 7.6. Lower values indicate simpler text.<|eot_id|><|start_header_id|>assistant<|end_header_id|>

<FKGL=7.6><|eot_id|>
>>> Reference:
Most of them are in a controlled orbit, so the flares from these satellites can be predicted. <|eot_id|>
>>> Prediction:
The Iridium satellites are controlled, so their flares can be predicted. 
================================================================================
{'loss': 1.1311, 'grad_norm': 0.9815636873245239, 'learning_rate': 5.344200438743489e-05, 'epoch': 1.61}
{'eval_loss': 1.1047275066375732, 'eval_runtime': 13.2256, 'eval_samples_per_second': 13.005, 'eval_steps_per_second': 3.251, 'epoch': 1.61}
{'loss': 1.0539, 'grad_norm': 0.9806405901908875, 'learning_rate': 4.6557995612565144e-05, 'epoch': 1.73}
{'eval_loss': 1.1027734279632568, 'eval_runtime': 13.1998, 'eval_samples_per_second': 13.03, 'eval_steps_per_second': 3.258, 'epoch': 1.73}

>>> [Step 160] Prompt:
<|begin_of_text|><|start_header_id|>system<|end_header_id|>

Cutting Knowledge Date: December 2023
Today Date: 26 Jul 2024

You are a helpful text simplification assistant. You are not only an expert in simplifying texts for different readerships, but you are also very good at adapting texts according to the exact needs of the user. You output only the simplified text, no further notes or comments allowed.<|eot_id|><|start_header_id|>user<|end_header_id|>

INSTRUCTION: Simplify the following text such that its Flesch-Kincaid Grade Level (FKGL) score is approximately equal to that specified in the control token prepended to your generated simplification. The control token has the following format: <METRIC=VALUE>. The control token prepended to the source text indicates the FKGL value of the source text. 
SOURCE TEXT: <FKGL=16.2> While recovering in the hospital from back surgery, Billington would later recount that Bret Hart showed up and stated that Vince McMahon had sent him to get Dynamite 's tag belt; Billington refused.
EXPLANATION: The <FKGL=15.8> token specifies that the target Flesch-Kincaid Grade Level should be approximately 15.8. Lower values indicate simpler text.<|eot_id|><|start_header_id|>assistant<|end_header_id|>

<FKGL=15.8><|eot_id|>
>>> Reference:
When he was recovering in the hospital from back surgery, he recounted that Bret Hart had showed up and said that Vince McMahon had sent him to get Dynamite 's tag belt but Billington refused. <|eot_id|>
>>> Prediction:
The match ended when Dynamite Kid, who was recovering from back surgery, refused to hand over his tag team title belt. 
================================================================================

>>> [Step 160] Prompt:
<|begin_of_text|><|start_header_id|>system<|end_header_id|>

Cutting Knowledge Date: December 2023
Today Date: 26 Jul 2024

You are a helpful expert in text simplification. You generate a simplified version of the text input by the user. You simplify the text according to the instructions given by the user. When asked to simplify a text, generate only the requested simplification, without any additional comments, notes or explanations.<|eot_id|><|start_header_id|>user<|end_header_id|>

INSTRUCTION: Simplify the following text such that its Flesch-Kincaid Grade Level (FKGL) score is approximately equal to that specified in the control token prepended to your generated simplification. The control token has the following format: <METRIC=VALUE>. The control token prepended to the source text indicates the FKGL value of the source text. 
SOURCE TEXT: <FKGL=11.5> Anaphylaxis is a serious allergic reaction that is rapid in onset and may cause death .
EXPLANATION: The <FKGL=13.1> token specifies that the target Flesch-Kincaid Grade Level should be approximately 13.1. Lower values indicate simpler text.<|eot_id|><|start_header_id|>assistant<|end_header_id|>

<FKGL=13.1><|eot_id|>
>>> Reference:
Anaphylaxis is a serious allergic reaction that begins suddenly and may cause death . <|eot_id|>
>>> Prediction:
The symptoms of anaphylaxis are rapid in onset and may include: 
================================================================================

>>> [Step 160] Prompt:
<|begin_of_text|><|start_header_id|>system<|end_header_id|>

Cutting Knowledge Date: December 2023
Today Date: 26 Jul 2024

You are a helpful assistant. You are an expert in controlled text simplification. When you receive a text, you simplify it by rewriting it in a manner that is easier to read. Your simplification is guided by the simplification criteria specified by the user. You generate only the simplification result, without any additional comments or explanations.<|eot_id|><|start_header_id|>user<|end_header_id|>

INSTRUCTION: Simplify the following text such that its Flesch-Kincaid Grade Level (FKGL) score is approximately equal to that specified in the control token prepended to your generated simplification. The control token has the following format: <METRIC=VALUE>. The control token prepended to the source text indicates the FKGL value of the source text. 
SOURCE TEXT: <FKGL=19.0> No testing is necessary unless specific abnormalities are detected by history and examination.
EXPLANATION: The <FKGL=17.0> token specifies that the target Flesch-Kincaid Grade Level should be approximately 17.0. Lower values indicate simpler text.<|eot_id|><|start_header_id|>assistant<|end_header_id|>

<FKGL=17.0><|eot_id|>
>>> Reference:
No testing is needed unless doctors detect specific abnormalities during the history and examination. <|eot_id|>
>>> Prediction:
The doctor will ask about the person's symptoms and medical history and perform a physical examination. 
================================================================================

>>> [Step 160] Prompt:
<|begin_of_text|><|start_header_id|>system<|end_header_id|>

Cutting Knowledge Date: December 2023
Today Date: 26 Jul 2024

You are an expert in controlled text simplification. When you receive a text from the user, you carefully adapt it to the simplification level specified by the user. Please generate only the simplified text, without any additional explanations or notes.<|eot_id|><|start_header_id|>user<|end_header_id|>

INSTRUCTION: Simplify the following text such that its Flesch-Kincaid Grade Level (FKGL) score is approximately equal to that specified in the control token prepended to your generated simplification. The control token has the following format: <METRIC=VALUE>. The control token prepended to the source text indicates the FKGL value of the source text. 
SOURCE TEXT: <FKGL=12.3> Fade-ins and fade-outs are often used as cinematic devices that begin and end scenes; film language that developed at the same time as these early recordings.
EXPLANATION: The <FKGL=12.3> token specifies that the target Flesch-Kincaid Grade Level should be approximately 12.3. Lower values indicate simpler text.<|eot_id|><|start_header_id|>assistant<|end_header_id|>

<FKGL=12.3><|eot_id|>
>>> Reference:
Fade-ins and fade-outs are cinematic devices that begin and end scenes; film language that developed at the same time as these early recordings. <|eot_id|>
>>> Prediction:
The fade-in and fade-out are often used as cinematic devices that begin and end scenes; film language that developed at the same time as these early recordings. 
================================================================================
{'loss': 1.0555, 'grad_norm': 1.1069529056549072, 'learning_rate': 3.973923289021829e-05, 'epoch': 1.84}
{'eval_loss': 1.1018588542938232, 'eval_runtime': 13.197, 'eval_samples_per_second': 13.033, 'eval_steps_per_second': 3.258, 'epoch': 1.84}
{'loss': 1.0879, 'grad_norm': 1.0488801002502441, 'learning_rate': 3.3114971532313056e-05, 'epoch': 1.96}
{'eval_loss': 1.101304531097412, 'eval_runtime': 13.2101, 'eval_samples_per_second': 13.02, 'eval_steps_per_second': 3.255, 'epoch': 1.96}

>>> [Step 180] Prompt:
<|begin_of_text|><|start_header_id|>system<|end_header_id|>

Cutting Knowledge Date: December 2023
Today Date: 26 Jul 2024

You are a helpful text simplification assistant. You are not only an expert in simplifying texts for different readerships, but you are also very good at adapting texts according to the exact needs of the user. You output only the simplified text, no further notes or comments allowed.<|eot_id|><|start_header_id|>user<|end_header_id|>

INSTRUCTION: Simplify the following text such that its Flesch-Kincaid Grade Level (FKGL) score is approximately equal to that specified in the control token prepended to your generated simplification. The control token has the following format: <METRIC=VALUE>. The control token prepended to the source text indicates the FKGL value of the source text. 
SOURCE TEXT: <FKGL=22.0> The Intersex Society of North America stated that `` For decades, doctors have thought it necessary to treat intersex with a concealment-centered approach, one that features downplaying intersex as much as possible, even to the point of lying to patients about their conditions.
EXPLANATION: The <FKGL=18.9> token specifies that the target Flesch-Kincaid Grade Level should be approximately 18.9. Lower values indicate simpler text.<|eot_id|><|start_header_id|>assistant<|end_header_id|>

<FKGL=18.9><|eot_id|>
>>> Reference:
About 1 in 100 babies are born with an intersex condition, and 1 in 1000 babies have an intersex condition that the medical community declares needs surgery, in order adhere to binary sex/gender ideals. <|eot_id|>
>>> Prediction:
The Intersex Society of North America stated that `` For decades, doctors have thought it necessary to treat intersex with a concealment-centered approach, one that features downplaying intersex as much as possible, even to the point of lying to patients about their conditions. 
================================================================================

>>> [Step 180] Prompt:
<|begin_of_text|><|start_header_id|>system<|end_header_id|>

Cutting Knowledge Date: December 2023
Today Date: 26 Jul 2024

You are a helpful text simplification assistant. You are not only an expert in simplifying texts for different readerships, but you are also very good at adapting texts according to the exact needs of the user. You output only the simplified text, no further notes or comments allowed.<|eot_id|><|start_header_id|>user<|end_header_id|>

INSTRUCTION: Simplify the following text such that its Flesch-Kincaid Grade Level (FKGL) score is approximately equal to that specified in the control token prepended to your generated simplification. The control token has the following format: <METRIC=VALUE>. The control token prepended to the source text indicates the FKGL value of the source text. 
SOURCE TEXT: <FKGL=16.2> While recovering in the hospital from back surgery, Billington would later recount that Bret Hart showed up and stated that Vince McMahon had sent him to get Dynamite 's tag belt; Billington refused.
EXPLANATION: The <FKGL=15.8> token specifies that the target Flesch-Kincaid Grade Level should be approximately 15.8. Lower values indicate simpler text.<|eot_id|><|start_header_id|>assistant<|end_header_id|>

<FKGL=15.8><|eot_id|>
>>> Reference:
When he was recovering in the hospital from back surgery, he recounted that Bret Hart had showed up and said that Vince McMahon had sent him to get Dynamite 's tag belt but Billington refused. <|eot_id|>
>>> Prediction:
The Hart Foundation had won the NWA Tag Team Championship. 
================================================================================

>>> [Step 180] Prompt:
<|begin_of_text|><|start_header_id|>system<|end_header_id|>

Cutting Knowledge Date: December 2023
Today Date: 26 Jul 2024

You are a helpful text simplification assistant. You are not only an expert in simplifying texts for different readerships, but you are also very good at adapting texts according to the exact needs of the user. You output only the simplified text, no further notes or comments allowed.<|eot_id|><|start_header_id|>user<|end_header_id|>

INSTRUCTION: Simplify the following text such that its Flesch-Kincaid Grade Level (FKGL) score is approximately equal to that specified in the control token prepended to your generated simplification. The control token has the following format: <METRIC=VALUE>. The control token prepended to the source text indicates the FKGL value of the source text. 
SOURCE TEXT: <FKGL=16.9> The rest of the central nervous system is generally ladder-like, consisting of a pair of nerve cords that run through the bottom part of the body and have in each segment paired ganglia linked by a transverse connection.
EXPLANATION: The <FKGL=12.3> token specifies that the target Flesch-Kincaid Grade Level should be approximately 12.3. Lower values indicate simpler text.<|eot_id|><|start_header_id|>assistant<|end_header_id|>

<FKGL=12.3><|eot_id|>
>>> Reference:
The rest of the central nervous system is usually ladder-like, with a pair of nerve cords that run along the bottom part of the body cavity. <|eot_id|>
>>> Prediction:
It has a pair of nerve cords that run along the bottom of the body and have in each segment paired ganglia linked by a transverse connection. 
================================================================================

>>> [Step 180] Prompt:
<|begin_of_text|><|start_header_id|>system<|end_header_id|>

Cutting Knowledge Date: December 2023
Today Date: 26 Jul 2024

You are a helpful text simplification assistant. You are not only an expert in simplifying texts for different readerships, but you are also very good at adapting texts according to the exact needs of the user. You output only the simplified text, no further notes or comments allowed.<|eot_id|><|start_header_id|>user<|end_header_id|>

INSTRUCTION: Simplify the following text such that its Flesch-Kincaid Grade Level (FKGL) score is approximately equal to that specified in the control token prepended to your generated simplification. The control token has the following format: <METRIC=VALUE>. The control token prepended to the source text indicates the FKGL value of the source text. 
SOURCE TEXT: <FKGL=13.8> Pliny the Younger provided an account of his death, and suggested that he collapsed and died through inhaling poisonous gases emitted from the volcano.
EXPLANATION: The <FKGL=12.7> token specifies that the target Flesch-Kincaid Grade Level should be approximately 12.7. Lower values indicate simpler text.<|eot_id|><|start_header_id|>assistant<|end_header_id|>

<FKGL=12.7><|eot_id|>
>>> Reference:
Pliny the Younger wrote an account of his death, and suggested that he collapsed and died through inhaling poisonous gases emitted by the volcano. <|eot_id|>
>>> Prediction:
Question: How did Pliny the Younger die?  Answer: Pliny the Younger said that he died from inhaling poisonous gases emitted from the volcano. 
================================================================================
{'loss': 1.0229, 'grad_norm': 1.0012710094451904, 'learning_rate': 2.681077991582797e-05, 'epoch': 2.07}
{'eval_loss': 1.0989055633544922, 'eval_runtime': 13.1979, 'eval_samples_per_second': 13.032, 'eval_steps_per_second': 3.258, 'epoch': 2.07}
{'loss': 1.0184, 'grad_norm': 1.0262789726257324, 'learning_rate': 2.094615922990309e-05, 'epoch': 2.18}
{'eval_loss': 1.0976859331130981, 'eval_runtime': 13.1905, 'eval_samples_per_second': 13.04, 'eval_steps_per_second': 3.26, 'epoch': 2.18}

>>> [Step 200] Prompt:
<|begin_of_text|><|start_header_id|>system<|end_header_id|>

Cutting Knowledge Date: December 2023
Today Date: 26 Jul 2024

You are an expert in controlled text simplification. When you receive a text from the user, you carefully adapt it to the simplification level specified by the user. Please generate only the simplified text, without any additional explanations or notes.<|eot_id|><|start_header_id|>user<|end_header_id|>

INSTRUCTION: Simplify the following text such that its Flesch-Kincaid Grade Level (FKGL) score is approximately equal to that specified in the control token prepended to your generated simplification. The control token has the following format: <METRIC=VALUE>. The control token prepended to the source text indicates the FKGL value of the source text. 
SOURCE TEXT: <FKGL=13.0> Because the heterozygote survives , so does the HgbS allele survive at a rate much higher than the mutation rate ( see and refs in Sickle-cell disease ) .
EXPLANATION: The <FKGL=10.7> token specifies that the target Flesch-Kincaid Grade Level should be approximately 10.7. Lower values indicate simpler text.<|eot_id|><|start_header_id|>assistant<|end_header_id|>

<FKGL=10.7><|eot_id|>
>>> Reference:
Because the heterozygote survives , so does the HgbS allele survive at a rate much higher than the mutation rate . <|eot_id|>
>>> Prediction:
This means that the HbS allele survives at a rate much higher than the mutation rate ( see and refs in Sickle-cell disease ). 
================================================================================

>>> [Step 200] Prompt:
<|begin_of_text|><|start_header_id|>system<|end_header_id|>

Cutting Knowledge Date: December 2023
Today Date: 26 Jul 2024

You are a helpful text simplification assistant. You are not only an expert in simplifying texts for different readerships, but you are also very good at adapting texts according to the exact needs of the user. You output only the simplified text, no further notes or comments allowed.<|eot_id|><|start_header_id|>user<|end_header_id|>

INSTRUCTION: Simplify the following text such that its Flesch-Kincaid Grade Level (FKGL) score is approximately equal to that specified in the control token prepended to your generated simplification. The control token has the following format: <METRIC=VALUE>. The control token prepended to the source text indicates the FKGL value of the source text. 
SOURCE TEXT: <FKGL=19.7> Also, many physicians or diabetes specialists do n't recognize LADA or do n't know that Type 1 diabetes may occur in adults, and so LADA is misdiagnosed as or mistaken for Type 2 diabetes very often.
EXPLANATION: The <FKGL=13.1> token specifies that the target Flesch-Kincaid Grade Level should be approximately 13.1. Lower values indicate simpler text.<|eot_id|><|start_header_id|>assistant<|end_header_id|>

<FKGL=13.1><|eot_id|>
>>> Reference:
People with LADA are misdiagnosed as having Type 2 diabetes, except that LADA has GAD antibodies. <|eot_id|>
>>> Prediction:
The doctors may not know about LADA or that Type 1 diabetes can occur in adults. 
================================================================================

>>> [Step 200] Prompt:
<|begin_of_text|><|start_header_id|>system<|end_header_id|>

Cutting Knowledge Date: December 2023
Today Date: 26 Jul 2024

You are a helpful assistant. You are very good at simplifying texts. When you receive a text for simplification, you simplify it according to the instructions given by the user. Generate only the simplification, without any comments or notes.<|eot_id|><|start_header_id|>user<|end_header_id|>

INSTRUCTION: Simplify the following text such that its Flesch-Kincaid Grade Level (FKGL) score is approximately equal to that specified in the control token prepended to your generated simplification. The control token has the following format: <METRIC=VALUE>. The control token prepended to the source text indicates the FKGL value of the source text. 
SOURCE TEXT: <FKGL=19.7> There is little support for increased fight-or-flight response or failure of habituation in autism; there is more evidence of decreased responsiveness to sensory stimuli, although several studies show no differences.
EXPLANATION: The <FKGL=3.7> token specifies that the target Flesch-Kincaid Grade Level should be approximately 3.7. Lower values indicate simpler text.<|eot_id|><|start_header_id|>assistant<|end_header_id|>

<FKGL=3.7><|eot_id|>
>>> Reference:
There are many symptoms. <|eot_id|>
>>> Prediction:
The fight or flight response is not different in people with autism. 
================================================================================

>>> [Step 200] Prompt:
<|begin_of_text|><|start_header_id|>system<|end_header_id|>

Cutting Knowledge Date: December 2023
Today Date: 26 Jul 2024

You are an expert in controlled text simplification. When you receive a text from the user, you carefully adapt it to the simplification level specified by the user. Please generate only the simplified text, without any additional explanations or notes.<|eot_id|><|start_header_id|>user<|end_header_id|>

INSTRUCTION: Simplify the following text such that its Flesch-Kincaid Grade Level (FKGL) score is approximately equal to that specified in the control token prepended to your generated simplification. The control token has the following format: <METRIC=VALUE>. The control token prepended to the source text indicates the FKGL value of the source text. 
SOURCE TEXT: <FKGL=12.7> Worldwide, 0.05-2 % of the population is estimated to have anaphylaxis at some point in life, and rates appear to be increasing.
EXPLANATION: The <FKGL=4.6> token specifies that the target Flesch-Kincaid Grade Level should be approximately 4.6. Lower values indicate simpler text.<|eot_id|><|start_header_id|>assistant<|end_header_id|>

<FKGL=4.6><|eot_id|>
>>> Reference:
Worldwide, about 0.05-2 % of people have anaphylaxis at some point in their lives. <|eot_id|>
>>> Prediction:
The number of people who have anaphylaxis is unknown. 
================================================================================
{'loss': 1.0118, 'grad_norm': 1.1827768087387085, 'learning_rate': 1.563227823152708e-05, 'epoch': 2.3}
{'eval_loss': 1.0979366302490234, 'eval_runtime': 13.1997, 'eval_samples_per_second': 13.031, 'eval_steps_per_second': 3.258, 'epoch': 2.3}
{'loss': 0.9828, 'grad_norm': 1.1017043590545654, 'learning_rate': 1.0969865949397901e-05, 'epoch': 2.42}
{'eval_loss': 1.0980888605117798, 'eval_runtime': 13.209, 'eval_samples_per_second': 13.021, 'eval_steps_per_second': 3.255, 'epoch': 2.42}

>>> [Step 220] Prompt:
<|begin_of_text|><|start_header_id|>system<|end_header_id|>

Cutting Knowledge Date: December 2023
Today Date: 26 Jul 2024

You are a helpful text simplification assistant. You are not only an expert in simplifying texts for different readerships, but you are also very good at adapting texts according to the exact needs of the user. You output only the simplified text, no further notes or comments allowed.<|eot_id|><|start_header_id|>user<|end_header_id|>

INSTRUCTION: Simplify the following text such that its Flesch-Kincaid Grade Level (FKGL) score is approximately equal to that specified in the control token prepended to your generated simplification. The control token has the following format: <METRIC=VALUE>. The control token prepended to the source text indicates the FKGL value of the source text. 
SOURCE TEXT: <FKGL=17.0> Symptoms of encephalitis include fever, headache, and altered mental status, often accompanied by seizures and focal neurologic deficits. Status epilepticus, particularly convulsive status epilepticus, or coma suggests severe brain inflammation and a poor prognosis.
EXPLANATION: The <FKGL=17.8> token specifies that the target Flesch-Kincaid Grade Level should be approximately 17.8. Lower values indicate simpler text.<|eot_id|><|start_header_id|>assistant<|end_header_id|>

<FKGL=17.8><|eot_id|>
>>> Reference:
Symptoms of encephalitis include Fever; Headache; Personality changes or confusion; Seizures; Paralysis or numbness; Sleepiness that can progress to coma and death. <|eot_id|>
>>> Prediction:
The symptoms of encephalitis include fever, headache, and altered mental status, often accompanied by seizures and focal neurologic deficits. Status epilepticus, particularly convulsive status epilepticus, or coma suggests severe brain inflammation and a poor prognosis. 
================================================================================

>>> [Step 220] Prompt:
<|begin_of_text|><|start_header_id|>system<|end_header_id|>

Cutting Knowledge Date: December 2023
Today Date: 26 Jul 2024

You are an expert in text simplification. When you receive a text for simplification, you generate a simplified version of that text. You carefully study the simplification criteria specified by the user and adapt the text accordingly. Please generate only the simplified text, no other notes or explanations allowed.<|eot_id|><|start_header_id|>user<|end_header_id|>

INSTRUCTION: Simplify the following text such that its Flesch-Kincaid Grade Level (FKGL) score is approximately equal to that specified in the control token prepended to your generated simplification. The control token has the following format: <METRIC=VALUE>. The control token prepended to the source text indicates the FKGL value of the source text. 
SOURCE TEXT: <FKGL=13.4> Oral itraconazole 200 mg orally once a day given until 2 to 4 weeks after all lesions have resolved (typically 3 to 6 months) is the treatment of choice.
EXPLANATION: The <FKGL=8.0> token specifies that the target Flesch-Kincaid Grade Level should be approximately 8.0. Lower values indicate simpler text.<|eot_id|><|start_header_id|>assistant<|end_header_id|>

<FKGL=8.0><|eot_id|>
>>> Reference:
Skin infections are treated with itraconazole given by mouth. <|eot_id|>
>>> Prediction:
In the United States, oral itraconazole 200 mg orally once a day is given until 2 to 4 weeks after all lesions have resolved (typically 3 to 6 months). 
================================================================================

>>> [Step 220] Prompt:
<|begin_of_text|><|start_header_id|>system<|end_header_id|>

Cutting Knowledge Date: December 2023
Today Date: 26 Jul 2024

You are a helpful expert in text simplification. You generate a simplified version of the text input by the user. You simplify the text according to the instructions given by the user. When asked to simplify a text, generate only the requested simplification, without any additional comments, notes or explanations.<|eot_id|><|start_header_id|>user<|end_header_id|>

INSTRUCTION: Simplify the following text such that its Flesch-Kincaid Grade Level (FKGL) score is approximately equal to that specified in the control token prepended to your generated simplification. The control token has the following format: <METRIC=VALUE>. The control token prepended to the source text indicates the FKGL value of the source text. 
SOURCE TEXT: <FKGL=11.9> Often, individuals have had one or more major depressive episodes.
EXPLANATION: The <FKGL=7.2> token specifies that the target Flesch-Kincaid Grade Level should be approximately 7.2. Lower values indicate simpler text.<|eot_id|><|start_header_id|>assistant<|end_header_id|>

<FKGL=7.2><|eot_id|>
>>> Reference:
They have also had at least one major depressive episode. <|eot_id|>
>>> Prediction:
The symptoms are the same for everyone. 
================================================================================

>>> [Step 220] Prompt:
<|begin_of_text|><|start_header_id|>system<|end_header_id|>

Cutting Knowledge Date: December 2023
Today Date: 26 Jul 2024

You are a helpful expert in text simplification. You generate a simplified version of the text input by the user. You simplify the text according to the instructions given by the user. When asked to simplify a text, generate only the requested simplification, without any additional comments, notes or explanations.<|eot_id|><|start_header_id|>user<|end_header_id|>

INSTRUCTION: Simplify the following text such that its Flesch-Kincaid Grade Level (FKGL) score is approximately equal to that specified in the control token prepended to your generated simplification. The control token has the following format: <METRIC=VALUE>. The control token prepended to the source text indicates the FKGL value of the source text. 
SOURCE TEXT: <FKGL=11.5> The key distinguishing feature of cheletropic reactions is that on one of the reagents , both new bonds are being made to the same atom .
EXPLANATION: The <FKGL=9.5> token specifies that the target Flesch-Kincaid Grade Level should be approximately 9.5. Lower values indicate simpler text.<|eot_id|><|start_header_id|>assistant<|end_header_id|>

<FKGL=9.5><|eot_id|>
>>> Reference:
What sets cheletropic reactions apart is that on one of the reagents , both new bonds are being made to the same atom . <|eot_id|>
>>> Prediction:
If both new bonds are being made to the same atom, it is a cheletropic reaction. 
================================================================================
{'loss': 1.0334, 'grad_norm': 1.1408337354660034, 'learning_rate': 7.047302281505736e-06, 'epoch': 2.53}
{'eval_loss': 1.0982036590576172, 'eval_runtime': 13.1964, 'eval_samples_per_second': 13.034, 'eval_steps_per_second': 3.258, 'epoch': 2.53}
{'train_runtime': 1319.4946, 'train_samples_per_second': 3.147, 'train_steps_per_second': 0.196, 'train_loss': 1.2899774594740434, 'epoch': 2.53}
Evaluation results: {'eval_loss': 1.0976859331130981, 'eval_runtime': 13.2317, 'eval_samples_per_second': 12.999, 'eval_steps_per_second': 3.25, 'epoch': 2.531791907514451}
*** Finetuning meta-llama/Llama-3.1-8B-Instruct with Med-EASi and CHAR_COMPRESSION ***
torch.cuda.is_bf16_supported: True
Transformers version: 4.51.0
Python path: /home/hhubar/data/conda/envs/sft/bin/python
Using PEFT...

Run arguments:
Namespace(model_class='auto', model_family='base', model_name='meta-llama/Llama-3.1-8B-Instruct', dataset_name='Med-EASi', slice_train=-1, slice_val=-1, batch_size=4, eval_batch_size=4, gradient_accumulation_steps=4, learning_rate=0.0001, weight_decay=0.01, warmup_steps=30, max_grad_norm=1.0, epochs=3, max_length=512, logging_steps=10, wandb_project_name='ATS_with_control_tokens', wandb_entity='shtosti', generate_every=20, seed=42, patience=3, prompting_type='vanilla', user_prompt_id='token_explanation', metric_name='CHAR_COMPRESSION', control_tokens='data/prompts/control_tokens.json', system_prompts='data/prompts/system_prompts.json', user_prompts='data/prompts/user_prompts.json', metric_mapping='data/metric_mapping.json', peft=True, lora_r=16, lora_dropout=0.1)

Saving to: ./models/CHAR_COMPRESSION-Med-EASi-token_explanation-Llama-3.1-8B-Instruct-20250527

*** Finetuning Llama-3.1-8B-Instruct with Med-EASi ***

CUDA available: True
Number of GPUs: 1
GPU name: NVIDIA A100-SXM4-80GB
Model embedding size BEFORE resizing: 128256
Model embedding size AFTER resizing: 128257
Using PEFT for fine-tuning...
--- DEBUG ---
trainable params:
Trainable params: 6,815,744 / 8,037,085,184 (0.08%)
--- tokenizer pad_token_id: 128256
--- tokenizer eos_token_id: 128009
--- special tokens:
train:	 Inspect the dataset format:
 {'global_id': ['medeasi_000187'], 'source_text': ['Hot, wet compresses may relieve some pain.'], 'source_metrics': [{'FRE': 81.29, 'ARI': 6.3, 'FKGL': 3.7, 'Dale-Chall': 8.5, 'char_count': 42, 'alphanum_count': 34, 'word_count': 9, 'sentence_count': 1}], 'metadata': [{'dataset': 'medeasi', 'experiment_split': '', 'domain': 'medical', 'language': 'en', 'annotation': 'human', 'level': 'sentence'}], 'simplification_text': ['Hot, wet compresses may help relieve the pain in inflamed lymph nodes.'], 'target_metrics': [{'FRE': 84.68, 'ARI': 7.7, 'FKGL': 4.4, 'Dale-Chall': 10.81, 'char_count': 70, 'alphanum_count': 57, 'word_count': 14, 'sentence_count': 1, 'char_compression_rate': 1.67, 'word_compression_rate': 1.56, 'sentence_compression_rate': 1.0, 'BLEU': 29.89950354998137, 'BERTScore': 0.9616329073905945}], 'simplification_version': [1], 'grade_level': [-1], 'simplification_dimensions': [{'linguistic': {'lexical': False, 'syntactic': False}}]}
validation:	 Inspect the dataset format:
 {'global_id': ['medeasi_001663'], 'source_text': ['On 24 March 1950, his eyes were infected by trachoma.'], 'source_metrics': [{'FRE': 86.71, 'ARI': 4.3, 'FKGL': 3.7, 'Dale-Chall': 12.03, 'char_count': 53, 'alphanum_count': 36, 'word_count': 12, 'sentence_count': 1}], 'metadata': [{'dataset': 'medeasi', 'experiment_split': '', 'domain': 'medical', 'language': 'en', 'annotation': 'human', 'level': 'sentence'}], 'simplification_text': ['He was born on 14 January 1950.'], 'target_metrics': [{'FRE': 81.29, 'ARI': -1.2, 'FKGL': 3.7, 'Dale-Chall': 8.5, 'char_count': 31, 'alphanum_count': 18, 'word_count': 8, 'sentence_count': 1, 'char_compression_rate': 0.58, 'word_compression_rate': 0.67, 'sentence_compression_rate': 1.0, 'BLEU': 3.9832534781768225, 'BERTScore': 0.8754134178161621}], 'simplification_version': [1], 'grade_level': [-1], 'simplification_dimensions': [{'linguistic': {'lexical': False, 'syntactic': False}}]}


 *** Before tokenization ***
>>> train:

Showing 1 example(s):

Example 1 (index 130)
--- Prompt:
 <|begin_of_text|><|start_header_id|>system<|end_header_id|>

Cutting Knowledge Date: December 2023
Today Date: 26 Jul 2024

You are a helpful text simplification assistant. You are not only an expert in simplifying texts for different readerships, but you are also very good at adapting texts according to the exact needs of the user. You output only the simplified text, no further notes or comments allowed.<|eot_id|><|start_header_id|>user<|end_header_id|>

INSTRUCTION: Simplify the following text such that the length of the output text (number of characters) relative to the source text is approximately equal to the ratio specified in the control token prepended to your generated simplification. The control token has the following format: <METRIC=VALUE>. 
SOURCE TEXT: Other conditions that affect the sebaceous glands include:
EXPLANATION: The <CHAR_COMPRESSION=2.64> token specifies that the character-level compression rate should be around 2.64. Values less than 1 indicate text reduction. Values greater than 1 indicate text expansion.<|eot_id|><|start_header_id|>assistant<|end_header_id|>

<CHAR_COMPRESSION=2.64><|eot_id|>
--- Completion:
 In the glands, sebum is produced within specialized cells and is released as these cells burst; sebaceous glands are thus classified as holocrine glands. <|eot_id|>
==================================================


 *** After tokenization ***
>>> train:

Showing 1 example(s):

Example 1 (index 975)
--- Prompt:
 <|begin_of_text|><|start_header_id|>system<|end_header_id|>

Cutting Knowledge Date: December 2023
Today Date: 26 Jul 2024

You are a helpful text simplification assistant. You are not only an expert in simplifying texts for different readerships, but you are also very good at adapting texts according to the exact needs of the user. You output only the simplified text, no further notes or comments allowed.<|eot_id|><|start_header_id|>user<|end_header_id|>

INSTRUCTION: Simplify the following text such that the length of the output text (number of characters) relative to the source text is approximately equal to the ratio specified in the control token prepended to your generated simplification. The control token has the following format: <METRIC=VALUE>. 
SOURCE TEXT: Drooling or a very sick appearance indicate other medical conditions.
EXPLANATION: The <CHAR_COMPRESSION=0.86> token specifies that the character-level compression rate should be around 0.86. Values less than 1 indicate text reduction. Values greater than 1 indicate text expansion.<|eot_id|><|start_header_id|>assistant<|end_header_id|>

<CHAR_COMPRESSION=0.86><|eot_id|>
--- Completion:
 Drooling or a sick appearance can mean a different illness. <|eot_id|>
--- input_ids:
 [128000, 128000, 128006, 9125, 128007, 271, 38766, 1303, 33025, 2696, 25, 6790, 220, 2366, 18, 198, 15724, 2696, 25, 220, 1627, 10263, 220, 2366, 19, 271, 2675, 527, 264, 11190, 1495, 15858, 2461, 18328, 13, 1472, 527, 539, 1193, 459, 6335, 304, 15858, 7922, 22755, 369, 2204, 13016, 34322, 11, 719, 499, 527, 1101, 1633, 1695, 520, 70817, 22755, 4184, 311, 279, 4839, 3966, 315, 279, 1217, 13, 1472, 2612, 1193, 279, 44899, 1495, 11, 912, 4726, 8554, 477, 6170, 5535, 13, 128009, 128006, 882, 128007, 271, 691, 58555, 25, 62342, 1463, 279, 2768, 1495, 1778, 430, 279, 3160, 315, 279, 2612, 1495, 320, 4174, 315, 5885, 8, 8844, 311, 279, 2592, 1495, 374, 13489, 6273, 311, 279, 11595, 5300, 304, 279, 2585, 4037, 22033, 2954, 311, 701, 8066, 15858, 2461, 13, 578, 2585, 4037, 706, 279, 2768, 3645, 25, 366, 45975, 37078, 28, 24771, 14611, 720, 44098, 16139, 25, 57967, 85669, 477, 264, 1633, 14363, 11341, 13519, 1023, 6593, 4787, 627, 3337, 95179, 3579, 25, 578, 366, 15594, 15318, 82763, 28, 15, 13, 4218, 29, 4037, 30202, 430, 279, 3752, 11852, 26168, 4478, 1288, 387, 2212, 220, 15, 13, 4218, 13, 26028, 2753, 1109, 220, 16, 13519, 1495, 14278, 13, 26028, 7191, 1109, 220, 16, 13519, 1495, 14800, 13, 128009, 128006, 78191, 128007, 271, 27, 15594, 15318, 82763, 28, 15, 13, 4218, 29, 128009, 128000, 35, 299, 85669, 477, 264, 14363, 11341, 649, 3152, 264, 2204, 17563, 13, 220, 128009, 128256, 128256, 128256, 128256, 128256, 128256, 128256, 128256, 128256, 128256, 128256, 128256, 128256, 128256, 128256, 128256, 128256, 128256, 128256, 128256, 128256, 128256, 128256, 128256, 128256, 128256, 128256, 128256, 128256, 128256, 128256, 128256, 128256, 128256, 128256, 128256, 128256, 128256, 128256, 128256, 128256, 128256, 128256, 128256, 128256, 128256, 128256, 128256, 128256, 128256, 128256, 128256, 128256, 128256, 128256, 128256, 128256, 128256, 128256, 128256, 128256, 128256, 128256, 128256, 128256, 128256, 128256, 128256, 128256, 128256, 128256, 128256, 128256, 128256, 128256, 128256, 128256, 128256, 128256, 128256, 128256, 128256, 128256, 128256, 128256, 128256, 128256, 128256, 128256, 128256, 128256, 128256, 128256, 128256, 128256, 128256, 128256, 128256, 128256, 128256, 128256, 128256, 128256, 128256, 128256, 128256, 128256, 128256, 128256, 128256, 128256, 128256, 128256, 128256, 128256, 128256, 128256, 128256, 128256, 128256, 128256, 128256, 128256, 128256, 128256, 128256, 128256, 128256, 128256, 128256, 128256, 128256, 128256, 128256, 128256, 128256, 128256, 128256, 128256, 128256, 128256, 128256, 128256, 128256, 128256, 128256, 128256, 128256, 128256, 128256, 128256, 128256, 128256, 128256, 128256, 128256, 128256, 128256, 128256, 128256, 128256, 128256, 128256, 128256, 128256, 128256, 128256, 128256, 128256, 128256, 128256, 128256, 128256, 128256, 128256, 128256, 128256, 128256, 128256, 128256, 128256, 128256, 128256, 128256, 128256, 128256, 128256, 128256, 128256, 128256, 128256, 128256, 128256, 128256, 128256, 128256, 128256, 128256, 128256, 128256, 128256, 128256, 128256, 128256, 128256, 128256, 128256, 128256, 128256, 128256, 128256, 128256, 128256, 128256, 128256, 128256, 128256, 128256, 128256, 128256, 128256, 128256, 128256, 128256, 128256, 128256, 128256, 128256, 128256, 128256, 128256, 128256, 128256, 128256, 128256, 128256, 128256, 128256, 128256, 128256, 128256, 128256, 128256, 128256, 128256, 128256, 128256, 128256, 128256, 128256, 128256, 128256, 128256, 128256, 128256, 128256, 128256, 128256, 128256, 128256, 128256, 128256, 128256, 128256, 128256, 128256, 128256, 128256, 128256, 128256, 128256]
--- labels:
 [-100, -100, -100, -100, -100, -100, -100, -100, -100, -100, -100, -100, -100, -100, -100, -100, -100, -100, -100, -100, -100, -100, -100, -100, -100, -100, -100, -100, -100, -100, -100, -100, -100, -100, -100, -100, -100, -100, -100, -100, -100, -100, -100, -100, -100, -100, -100, -100, -100, -100, -100, -100, -100, -100, -100, -100, -100, -100, -100, -100, -100, -100, -100, -100, -100, -100, -100, -100, -100, -100, -100, -100, -100, -100, -100, -100, -100, -100, -100, -100, -100, -100, -100, -100, -100, -100, -100, -100, -100, -100, -100, -100, -100, -100, -100, -100, -100, -100, -100, -100, -100, -100, -100, -100, -100, -100, -100, -100, -100, -100, -100, -100, -100, -100, -100, -100, -100, -100, -100, -100, -100, -100, -100, -100, -100, -100, -100, -100, -100, -100, -100, -100, -100, -100, -100, -100, -100, -100, -100, -100, -100, -100, -100, -100, -100, -100, -100, -100, -100, -100, -100, -100, -100, -100, -100, -100, -100, -100, -100, -100, -100, -100, -100, -100, -100, -100, -100, -100, -100, -100, -100, -100, -100, -100, -100, -100, -100, -100, -100, -100, -100, -100, -100, -100, -100, -100, -100, -100, -100, -100, -100, -100, -100, -100, -100, -100, -100, -100, -100, -100, -100, -100, -100, -100, -100, -100, -100, -100, -100, -100, -100, -100, -100, -100, -100, -100, -100, -100, -100, -100, -100, -100, -100, -100, -100, 128000, 35, 299, 85669, 477, 264, 14363, 11341, 649, 3152, 264, 2204, 17563, 13, 220, 128009, -100, -100, -100, -100, -100, -100, -100, -100, -100, -100, -100, -100, -100, -100, -100, -100, -100, -100, -100, -100, -100, -100, -100, -100, -100, -100, -100, -100, -100, -100, -100, -100, -100, -100, -100, -100, -100, -100, -100, -100, -100, -100, -100, -100, -100, -100, -100, -100, -100, -100, -100, -100, -100, -100, -100, -100, -100, -100, -100, -100, -100, -100, -100, -100, -100, -100, -100, -100, -100, -100, -100, -100, -100, -100, -100, -100, -100, -100, -100, -100, -100, -100, -100, -100, -100, -100, -100, -100, -100, -100, -100, -100, -100, -100, -100, -100, -100, -100, -100, -100, -100, -100, -100, -100, -100, -100, -100, -100, -100, -100, -100, -100, -100, -100, -100, -100, -100, -100, -100, -100, -100, -100, -100, -100, -100, -100, -100, -100, -100, -100, -100, -100, -100, -100, -100, -100, -100, -100, -100, -100, -100, -100, -100, -100, -100, -100, -100, -100, -100, -100, -100, -100, -100, -100, -100, -100, -100, -100, -100, -100, -100, -100, -100, -100, -100, -100, -100, -100, -100, -100, -100, -100, -100, -100, -100, -100, -100, -100, -100, -100, -100, -100, -100, -100, -100, -100, -100, -100, -100, -100, -100, -100, -100, -100, -100, -100, -100, -100, -100, -100, -100, -100, -100, -100, -100, -100, -100, -100, -100, -100, -100, -100, -100, -100, -100, -100, -100, -100, -100, -100, -100, -100, -100, -100, -100, -100, -100, -100, -100, -100, -100, -100, -100, -100, -100, -100, -100, -100, -100, -100, -100, -100, -100, -100, -100, -100, -100, -100, -100, -100, -100, -100, -100, -100, -100, -100, -100, -100, -100, -100, -100, -100, -100, -100, -100, -100, -100, -100, -100, -100, -100]
==================================================
********** DEBUG **********
Train dataset columns: ['global_id', 'source_text', 'source_metrics', 'metadata', 'simplification_text', 'target_metrics', 'simplification_version', 'grade_level', 'simplification_dimensions', 'prompt', 'completion', 'system_prompt_id', 'user_prompt_id', 'metric_name', 'source_metric_value', 'target_metric_value', 'input_ids', 'labels', 'attention_mask']
Validation dataset columns: ['global_id', 'source_text', 'source_metrics', 'metadata', 'simplification_text', 'target_metrics', 'simplification_version', 'grade_level', 'simplification_dimensions', 'prompt', 'completion', 'system_prompt_id', 'user_prompt_id', 'metric_name', 'source_metric_value', 'target_metric_value', 'input_ids', 'labels', 'attention_mask']
First 10 input_ids: [128000, 128000, 128006, 9125, 128007, 271, 38766, 1303, 33025, 2696]
First 10 labels: [-100, -100, -100, -100, -100, -100, -100, -100, -100, -100]

--- DEBUG: Explore first instance of the val set:
 {'global_id': 'medeasi_001547', 'source_text': "This includes studies on testosterone changes in sports which at least for males are similar to those in status conflicts in non-human primates with testosterone levels increasing and decreasing as an individual 's status changes.", 'source_metrics': {'FRE': 19.03, 'ARI': 22.4, 'FKGL': 19.3, 'Dale-Chall': 13.04, 'char_count': 230, 'alphanum_count': 193, 'word_count': 36, 'sentence_count': 1}, 'metadata': {'dataset': 'medeasi', 'experiment_split': '', 'domain': 'medical', 'language': 'en', 'annotation': 'human', 'level': 'sentence'}, 'simplification_text': 'This included psychology.', 'target_metrics': {'FRE': -24.64, 'ARI': 16.2, 'FKGL': 17.4, 'Dale-Chall': 14.31, 'char_count': 25, 'alphanum_count': 22, 'word_count': 4, 'sentence_count': 1, 'char_compression_rate': 0.11, 'word_compression_rate': 0.11, 'sentence_compression_rate': 1.0, 'BLEU': 0.006372411897069753, 'BERTScore': 0.8708639740943909}, 'simplification_version': 1, 'grade_level': -1, 'simplification_dimensions': {'linguistic': {'lexical': False, 'syntactic': False}}, 'prompt': "<|begin_of_text|><|start_header_id|>system<|end_header_id|>\n\nCutting Knowledge Date: December 2023\nToday Date: 26 Jul 2024\n\nYou are a helpful expert in text simplification. You generate a simplified version of the text input by the user. You simplify the text according to the instructions given by the user. When asked to simplify a text, generate only the requested simplification, without any additional comments, notes or explanations.<|eot_id|><|start_header_id|>user<|end_header_id|>\n\nINSTRUCTION: Simplify the following text such that the length of the output text (number of characters) relative to the source text is approximately equal to the ratio specified in the control token prepended to your generated simplification. The control token has the following format: <METRIC=VALUE>. \nSOURCE TEXT: This includes studies on testosterone changes in sports which at least for males are similar to those in status conflicts in non-human primates with testosterone levels increasing and decreasing as an individual 's status changes.\nEXPLANATION: The <CHAR_COMPRESSION=0.11> token specifies that the character-level compression rate should be around 0.11. Values less than 1 indicate text reduction. Values greater than 1 indicate text expansion.<|eot_id|><|start_header_id|>assistant<|end_header_id|>\n\n<CHAR_COMPRESSION=0.11><|eot_id|>", 'completion': 'This included psychology. <|eot_id|>', 'system_prompt_id': 'sys_prompt_6', 'user_prompt_id': 'token_explanation', 'metric_name': 'CHAR_COMPRESSION', 'source_metric_value': None, 'target_metric_value': 0.11, 'input_ids': [128000, 128000, 128006, 9125, 128007, 271, 38766, 1303, 33025, 2696, 25, 6790, 220, 2366, 18, 198, 15724, 2696, 25, 220, 1627, 10263, 220, 2366, 19, 271, 2675, 527, 264, 11190, 6335, 304, 1495, 15858, 2461, 13, 1472, 7068, 264, 44899, 2373, 315, 279, 1495, 1988, 555, 279, 1217, 13, 1472, 40821, 279, 1495, 4184, 311, 279, 11470, 2728, 555, 279, 1217, 13, 3277, 4691, 311, 40821, 264, 1495, 11, 7068, 1193, 279, 11472, 15858, 2461, 11, 2085, 904, 5217, 6170, 11, 8554, 477, 41941, 13, 128009, 128006, 882, 128007, 271, 691, 58555, 25, 62342, 1463, 279, 2768, 1495, 1778, 430, 279, 3160, 315, 279, 2612, 1495, 320, 4174, 315, 5885, 8, 8844, 311, 279, 2592, 1495, 374, 13489, 6273, 311, 279, 11595, 5300, 304, 279, 2585, 4037, 22033, 2954, 311, 701, 8066, 15858, 2461, 13, 578, 2585, 4037, 706, 279, 2768, 3645, 25, 366, 45975, 37078, 28, 24771, 14611, 720, 44098, 16139, 25, 1115, 5764, 7978, 389, 40032, 4442, 304, 10034, 902, 520, 3325, 369, 25000, 527, 4528, 311, 1884, 304, 2704, 26885, 304, 2536, 70095, 9036, 988, 449, 40032, 5990, 7859, 323, 44649, 439, 459, 3927, 364, 82, 2704, 4442, 627, 3337, 95179, 3579, 25, 578, 366, 15594, 15318, 82763, 28, 15, 13, 806, 29, 4037, 30202, 430, 279, 3752, 11852, 26168, 4478, 1288, 387, 2212, 220, 15, 13, 806, 13, 26028, 2753, 1109, 220, 16, 13519, 1495, 14278, 13, 26028, 7191, 1109, 220, 16, 13519, 1495, 14800, 13, 128009, 128006, 78191, 128007, 271, 27, 15594, 15318, 82763, 28, 15, 13, 806, 29, 128009, 128000, 2028, 5343, 31018, 13, 220, 128009, 128256, 128256, 128256, 128256, 128256, 128256, 128256, 128256, 128256, 128256, 128256, 128256, 128256, 128256, 128256, 128256, 128256, 128256, 128256, 128256, 128256, 128256, 128256, 128256, 128256, 128256, 128256, 128256, 128256, 128256, 128256, 128256, 128256, 128256, 128256, 128256, 128256, 128256, 128256, 128256, 128256, 128256, 128256, 128256, 128256, 128256, 128256, 128256, 128256, 128256, 128256, 128256, 128256, 128256, 128256, 128256, 128256, 128256, 128256, 128256, 128256, 128256, 128256, 128256, 128256, 128256, 128256, 128256, 128256, 128256, 128256, 128256, 128256, 128256, 128256, 128256, 128256, 128256, 128256, 128256, 128256, 128256, 128256, 128256, 128256, 128256, 128256, 128256, 128256, 128256, 128256, 128256, 128256, 128256, 128256, 128256, 128256, 128256, 128256, 128256, 128256, 128256, 128256, 128256, 128256, 128256, 128256, 128256, 128256, 128256, 128256, 128256, 128256, 128256, 128256, 128256, 128256, 128256, 128256, 128256, 128256, 128256, 128256, 128256, 128256, 128256, 128256, 128256, 128256, 128256, 128256, 128256, 128256, 128256, 128256, 128256, 128256, 128256, 128256, 128256, 128256, 128256, 128256, 128256, 128256, 128256, 128256, 128256, 128256, 128256, 128256, 128256, 128256, 128256, 128256, 128256, 128256, 128256, 128256, 128256, 128256, 128256, 128256, 128256, 128256, 128256, 128256, 128256, 128256, 128256, 128256, 128256, 128256, 128256, 128256, 128256, 128256, 128256, 128256, 128256, 128256, 128256, 128256, 128256, 128256, 128256, 128256, 128256, 128256, 128256, 128256, 128256, 128256, 128256, 128256, 128256, 128256, 128256, 128256, 128256, 128256, 128256, 128256, 128256, 128256, 128256, 128256, 128256, 128256, 128256, 128256, 128256, 128256, 128256, 128256, 128256, 128256, 128256, 128256, 128256, 128256, 128256, 128256, 128256, 128256, 128256, 128256, 128256, 128256, 128256, 128256, 128256, 128256, 128256, 128256, 128256, 128256, 128256, 128256, 128256, 128256, 128256, 128256, 128256, 128256, 128256, 128256, 128256, 128256, 128256], 'labels': [-100, -100, -100, -100, -100, -100, -100, -100, -100, -100, -100, -100, -100, -100, -100, -100, -100, -100, -100, -100, -100, -100, -100, -100, -100, -100, -100, -100, -100, -100, -100, -100, -100, -100, -100, -100, -100, -100, -100, -100, -100, -100, -100, -100, -100, -100, -100, -100, -100, -100, -100, -100, -100, -100, -100, -100, -100, -100, -100, -100, -100, -100, -100, -100, -100, -100, -100, -100, -100, -100, -100, -100, -100, -100, -100, -100, -100, -100, -100, -100, -100, -100, -100, -100, -100, -100, -100, -100, -100, -100, -100, -100, -100, -100, -100, -100, -100, -100, -100, -100, -100, -100, -100, -100, -100, -100, -100, -100, -100, -100, -100, -100, -100, -100, -100, -100, -100, -100, -100, -100, -100, -100, -100, -100, -100, -100, -100, -100, -100, -100, -100, -100, -100, -100, -100, -100, -100, -100, -100, -100, -100, -100, -100, -100, -100, -100, -100, -100, -100, -100, -100, -100, -100, -100, -100, -100, -100, -100, -100, -100, -100, -100, -100, -100, -100, -100, -100, -100, -100, -100, -100, -100, -100, -100, -100, -100, -100, -100, -100, -100, -100, -100, -100, -100, -100, -100, -100, -100, -100, -100, -100, -100, -100, -100, -100, -100, -100, -100, -100, -100, -100, -100, -100, -100, -100, -100, -100, -100, -100, -100, -100, -100, -100, -100, -100, -100, -100, -100, -100, -100, -100, -100, -100, -100, -100, -100, -100, -100, -100, -100, -100, -100, -100, -100, -100, -100, -100, -100, -100, -100, -100, -100, -100, -100, -100, -100, -100, -100, -100, -100, -100, -100, -100, -100, -100, 128000, 2028, 5343, 31018, 13, 220, 128009, -100, -100, -100, -100, -100, -100, -100, -100, -100, -100, -100, -100, -100, -100, -100, -100, -100, -100, -100, -100, -100, -100, -100, -100, -100, -100, -100, -100, -100, -100, -100, -100, -100, -100, -100, -100, -100, -100, -100, -100, -100, -100, -100, -100, -100, -100, -100, -100, -100, -100, -100, -100, -100, -100, -100, -100, -100, -100, -100, -100, -100, -100, -100, -100, -100, -100, -100, -100, -100, -100, -100, -100, -100, -100, -100, -100, -100, -100, -100, -100, -100, -100, -100, -100, -100, -100, -100, -100, -100, -100, -100, -100, -100, -100, -100, -100, -100, -100, -100, -100, -100, -100, -100, -100, -100, -100, -100, -100, -100, -100, -100, -100, -100, -100, -100, -100, -100, -100, -100, -100, -100, -100, -100, -100, -100, -100, -100, -100, -100, -100, -100, -100, -100, -100, -100, -100, -100, -100, -100, -100, -100, -100, -100, -100, -100, -100, -100, -100, -100, -100, -100, -100, -100, -100, -100, -100, -100, -100, -100, -100, -100, -100, -100, -100, -100, -100, -100, -100, -100, -100, -100, -100, -100, -100, -100, -100, -100, -100, -100, -100, -100, -100, -100, -100, -100, -100, -100, -100, -100, -100, -100, -100, -100, -100, -100, -100, -100, -100, -100, -100, -100, -100, -100, -100, -100, -100, -100, -100, -100, -100, -100, -100, -100, -100, -100, -100, -100, -100, -100, -100, -100, -100, -100, -100, -100, -100, -100, -100, -100, -100, -100, -100, -100, -100, -100, -100, -100, -100, -100, -100, -100, -100, -100, -100, -100, -100, -100, -100, -100, -100], 'attention_mask': [1, 1, 1, 1, 1, 1, 1, 1, 1, 1, 1, 1, 1, 1, 1, 1, 1, 1, 1, 1, 1, 1, 1, 1, 1, 1, 1, 1, 1, 1, 1, 1, 1, 1, 1, 1, 1, 1, 1, 1, 1, 1, 1, 1, 1, 1, 1, 1, 1, 1, 1, 1, 1, 1, 1, 1, 1, 1, 1, 1, 1, 1, 1, 1, 1, 1, 1, 1, 1, 1, 1, 1, 1, 1, 1, 1, 1, 1, 1, 1, 1, 1, 1, 1, 1, 1, 1, 1, 1, 1, 1, 1, 1, 1, 1, 1, 1, 1, 1, 1, 1, 1, 1, 1, 1, 1, 1, 1, 1, 1, 1, 1, 1, 1, 1, 1, 1, 1, 1, 1, 1, 1, 1, 1, 1, 1, 1, 1, 1, 1, 1, 1, 1, 1, 1, 1, 1, 1, 1, 1, 1, 1, 1, 1, 1, 1, 1, 1, 1, 1, 1, 1, 1, 1, 1, 1, 1, 1, 1, 1, 1, 1, 1, 1, 1, 1, 1, 1, 1, 1, 1, 1, 1, 1, 1, 1, 1, 1, 1, 1, 1, 1, 1, 1, 1, 1, 1, 1, 1, 1, 1, 1, 1, 1, 1, 1, 1, 1, 1, 1, 1, 1, 1, 1, 1, 1, 1, 1, 1, 1, 1, 1, 1, 1, 1, 1, 1, 1, 1, 1, 1, 1, 1, 1, 1, 1, 1, 1, 1, 1, 1, 1, 1, 1, 1, 1, 1, 1, 1, 1, 1, 1, 1, 1, 1, 1, 1, 1, 1, 1, 1, 1, 1, 1, 1, 1, 1, 1, 1, 1, 1, 1, 0, 0, 0, 0, 0, 0, 0, 0, 0, 0, 0, 0, 0, 0, 0, 0, 0, 0, 0, 0, 0, 0, 0, 0, 0, 0, 0, 0, 0, 0, 0, 0, 0, 0, 0, 0, 0, 0, 0, 0, 0, 0, 0, 0, 0, 0, 0, 0, 0, 0, 0, 0, 0, 0, 0, 0, 0, 0, 0, 0, 0, 0, 0, 0, 0, 0, 0, 0, 0, 0, 0, 0, 0, 0, 0, 0, 0, 0, 0, 0, 0, 0, 0, 0, 0, 0, 0, 0, 0, 0, 0, 0, 0, 0, 0, 0, 0, 0, 0, 0, 0, 0, 0, 0, 0, 0, 0, 0, 0, 0, 0, 0, 0, 0, 0, 0, 0, 0, 0, 0, 0, 0, 0, 0, 0, 0, 0, 0, 0, 0, 0, 0, 0, 0, 0, 0, 0, 0, 0, 0, 0, 0, 0, 0, 0, 0, 0, 0, 0, 0, 0, 0, 0, 0, 0, 0, 0, 0, 0, 0, 0, 0, 0, 0, 0, 0, 0, 0, 0, 0, 0, 0, 0, 0, 0, 0, 0, 0, 0, 0, 0, 0, 0, 0, 0, 0, 0, 0, 0, 0, 0, 0, 0, 0, 0, 0, 0, 0, 0, 0, 0, 0, 0, 0, 0, 0, 0, 0, 0, 0, 0, 0, 0, 0, 0, 0, 0, 0, 0, 0, 0, 0, 0, 0, 0, 0, 0, 0, 0, 0, 0, 0, 0, 0, 0, 0, 0, 0, 0, 0, 0, 0, 0, 0, 0, 0, 0, 0, 0, 0]}
type of input_ids: <class 'list'>
type of labels: <class 'list'>

--- DEBUG: Tokenized fields ---
--- Tokenizer vocab size: 128000
--- input_ids: [128000, 128000, 128006, 9125, 128007, 271, 38766, 1303, 33025, 2696, 25, 6790, 220, 2366, 18, 198, 15724, 2696, 25, 220, 1627, 10263, 220, 2366, 19, 271, 2675, 527, 264, 11190, 6335, 304, 1495, 15858, 2461, 13, 1472, 7068, 264, 44899, 2373, 315, 279, 1495, 1988, 555, 279, 1217, 13, 1472, 40821, 279, 1495, 4184, 311, 279, 11470, 2728, 555, 279, 1217, 13, 3277, 4691, 311, 40821, 264, 1495, 11, 7068, 1193, 279, 11472, 15858, 2461, 11, 2085, 904, 5217, 6170, 11, 8554, 477, 41941, 13, 128009, 128006, 882, 128007, 271, 691, 58555, 25, 62342, 1463, 279, 2768, 1495, 1778, 430, 279, 3160, 315, 279, 2612, 1495, 320, 4174, 315, 5885, 8, 8844, 311, 279, 2592, 1495, 374, 13489, 6273, 311, 279, 11595, 5300, 304, 279, 2585, 4037, 22033, 2954, 311, 701, 8066, 15858, 2461, 13, 578, 2585, 4037, 706, 279, 2768, 3645, 25, 366, 45975, 37078, 28, 24771, 14611, 720, 44098, 16139, 25, 17680, 10934, 320, 1527, 279, 18341, 88909, 11, 4059, 2754, 11206, 11, 323, 2709, 285, 11, 35663, 3044, 477, 2761, 57733, 8, 19813, 311, 459, 35663, 3044, 315, 279, 4059, 11, 323, 374, 264, 14281, 47657, 4751, 369, 264, 10723, 1614, 3629, 7633, 439, 16239, 264, 10103, 4814, 315, 3729, 449, 8903, 3436, 627, 3337, 95179, 3579, 25, 578, 366, 15594, 15318, 82763, 28, 15, 13, 1187, 29, 4037, 30202, 430, 279, 3752, 11852, 26168, 4478, 1288, 387, 2212, 220, 15, 13, 1187, 13, 26028, 2753, 1109, 220, 16, 13519, 1495, 14278, 13, 26028, 7191, 1109, 220, 16, 13519, 1495, 14800, 13, 128009, 128006, 78191, 128007, 271, 27, 15594, 15318, 82763, 28, 15, 13, 1187, 29, 128009, 128000, 4516, 16280, 11, 98147, 3445, 81846, 3044, 315, 279, 13836, 13, 220, 128009, 128256, 128256, 128256, 128256, 128256, 128256, 128256, 128256, 128256, 128256, 128256, 128256, 128256, 128256, 128256, 128256, 128256, 128256, 128256, 128256, 128256, 128256, 128256, 128256, 128256, 128256, 128256, 128256, 128256, 128256, 128256, 128256, 128256, 128256, 128256, 128256, 128256, 128256, 128256, 128256, 128256, 128256, 128256, 128256, 128256, 128256, 128256, 128256, 128256, 128256, 128256, 128256, 128256, 128256, 128256, 128256, 128256, 128256, 128256, 128256, 128256, 128256, 128256, 128256, 128256, 128256, 128256, 128256, 128256, 128256, 128256, 128256, 128256, 128256, 128256, 128256, 128256, 128256, 128256, 128256, 128256, 128256, 128256, 128256, 128256, 128256, 128256, 128256, 128256, 128256, 128256, 128256, 128256, 128256, 128256, 128256, 128256, 128256, 128256, 128256, 128256, 128256, 128256, 128256, 128256, 128256, 128256, 128256, 128256, 128256, 128256, 128256, 128256, 128256, 128256, 128256, 128256, 128256, 128256, 128256, 128256, 128256, 128256, 128256, 128256, 128256, 128256, 128256, 128256, 128256, 128256, 128256, 128256, 128256, 128256, 128256, 128256, 128256, 128256, 128256, 128256, 128256, 128256, 128256, 128256, 128256, 128256, 128256, 128256, 128256, 128256, 128256, 128256, 128256, 128256, 128256, 128256, 128256, 128256, 128256, 128256, 128256, 128256, 128256, 128256, 128256, 128256, 128256, 128256, 128256, 128256, 128256, 128256, 128256, 128256, 128256, 128256, 128256, 128256, 128256, 128256, 128256, 128256, 128256, 128256, 128256, 128256, 128256, 128256, 128256, 128256, 128256, 128256, 128256, 128256, 128256, 128256, 128256, 128256, 128256, 128256, 128256, 128256, 128256, 128256, 128256, 128256, 128256, 128256, 128256, 128256, 128256, 128256, 128256, 128256, 128256, 128256, 128256, 128256, 128256, 128256, 128256, 128256, 128256, 128256, 128256, 128256, 128256]
--- labels: [-100, -100, -100, -100, -100, -100, -100, -100, -100, -100, -100, -100, -100, -100, -100, -100, -100, -100, -100, -100, -100, -100, -100, -100, -100, -100, -100, -100, -100, -100, -100, -100, -100, -100, -100, -100, -100, -100, -100, -100, -100, -100, -100, -100, -100, -100, -100, -100, -100, -100, -100, -100, -100, -100, -100, -100, -100, -100, -100, -100, -100, -100, -100, -100, -100, -100, -100, -100, -100, -100, -100, -100, -100, -100, -100, -100, -100, -100, -100, -100, -100, -100, -100, -100, -100, -100, -100, -100, -100, -100, -100, -100, -100, -100, -100, -100, -100, -100, -100, -100, -100, -100, -100, -100, -100, -100, -100, -100, -100, -100, -100, -100, -100, -100, -100, -100, -100, -100, -100, -100, -100, -100, -100, -100, -100, -100, -100, -100, -100, -100, -100, -100, -100, -100, -100, -100, -100, -100, -100, -100, -100, -100, -100, -100, -100, -100, -100, -100, -100, -100, -100, -100, -100, -100, -100, -100, -100, -100, -100, -100, -100, -100, -100, -100, -100, -100, -100, -100, -100, -100, -100, -100, -100, -100, -100, -100, -100, -100, -100, -100, -100, -100, -100, -100, -100, -100, -100, -100, -100, -100, -100, -100, -100, -100, -100, -100, -100, -100, -100, -100, -100, -100, -100, -100, -100, -100, -100, -100, -100, -100, -100, -100, -100, -100, -100, -100, -100, -100, -100, -100, -100, -100, -100, -100, -100, -100, -100, -100, -100, -100, -100, -100, -100, -100, -100, -100, -100, -100, -100, -100, -100, -100, -100, -100, -100, -100, -100, -100, -100, -100, -100, -100, -100, -100, -100, -100, -100, -100, -100, -100, -100, -100, -100, -100, -100, -100, -100, -100, -100, -100, 128000, 4516, 16280, 11, 98147, 3445, 81846, 3044, 315, 279, 13836, 13, 220, 128009, -100, -100, -100, -100, -100, -100, -100, -100, -100, -100, -100, -100, -100, -100, -100, -100, -100, -100, -100, -100, -100, -100, -100, -100, -100, -100, -100, -100, -100, -100, -100, -100, -100, -100, -100, -100, -100, -100, -100, -100, -100, -100, -100, -100, -100, -100, -100, -100, -100, -100, -100, -100, -100, -100, -100, -100, -100, -100, -100, -100, -100, -100, -100, -100, -100, -100, -100, -100, -100, -100, -100, -100, -100, -100, -100, -100, -100, -100, -100, -100, -100, -100, -100, -100, -100, -100, -100, -100, -100, -100, -100, -100, -100, -100, -100, -100, -100, -100, -100, -100, -100, -100, -100, -100, -100, -100, -100, -100, -100, -100, -100, -100, -100, -100, -100, -100, -100, -100, -100, -100, -100, -100, -100, -100, -100, -100, -100, -100, -100, -100, -100, -100, -100, -100, -100, -100, -100, -100, -100, -100, -100, -100, -100, -100, -100, -100, -100, -100, -100, -100, -100, -100, -100, -100, -100, -100, -100, -100, -100, -100, -100, -100, -100, -100, -100, -100, -100, -100, -100, -100, -100, -100, -100, -100, -100, -100, -100, -100, -100, -100, -100, -100, -100, -100, -100, -100, -100, -100, -100, -100, -100, -100, -100, -100, -100, -100, -100, -100, -100, -100, -100, -100, -100, -100, -100, -100, -100, -100, -100, -100, -100, -100, -100, -100, -100, -100, -100, -100, -100, -100, -100, -100, -100, -100, -100, -100, -100, -100]
--- decoded input_ids:
 <|begin_of_text|><|begin_of_text|><|start_header_id|>system<|end_header_id|>

Cutting Knowledge Date: December 2023
Today Date: 26 Jul 2024

You are a helpful expert in text simplification. You generate a simplified version of the text input by the user. You simplify the text according to the instructions given by the user. When asked to simplify a text, generate only the requested simplification, without any additional comments, notes or explanations.<|eot_id|><|start_header_id|>user<|end_header_id|>

INSTRUCTION: Simplify the following text such that the length of the output text (number of characters) relative to the source text is approximately equal to the ratio specified in the control token prepended to your generated simplification. The control token has the following format: <METRIC=VALUE>. 
SOURCE TEXT: Psychosis (from the Greek psyche, mind/soul, and osis, abnormal condition or derangement) refers to an abnormal condition of the mind, and is a generic psychiatric term for a mental state often described as involving a `` loss of contact with reality ''.
EXPLANATION: The <CHAR_COMPRESSION=0.24> token specifies that the character-level compression rate should be around 0.24. Values less than 1 indicate text reduction. Values greater than 1 indicate text expansion.<|eot_id|><|start_header_id|>assistant<|end_header_id|>

<CHAR_COMPRESSION=0.24><|eot_id|><|begin_of_text|>So literally, psychosis means unnatural condition of the soul. <|eot_id|>[PAD][PAD][PAD][PAD][PAD][PAD][PAD][PAD][PAD][PAD][PAD][PAD][PAD][PAD][PAD][PAD][PAD][PAD][PAD][PAD][PAD][PAD][PAD][PAD][PAD][PAD][PAD][PAD][PAD][PAD][PAD][PAD][PAD][PAD][PAD][PAD][PAD][PAD][PAD][PAD][PAD][PAD][PAD][PAD][PAD][PAD][PAD][PAD][PAD][PAD][PAD][PAD][PAD][PAD][PAD][PAD][PAD][PAD][PAD][PAD][PAD][PAD][PAD][PAD][PAD][PAD][PAD][PAD][PAD][PAD][PAD][PAD][PAD][PAD][PAD][PAD][PAD][PAD][PAD][PAD][PAD][PAD][PAD][PAD][PAD][PAD][PAD][PAD][PAD][PAD][PAD][PAD][PAD][PAD][PAD][PAD][PAD][PAD][PAD][PAD][PAD][PAD][PAD][PAD][PAD][PAD][PAD][PAD][PAD][PAD][PAD][PAD][PAD][PAD][PAD][PAD][PAD][PAD][PAD][PAD][PAD][PAD][PAD][PAD][PAD][PAD][PAD][PAD][PAD][PAD][PAD][PAD][PAD][PAD][PAD][PAD][PAD][PAD][PAD][PAD][PAD][PAD][PAD][PAD][PAD][PAD][PAD][PAD][PAD][PAD][PAD][PAD][PAD][PAD][PAD][PAD][PAD][PAD][PAD][PAD][PAD][PAD][PAD][PAD][PAD][PAD][PAD][PAD][PAD][PAD][PAD][PAD][PAD][PAD][PAD][PAD][PAD][PAD][PAD][PAD][PAD][PAD][PAD][PAD][PAD][PAD][PAD][PAD][PAD][PAD][PAD][PAD][PAD][PAD][PAD][PAD][PAD][PAD][PAD][PAD][PAD][PAD][PAD][PAD][PAD][PAD][PAD][PAD][PAD][PAD][PAD][PAD][PAD][PAD][PAD][PAD][PAD][PAD][PAD][PAD][PAD][PAD][PAD][PAD][PAD][PAD][PAD][PAD]
--- decoded labels:
 So literally, psychosis means unnatural condition of the soul. 
{'loss': 3.1385, 'grad_norm': 4.530412197113037, 'learning_rate': 3e-05, 'epoch': 0.12}
{'eval_loss': 2.8105952739715576, 'eval_runtime': 13.1968, 'eval_samples_per_second': 13.033, 'eval_steps_per_second': 3.258, 'epoch': 0.12}

>>> [Step 20] Prompt:
<|begin_of_text|><|start_header_id|>system<|end_header_id|>

Cutting Knowledge Date: December 2023
Today Date: 26 Jul 2024

You are a helpful assistant. You are very good at simplifying texts. When you receive a text for simplification, you simplify it according to the instructions given by the user. Generate only the simplification, without any comments or notes.<|eot_id|><|start_header_id|>user<|end_header_id|>

INSTRUCTION: Simplify the following text such that the length of the output text (number of characters) relative to the source text is approximately equal to the ratio specified in the control token prepended to your generated simplification. The control token has the following format: <METRIC=VALUE>. 
SOURCE TEXT: In pathology, it specifically refers to a sharp injury which damages the dermis of the skin.
EXPLANATION: The <CHAR_COMPRESSION=0.96> token specifies that the character-level compression rate should be around 0.96. Values less than 1 indicate text reduction. Values greater than 1 indicate text expansion.<|eot_id|><|start_header_id|>assistant<|end_header_id|>

<CHAR_COMPRESSION=0.96><|eot_id|>
>>> Reference:
In pathology, it specifically means a sharp injury which damages the dermis of the skin. <|eot_id|>
>>> Prediction:

================================================================================

>>> [Step 20] Prompt:
<|begin_of_text|><|start_header_id|>system<|end_header_id|>

Cutting Knowledge Date: December 2023
Today Date: 26 Jul 2024

You are a helpful text simplification assistant. You are not only an expert in simplifying texts for different readerships, but you are also very good at adapting texts according to the exact needs of the user. You output only the simplified text, no further notes or comments allowed.<|eot_id|><|start_header_id|>user<|end_header_id|>

INSTRUCTION: Simplify the following text such that the length of the output text (number of characters) relative to the source text is approximately equal to the ratio specified in the control token prepended to your generated simplification. The control token has the following format: <METRIC=VALUE>. 
SOURCE TEXT: Flaccid penis length is a poor estimate of erect length.
EXPLANATION: The <CHAR_COMPRESSION=1.07> token specifies that the character-level compression rate should be around 1.07. Values less than 1 indicate text reduction. Values greater than 1 indicate text expansion.<|eot_id|><|start_header_id|>assistant<|end_header_id|>

<CHAR_COMPRESSION=1.07><|eot_id|>
>>> Reference:
Flaccid length is not a reliable indication of erect length. <|eot_id|>
>>> Prediction:

================================================================================

>>> [Step 20] Prompt:
<|begin_of_text|><|start_header_id|>system<|end_header_id|>

Cutting Knowledge Date: December 2023
Today Date: 26 Jul 2024

You are an expert in text simplification. When you receive a text for simplification, you generate a simplified version of that text. You carefully study the simplification criteria specified by the user and adapt the text accordingly. Please generate only the simplified text, no other notes or explanations allowed.<|eot_id|><|start_header_id|>user<|end_header_id|>

INSTRUCTION: Simplify the following text such that the length of the output text (number of characters) relative to the source text is approximately equal to the ratio specified in the control token prepended to your generated simplification. The control token has the following format: <METRIC=VALUE>. 
SOURCE TEXT: For the coupling of aryl halides with aryl Grignard reagents, nickel chloride in tetrahydrofuran ( THF ) is also a good catalyst.
EXPLANATION: The <CHAR_COMPRESSION=0.94> token specifies that the character-level compression rate should be around 0.94. Values less than 1 indicate text reduction. Values greater than 1 indicate text expansion.<|eot_id|><|start_header_id|>assistant<|end_header_id|>

<CHAR_COMPRESSION=0.94><|eot_id|>
>>> Reference:
For the coupling of aryl halides with aryl Grignards, nickel chloride in tetrahydrofuran ( THF ) is also a good catalyst. <|eot_id|>
>>> Prediction:
 Nickel chloride in tetrahydrofuran (THF) is a good catalyst for the coupling of aryl halides with aryl Grignard reagents.
================================================================================

>>> [Step 20] Prompt:
<|begin_of_text|><|start_header_id|>system<|end_header_id|>

Cutting Knowledge Date: December 2023
Today Date: 26 Jul 2024

You are a helpful expert in text simplification. You generate a simplified version of the text input by the user. You simplify the text according to the instructions given by the user. When asked to simplify a text, generate only the requested simplification, without any additional comments, notes or explanations.<|eot_id|><|start_header_id|>user<|end_header_id|>

INSTRUCTION: Simplify the following text such that the length of the output text (number of characters) relative to the source text is approximately equal to the ratio specified in the control token prepended to your generated simplification. The control token has the following format: <METRIC=VALUE>. 
SOURCE TEXT: It is named after John Hilton Edwards, who first described the syndrome in 1960.
EXPLANATION: The <CHAR_COMPRESSION=0.95> token specifies that the character-level compression rate should be around 0.95. Values less than 1 indicate text reduction. Values greater than 1 indicate text expansion.<|eot_id|><|start_header_id|>assistant<|end_header_id|>

<CHAR_COMPRESSION=0.95><|eot_id|>
>>> Reference:
It is named after John H. Edwards, who first described the syndrome in 1960. <|eot_id|>
>>> Prediction:
 named after John Hilton Edwards, who first described the syndrome in 1960.
================================================================================
{'loss': 2.3457, 'grad_norm': 2.199302911758423, 'learning_rate': 6.333333333333333e-05, 'epoch': 0.23}
{'eval_loss': 2.1995887756347656, 'eval_runtime': 13.1902, 'eval_samples_per_second': 13.04, 'eval_steps_per_second': 3.26, 'epoch': 0.23}
{'loss': 1.971, 'grad_norm': 2.3746790885925293, 'learning_rate': 9.666666666666667e-05, 'epoch': 0.35}
{'eval_loss': 1.4638551473617554, 'eval_runtime': 13.198, 'eval_samples_per_second': 13.032, 'eval_steps_per_second': 3.258, 'epoch': 0.35}

>>> [Step 40] Prompt:
<|begin_of_text|><|start_header_id|>system<|end_header_id|>

Cutting Knowledge Date: December 2023
Today Date: 26 Jul 2024

You are an expert in text simplification. When you receive a text for simplification, you generate a simplified version of that text. You carefully study the simplification criteria specified by the user and adapt the text accordingly. Please generate only the simplified text, no other notes or explanations allowed.<|eot_id|><|start_header_id|>user<|end_header_id|>

INSTRUCTION: Simplify the following text such that the length of the output text (number of characters) relative to the source text is approximately equal to the ratio specified in the control token prepended to your generated simplification. The control token has the following format: <METRIC=VALUE>. 
SOURCE TEXT: Although uncomfortable at times extremely so panic attacks are not medically dangerous.
EXPLANATION: The <CHAR_COMPRESSION=0.99> token specifies that the character-level compression rate should be around 0.99. Values less than 1 indicate text reduction. Values greater than 1 indicate text expansion.<|eot_id|><|start_header_id|>assistant<|end_header_id|>

<CHAR_COMPRESSION=0.99><|eot_id|>
>>> Reference:
Although panic attacks are uncomfortable at times extremely so they are not dangerous. <|eot_id|>
>>> Prediction:
definitely not dangerous 
================================================================================

>>> [Step 40] Prompt:
<|begin_of_text|><|start_header_id|>system<|end_header_id|>

Cutting Knowledge Date: December 2023
Today Date: 26 Jul 2024

You are a helpful expert in text simplification. You generate a simplified version of the text input by the user. You simplify the text according to the instructions given by the user. When asked to simplify a text, generate only the requested simplification, without any additional comments, notes or explanations.<|eot_id|><|start_header_id|>user<|end_header_id|>

INSTRUCTION: Simplify the following text such that the length of the output text (number of characters) relative to the source text is approximately equal to the ratio specified in the control token prepended to your generated simplification. The control token has the following format: <METRIC=VALUE>. 
SOURCE TEXT: On 24 March 1950, his eyes were infected by trachoma.
EXPLANATION: The <CHAR_COMPRESSION=0.58> token specifies that the character-level compression rate should be around 0.58. Values less than 1 indicate text reduction. Values greater than 1 indicate text expansion.<|eot_id|><|start_header_id|>assistant<|end_header_id|>

<CHAR_COMPRESSION=0.58><|eot_id|>
>>> Reference:
He was born on 14 January 1950. <|eot_id|>
>>> Prediction:
The eyes of his wife were infected by trachoma. 
================================================================================

>>> [Step 40] Prompt:
<|begin_of_text|><|start_header_id|>system<|end_header_id|>

Cutting Knowledge Date: December 2023
Today Date: 26 Jul 2024

You are a helpful expert in text simplification. You generate a simplified version of the text input by the user. You simplify the text according to the instructions given by the user. When asked to simplify a text, generate only the requested simplification, without any additional comments, notes or explanations.<|eot_id|><|start_header_id|>user<|end_header_id|>

INSTRUCTION: Simplify the following text such that the length of the output text (number of characters) relative to the source text is approximately equal to the ratio specified in the control token prepended to your generated simplification. The control token has the following format: <METRIC=VALUE>. 
SOURCE TEXT: Other decongestants such as pseudoephedrine appear effective in adults.
EXPLANATION: The <CHAR_COMPRESSION=1.03> token specifies that the character-level compression rate should be around 1.03. Values less than 1 indicate text reduction. Values greater than 1 indicate text expansion.<|eot_id|><|start_header_id|>assistant<|end_header_id|>

<CHAR_COMPRESSION=1.03><|eot_id|>
>>> Reference:
Other decongestants such as pseudoephedrine are also effective in adults. <|eot_id|>
>>> Prediction:
definitely effective in adults. 
================================================================================

>>> [Step 40] Prompt:
<|begin_of_text|><|start_header_id|>system<|end_header_id|>

Cutting Knowledge Date: December 2023
Today Date: 26 Jul 2024

You are a helpful text simplification assistant. You are not only an expert in simplifying texts for different readerships, but you are also very good at adapting texts according to the exact needs of the user. You output only the simplified text, no further notes or comments allowed.<|eot_id|><|start_header_id|>user<|end_header_id|>

INSTRUCTION: Simplify the following text such that the length of the output text (number of characters) relative to the source text is approximately equal to the ratio specified in the control token prepended to your generated simplification. The control token has the following format: <METRIC=VALUE>. 
SOURCE TEXT: Also, many physicians or diabetes specialists do n't recognize LADA or do n't know that Type 1 diabetes may occur in adults, and so LADA is misdiagnosed as or mistaken for Type 2 diabetes very often.
EXPLANATION: The <CHAR_COMPRESSION=0.49> token specifies that the character-level compression rate should be around 0.49. Values less than 1 indicate text reduction. Values greater than 1 indicate text expansion.<|eot_id|><|start_header_id|>assistant<|end_header_id|>

<CHAR_COMPRESSION=0.49><|eot_id|>
>>> Reference:
People with LADA are misdiagnosed as having Type 2 diabetes, except that LADA has GAD antibodies. <|eot_id|>
>>> Prediction:
definitely 
================================================================================
{'loss': 1.3262, 'grad_norm': 1.0560107231140137, 'learning_rate': 9.961602898685226e-05, 'epoch': 0.46}
{'eval_loss': 1.2024238109588623, 'eval_runtime': 13.2051, 'eval_samples_per_second': 13.025, 'eval_steps_per_second': 3.256, 'epoch': 0.46}
{'loss': 1.204, 'grad_norm': 1.1206351518630981, 'learning_rate': 9.829629131445342e-05, 'epoch': 0.58}
{'eval_loss': 1.1682735681533813, 'eval_runtime': 13.1998, 'eval_samples_per_second': 13.031, 'eval_steps_per_second': 3.258, 'epoch': 0.58}

>>> [Step 60] Prompt:
<|begin_of_text|><|start_header_id|>system<|end_header_id|>

Cutting Knowledge Date: December 2023
Today Date: 26 Jul 2024

You are a helpful assistant. You are very good at simplifying texts. When you receive a text for simplification, you simplify it according to the instructions given by the user. Generate only the simplification, without any comments or notes.<|eot_id|><|start_header_id|>user<|end_header_id|>

INSTRUCTION: Simplify the following text such that the length of the output text (number of characters) relative to the source text is approximately equal to the ratio specified in the control token prepended to your generated simplification. The control token has the following format: <METRIC=VALUE>. 
SOURCE TEXT: Recurrence rates after surgical excision are about 5 to 15 %.
EXPLANATION: The <CHAR_COMPRESSION=1.11> token specifies that the character-level compression rate should be around 1.11. Values less than 1 indicate text reduction. Values greater than 1 indicate text expansion.<|eot_id|><|start_header_id|>assistant<|end_header_id|>

<CHAR_COMPRESSION=1.11><|eot_id|>
>>> Reference:
After surgical removal, ganglia return in about 5 to 15 % of people. <|eot_id|>
>>> Prediction:
# Recurrence rates after surgical excision are about 5 to 15 % 
================================================================================

>>> [Step 60] Prompt:
<|begin_of_text|><|start_header_id|>system<|end_header_id|>

Cutting Knowledge Date: December 2023
Today Date: 26 Jul 2024

You are a helpful text simplification assistant. You are not only an expert in simplifying texts for different readerships, but you are also very good at adapting texts according to the exact needs of the user. You output only the simplified text, no further notes or comments allowed.<|eot_id|><|start_header_id|>user<|end_header_id|>

INSTRUCTION: Simplify the following text such that the length of the output text (number of characters) relative to the source text is approximately equal to the ratio specified in the control token prepended to your generated simplification. The control token has the following format: <METRIC=VALUE>. 
SOURCE TEXT: The virus, part of the orthopoxvirus family, is so closely related to the vaccinia virus that the two are often spoken of interchangeably.
EXPLANATION: The <CHAR_COMPRESSION=0.56> token specifies that the character-level compression rate should be around 0.56. Values less than 1 indicate text reduction. Values greater than 1 indicate text expansion.<|eot_id|><|start_header_id|>assistant<|end_header_id|>

<CHAR_COMPRESSION=0.56><|eot_id|>
>>> Reference:
It is caused by a virus (Cowpox virus) that is related to the Vaccinia virus. <|eot_id|>
>>> Prediction:
If the virus is inhaled, it can cause a severe disease called smallpox. 
================================================================================

>>> [Step 60] Prompt:
<|begin_of_text|><|start_header_id|>system<|end_header_id|>

Cutting Knowledge Date: December 2023
Today Date: 26 Jul 2024

You are a helpful text simplification assistant. You are not only an expert in simplifying texts for different readerships, but you are also very good at adapting texts according to the exact needs of the user. You output only the simplified text, no further notes or comments allowed.<|eot_id|><|start_header_id|>user<|end_header_id|>

INSTRUCTION: Simplify the following text such that the length of the output text (number of characters) relative to the source text is approximately equal to the ratio specified in the control token prepended to your generated simplification. The control token has the following format: <METRIC=VALUE>. 
SOURCE TEXT: Nancy devoted most of her time to caring for her ailing husband, diagnosed in 1994 with Alzheimer 's disease, until his death in 2004.
EXPLANATION: The <CHAR_COMPRESSION=1.02> token specifies that the character-level compression rate should be around 1.02. Values less than 1 indicate text reduction. Values greater than 1 indicate text expansion.<|eot_id|><|start_header_id|>assistant<|end_header_id|>

<CHAR_COMPRESSION=1.02><|eot_id|>
>>> Reference:
Nancy devoted most of her time to caring for her ill husband who was diagnosed in 1994 with Alzheimer 's disease until his death in 2004. <|eot_id|>
>>> Prediction:
# Nancy was married to a man named Harry who suffered from Alzheimer's disease. 
================================================================================

>>> [Step 60] Prompt:
<|begin_of_text|><|start_header_id|>system<|end_header_id|>

Cutting Knowledge Date: December 2023
Today Date: 26 Jul 2024

You are an expert in controlled text simplification. When you receive a text from the user, you carefully adapt it to the simplification level specified by the user. Please generate only the simplified text, without any additional explanations or notes.<|eot_id|><|start_header_id|>user<|end_header_id|>

INSTRUCTION: Simplify the following text such that the length of the output text (number of characters) relative to the source text is approximately equal to the ratio specified in the control token prepended to your generated simplification. The control token has the following format: <METRIC=VALUE>. 
SOURCE TEXT: Fade-ins and fade-outs are often used as cinematic devices that begin and end scenes; film language that developed at the same time as these early recordings.
EXPLANATION: The <CHAR_COMPRESSION=0.91> token specifies that the character-level compression rate should be around 0.91. Values less than 1 indicate text reduction. Values greater than 1 indicate text expansion.<|eot_id|><|start_header_id|>assistant<|end_header_id|>

<CHAR_COMPRESSION=0.91><|eot_id|>
>>> Reference:
Fade-ins and fade-outs are cinematic devices that begin and end scenes; film language that developed at the same time as these early recordings. <|eot_id|>
>>> Prediction:
# Fade-ins and fade-outs are often used as cinematic devices that begin and end scenes; film language that developed at the same time as these early recordings. 
================================================================================
{'loss': 1.1114, 'grad_norm': 0.9648383855819702, 'learning_rate': 9.606105731925283e-05, 'epoch': 0.69}
{'eval_loss': 1.1484708786010742, 'eval_runtime': 13.8337, 'eval_samples_per_second': 12.433, 'eval_steps_per_second': 3.108, 'epoch': 0.69}
{'loss': 0.9634, 'grad_norm': 1.1000986099243164, 'learning_rate': 9.295269771849427e-05, 'epoch': 0.81}
{'eval_loss': 1.1407618522644043, 'eval_runtime': 13.2007, 'eval_samples_per_second': 13.03, 'eval_steps_per_second': 3.257, 'epoch': 0.81}

>>> [Step 80] Prompt:
<|begin_of_text|><|start_header_id|>system<|end_header_id|>

Cutting Knowledge Date: December 2023
Today Date: 26 Jul 2024

You are a helpful expert in text simplification. You generate a simplified version of the text input by the user. You simplify the text according to the instructions given by the user. When asked to simplify a text, generate only the requested simplification, without any additional comments, notes or explanations.<|eot_id|><|start_header_id|>user<|end_header_id|>

INSTRUCTION: Simplify the following text such that the length of the output text (number of characters) relative to the source text is approximately equal to the ratio specified in the control token prepended to your generated simplification. The control token has the following format: <METRIC=VALUE>. 
SOURCE TEXT: Symptoms of primary coccidioidomycosis, in decreasing order of frequency, include fever, cough, chest pain, chills, sputum production, sore throat, and hemoptysis.
EXPLANATION: The <CHAR_COMPRESSION=0.69> token specifies that the character-level compression rate should be around 0.69. Values less than 1 indicate text reduction. Values greater than 1 indicate text expansion.<|eot_id|><|start_header_id|>assistant<|end_header_id|>

<CHAR_COMPRESSION=0.69><|eot_id|>
>>> Reference:
They include a cough, fever, chills, chest pain, and sometimes shortness of breath. The cough may produce sputum. <|eot_id|>
>>> Prediction:
The symptoms of primary coccidioidomycosis, in decreasing order of frequency, include fever, cough, chest pain, chills, sputum production, sore throat, and hemoptysis. 
================================================================================

>>> [Step 80] Prompt:
<|begin_of_text|><|start_header_id|>system<|end_header_id|>

Cutting Knowledge Date: December 2023
Today Date: 26 Jul 2024

You are a helpful text simplification assistant. You are not only an expert in simplifying texts for different readerships, but you are also very good at adapting texts according to the exact needs of the user. You output only the simplified text, no further notes or comments allowed.<|eot_id|><|start_header_id|>user<|end_header_id|>

INSTRUCTION: Simplify the following text such that the length of the output text (number of characters) relative to the source text is approximately equal to the ratio specified in the control token prepended to your generated simplification. The control token has the following format: <METRIC=VALUE>. 
SOURCE TEXT: Frederick Akbar Mahomed ( d. 1884 ), who worked at Guy 's Hospital in London, made substantial contributions to the process of clinical trials, where `` he separated chronic nephritis with secondary hypertension from what we now term essential hypertension.
EXPLANATION: The <CHAR_COMPRESSION=1.16> token specifies that the character-level compression rate should be around 1.16. Values less than 1 indicate text reduction. Values greater than 1 indicate text expansion.<|eot_id|><|start_header_id|>assistant<|end_header_id|>

<CHAR_COMPRESSION=1.16><|eot_id|>
>>> Reference:
Frederick Akbar Mahomed ( d. 1884 ), who worked at Guy 's Hospital in London, made substantial contributions to the process of clinical trials during his detailed clinical studies, where `` he separated chronic nephritis with secondary hypertension from what we now term essential hypertension. '' <|eot_id|>
>>> Prediction:
When the term was first introduced by William Gowers ( 1845-1915 ) in 1908, the term referred to a disease in which the blood pressure was elevated, but the cause was unknown. 
================================================================================

>>> [Step 80] Prompt:
<|begin_of_text|><|start_header_id|>system<|end_header_id|>

Cutting Knowledge Date: December 2023
Today Date: 26 Jul 2024

You are a helpful assistant. You are very good at simplifying texts. When you receive a text for simplification, you simplify it according to the instructions given by the user. Generate only the simplification, without any comments or notes.<|eot_id|><|start_header_id|>user<|end_header_id|>

INSTRUCTION: Simplify the following text such that the length of the output text (number of characters) relative to the source text is approximately equal to the ratio specified in the control token prepended to your generated simplification. The control token has the following format: <METRIC=VALUE>. 
SOURCE TEXT: There is little support for increased fight-or-flight response or failure of habituation in autism; there is more evidence of decreased responsiveness to sensory stimuli, although several studies show no differences.
EXPLANATION: The <CHAR_COMPRESSION=0.11> token specifies that the character-level compression rate should be around 0.11. Values less than 1 indicate text reduction. Values greater than 1 indicate text expansion.<|eot_id|><|start_header_id|>assistant<|end_header_id|>

<CHAR_COMPRESSION=0.11><|eot_id|>
>>> Reference:
There are many symptoms. <|eot_id|>
>>> Prediction:
In autism, there is little support for increased fight-or-flight response or failure of habituation; there is more evidence of decreased responsiveness to sensory stimuli, although several studies show no differences. 
================================================================================

>>> [Step 80] Prompt:
<|begin_of_text|><|start_header_id|>system<|end_header_id|>

Cutting Knowledge Date: December 2023
Today Date: 26 Jul 2024

You are a helpful text simplification assistant. You are not only an expert in simplifying texts for different readerships, but you are also very good at adapting texts according to the exact needs of the user. You output only the simplified text, no further notes or comments allowed.<|eot_id|><|start_header_id|>user<|end_header_id|>

INSTRUCTION: Simplify the following text such that the length of the output text (number of characters) relative to the source text is approximately equal to the ratio specified in the control token prepended to your generated simplification. The control token has the following format: <METRIC=VALUE>. 
SOURCE TEXT: Pliny the Younger provided an account of his death, and suggested that he collapsed and died through inhaling poisonous gases emitted from the volcano.
EXPLANATION: The <CHAR_COMPRESSION=0.97> token specifies that the character-level compression rate should be around 0.97. Values less than 1 indicate text reduction. Values greater than 1 indicate text expansion.<|eot_id|><|start_header_id|>assistant<|end_header_id|>

<CHAR_COMPRESSION=0.97><|eot_id|>
>>> Reference:
Pliny the Younger wrote an account of his death, and suggested that he collapsed and died through inhaling poisonous gases emitted by the volcano. <|eot_id|>
>>> Prediction:
The Roman writer Pliny the Younger provided an account of his death, and suggested that he collapsed and died through inhaling poisonous gases emitted from the volcano. 
================================================================================
{'loss': 1.1217, 'grad_norm': 0.8981958031654358, 'learning_rate': 8.903013405060211e-05, 'epoch': 0.92}
{'eval_loss': 1.1275159120559692, 'eval_runtime': 13.2581, 'eval_samples_per_second': 12.973, 'eval_steps_per_second': 3.243, 'epoch': 0.92}
{'loss': 1.1526, 'grad_norm': 1.1468186378479004, 'learning_rate': 8.436772176847294e-05, 'epoch': 1.03}
{'eval_loss': 1.1215565204620361, 'eval_runtime': 13.2217, 'eval_samples_per_second': 13.009, 'eval_steps_per_second': 3.252, 'epoch': 1.03}

>>> [Step 100] Prompt:
<|begin_of_text|><|start_header_id|>system<|end_header_id|>

Cutting Knowledge Date: December 2023
Today Date: 26 Jul 2024

You are an expert in controlled text simplification. When you receive a text from the user, you carefully adapt it to the simplification level specified by the user. Please generate only the simplified text, without any additional explanations or notes.<|eot_id|><|start_header_id|>user<|end_header_id|>

INSTRUCTION: Simplify the following text such that the length of the output text (number of characters) relative to the source text is approximately equal to the ratio specified in the control token prepended to your generated simplification. The control token has the following format: <METRIC=VALUE>. 
SOURCE TEXT: Microbial cultures are rarely done because a valid culture requires a sample obtained by sinus endoscopy or sinus puncture; culturing a swab of nasal secretions is inadequate. Cultures are typically done only when empiric treatment fails and in immunocompromised patients and some hospital- acquired causes of sinusitis.
EXPLANATION: The <CHAR_COMPRESSION=0.79> token specifies that the character-level compression rate should be around 0.79. Values less than 1 indicate text reduction. Values greater than 1 indicate text expansion.<|eot_id|><|start_header_id|>assistant<|end_header_id|>

<CHAR_COMPRESSION=0.79><|eot_id|>
>>> Reference:
Sometimes a doctor passes a thin viewing scope (endoscope) into the nose to inspect the sinus openings and to obtain samples of fluid for culture. This procedure, which requires a local anesthetic (to numb the area), can be done in the doctor's office. <|eot_id|>
>>> Prediction:
The culture is typically done only when empiric treatment fails and in immunocompromised patients and some hospital-acquired causes of sinusitis. 
================================================================================

>>> [Step 100] Prompt:
<|begin_of_text|><|start_header_id|>system<|end_header_id|>

Cutting Knowledge Date: December 2023
Today Date: 26 Jul 2024

You are an expert in text simplification. When you receive a text for simplification, you generate a simplified version of that text. You carefully study the simplification criteria specified by the user and adapt the text accordingly. Please generate only the simplified text, no other notes or explanations allowed.<|eot_id|><|start_header_id|>user<|end_header_id|>

INSTRUCTION: Simplify the following text such that the length of the output text (number of characters) relative to the source text is approximately equal to the ratio specified in the control token prepended to your generated simplification. The control token has the following format: <METRIC=VALUE>. 
SOURCE TEXT: Benign paroxysmal vertigo of childhood is an uncommon neurological disorder which presents with recurrent episodes of dizziness.
EXPLANATION: The <CHAR_COMPRESSION=0.8> token specifies that the character-level compression rate should be around 0.8. Values less than 1 indicate text reduction. Values greater than 1 indicate text expansion.<|eot_id|><|start_header_id|>assistant<|end_header_id|>

<CHAR_COMPRESSION=0.8><|eot_id|>
>>> Reference:
Benign paroxysmal vertigo of childhood (BPVC for short) is a medical problem that happens in children. <|eot_id|>
>>> Prediction:
The symptoms are short episodes of dizziness. 
================================================================================

>>> [Step 100] Prompt:
<|begin_of_text|><|start_header_id|>system<|end_header_id|>

Cutting Knowledge Date: December 2023
Today Date: 26 Jul 2024

You are a helpful expert in text simplification. You generate a simplified version of the text input by the user. You simplify the text according to the instructions given by the user. When asked to simplify a text, generate only the requested simplification, without any additional comments, notes or explanations.<|eot_id|><|start_header_id|>user<|end_header_id|>

INSTRUCTION: Simplify the following text such that the length of the output text (number of characters) relative to the source text is approximately equal to the ratio specified in the control token prepended to your generated simplification. The control token has the following format: <METRIC=VALUE>. 
SOURCE TEXT: The key distinguishing feature of cheletropic reactions is that on one of the reagents , both new bonds are being made to the same atom .
EXPLANATION: The <CHAR_COMPRESSION=0.87> token specifies that the character-level compression rate should be around 0.87. Values less than 1 indicate text reduction. Values greater than 1 indicate text expansion.<|eot_id|><|start_header_id|>assistant<|end_header_id|>

<CHAR_COMPRESSION=0.87><|eot_id|>
>>> Reference:
What sets cheletropic reactions apart is that on one of the reagents , both new bonds are being made to the same atom . <|eot_id|>
>>> Prediction:
This is the key distinguishing feature of cheletropic reactions. 
================================================================================

>>> [Step 100] Prompt:
<|begin_of_text|><|start_header_id|>system<|end_header_id|>

Cutting Knowledge Date: December 2023
Today Date: 26 Jul 2024

You are an expert in text simplification. When you receive a text for simplification, you generate a simplified version of that text. You carefully study the simplification criteria specified by the user and adapt the text accordingly. Please generate only the simplified text, no other notes or explanations allowed.<|eot_id|><|start_header_id|>user<|end_header_id|>

INSTRUCTION: Simplify the following text such that the length of the output text (number of characters) relative to the source text is approximately equal to the ratio specified in the control token prepended to your generated simplification. The control token has the following format: <METRIC=VALUE>. 
SOURCE TEXT: For the coupling of aryl halides with aryl Grignard reagents, nickel chloride in tetrahydrofuran ( THF ) is also a good catalyst.
EXPLANATION: The <CHAR_COMPRESSION=0.94> token specifies that the character-level compression rate should be around 0.94. Values less than 1 indicate text reduction. Values greater than 1 indicate text expansion.<|eot_id|><|start_header_id|>assistant<|end_header_id|>

<CHAR_COMPRESSION=0.94><|eot_id|>
>>> Reference:
For the coupling of aryl halides with aryl Grignards, nickel chloride in tetrahydrofuran ( THF ) is also a good catalyst. <|eot_id|>
>>> Prediction:
It is also used for the coupling of aryl halides with aryl Grignard reagents. 
================================================================================
{'loss': 1.0428, 'grad_norm': 1.2180958986282349, 'learning_rate': 7.905384077009693e-05, 'epoch': 1.15}
{'eval_loss': 1.1214046478271484, 'eval_runtime': 13.2443, 'eval_samples_per_second': 12.987, 'eval_steps_per_second': 3.247, 'epoch': 1.15}
{'loss': 1.0309, 'grad_norm': 1.4356358051300049, 'learning_rate': 7.318922008417203e-05, 'epoch': 1.27}
{'eval_loss': 1.11439049243927, 'eval_runtime': 13.2194, 'eval_samples_per_second': 13.011, 'eval_steps_per_second': 3.253, 'epoch': 1.27}

>>> [Step 120] Prompt:
<|begin_of_text|><|start_header_id|>system<|end_header_id|>

Cutting Knowledge Date: December 2023
Today Date: 26 Jul 2024

You are a helpful text simplification assistant. You are not only an expert in simplifying texts for different readerships, but you are also very good at adapting texts according to the exact needs of the user. You output only the simplified text, no further notes or comments allowed.<|eot_id|><|start_header_id|>user<|end_header_id|>

INSTRUCTION: Simplify the following text such that the length of the output text (number of characters) relative to the source text is approximately equal to the ratio specified in the control token prepended to your generated simplification. The control token has the following format: <METRIC=VALUE>. 
SOURCE TEXT: The book depicts working class poverty, the absence of social programs, harsh and unpleasant living and working conditions, and a hopelessness among many workers.
EXPLANATION: The <CHAR_COMPRESSION=0.65> token specifies that the character-level compression rate should be around 0.65. Values less than 1 indicate text reduction. Values greater than 1 indicate text expansion.<|eot_id|><|start_header_id|>assistant<|end_header_id|>

<CHAR_COMPRESSION=0.65><|eot_id|>
>>> Reference:
The book writes about the poverty, bad living and working conditions, and sorrow among the working class. <|eot_id|>
>>> Prediction:
The book depicts working class poverty and a lack of social programs. 
================================================================================

>>> [Step 120] Prompt:
<|begin_of_text|><|start_header_id|>system<|end_header_id|>

Cutting Knowledge Date: December 2023
Today Date: 26 Jul 2024

You are a helpful expert in text simplification. You generate a simplified version of the text input by the user. You simplify the text according to the instructions given by the user. When asked to simplify a text, generate only the requested simplification, without any additional comments, notes or explanations.<|eot_id|><|start_header_id|>user<|end_header_id|>

INSTRUCTION: Simplify the following text such that the length of the output text (number of characters) relative to the source text is approximately equal to the ratio specified in the control token prepended to your generated simplification. The control token has the following format: <METRIC=VALUE>. 
SOURCE TEXT: A stroke, sometimes referred to as a cerebrovascular accident ( CVA ), cerebrovascular insult ( CVI ), or colloquially brain attack is the loss of brain function due to a disturbance in the blood supply to the brain.
EXPLANATION: The <CHAR_COMPRESSION=0.65> token specifies that the character-level compression rate should be around 0.65. Values less than 1 indicate text reduction. Values greater than 1 indicate text expansion.<|eot_id|><|start_header_id|>assistant<|end_header_id|>

<CHAR_COMPRESSION=0.65><|eot_id|>
>>> Reference:
A stroke, or cerebrovascular accident ( CVA ), is the rapid loss of brain function ( s ) due to disturbance in the blood supply to the brain. <|eot_id|>
>>> Prediction:
The brain gets less blood. 
================================================================================

>>> [Step 120] Prompt:
<|begin_of_text|><|start_header_id|>system<|end_header_id|>

Cutting Knowledge Date: December 2023
Today Date: 26 Jul 2024

You are a helpful assistant. You are very good at simplifying texts. When you receive a text for simplification, you simplify it according to the instructions given by the user. Generate only the simplification, without any comments or notes.<|eot_id|><|start_header_id|>user<|end_header_id|>

INSTRUCTION: Simplify the following text such that the length of the output text (number of characters) relative to the source text is approximately equal to the ratio specified in the control token prepended to your generated simplification. The control token has the following format: <METRIC=VALUE>. 
SOURCE TEXT: When determining the order of a sigmatropic shift involving a hydrogen atom migration it is critical to count across all atoms involved in the reaction rather than only across the closest atoms.
EXPLANATION: The <CHAR_COMPRESSION=0.53> token specifies that the character-level compression rate should be around 0.53. Values less than 1 indicate text reduction. Values greater than 1 indicate text expansion.<|eot_id|><|start_header_id|>assistant<|end_header_id|>

<CHAR_COMPRESSION=0.53><|eot_id|>
>>> Reference:
So, chemists count across all atoms involved in the reaction rather than only across the closest atoms. <|eot_id|>
>>> Prediction:
The order of a sigmatropic shift involving a hydrogen atom migration is critical to count across all atoms involved in the reaction rather than only across the closest atoms. 
================================================================================

>>> [Step 120] Prompt:
<|begin_of_text|><|start_header_id|>system<|end_header_id|>

Cutting Knowledge Date: December 2023
Today Date: 26 Jul 2024

You are a helpful assistant. You are very good at simplifying texts. When you receive a text for simplification, you simplify it according to the instructions given by the user. Generate only the simplification, without any comments or notes.<|eot_id|><|start_header_id|>user<|end_header_id|>

INSTRUCTION: Simplify the following text such that the length of the output text (number of characters) relative to the source text is approximately equal to the ratio specified in the control token prepended to your generated simplification. The control token has the following format: <METRIC=VALUE>. 
SOURCE TEXT: Recurrence rates after surgical excision are about 5 to 15 %.
EXPLANATION: The <CHAR_COMPRESSION=1.11> token specifies that the character-level compression rate should be around 1.11. Values less than 1 indicate text reduction. Values greater than 1 indicate text expansion.<|eot_id|><|start_header_id|>assistant<|end_header_id|>

<CHAR_COMPRESSION=1.11><|eot_id|>
>>> Reference:
After surgical removal, ganglia return in about 5 to 15 % of people. <|eot_id|>
>>> Prediction:
The recurrence rate after surgical excision is about 5 to 15 % of patients. 
================================================================================
{'loss': 1.148, 'grad_norm': 1.13202702999115, 'learning_rate': 6.688502846768696e-05, 'epoch': 1.38}
{'eval_loss': 1.1077890396118164, 'eval_runtime': 13.2355, 'eval_samples_per_second': 12.995, 'eval_steps_per_second': 3.249, 'epoch': 1.38}
{'loss': 1.0757, 'grad_norm': 1.4995173215866089, 'learning_rate': 6.026076710978171e-05, 'epoch': 1.5}
{'eval_loss': 1.1025797128677368, 'eval_runtime': 13.2034, 'eval_samples_per_second': 13.027, 'eval_steps_per_second': 3.257, 'epoch': 1.5}

>>> [Step 140] Prompt:
<|begin_of_text|><|start_header_id|>system<|end_header_id|>

Cutting Knowledge Date: December 2023
Today Date: 26 Jul 2024

You are a helpful assistant. You are very good at simplifying texts. When you receive a text for simplification, you simplify it according to the instructions given by the user. Generate only the simplification, without any comments or notes.<|eot_id|><|start_header_id|>user<|end_header_id|>

INSTRUCTION: Simplify the following text such that the length of the output text (number of characters) relative to the source text is approximately equal to the ratio specified in the control token prepended to your generated simplification. The control token has the following format: <METRIC=VALUE>. 
SOURCE TEXT: Other uncommon complications include bacterial tracheitis, pneumonia, and pulmonary edema.
EXPLANATION: The <CHAR_COMPRESSION=1.72> token specifies that the character-level compression rate should be around 1.72. Values less than 1 indicate text reduction. Values greater than 1 indicate text expansion.<|eot_id|><|start_header_id|>assistant<|end_header_id|>

<CHAR_COMPRESSION=1.72><|eot_id|>
>>> Reference:
Other uncommon complications include bacterial tracheitis (infection of the trachea), pneumonia (lung infection), and pulmonary edema (fluid in the lungs). <|eot_id|>
>>> Prediction:
It can also cause other complications, such as a sore throat, a lung infection (pneumonia), a lung abscess, and a buildup of fluid in the lungs (pulmonary edema). 
================================================================================

>>> [Step 140] Prompt:
<|begin_of_text|><|start_header_id|>system<|end_header_id|>

Cutting Knowledge Date: December 2023
Today Date: 26 Jul 2024

You are a helpful assistant. You are an expert in controlled text simplification. When you receive a text, you simplify it by rewriting it in a manner that is easier to read. Your simplification is guided by the simplification criteria specified by the user. You generate only the simplification result, without any additional comments or explanations.<|eot_id|><|start_header_id|>user<|end_header_id|>

INSTRUCTION: Simplify the following text such that the length of the output text (number of characters) relative to the source text is approximately equal to the ratio specified in the control token prepended to your generated simplification. The control token has the following format: <METRIC=VALUE>. 
SOURCE TEXT: Among these is the development of respiratory distress, which occurs in up to 25 % of adults and 40 % of children with severe P. falciparum malaria.
EXPLANATION: The <CHAR_COMPRESSION=0.43> token specifies that the character-level compression rate should be around 0.43. Values less than 1 indicate text reduction. Values greater than 1 indicate text expansion.<|eot_id|><|start_header_id|>assistant<|end_header_id|>

<CHAR_COMPRESSION=0.43><|eot_id|>
>>> Reference:
Falciparum malaria is always treated with two or more medicines. <|eot_id|>
>>> Prediction:
The most dangerous symptom of malaria is respiratory distress. 
================================================================================

>>> [Step 140] Prompt:
<|begin_of_text|><|start_header_id|>system<|end_header_id|>

Cutting Knowledge Date: December 2023
Today Date: 26 Jul 2024

You are a helpful text simplification assistant. You are not only an expert in simplifying texts for different readerships, but you are also very good at adapting texts according to the exact needs of the user. You output only the simplified text, no further notes or comments allowed.<|eot_id|><|start_header_id|>user<|end_header_id|>

INSTRUCTION: Simplify the following text such that the length of the output text (number of characters) relative to the source text is approximately equal to the ratio specified in the control token prepended to your generated simplification. The control token has the following format: <METRIC=VALUE>. 
SOURCE TEXT: Individuals with fragile X syndrome have a full mutation of the FMR1 allele, with over 200 CGG repeats.
EXPLANATION: The <CHAR_COMPRESSION=2.4> token specifies that the character-level compression rate should be around 2.4. Values less than 1 indicate text reduction. Values greater than 1 indicate text expansion.<|eot_id|><|start_header_id|>assistant<|end_header_id|>

<CHAR_COMPRESSION=2.4><|eot_id|>
>>> Reference:
Individuals with fragile X syndrome have a full mutation of the FMR1 allele, with over 200 repeats of the CGG codon. In these individuals with a repeat expansion greater than 200, there is methylation of the CGG repeat expansion and FMR1 promoter. <|eot_id|>
>>> Prediction:
The Fragile X syndrome is a genetic disorder that affects males more often than females. 
================================================================================

>>> [Step 140] Prompt:
<|begin_of_text|><|start_header_id|>system<|end_header_id|>

Cutting Knowledge Date: December 2023
Today Date: 26 Jul 2024

You are an expert in text simplification. When you receive a text for simplification, you generate a simplified version of that text. You carefully study the simplification criteria specified by the user and adapt the text accordingly. Please generate only the simplified text, no other notes or explanations allowed.<|eot_id|><|start_header_id|>user<|end_header_id|>

INSTRUCTION: Simplify the following text such that the length of the output text (number of characters) relative to the source text is approximately equal to the ratio specified in the control token prepended to your generated simplification. The control token has the following format: <METRIC=VALUE>. 
SOURCE TEXT: Most Iridium satellites are still controlled, so their flares can be predicted.
EXPLANATION: The <CHAR_COMPRESSION=1.18> token specifies that the character-level compression rate should be around 1.18. Values less than 1 indicate text reduction. Values greater than 1 indicate text expansion.<|eot_id|><|start_header_id|>assistant<|end_header_id|>

<CHAR_COMPRESSION=1.18><|eot_id|>
>>> Reference:
Most of them are in a controlled orbit, so the flares from these satellites can be predicted. <|eot_id|>
>>> Prediction:
The flares from most Iridium satellites are still controlled, so their flares can be predicted. 
================================================================================
{'loss': 1.1253, 'grad_norm': 1.158470630645752, 'learning_rate': 5.344200438743489e-05, 'epoch': 1.61}
{'eval_loss': 1.1010291576385498, 'eval_runtime': 13.2101, 'eval_samples_per_second': 13.02, 'eval_steps_per_second': 3.255, 'epoch': 1.61}
{'loss': 1.0494, 'grad_norm': 0.991320013999939, 'learning_rate': 4.6557995612565144e-05, 'epoch': 1.73}
{'eval_loss': 1.0974482297897339, 'eval_runtime': 13.5705, 'eval_samples_per_second': 12.675, 'eval_steps_per_second': 3.169, 'epoch': 1.73}

>>> [Step 160] Prompt:
<|begin_of_text|><|start_header_id|>system<|end_header_id|>

Cutting Knowledge Date: December 2023
Today Date: 26 Jul 2024

You are a helpful text simplification assistant. You are not only an expert in simplifying texts for different readerships, but you are also very good at adapting texts according to the exact needs of the user. You output only the simplified text, no further notes or comments allowed.<|eot_id|><|start_header_id|>user<|end_header_id|>

INSTRUCTION: Simplify the following text such that the length of the output text (number of characters) relative to the source text is approximately equal to the ratio specified in the control token prepended to your generated simplification. The control token has the following format: <METRIC=VALUE>. 
SOURCE TEXT: While recovering in the hospital from back surgery, Billington would later recount that Bret Hart showed up and stated that Vince McMahon had sent him to get Dynamite 's tag belt; Billington refused.
EXPLANATION: The <CHAR_COMPRESSION=0.96> token specifies that the character-level compression rate should be around 0.96. Values less than 1 indicate text reduction. Values greater than 1 indicate text expansion.<|eot_id|><|start_header_id|>assistant<|end_header_id|>

<CHAR_COMPRESSION=0.96><|eot_id|>
>>> Reference:
When he was recovering in the hospital from back surgery, he recounted that Bret Hart had showed up and said that Vince McMahon had sent him to get Dynamite 's tag belt but Billington refused. <|eot_id|>
>>> Prediction:
The next day, Billington would later recount that Bret Hart showed up and stated that Vince McMahon had sent him to get Dynamite's tag team belt; Billington refused. 
================================================================================

>>> [Step 160] Prompt:
<|begin_of_text|><|start_header_id|>system<|end_header_id|>

Cutting Knowledge Date: December 2023
Today Date: 26 Jul 2024

You are a helpful expert in text simplification. You generate a simplified version of the text input by the user. You simplify the text according to the instructions given by the user. When asked to simplify a text, generate only the requested simplification, without any additional comments, notes or explanations.<|eot_id|><|start_header_id|>user<|end_header_id|>

INSTRUCTION: Simplify the following text such that the length of the output text (number of characters) relative to the source text is approximately equal to the ratio specified in the control token prepended to your generated simplification. The control token has the following format: <METRIC=VALUE>. 
SOURCE TEXT: Anaphylaxis is a serious allergic reaction that is rapid in onset and may cause death .
EXPLANATION: The <CHAR_COMPRESSION=0.99> token specifies that the character-level compression rate should be around 0.99. Values less than 1 indicate text reduction. Values greater than 1 indicate text expansion.<|eot_id|><|start_header_id|>assistant<|end_header_id|>

<CHAR_COMPRESSION=0.99><|eot_id|>
>>> Reference:
Anaphylaxis is a serious allergic reaction that begins suddenly and may cause death . <|eot_id|>
>>> Prediction:
The symptoms of anaphylaxis are rapid in onset and may cause death. 
================================================================================

>>> [Step 160] Prompt:
<|begin_of_text|><|start_header_id|>system<|end_header_id|>

Cutting Knowledge Date: December 2023
Today Date: 26 Jul 2024

You are a helpful assistant. You are an expert in controlled text simplification. When you receive a text, you simplify it by rewriting it in a manner that is easier to read. Your simplification is guided by the simplification criteria specified by the user. You generate only the simplification result, without any additional comments or explanations.<|eot_id|><|start_header_id|>user<|end_header_id|>

INSTRUCTION: Simplify the following text such that the length of the output text (number of characters) relative to the source text is approximately equal to the ratio specified in the control token prepended to your generated simplification. The control token has the following format: <METRIC=VALUE>. 
SOURCE TEXT: No testing is necessary unless specific abnormalities are detected by history and examination.
EXPLANATION: The <CHAR_COMPRESSION=1.07> token specifies that the character-level compression rate should be around 1.07. Values less than 1 indicate text reduction. Values greater than 1 indicate text expansion.<|eot_id|><|start_header_id|>assistant<|end_header_id|>

<CHAR_COMPRESSION=1.07><|eot_id|>
>>> Reference:
No testing is needed unless doctors detect specific abnormalities during the history and examination. <|eot_id|>
>>> Prediction:
The doctor will do a physical examination and take a complete medical history. 
================================================================================

>>> [Step 160] Prompt:
<|begin_of_text|><|start_header_id|>system<|end_header_id|>

Cutting Knowledge Date: December 2023
Today Date: 26 Jul 2024

You are an expert in controlled text simplification. When you receive a text from the user, you carefully adapt it to the simplification level specified by the user. Please generate only the simplified text, without any additional explanations or notes.<|eot_id|><|start_header_id|>user<|end_header_id|>

INSTRUCTION: Simplify the following text such that the length of the output text (number of characters) relative to the source text is approximately equal to the ratio specified in the control token prepended to your generated simplification. The control token has the following format: <METRIC=VALUE>. 
SOURCE TEXT: Fade-ins and fade-outs are often used as cinematic devices that begin and end scenes; film language that developed at the same time as these early recordings.
EXPLANATION: The <CHAR_COMPRESSION=0.91> token specifies that the character-level compression rate should be around 0.91. Values less than 1 indicate text reduction. Values greater than 1 indicate text expansion.<|eot_id|><|start_header_id|>assistant<|end_header_id|>

<CHAR_COMPRESSION=0.91><|eot_id|>
>>> Reference:
Fade-ins and fade-outs are cinematic devices that begin and end scenes; film language that developed at the same time as these early recordings. <|eot_id|>
>>> Prediction:
The fade-in and fade-out are often used as cinematic devices that begin and end scenes; film language that developed at the same time as these early recordings. 
================================================================================
{'loss': 1.0538, 'grad_norm': 1.1397947072982788, 'learning_rate': 3.973923289021829e-05, 'epoch': 1.84}
{'eval_loss': 1.0943855047225952, 'eval_runtime': 13.2004, 'eval_samples_per_second': 13.03, 'eval_steps_per_second': 3.257, 'epoch': 1.84}
{'loss': 1.084, 'grad_norm': 1.1994520425796509, 'learning_rate': 3.3114971532313056e-05, 'epoch': 1.96}
{'eval_loss': 1.0942250490188599, 'eval_runtime': 13.2415, 'eval_samples_per_second': 12.989, 'eval_steps_per_second': 3.247, 'epoch': 1.96}

>>> [Step 180] Prompt:
<|begin_of_text|><|start_header_id|>system<|end_header_id|>

Cutting Knowledge Date: December 2023
Today Date: 26 Jul 2024

You are a helpful text simplification assistant. You are not only an expert in simplifying texts for different readerships, but you are also very good at adapting texts according to the exact needs of the user. You output only the simplified text, no further notes or comments allowed.<|eot_id|><|start_header_id|>user<|end_header_id|>

INSTRUCTION: Simplify the following text such that the length of the output text (number of characters) relative to the source text is approximately equal to the ratio specified in the control token prepended to your generated simplification. The control token has the following format: <METRIC=VALUE>. 
SOURCE TEXT: The Intersex Society of North America stated that `` For decades, doctors have thought it necessary to treat intersex with a concealment-centered approach, one that features downplaying intersex as much as possible, even to the point of lying to patients about their conditions.
EXPLANATION: The <CHAR_COMPRESSION=0.73> token specifies that the character-level compression rate should be around 0.73. Values less than 1 indicate text reduction. Values greater than 1 indicate text expansion.<|eot_id|><|start_header_id|>assistant<|end_header_id|>

<CHAR_COMPRESSION=0.73><|eot_id|>
>>> Reference:
About 1 in 100 babies are born with an intersex condition, and 1 in 1000 babies have an intersex condition that the medical community declares needs surgery, in order adhere to binary sex/gender ideals. <|eot_id|>
>>> Prediction:
It has been said that `` For decades, doctors have thought it necessary to treat intersex with a concealment-centered approach, one that features downplaying intersex as much as possible. 
================================================================================

>>> [Step 180] Prompt:
<|begin_of_text|><|start_header_id|>system<|end_header_id|>

Cutting Knowledge Date: December 2023
Today Date: 26 Jul 2024

You are a helpful text simplification assistant. You are not only an expert in simplifying texts for different readerships, but you are also very good at adapting texts according to the exact needs of the user. You output only the simplified text, no further notes or comments allowed.<|eot_id|><|start_header_id|>user<|end_header_id|>

INSTRUCTION: Simplify the following text such that the length of the output text (number of characters) relative to the source text is approximately equal to the ratio specified in the control token prepended to your generated simplification. The control token has the following format: <METRIC=VALUE>. 
SOURCE TEXT: While recovering in the hospital from back surgery, Billington would later recount that Bret Hart showed up and stated that Vince McMahon had sent him to get Dynamite 's tag belt; Billington refused.
EXPLANATION: The <CHAR_COMPRESSION=0.96> token specifies that the character-level compression rate should be around 0.96. Values less than 1 indicate text reduction. Values greater than 1 indicate text expansion.<|eot_id|><|start_header_id|>assistant<|end_header_id|>

<CHAR_COMPRESSION=0.96><|eot_id|>
>>> Reference:
When he was recovering in the hospital from back surgery, he recounted that Bret Hart had showed up and said that Vince McMahon had sent him to get Dynamite 's tag belt but Billington refused. <|eot_id|>
>>> Prediction:
The next day, Billington would later recount that Bret Hart showed up and stated that Vince McMahon had sent him to get Dynamite's tag belt; Billington refused. 
================================================================================

>>> [Step 180] Prompt:
<|begin_of_text|><|start_header_id|>system<|end_header_id|>

Cutting Knowledge Date: December 2023
Today Date: 26 Jul 2024

You are a helpful text simplification assistant. You are not only an expert in simplifying texts for different readerships, but you are also very good at adapting texts according to the exact needs of the user. You output only the simplified text, no further notes or comments allowed.<|eot_id|><|start_header_id|>user<|end_header_id|>

INSTRUCTION: Simplify the following text such that the length of the output text (number of characters) relative to the source text is approximately equal to the ratio specified in the control token prepended to your generated simplification. The control token has the following format: <METRIC=VALUE>. 
SOURCE TEXT: The rest of the central nervous system is generally ladder-like, consisting of a pair of nerve cords that run through the bottom part of the body and have in each segment paired ganglia linked by a transverse connection.
EXPLANATION: The <CHAR_COMPRESSION=0.64> token specifies that the character-level compression rate should be around 0.64. Values less than 1 indicate text reduction. Values greater than 1 indicate text expansion.<|eot_id|><|start_header_id|>assistant<|end_header_id|>

<CHAR_COMPRESSION=0.64><|eot_id|>
>>> Reference:
The rest of the central nervous system is usually ladder-like, with a pair of nerve cords that run along the bottom part of the body cavity. <|eot_id|>
>>> Prediction:
The rest of the central nervous system is generally ladder-like. 
================================================================================

>>> [Step 180] Prompt:
<|begin_of_text|><|start_header_id|>system<|end_header_id|>

Cutting Knowledge Date: December 2023
Today Date: 26 Jul 2024

You are a helpful text simplification assistant. You are not only an expert in simplifying texts for different readerships, but you are also very good at adapting texts according to the exact needs of the user. You output only the simplified text, no further notes or comments allowed.<|eot_id|><|start_header_id|>user<|end_header_id|>

INSTRUCTION: Simplify the following text such that the length of the output text (number of characters) relative to the source text is approximately equal to the ratio specified in the control token prepended to your generated simplification. The control token has the following format: <METRIC=VALUE>. 
SOURCE TEXT: Pliny the Younger provided an account of his death, and suggested that he collapsed and died through inhaling poisonous gases emitted from the volcano.
EXPLANATION: The <CHAR_COMPRESSION=0.97> token specifies that the character-level compression rate should be around 0.97. Values less than 1 indicate text reduction. Values greater than 1 indicate text expansion.<|eot_id|><|start_header_id|>assistant<|end_header_id|>

<CHAR_COMPRESSION=0.97><|eot_id|>
>>> Reference:
Pliny the Younger wrote an account of his death, and suggested that he collapsed and died through inhaling poisonous gases emitted by the volcano. <|eot_id|>
>>> Prediction:
The Roman writer Pliny the Younger provided an account of his death, and suggested that he collapsed and died through inhaling poisonous gases emitted from the volcano. 
================================================================================
{'loss': 1.0166, 'grad_norm': 1.1104180812835693, 'learning_rate': 2.681077991582797e-05, 'epoch': 2.07}
{'eval_loss': 1.0913660526275635, 'eval_runtime': 13.2042, 'eval_samples_per_second': 13.026, 'eval_steps_per_second': 3.257, 'epoch': 2.07}
{'loss': 1.0134, 'grad_norm': 1.216055989265442, 'learning_rate': 2.094615922990309e-05, 'epoch': 2.18}
{'eval_loss': 1.089544653892517, 'eval_runtime': 13.1977, 'eval_samples_per_second': 13.033, 'eval_steps_per_second': 3.258, 'epoch': 2.18}

>>> [Step 200] Prompt:
<|begin_of_text|><|start_header_id|>system<|end_header_id|>

Cutting Knowledge Date: December 2023
Today Date: 26 Jul 2024

You are an expert in controlled text simplification. When you receive a text from the user, you carefully adapt it to the simplification level specified by the user. Please generate only the simplified text, without any additional explanations or notes.<|eot_id|><|start_header_id|>user<|end_header_id|>

INSTRUCTION: Simplify the following text such that the length of the output text (number of characters) relative to the source text is approximately equal to the ratio specified in the control token prepended to your generated simplification. The control token has the following format: <METRIC=VALUE>. 
SOURCE TEXT: Because the heterozygote survives , so does the HgbS allele survive at a rate much higher than the mutation rate ( see and refs in Sickle-cell disease ) .
EXPLANATION: The <CHAR_COMPRESSION=0.75> token specifies that the character-level compression rate should be around 0.75. Values less than 1 indicate text reduction. Values greater than 1 indicate text expansion.<|eot_id|><|start_header_id|>assistant<|end_header_id|>

<CHAR_COMPRESSION=0.75><|eot_id|>
>>> Reference:
Because the heterozygote survives , so does the HgbS allele survive at a rate much higher than the mutation rate . <|eot_id|>
>>> Prediction:
The heterozygote survives, so the HgbS allele survives at a rate much higher than the mutation rate ( see and refs in Sickle-cell disease ). 
================================================================================

>>> [Step 200] Prompt:
<|begin_of_text|><|start_header_id|>system<|end_header_id|>

Cutting Knowledge Date: December 2023
Today Date: 26 Jul 2024

You are a helpful text simplification assistant. You are not only an expert in simplifying texts for different readerships, but you are also very good at adapting texts according to the exact needs of the user. You output only the simplified text, no further notes or comments allowed.<|eot_id|><|start_header_id|>user<|end_header_id|>

INSTRUCTION: Simplify the following text such that the length of the output text (number of characters) relative to the source text is approximately equal to the ratio specified in the control token prepended to your generated simplification. The control token has the following format: <METRIC=VALUE>. 
SOURCE TEXT: Also, many physicians or diabetes specialists do n't recognize LADA or do n't know that Type 1 diabetes may occur in adults, and so LADA is misdiagnosed as or mistaken for Type 2 diabetes very often.
EXPLANATION: The <CHAR_COMPRESSION=0.49> token specifies that the character-level compression rate should be around 0.49. Values less than 1 indicate text reduction. Values greater than 1 indicate text expansion.<|eot_id|><|start_header_id|>assistant<|end_header_id|>

<CHAR_COMPRESSION=0.49><|eot_id|>
>>> Reference:
People with LADA are misdiagnosed as having Type 2 diabetes, except that LADA has GAD antibodies. <|eot_id|>
>>> Prediction:
The first symptoms of LADA are usually the same as those of Type 2 diabetes. 
================================================================================

>>> [Step 200] Prompt:
<|begin_of_text|><|start_header_id|>system<|end_header_id|>

Cutting Knowledge Date: December 2023
Today Date: 26 Jul 2024

You are a helpful assistant. You are very good at simplifying texts. When you receive a text for simplification, you simplify it according to the instructions given by the user. Generate only the simplification, without any comments or notes.<|eot_id|><|start_header_id|>user<|end_header_id|>

INSTRUCTION: Simplify the following text such that the length of the output text (number of characters) relative to the source text is approximately equal to the ratio specified in the control token prepended to your generated simplification. The control token has the following format: <METRIC=VALUE>. 
SOURCE TEXT: There is little support for increased fight-or-flight response or failure of habituation in autism; there is more evidence of decreased responsiveness to sensory stimuli, although several studies show no differences.
EXPLANATION: The <CHAR_COMPRESSION=0.11> token specifies that the character-level compression rate should be around 0.11. Values less than 1 indicate text reduction. Values greater than 1 indicate text expansion.<|eot_id|><|start_header_id|>assistant<|end_header_id|>

<CHAR_COMPRESSION=0.11><|eot_id|>
>>> Reference:
There are many symptoms. <|eot_id|>
>>> Prediction:
The fight-or-flight response is not increased in autism. 
================================================================================

>>> [Step 200] Prompt:
<|begin_of_text|><|start_header_id|>system<|end_header_id|>

Cutting Knowledge Date: December 2023
Today Date: 26 Jul 2024

You are an expert in controlled text simplification. When you receive a text from the user, you carefully adapt it to the simplification level specified by the user. Please generate only the simplified text, without any additional explanations or notes.<|eot_id|><|start_header_id|>user<|end_header_id|>

INSTRUCTION: Simplify the following text such that the length of the output text (number of characters) relative to the source text is approximately equal to the ratio specified in the control token prepended to your generated simplification. The control token has the following format: <METRIC=VALUE>. 
SOURCE TEXT: Worldwide, 0.05-2 % of the population is estimated to have anaphylaxis at some point in life, and rates appear to be increasing.
EXPLANATION: The <CHAR_COMPRESSION=0.64> token specifies that the character-level compression rate should be around 0.64. Values less than 1 indicate text reduction. Values greater than 1 indicate text expansion.<|eot_id|><|start_header_id|>assistant<|end_header_id|>

<CHAR_COMPRESSION=0.64><|eot_id|>
>>> Reference:
Worldwide, about 0.05-2 % of people have anaphylaxis at some point in their lives. <|eot_id|>
>>> Prediction:
The condition is estimated to affect 0.05-2 % of the population at some point in life. 
================================================================================
{'loss': 0.9984, 'grad_norm': 1.258439540863037, 'learning_rate': 1.563227823152708e-05, 'epoch': 2.3}
{'eval_loss': 1.0890599489212036, 'eval_runtime': 13.2019, 'eval_samples_per_second': 13.028, 'eval_steps_per_second': 3.257, 'epoch': 2.3}
{'loss': 0.9784, 'grad_norm': 1.2428686618804932, 'learning_rate': 1.0969865949397901e-05, 'epoch': 2.42}
{'eval_loss': 1.0903133153915405, 'eval_runtime': 13.2028, 'eval_samples_per_second': 13.028, 'eval_steps_per_second': 3.257, 'epoch': 2.42}

>>> [Step 220] Prompt:
<|begin_of_text|><|start_header_id|>system<|end_header_id|>

Cutting Knowledge Date: December 2023
Today Date: 26 Jul 2024

You are a helpful text simplification assistant. You are not only an expert in simplifying texts for different readerships, but you are also very good at adapting texts according to the exact needs of the user. You output only the simplified text, no further notes or comments allowed.<|eot_id|><|start_header_id|>user<|end_header_id|>

INSTRUCTION: Simplify the following text such that the length of the output text (number of characters) relative to the source text is approximately equal to the ratio specified in the control token prepended to your generated simplification. The control token has the following format: <METRIC=VALUE>. 
SOURCE TEXT: Symptoms of encephalitis include fever, headache, and altered mental status, often accompanied by seizures and focal neurologic deficits. Status epilepticus, particularly convulsive status epilepticus, or coma suggests severe brain inflammation and a poor prognosis.
EXPLANATION: The <CHAR_COMPRESSION=0.62> token specifies that the character-level compression rate should be around 0.62. Values less than 1 indicate text reduction. Values greater than 1 indicate text expansion.<|eot_id|><|start_header_id|>assistant<|end_header_id|>

<CHAR_COMPRESSION=0.62><|eot_id|>
>>> Reference:
Symptoms of encephalitis include Fever; Headache; Personality changes or confusion; Seizures; Paralysis or numbness; Sleepiness that can progress to coma and death. <|eot_id|>
>>> Prediction:
It can cause fever, headache, seizures, and confusion. 
================================================================================

>>> [Step 220] Prompt:
<|begin_of_text|><|start_header_id|>system<|end_header_id|>

Cutting Knowledge Date: December 2023
Today Date: 26 Jul 2024

You are an expert in text simplification. When you receive a text for simplification, you generate a simplified version of that text. You carefully study the simplification criteria specified by the user and adapt the text accordingly. Please generate only the simplified text, no other notes or explanations allowed.<|eot_id|><|start_header_id|>user<|end_header_id|>

INSTRUCTION: Simplify the following text such that the length of the output text (number of characters) relative to the source text is approximately equal to the ratio specified in the control token prepended to your generated simplification. The control token has the following format: <METRIC=VALUE>. 
SOURCE TEXT: Oral itraconazole 200 mg orally once a day given until 2 to 4 weeks after all lesions have resolved (typically 3 to 6 months) is the treatment of choice.
EXPLANATION: The <CHAR_COMPRESSION=0.4> token specifies that the character-level compression rate should be around 0.4. Values less than 1 indicate text reduction. Values greater than 1 indicate text expansion.<|eot_id|><|start_header_id|>assistant<|end_header_id|>

<CHAR_COMPRESSION=0.4><|eot_id|>
>>> Reference:
Skin infections are treated with itraconazole given by mouth. <|eot_id|>
>>> Prediction:
The treatment of choice is oral itraconazole. 
================================================================================

>>> [Step 220] Prompt:
<|begin_of_text|><|start_header_id|>system<|end_header_id|>

Cutting Knowledge Date: December 2023
Today Date: 26 Jul 2024

You are a helpful expert in text simplification. You generate a simplified version of the text input by the user. You simplify the text according to the instructions given by the user. When asked to simplify a text, generate only the requested simplification, without any additional comments, notes or explanations.<|eot_id|><|start_header_id|>user<|end_header_id|>

INSTRUCTION: Simplify the following text such that the length of the output text (number of characters) relative to the source text is approximately equal to the ratio specified in the control token prepended to your generated simplification. The control token has the following format: <METRIC=VALUE>. 
SOURCE TEXT: Often, individuals have had one or more major depressive episodes.
EXPLANATION: The <CHAR_COMPRESSION=0.86> token specifies that the character-level compression rate should be around 0.86. Values less than 1 indicate text reduction. Values greater than 1 indicate text expansion.<|eot_id|><|start_header_id|>assistant<|end_header_id|>

<CHAR_COMPRESSION=0.86><|eot_id|>
>>> Reference:
They have also had at least one major depressive episode. <|eot_id|>
>>> Prediction:
The most common symptom of depression is a feeling of sadness. 
================================================================================

>>> [Step 220] Prompt:
<|begin_of_text|><|start_header_id|>system<|end_header_id|>

Cutting Knowledge Date: December 2023
Today Date: 26 Jul 2024

You are a helpful expert in text simplification. You generate a simplified version of the text input by the user. You simplify the text according to the instructions given by the user. When asked to simplify a text, generate only the requested simplification, without any additional comments, notes or explanations.<|eot_id|><|start_header_id|>user<|end_header_id|>

INSTRUCTION: Simplify the following text such that the length of the output text (number of characters) relative to the source text is approximately equal to the ratio specified in the control token prepended to your generated simplification. The control token has the following format: <METRIC=VALUE>. 
SOURCE TEXT: The key distinguishing feature of cheletropic reactions is that on one of the reagents , both new bonds are being made to the same atom .
EXPLANATION: The <CHAR_COMPRESSION=0.87> token specifies that the character-level compression rate should be around 0.87. Values less than 1 indicate text reduction. Values greater than 1 indicate text expansion.<|eot_id|><|start_header_id|>assistant<|end_header_id|>

<CHAR_COMPRESSION=0.87><|eot_id|>
>>> Reference:
What sets cheletropic reactions apart is that on one of the reagents , both new bonds are being made to the same atom . <|eot_id|>
>>> Prediction:
The key distinguishing feature of cheletropic reactions is that on one of the reagents, both new bonds are made to the same atom. 
================================================================================
{'loss': 1.0247, 'grad_norm': 1.2607080936431885, 'learning_rate': 7.047302281505736e-06, 'epoch': 2.53}
{'eval_loss': 1.0892481803894043, 'eval_runtime': 13.2066, 'eval_samples_per_second': 13.024, 'eval_steps_per_second': 3.256, 'epoch': 2.53}
{'loss': 1.106, 'grad_norm': 1.3017364740371704, 'learning_rate': 3.9389426807471766e-06, 'epoch': 2.65}
{'eval_loss': 1.088586449623108, 'eval_runtime': 13.5964, 'eval_samples_per_second': 12.65, 'eval_steps_per_second': 3.163, 'epoch': 2.65}

>>> [Step 240] Prompt:
<|begin_of_text|><|start_header_id|>system<|end_header_id|>

Cutting Knowledge Date: December 2023
Today Date: 26 Jul 2024

You are a helpful assistant. You are an expert in controlled text simplification. When you receive a text, you simplify it by rewriting it in a manner that is easier to read. Your simplification is guided by the simplification criteria specified by the user. You generate only the simplification result, without any additional comments or explanations.<|eot_id|><|start_header_id|>user<|end_header_id|>

INSTRUCTION: Simplify the following text such that the length of the output text (number of characters) relative to the source text is approximately equal to the ratio specified in the control token prepended to your generated simplification. The control token has the following format: <METRIC=VALUE>. 
SOURCE TEXT: Up to 20 % of bone density loss occurs during the first 5 yr after menopause. After this period of rapid bone loss, the age-related rate of bone loss in women is similar to that in men.
EXPLANATION: The <CHAR_COMPRESSION=0.92> token specifies that the character-level compression rate should be around 0.92. Values less than 1 indicate text reduction. Values greater than 1 indicate text expansion.<|eot_id|><|start_header_id|>assistant<|end_header_id|>

<CHAR_COMPRESSION=0.92><|eot_id|>
>>> Reference:
During the first 5 years after menopause, bone density decreases rapidly. After that, it decreases at about the same rate as it does in men (by about 1 to 3 % each year). <|eot_id|>
>>> Prediction:
In women, bone density loss can begin as early as 5 years after menopause and may continue at a rate of 2-5 % per year. 
================================================================================

>>> [Step 240] Prompt:
<|begin_of_text|><|start_header_id|>system<|end_header_id|>

Cutting Knowledge Date: December 2023
Today Date: 26 Jul 2024

You are a helpful text simplification assistant. You are not only an expert in simplifying texts for different readerships, but you are also very good at adapting texts according to the exact needs of the user. You output only the simplified text, no further notes or comments allowed.<|eot_id|><|start_header_id|>user<|end_header_id|>

INSTRUCTION: Simplify the following text such that the length of the output text (number of characters) relative to the source text is approximately equal to the ratio specified in the control token prepended to your generated simplification. The control token has the following format: <METRIC=VALUE>. 
SOURCE TEXT: Larger cancers are more likely to bleed spontaneously and may cause a foul- smelling vaginal discharge or pelvic pain.
EXPLANATION: The <CHAR_COMPRESSION=1.04> token specifies that the character-level compression rate should be around 1.04. Values less than 1 indicate text reduction. Values greater than 1 indicate text expansion.<|eot_id|><|start_header_id|>assistant<|end_header_id|>

<CHAR_COMPRESSION=1.04><|eot_id|>
>>> Reference:
Large cancers are more likely to bleed and may cause a foul-smelling discharge from the vagina and pain in the pelvic area. <|eot_id|>
>>> Prediction:
In women with cancer of the cervix, the cancer may bleed or cause a foul- smelling vaginal discharge. 
================================================================================

>>> [Step 240] Prompt:
<|begin_of_text|><|start_header_id|>system<|end_header_id|>

Cutting Knowledge Date: December 2023
Today Date: 26 Jul 2024

You are a helpful text simplification assistant. You are not only an expert in simplifying texts for different readerships, but you are also very good at adapting texts according to the exact needs of the user. You output only the simplified text, no further notes or comments allowed.<|eot_id|><|start_header_id|>user<|end_header_id|>

INSTRUCTION: Simplify the following text such that the length of the output text (number of characters) relative to the source text is approximately equal to the ratio specified in the control token prepended to your generated simplification. The control token has the following format: <METRIC=VALUE>. 
SOURCE TEXT: The pain is paroxysmal, lasting seconds up to 2 min, but attacks may recur rapidly.
EXPLANATION: The <CHAR_COMPRESSION=0.72> token specifies that the character-level compression rate should be around 0.72. Values less than 1 indicate text reduction. Values greater than 1 indicate text expansion.<|eot_id|><|start_header_id|>assistant<|end_header_id|>

<CHAR_COMPRESSION=0.72><|eot_id|>
>>> Reference:
The pain usually lasts seconds but may last up to 2 minutes. <|eot_id|>
>>> Prediction:
The pain is usually short and lasts only a few seconds. 
================================================================================

>>> [Step 240] Prompt:
<|begin_of_text|><|start_header_id|>system<|end_header_id|>

Cutting Knowledge Date: December 2023
Today Date: 26 Jul 2024

You are a helpful assistant. You are an expert in controlled text simplification. When you receive a text, you simplify it by rewriting it in a manner that is easier to read. Your simplification is guided by the simplification criteria specified by the user. You generate only the simplification result, without any additional comments or explanations.<|eot_id|><|start_header_id|>user<|end_header_id|>

INSTRUCTION: Simplify the following text such that the length of the output text (number of characters) relative to the source text is approximately equal to the ratio specified in the control token prepended to your generated simplification. The control token has the following format: <METRIC=VALUE>. 
SOURCE TEXT: It is distinguished from hyperplasia, in which the cells remain approximately the same size but increase in number.
EXPLANATION: The <CHAR_COMPRESSION=1.06> token specifies that the character-level compression rate should be around 1.06. Values less than 1 indicate text reduction. Values greater than 1 indicate text expansion.<|eot_id|><|start_header_id|>assistant<|end_header_id|>

<CHAR_COMPRESSION=1.06><|eot_id|>
>>> Reference:
It should be distinguished from hyperplasia, in which the cells remain approximately the same size but increase in number. <|eot_id|>
>>> Prediction:
It is distinguished from hyperplasia, in which the cells remain approximately the same size but increase in number, as in the case of the liver. 
================================================================================
{'loss': 1.0566, 'grad_norm': 1.2484287023544312, 'learning_rate': 1.70370868554659e-06, 'epoch': 2.76}
{'eval_loss': 1.0889012813568115, 'eval_runtime': 13.197, 'eval_samples_per_second': 13.033, 'eval_steps_per_second': 3.258, 'epoch': 2.76}
{'loss': 0.967, 'grad_norm': 1.2223798036575317, 'learning_rate': 3.839710131477492e-07, 'epoch': 2.88}
{'eval_loss': 1.0879037380218506, 'eval_runtime': 13.1992, 'eval_samples_per_second': 13.031, 'eval_steps_per_second': 3.258, 'epoch': 2.88}
{'train_runtime': 1530.6653, 'train_samples_per_second': 2.713, 'train_steps_per_second': 0.169, 'train_loss': 1.238689855087635, 'epoch': 2.97}
Evaluation results: {'eval_loss': 1.0879037380218506, 'eval_runtime': 13.227, 'eval_samples_per_second': 13.004, 'eval_steps_per_second': 3.251, 'epoch': 2.9710982658959537}
*** Finetuning meta-llama/Llama-3.1-8B-Instruct with SimPA and FKGL ***
torch.cuda.is_bf16_supported: True
Transformers version: 4.51.0
Python path: /home/hhubar/data/conda/envs/sft/bin/python
Using PEFT...

Run arguments:
Namespace(model_class='auto', model_family='base', model_name='meta-llama/Llama-3.1-8B-Instruct', dataset_name='SimPA', slice_train=-1, slice_val=-1, batch_size=4, eval_batch_size=4, gradient_accumulation_steps=4, learning_rate=0.0001, weight_decay=0.01, warmup_steps=30, max_grad_norm=1.0, epochs=3, max_length=512, logging_steps=10, wandb_project_name='ATS_with_control_tokens', wandb_entity='shtosti', generate_every=20, seed=42, patience=3, prompting_type='vanilla', user_prompt_id='token_explanation', metric_name='FKGL', control_tokens='data/prompts/control_tokens.json', system_prompts='data/prompts/system_prompts.json', user_prompts='data/prompts/user_prompts.json', metric_mapping='data/metric_mapping.json', peft=True, lora_r=16, lora_dropout=0.1)

Saving to: ./models/FKGL-SimPA-token_explanation-Llama-3.1-8B-Instruct-20250527

*** Finetuning Llama-3.1-8B-Instruct with SimPA ***

CUDA available: True
Number of GPUs: 1
GPU name: NVIDIA A100-SXM4-80GB
Model embedding size BEFORE resizing: 128256
Model embedding size AFTER resizing: 128257
Using PEFT for fine-tuning...
--- DEBUG ---
trainable params:
Trainable params: 6,815,744 / 8,037,085,184 (0.08%)
--- tokenizer pad_token_id: 128256
--- tokenizer eos_token_id: 128009
--- special tokens:
train:	 Inspect the dataset format:
 {'global_id': ['simpa_lexical_000371'], 'source_text': ["Sheffield Wednesday Football Club, also known as 'The Owls' (so-called because the team played at Owlerton from 1899) formed in 1867 in Sheffield."], 'source_metrics': [{'FRE': 73.51, 'ARI': 15.5, 'FKGL': 8.7, 'Dale-Chall': 10.96, 'char_count': 146, 'alphanum_count': 109, 'word_count': 28, 'sentence_count': 1}], 'metadata': [{'dataset': 'simpa_lexical', 'experiment_split': '', 'domain': 'public_administration', 'language': 'en', 'annotation': 'human', 'level': 'sentence'}], 'simplification_text': ["Sheffield Wednesday Football Club, also known as 'The Owls' (so-called because the team played at Owlerton from 1899) formed in 1867 in Sheffield"], 'target_metrics': [{'FRE': 73.51, 'ARI': 15.3, 'FKGL': 8.7, 'Dale-Chall': 10.96, 'char_count': 145, 'alphanum_count': 109, 'word_count': 27, 'sentence_count': 1, 'char_compression_rate': 0.99, 'word_compression_rate': 0.96, 'sentence_compression_rate': 1.0, 'BLEU': 96.22687143632577, 'BERTScore': 0.9909806847572327}], 'simplification_version': [1], 'grade_level': [-1], 'simplification_dimensions': [{'linguistic': {'lexical': True, 'syntactic': False}}]}
validation:	 Inspect the dataset format:
 {'global_id': ['simpa_syntactic_000908'], 'source_text': ['You should be able to show what the issues are, that you have highlighted concerns to parents / carers and what has been tried.'], 'source_metrics': [{'FRE': 73.51, 'ARI': 11.4, 'FKGL': 8.7, 'Dale-Chall': 8.21, 'char_count': 127, 'alphanum_count': 101, 'word_count': 26, 'sentence_count': 1}], 'metadata': [{'dataset': 'simpa_syntactic', 'experiment_split': '', 'domain': 'public_administration', 'language': 'en', 'annotation': 'human', 'level': 'sentence'}], 'simplification_text': ['You need to show what the problems are, that you have raised concerns to parents/carers and what has been tried.'], 'target_metrics': [{'FRE': 85.02, 'ARI': 10.5, 'FKGL': 6.4, 'Dale-Chall': 8.58, 'char_count': 112, 'alphanum_count': 90, 'word_count': 22, 'sentence_count': 1, 'char_compression_rate': 0.88, 'word_compression_rate': 0.85, 'sentence_compression_rate': 1.0, 'BLEU': 62.69180355941105, 'BERTScore': 0.9789848923683167}], 'simplification_version': [1], 'grade_level': [-1], 'simplification_dimensions': [{'linguistic': {'lexical': False, 'syntactic': True}}]}


 *** Before tokenization ***
>>> train:

Showing 1 example(s):

Example 1 (index 1765)
--- Prompt:
 <|begin_of_text|><|start_header_id|>system<|end_header_id|>

Cutting Knowledge Date: December 2023
Today Date: 26 Jul 2024

You are a helpful text simplification assistant. You are not only an expert in simplifying texts for different readerships, but you are also very good at adapting texts according to the exact needs of the user. You output only the simplified text, no further notes or comments allowed.<|eot_id|><|start_header_id|>user<|end_header_id|>

INSTRUCTION: Simplify the following text such that its Flesch-Kincaid Grade Level (FKGL) score is approximately equal to that specified in the control token prepended to your generated simplification. The control token has the following format: <METRIC=VALUE>. The control token prepended to the source text indicates the FKGL value of the source text. 
SOURCE TEXT: <FKGL=12.3> It would be useful to collect any information you have about the care and support you receive, such as prescriptions or doctor’s letters.
EXPLANATION: The <FKGL=11.1> token specifies that the target Flesch-Kincaid Grade Level should be approximately 11.1. Lower values indicate simpler text.<|eot_id|><|start_header_id|>assistant<|end_header_id|>

<FKGL=11.1><|eot_id|>
--- Completion:
 It would be useful to collect any information you have about the care and support you get, such as prescriptions or doctor’s letters. <|eot_id|>
==================================================


 *** After tokenization ***
>>> train:

Showing 1 example(s):

Example 1 (index 1599)
--- Prompt:
 <|begin_of_text|><|start_header_id|>system<|end_header_id|>

Cutting Knowledge Date: December 2023
Today Date: 26 Jul 2024

You are an expert in text simplification. When you receive a text for simplification, you generate a simplified version of that text. You carefully study the simplification criteria specified by the user and adapt the text accordingly. Please generate only the simplified text, no other notes or explanations allowed.<|eot_id|><|start_header_id|>user<|end_header_id|>

INSTRUCTION: Simplify the following text such that its Flesch-Kincaid Grade Level (FKGL) score is approximately equal to that specified in the control token prepended to your generated simplification. The control token has the following format: <METRIC=VALUE>. The control token prepended to the source text indicates the FKGL value of the source text. 
SOURCE TEXT: <FKGL=13.4> Selling the house does not in itself help you get the house back, but you are entitled to use the usual steps of proper Notice and applying to Court to get a tenant to leave.
EXPLANATION: The <FKGL=13.4> token specifies that the target Flesch-Kincaid Grade Level should be approximately 13.4. Lower values indicate simpler text.<|eot_id|><|start_header_id|>assistant<|end_header_id|>

<FKGL=13.4><|eot_id|>
--- Completion:
 Selling the house does not by itself help you get the house back, but you are permitted to use the usual steps of proper Notice and applying to Court to get a tenant to leave. <|eot_id|>
--- input_ids:
 [128000, 128000, 128006, 9125, 128007, 271, 38766, 1303, 33025, 2696, 25, 6790, 220, 2366, 18, 198, 15724, 2696, 25, 220, 1627, 10263, 220, 2366, 19, 271, 2675, 527, 459, 6335, 304, 1495, 15858, 2461, 13, 3277, 499, 5371, 264, 1495, 369, 15858, 2461, 11, 499, 7068, 264, 44899, 2373, 315, 430, 1495, 13, 1472, 15884, 4007, 279, 15858, 2461, 13186, 5300, 555, 279, 1217, 323, 10737, 279, 1495, 28178, 13, 5321, 7068, 1193, 279, 44899, 1495, 11, 912, 1023, 8554, 477, 41941, 5535, 13, 128009, 128006, 882, 128007, 271, 691, 58555, 25, 62342, 1463, 279, 2768, 1495, 1778, 430, 1202, 435, 645, 331, 16222, 258, 936, 307, 24749, 9580, 320, 28096, 3910, 8, 5573, 374, 13489, 6273, 311, 430, 5300, 304, 279, 2585, 4037, 22033, 2954, 311, 701, 8066, 15858, 2461, 13, 578, 2585, 4037, 706, 279, 2768, 3645, 25, 366, 45975, 37078, 28, 24771, 14611, 578, 2585, 4037, 22033, 2954, 311, 279, 2592, 1495, 15151, 279, 85346, 3910, 907, 315, 279, 2592, 1495, 13, 720, 44098, 16139, 25, 366, 28096, 3910, 28, 1032, 13, 19, 29, 54820, 279, 3838, 1587, 539, 304, 5196, 1520, 499, 636, 279, 3838, 1203, 11, 719, 499, 527, 20458, 311, 1005, 279, 13783, 7504, 315, 6300, 25773, 323, 19486, 311, 7301, 311, 636, 264, 26305, 311, 5387, 627, 3337, 95179, 3579, 25, 578, 366, 28096, 3910, 28, 1032, 13, 19, 29, 4037, 30202, 430, 279, 2218, 435, 645, 331, 16222, 258, 936, 307, 24749, 9580, 1288, 387, 13489, 220, 1032, 13, 19, 13, 28636, 2819, 13519, 35388, 1495, 13, 128009, 128006, 78191, 128007, 271, 27, 28096, 3910, 28, 1032, 13, 19, 29, 128009, 128000, 50, 6427, 279, 3838, 1587, 539, 555, 5196, 1520, 499, 636, 279, 3838, 1203, 11, 719, 499, 527, 15480, 311, 1005, 279, 13783, 7504, 315, 6300, 25773, 323, 19486, 311, 7301, 311, 636, 264, 26305, 311, 5387, 13, 220, 128009, 128256, 128256, 128256, 128256, 128256, 128256, 128256, 128256, 128256, 128256, 128256, 128256, 128256, 128256, 128256, 128256, 128256, 128256, 128256, 128256, 128256, 128256, 128256, 128256, 128256, 128256, 128256, 128256, 128256, 128256, 128256, 128256, 128256, 128256, 128256, 128256, 128256, 128256, 128256, 128256, 128256, 128256, 128256, 128256, 128256, 128256, 128256, 128256, 128256, 128256, 128256, 128256, 128256, 128256, 128256, 128256, 128256, 128256, 128256, 128256, 128256, 128256, 128256, 128256, 128256, 128256, 128256, 128256, 128256, 128256, 128256, 128256, 128256, 128256, 128256, 128256, 128256, 128256, 128256, 128256, 128256, 128256, 128256, 128256, 128256, 128256, 128256, 128256, 128256, 128256, 128256, 128256, 128256, 128256, 128256, 128256, 128256, 128256, 128256, 128256, 128256, 128256, 128256, 128256, 128256, 128256, 128256, 128256, 128256, 128256, 128256, 128256, 128256, 128256, 128256, 128256, 128256, 128256, 128256, 128256, 128256, 128256, 128256, 128256, 128256, 128256, 128256, 128256, 128256, 128256, 128256, 128256, 128256, 128256, 128256, 128256, 128256, 128256, 128256, 128256, 128256, 128256, 128256, 128256, 128256, 128256, 128256, 128256, 128256, 128256, 128256, 128256, 128256, 128256, 128256, 128256, 128256, 128256, 128256, 128256, 128256, 128256, 128256, 128256, 128256, 128256, 128256, 128256, 128256, 128256, 128256, 128256, 128256, 128256, 128256, 128256, 128256, 128256, 128256, 128256, 128256, 128256, 128256, 128256, 128256, 128256, 128256, 128256, 128256, 128256, 128256, 128256, 128256, 128256, 128256, 128256, 128256, 128256, 128256, 128256, 128256, 128256]
--- labels:
 [-100, -100, -100, -100, -100, -100, -100, -100, -100, -100, -100, -100, -100, -100, -100, -100, -100, -100, -100, -100, -100, -100, -100, -100, -100, -100, -100, -100, -100, -100, -100, -100, -100, -100, -100, -100, -100, -100, -100, -100, -100, -100, -100, -100, -100, -100, -100, -100, -100, -100, -100, -100, -100, -100, -100, -100, -100, -100, -100, -100, -100, -100, -100, -100, -100, -100, -100, -100, -100, -100, -100, -100, -100, -100, -100, -100, -100, -100, -100, -100, -100, -100, -100, -100, -100, -100, -100, -100, -100, -100, -100, -100, -100, -100, -100, -100, -100, -100, -100, -100, -100, -100, -100, -100, -100, -100, -100, -100, -100, -100, -100, -100, -100, -100, -100, -100, -100, -100, -100, -100, -100, -100, -100, -100, -100, -100, -100, -100, -100, -100, -100, -100, -100, -100, -100, -100, -100, -100, -100, -100, -100, -100, -100, -100, -100, -100, -100, -100, -100, -100, -100, -100, -100, -100, -100, -100, -100, -100, -100, -100, -100, -100, -100, -100, -100, -100, -100, -100, -100, -100, -100, -100, -100, -100, -100, -100, -100, -100, -100, -100, -100, -100, -100, -100, -100, -100, -100, -100, -100, -100, -100, -100, -100, -100, -100, -100, -100, -100, -100, -100, -100, -100, -100, -100, -100, -100, -100, -100, -100, -100, -100, -100, -100, -100, -100, -100, -100, -100, -100, -100, -100, -100, -100, -100, -100, -100, -100, -100, -100, -100, -100, -100, -100, -100, -100, -100, -100, -100, -100, -100, -100, -100, -100, -100, -100, -100, -100, -100, -100, -100, -100, -100, -100, -100, -100, -100, -100, -100, -100, -100, -100, -100, -100, -100, -100, -100, -100, -100, -100, 128000, 50, 6427, 279, 3838, 1587, 539, 555, 5196, 1520, 499, 636, 279, 3838, 1203, 11, 719, 499, 527, 15480, 311, 1005, 279, 13783, 7504, 315, 6300, 25773, 323, 19486, 311, 7301, 311, 636, 264, 26305, 311, 5387, 13, 220, 128009, -100, -100, -100, -100, -100, -100, -100, -100, -100, -100, -100, -100, -100, -100, -100, -100, -100, -100, -100, -100, -100, -100, -100, -100, -100, -100, -100, -100, -100, -100, -100, -100, -100, -100, -100, -100, -100, -100, -100, -100, -100, -100, -100, -100, -100, -100, -100, -100, -100, -100, -100, -100, -100, -100, -100, -100, -100, -100, -100, -100, -100, -100, -100, -100, -100, -100, -100, -100, -100, -100, -100, -100, -100, -100, -100, -100, -100, -100, -100, -100, -100, -100, -100, -100, -100, -100, -100, -100, -100, -100, -100, -100, -100, -100, -100, -100, -100, -100, -100, -100, -100, -100, -100, -100, -100, -100, -100, -100, -100, -100, -100, -100, -100, -100, -100, -100, -100, -100, -100, -100, -100, -100, -100, -100, -100, -100, -100, -100, -100, -100, -100, -100, -100, -100, -100, -100, -100, -100, -100, -100, -100, -100, -100, -100, -100, -100, -100, -100, -100, -100, -100, -100, -100, -100, -100, -100, -100, -100, -100, -100, -100, -100, -100, -100, -100, -100, -100, -100, -100, -100, -100, -100, -100, -100, -100, -100, -100, -100, -100, -100, -100, -100, -100, -100, -100, -100, -100, -100, -100, -100, -100, -100, -100, -100, -100, -100, -100, -100, -100, -100, -100, -100]
==================================================
********** DEBUG **********
Train dataset columns: ['global_id', 'source_text', 'source_metrics', 'metadata', 'simplification_text', 'target_metrics', 'simplification_version', 'grade_level', 'simplification_dimensions', 'prompt', 'completion', 'system_prompt_id', 'user_prompt_id', 'metric_name', 'source_metric_value', 'target_metric_value', 'input_ids', 'labels', 'attention_mask']
Validation dataset columns: ['global_id', 'source_text', 'source_metrics', 'metadata', 'simplification_text', 'target_metrics', 'simplification_version', 'grade_level', 'simplification_dimensions', 'prompt', 'completion', 'system_prompt_id', 'user_prompt_id', 'metric_name', 'source_metric_value', 'target_metric_value', 'input_ids', 'labels', 'attention_mask']
First 10 input_ids: [128000, 128000, 128006, 9125, 128007, 271, 38766, 1303, 33025, 2696]
First 10 labels: [-100, -100, -100, -100, -100, -100, -100, -100, -100, -100]

--- DEBUG: Explore first instance of the val set:
 {'global_id': 'simpa_lexical_000418', 'source_text': 'The surveys form part of the evidence base for our proposals and have been taken into account alongside other material considerations.', 'source_metrics': {'FRE': 24.78, 'ARI': 14.6, 'FKGL': 15.0, 'Dale-Chall': 9.19, 'char_count': 134, 'alphanum_count': 113, 'word_count': 22, 'sentence_count': 1}, 'metadata': {'dataset': 'simpa_lexical', 'experiment_split': '', 'domain': 'public_administration', 'language': 'en', 'annotation': 'human', 'level': 'sentence'}, 'simplification_text': 'The surveys form part of the evidence base for our proposals and have been taken into account together with other material considerations.', 'target_metrics': {'FRE': 23.77, 'ARI': 14.6, 'FKGL': 15.4, 'Dale-Chall': 8.32, 'char_count': 138, 'alphanum_count': 116, 'word_count': 23, 'sentence_count': 1, 'char_compression_rate': 1.03, 'word_compression_rate': 1.05, 'sentence_compression_rate': 1.0, 'BLEU': 83.18180062062373, 'BERTScore': 0.993702232837677}, 'simplification_version': 3, 'grade_level': -1, 'simplification_dimensions': {'linguistic': {'lexical': True, 'syntactic': False}}, 'prompt': '<|begin_of_text|><|start_header_id|>system<|end_header_id|>\n\nCutting Knowledge Date: December 2023\nToday Date: 26 Jul 2024\n\nYou are an expert in text simplification. When you receive a text for simplification, you generate a simplified version of that text. You carefully study the simplification criteria specified by the user and adapt the text accordingly. Please generate only the simplified text, no other notes or explanations allowed.<|eot_id|><|start_header_id|>user<|end_header_id|>\n\nINSTRUCTION: Simplify the following text such that its Flesch-Kincaid Grade Level (FKGL) score is approximately equal to that specified in the control token prepended to your generated simplification. The control token has the following format: <METRIC=VALUE>. The control token prepended to the source text indicates the FKGL value of the source text. \nSOURCE TEXT: <FKGL=15.0> The surveys form part of the evidence base for our proposals and have been taken into account alongside other material considerations.\nEXPLANATION: The <FKGL=15.4> token specifies that the target Flesch-Kincaid Grade Level should be approximately 15.4. Lower values indicate simpler text.<|eot_id|><|start_header_id|>assistant<|end_header_id|>\n\n<FKGL=15.4><|eot_id|>', 'completion': 'The surveys form part of the evidence base for our proposals and have been taken into account together with other material considerations. <|eot_id|>', 'system_prompt_id': 'sys_prompt_5', 'user_prompt_id': 'token_explanation', 'metric_name': 'FKGL', 'source_metric_value': 15.0, 'target_metric_value': 15.4, 'input_ids': [128000, 128000, 128006, 9125, 128007, 271, 38766, 1303, 33025, 2696, 25, 6790, 220, 2366, 18, 198, 15724, 2696, 25, 220, 1627, 10263, 220, 2366, 19, 271, 2675, 527, 459, 6335, 304, 1495, 15858, 2461, 13, 3277, 499, 5371, 264, 1495, 369, 15858, 2461, 11, 499, 7068, 264, 44899, 2373, 315, 430, 1495, 13, 1472, 15884, 4007, 279, 15858, 2461, 13186, 5300, 555, 279, 1217, 323, 10737, 279, 1495, 28178, 13, 5321, 7068, 1193, 279, 44899, 1495, 11, 912, 1023, 8554, 477, 41941, 5535, 13, 128009, 128006, 882, 128007, 271, 691, 58555, 25, 62342, 1463, 279, 2768, 1495, 1778, 430, 1202, 435, 645, 331, 16222, 258, 936, 307, 24749, 9580, 320, 28096, 3910, 8, 5573, 374, 13489, 6273, 311, 430, 5300, 304, 279, 2585, 4037, 22033, 2954, 311, 701, 8066, 15858, 2461, 13, 578, 2585, 4037, 706, 279, 2768, 3645, 25, 366, 45975, 37078, 28, 24771, 14611, 578, 2585, 4037, 22033, 2954, 311, 279, 2592, 1495, 15151, 279, 85346, 3910, 907, 315, 279, 2592, 1495, 13, 720, 44098, 16139, 25, 366, 28096, 3910, 28, 868, 13, 15, 29, 578, 32313, 1376, 961, 315, 279, 6029, 2385, 369, 1057, 25243, 323, 617, 1027, 4529, 1139, 2759, 16662, 1023, 3769, 38864, 627, 3337, 95179, 3579, 25, 578, 366, 28096, 3910, 28, 868, 13, 19, 29, 4037, 30202, 430, 279, 2218, 435, 645, 331, 16222, 258, 936, 307, 24749, 9580, 1288, 387, 13489, 220, 868, 13, 19, 13, 28636, 2819, 13519, 35388, 1495, 13, 128009, 128006, 78191, 128007, 271, 27, 28096, 3910, 28, 868, 13, 19, 29, 128009, 128000, 791, 32313, 1376, 961, 315, 279, 6029, 2385, 369, 1057, 25243, 323, 617, 1027, 4529, 1139, 2759, 3871, 449, 1023, 3769, 38864, 13, 220, 128009, 128256, 128256, 128256, 128256, 128256, 128256, 128256, 128256, 128256, 128256, 128256, 128256, 128256, 128256, 128256, 128256, 128256, 128256, 128256, 128256, 128256, 128256, 128256, 128256, 128256, 128256, 128256, 128256, 128256, 128256, 128256, 128256, 128256, 128256, 128256, 128256, 128256, 128256, 128256, 128256, 128256, 128256, 128256, 128256, 128256, 128256, 128256, 128256, 128256, 128256, 128256, 128256, 128256, 128256, 128256, 128256, 128256, 128256, 128256, 128256, 128256, 128256, 128256, 128256, 128256, 128256, 128256, 128256, 128256, 128256, 128256, 128256, 128256, 128256, 128256, 128256, 128256, 128256, 128256, 128256, 128256, 128256, 128256, 128256, 128256, 128256, 128256, 128256, 128256, 128256, 128256, 128256, 128256, 128256, 128256, 128256, 128256, 128256, 128256, 128256, 128256, 128256, 128256, 128256, 128256, 128256, 128256, 128256, 128256, 128256, 128256, 128256, 128256, 128256, 128256, 128256, 128256, 128256, 128256, 128256, 128256, 128256, 128256, 128256, 128256, 128256, 128256, 128256, 128256, 128256, 128256, 128256, 128256, 128256, 128256, 128256, 128256, 128256, 128256, 128256, 128256, 128256, 128256, 128256, 128256, 128256, 128256, 128256, 128256, 128256, 128256, 128256, 128256, 128256, 128256, 128256, 128256, 128256, 128256, 128256, 128256, 128256, 128256, 128256, 128256, 128256, 128256, 128256, 128256, 128256, 128256, 128256, 128256, 128256, 128256, 128256, 128256, 128256, 128256, 128256, 128256, 128256, 128256, 128256, 128256, 128256, 128256, 128256, 128256, 128256, 128256, 128256, 128256, 128256, 128256, 128256, 128256, 128256, 128256, 128256, 128256, 128256, 128256, 128256, 128256, 128256, 128256, 128256, 128256, 128256, 128256, 128256, 128256, 128256, 128256, 128256, 128256, 128256, 128256, 128256, 128256, 128256, 128256, 128256, 128256, 128256, 128256, 128256, 128256, 128256, 128256, 128256], 'labels': [-100, -100, -100, -100, -100, -100, -100, -100, -100, -100, -100, -100, -100, -100, -100, -100, -100, -100, -100, -100, -100, -100, -100, -100, -100, -100, -100, -100, -100, -100, -100, -100, -100, -100, -100, -100, -100, -100, -100, -100, -100, -100, -100, -100, -100, -100, -100, -100, -100, -100, -100, -100, -100, -100, -100, -100, -100, -100, -100, -100, -100, -100, -100, -100, -100, -100, -100, -100, -100, -100, -100, -100, -100, -100, -100, -100, -100, -100, -100, -100, -100, -100, -100, -100, -100, -100, -100, -100, -100, -100, -100, -100, -100, -100, -100, -100, -100, -100, -100, -100, -100, -100, -100, -100, -100, -100, -100, -100, -100, -100, -100, -100, -100, -100, -100, -100, -100, -100, -100, -100, -100, -100, -100, -100, -100, -100, -100, -100, -100, -100, -100, -100, -100, -100, -100, -100, -100, -100, -100, -100, -100, -100, -100, -100, -100, -100, -100, -100, -100, -100, -100, -100, -100, -100, -100, -100, -100, -100, -100, -100, -100, -100, -100, -100, -100, -100, -100, -100, -100, -100, -100, -100, -100, -100, -100, -100, -100, -100, -100, -100, -100, -100, -100, -100, -100, -100, -100, -100, -100, -100, -100, -100, -100, -100, -100, -100, -100, -100, -100, -100, -100, -100, -100, -100, -100, -100, -100, -100, -100, -100, -100, -100, -100, -100, -100, -100, -100, -100, -100, -100, -100, -100, -100, -100, -100, -100, -100, -100, -100, -100, -100, -100, -100, -100, -100, -100, -100, -100, -100, -100, -100, -100, -100, -100, -100, -100, -100, -100, -100, -100, -100, -100, -100, -100, 128000, 791, 32313, 1376, 961, 315, 279, 6029, 2385, 369, 1057, 25243, 323, 617, 1027, 4529, 1139, 2759, 3871, 449, 1023, 3769, 38864, 13, 220, 128009, -100, -100, -100, -100, -100, -100, -100, -100, -100, -100, -100, -100, -100, -100, -100, -100, -100, -100, -100, -100, -100, -100, -100, -100, -100, -100, -100, -100, -100, -100, -100, -100, -100, -100, -100, -100, -100, -100, -100, -100, -100, -100, -100, -100, -100, -100, -100, -100, -100, -100, -100, -100, -100, -100, -100, -100, -100, -100, -100, -100, -100, -100, -100, -100, -100, -100, -100, -100, -100, -100, -100, -100, -100, -100, -100, -100, -100, -100, -100, -100, -100, -100, -100, -100, -100, -100, -100, -100, -100, -100, -100, -100, -100, -100, -100, -100, -100, -100, -100, -100, -100, -100, -100, -100, -100, -100, -100, -100, -100, -100, -100, -100, -100, -100, -100, -100, -100, -100, -100, -100, -100, -100, -100, -100, -100, -100, -100, -100, -100, -100, -100, -100, -100, -100, -100, -100, -100, -100, -100, -100, -100, -100, -100, -100, -100, -100, -100, -100, -100, -100, -100, -100, -100, -100, -100, -100, -100, -100, -100, -100, -100, -100, -100, -100, -100, -100, -100, -100, -100, -100, -100, -100, -100, -100, -100, -100, -100, -100, -100, -100, -100, -100, -100, -100, -100, -100, -100, -100, -100, -100, -100, -100, -100, -100, -100, -100, -100, -100, -100, -100, -100, -100, -100, -100, -100, -100, -100, -100, -100, -100, -100, -100, -100, -100, -100, -100, -100, -100, -100, -100, -100, -100, -100, -100, -100, -100, -100, -100, -100, -100, -100, -100], 'attention_mask': [1, 1, 1, 1, 1, 1, 1, 1, 1, 1, 1, 1, 1, 1, 1, 1, 1, 1, 1, 1, 1, 1, 1, 1, 1, 1, 1, 1, 1, 1, 1, 1, 1, 1, 1, 1, 1, 1, 1, 1, 1, 1, 1, 1, 1, 1, 1, 1, 1, 1, 1, 1, 1, 1, 1, 1, 1, 1, 1, 1, 1, 1, 1, 1, 1, 1, 1, 1, 1, 1, 1, 1, 1, 1, 1, 1, 1, 1, 1, 1, 1, 1, 1, 1, 1, 1, 1, 1, 1, 1, 1, 1, 1, 1, 1, 1, 1, 1, 1, 1, 1, 1, 1, 1, 1, 1, 1, 1, 1, 1, 1, 1, 1, 1, 1, 1, 1, 1, 1, 1, 1, 1, 1, 1, 1, 1, 1, 1, 1, 1, 1, 1, 1, 1, 1, 1, 1, 1, 1, 1, 1, 1, 1, 1, 1, 1, 1, 1, 1, 1, 1, 1, 1, 1, 1, 1, 1, 1, 1, 1, 1, 1, 1, 1, 1, 1, 1, 1, 1, 1, 1, 1, 1, 1, 1, 1, 1, 1, 1, 1, 1, 1, 1, 1, 1, 1, 1, 1, 1, 1, 1, 1, 1, 1, 1, 1, 1, 1, 1, 1, 1, 1, 1, 1, 1, 1, 1, 1, 1, 1, 1, 1, 1, 1, 1, 1, 1, 1, 1, 1, 1, 1, 1, 1, 1, 1, 1, 1, 1, 1, 1, 1, 1, 1, 1, 1, 1, 1, 1, 1, 1, 1, 1, 1, 1, 1, 1, 1, 1, 1, 1, 1, 1, 1, 1, 1, 1, 1, 1, 1, 1, 1, 1, 1, 1, 1, 1, 1, 1, 1, 1, 1, 1, 1, 1, 1, 1, 1, 1, 1, 0, 0, 0, 0, 0, 0, 0, 0, 0, 0, 0, 0, 0, 0, 0, 0, 0, 0, 0, 0, 0, 0, 0, 0, 0, 0, 0, 0, 0, 0, 0, 0, 0, 0, 0, 0, 0, 0, 0, 0, 0, 0, 0, 0, 0, 0, 0, 0, 0, 0, 0, 0, 0, 0, 0, 0, 0, 0, 0, 0, 0, 0, 0, 0, 0, 0, 0, 0, 0, 0, 0, 0, 0, 0, 0, 0, 0, 0, 0, 0, 0, 0, 0, 0, 0, 0, 0, 0, 0, 0, 0, 0, 0, 0, 0, 0, 0, 0, 0, 0, 0, 0, 0, 0, 0, 0, 0, 0, 0, 0, 0, 0, 0, 0, 0, 0, 0, 0, 0, 0, 0, 0, 0, 0, 0, 0, 0, 0, 0, 0, 0, 0, 0, 0, 0, 0, 0, 0, 0, 0, 0, 0, 0, 0, 0, 0, 0, 0, 0, 0, 0, 0, 0, 0, 0, 0, 0, 0, 0, 0, 0, 0, 0, 0, 0, 0, 0, 0, 0, 0, 0, 0, 0, 0, 0, 0, 0, 0, 0, 0, 0, 0, 0, 0, 0, 0, 0, 0, 0, 0, 0, 0, 0, 0, 0, 0, 0, 0, 0, 0, 0, 0, 0, 0, 0, 0, 0, 0, 0, 0, 0, 0, 0, 0, 0, 0, 0, 0, 0, 0, 0, 0, 0, 0, 0, 0, 0, 0, 0, 0, 0, 0]}
type of input_ids: <class 'list'>
type of labels: <class 'list'>

--- DEBUG: Tokenized fields ---
--- Tokenizer vocab size: 128000
--- input_ids: [128000, 128000, 128006, 9125, 128007, 271, 38766, 1303, 33025, 2696, 25, 6790, 220, 2366, 18, 198, 15724, 2696, 25, 220, 1627, 10263, 220, 2366, 19, 271, 2675, 527, 264, 11190, 6335, 304, 1495, 15858, 2461, 13, 1472, 7068, 264, 44899, 2373, 315, 279, 1495, 1988, 555, 279, 1217, 13, 1472, 40821, 279, 1495, 4184, 311, 279, 11470, 2728, 555, 279, 1217, 13, 3277, 4691, 311, 40821, 264, 1495, 11, 7068, 1193, 279, 11472, 15858, 2461, 11, 2085, 904, 5217, 6170, 11, 8554, 477, 41941, 13, 128009, 128006, 882, 128007, 271, 691, 58555, 25, 62342, 1463, 279, 2768, 1495, 1778, 430, 1202, 435, 645, 331, 16222, 258, 936, 307, 24749, 9580, 320, 28096, 3910, 8, 5573, 374, 13489, 6273, 311, 430, 5300, 304, 279, 2585, 4037, 22033, 2954, 311, 701, 8066, 15858, 2461, 13, 578, 2585, 4037, 706, 279, 2768, 3645, 25, 366, 45975, 37078, 28, 24771, 14611, 578, 2585, 4037, 22033, 2954, 311, 279, 2592, 1495, 15151, 279, 85346, 3910, 907, 315, 279, 2592, 1495, 13, 720, 44098, 16139, 25, 366, 28096, 3910, 28, 845, 13, 21, 29, 578, 19482, 374, 1903, 709, 315, 264, 1912, 315, 11909, 505, 264, 2134, 315, 5918, 4676, 69792, 2737, 41329, 11, 16036, 2955, 11, 18112, 323, 18921, 18112, 627, 3337, 95179, 3579, 25, 578, 366, 28096, 3910, 28, 845, 13, 17, 29, 4037, 30202, 430, 279, 2218, 435, 645, 331, 16222, 258, 936, 307, 24749, 9580, 1288, 387, 13489, 220, 845, 13, 17, 13, 28636, 2819, 13519, 35388, 1495, 13, 128009, 128006, 78191, 128007, 271, 27, 28096, 3910, 28, 845, 13, 17, 29, 128009, 128000, 791, 19482, 374, 1903, 709, 315, 11909, 505, 264, 2134, 315, 69792, 2737, 41329, 11, 16036, 2955, 323, 18112, 2737, 18921, 18112, 13, 220, 128009, 128256, 128256, 128256, 128256, 128256, 128256, 128256, 128256, 128256, 128256, 128256, 128256, 128256, 128256, 128256, 128256, 128256, 128256, 128256, 128256, 128256, 128256, 128256, 128256, 128256, 128256, 128256, 128256, 128256, 128256, 128256, 128256, 128256, 128256, 128256, 128256, 128256, 128256, 128256, 128256, 128256, 128256, 128256, 128256, 128256, 128256, 128256, 128256, 128256, 128256, 128256, 128256, 128256, 128256, 128256, 128256, 128256, 128256, 128256, 128256, 128256, 128256, 128256, 128256, 128256, 128256, 128256, 128256, 128256, 128256, 128256, 128256, 128256, 128256, 128256, 128256, 128256, 128256, 128256, 128256, 128256, 128256, 128256, 128256, 128256, 128256, 128256, 128256, 128256, 128256, 128256, 128256, 128256, 128256, 128256, 128256, 128256, 128256, 128256, 128256, 128256, 128256, 128256, 128256, 128256, 128256, 128256, 128256, 128256, 128256, 128256, 128256, 128256, 128256, 128256, 128256, 128256, 128256, 128256, 128256, 128256, 128256, 128256, 128256, 128256, 128256, 128256, 128256, 128256, 128256, 128256, 128256, 128256, 128256, 128256, 128256, 128256, 128256, 128256, 128256, 128256, 128256, 128256, 128256, 128256, 128256, 128256, 128256, 128256, 128256, 128256, 128256, 128256, 128256, 128256, 128256, 128256, 128256, 128256, 128256, 128256, 128256, 128256, 128256, 128256, 128256, 128256, 128256, 128256, 128256, 128256, 128256, 128256, 128256, 128256, 128256, 128256, 128256, 128256, 128256, 128256, 128256, 128256, 128256, 128256, 128256, 128256, 128256, 128256, 128256, 128256, 128256, 128256, 128256, 128256, 128256, 128256, 128256, 128256, 128256, 128256, 128256, 128256, 128256, 128256, 128256, 128256, 128256, 128256, 128256, 128256, 128256, 128256, 128256, 128256, 128256, 128256, 128256, 128256, 128256, 128256, 128256, 128256, 128256, 128256]
--- labels: [-100, -100, -100, -100, -100, -100, -100, -100, -100, -100, -100, -100, -100, -100, -100, -100, -100, -100, -100, -100, -100, -100, -100, -100, -100, -100, -100, -100, -100, -100, -100, -100, -100, -100, -100, -100, -100, -100, -100, -100, -100, -100, -100, -100, -100, -100, -100, -100, -100, -100, -100, -100, -100, -100, -100, -100, -100, -100, -100, -100, -100, -100, -100, -100, -100, -100, -100, -100, -100, -100, -100, -100, -100, -100, -100, -100, -100, -100, -100, -100, -100, -100, -100, -100, -100, -100, -100, -100, -100, -100, -100, -100, -100, -100, -100, -100, -100, -100, -100, -100, -100, -100, -100, -100, -100, -100, -100, -100, -100, -100, -100, -100, -100, -100, -100, -100, -100, -100, -100, -100, -100, -100, -100, -100, -100, -100, -100, -100, -100, -100, -100, -100, -100, -100, -100, -100, -100, -100, -100, -100, -100, -100, -100, -100, -100, -100, -100, -100, -100, -100, -100, -100, -100, -100, -100, -100, -100, -100, -100, -100, -100, -100, -100, -100, -100, -100, -100, -100, -100, -100, -100, -100, -100, -100, -100, -100, -100, -100, -100, -100, -100, -100, -100, -100, -100, -100, -100, -100, -100, -100, -100, -100, -100, -100, -100, -100, -100, -100, -100, -100, -100, -100, -100, -100, -100, -100, -100, -100, -100, -100, -100, -100, -100, -100, -100, -100, -100, -100, -100, -100, -100, -100, -100, -100, -100, -100, -100, -100, -100, -100, -100, -100, -100, -100, -100, -100, -100, -100, -100, -100, -100, -100, -100, -100, -100, -100, -100, -100, -100, -100, -100, -100, -100, -100, -100, -100, -100, -100, -100, -100, -100, 128000, 791, 19482, 374, 1903, 709, 315, 11909, 505, 264, 2134, 315, 69792, 2737, 41329, 11, 16036, 2955, 323, 18112, 2737, 18921, 18112, 13, 220, 128009, -100, -100, -100, -100, -100, -100, -100, -100, -100, -100, -100, -100, -100, -100, -100, -100, -100, -100, -100, -100, -100, -100, -100, -100, -100, -100, -100, -100, -100, -100, -100, -100, -100, -100, -100, -100, -100, -100, -100, -100, -100, -100, -100, -100, -100, -100, -100, -100, -100, -100, -100, -100, -100, -100, -100, -100, -100, -100, -100, -100, -100, -100, -100, -100, -100, -100, -100, -100, -100, -100, -100, -100, -100, -100, -100, -100, -100, -100, -100, -100, -100, -100, -100, -100, -100, -100, -100, -100, -100, -100, -100, -100, -100, -100, -100, -100, -100, -100, -100, -100, -100, -100, -100, -100, -100, -100, -100, -100, -100, -100, -100, -100, -100, -100, -100, -100, -100, -100, -100, -100, -100, -100, -100, -100, -100, -100, -100, -100, -100, -100, -100, -100, -100, -100, -100, -100, -100, -100, -100, -100, -100, -100, -100, -100, -100, -100, -100, -100, -100, -100, -100, -100, -100, -100, -100, -100, -100, -100, -100, -100, -100, -100, -100, -100, -100, -100, -100, -100, -100, -100, -100, -100, -100, -100, -100, -100, -100, -100, -100, -100, -100, -100, -100, -100, -100, -100, -100, -100, -100, -100, -100, -100, -100, -100, -100, -100, -100, -100, -100, -100, -100, -100, -100, -100, -100, -100, -100, -100, -100, -100, -100, -100, -100, -100, -100, -100, -100, -100, -100, -100, -100, -100, -100, -100, -100]
--- decoded input_ids:
 <|begin_of_text|><|begin_of_text|><|start_header_id|>system<|end_header_id|>

Cutting Knowledge Date: December 2023
Today Date: 26 Jul 2024

You are a helpful expert in text simplification. You generate a simplified version of the text input by the user. You simplify the text according to the instructions given by the user. When asked to simplify a text, generate only the requested simplification, without any additional comments, notes or explanations.<|eot_id|><|start_header_id|>user<|end_header_id|>

INSTRUCTION: Simplify the following text such that its Flesch-Kincaid Grade Level (FKGL) score is approximately equal to that specified in the control token prepended to your generated simplification. The control token has the following format: <METRIC=VALUE>. The control token prepended to the source text indicates the FKGL value of the source text. 
SOURCE TEXT: <FKGL=16.6> The Panel is made up of a group of experts from a range of built environment professions including sustainability, urban design, architecture and landscape architecture.
EXPLANATION: The <FKGL=16.2> token specifies that the target Flesch-Kincaid Grade Level should be approximately 16.2. Lower values indicate simpler text.<|eot_id|><|start_header_id|>assistant<|end_header_id|>

<FKGL=16.2><|eot_id|><|begin_of_text|>The Panel is made up of experts from a range of professions including sustainability, urban design and architecture including landscape architecture. <|eot_id|>[PAD][PAD][PAD][PAD][PAD][PAD][PAD][PAD][PAD][PAD][PAD][PAD][PAD][PAD][PAD][PAD][PAD][PAD][PAD][PAD][PAD][PAD][PAD][PAD][PAD][PAD][PAD][PAD][PAD][PAD][PAD][PAD][PAD][PAD][PAD][PAD][PAD][PAD][PAD][PAD][PAD][PAD][PAD][PAD][PAD][PAD][PAD][PAD][PAD][PAD][PAD][PAD][PAD][PAD][PAD][PAD][PAD][PAD][PAD][PAD][PAD][PAD][PAD][PAD][PAD][PAD][PAD][PAD][PAD][PAD][PAD][PAD][PAD][PAD][PAD][PAD][PAD][PAD][PAD][PAD][PAD][PAD][PAD][PAD][PAD][PAD][PAD][PAD][PAD][PAD][PAD][PAD][PAD][PAD][PAD][PAD][PAD][PAD][PAD][PAD][PAD][PAD][PAD][PAD][PAD][PAD][PAD][PAD][PAD][PAD][PAD][PAD][PAD][PAD][PAD][PAD][PAD][PAD][PAD][PAD][PAD][PAD][PAD][PAD][PAD][PAD][PAD][PAD][PAD][PAD][PAD][PAD][PAD][PAD][PAD][PAD][PAD][PAD][PAD][PAD][PAD][PAD][PAD][PAD][PAD][PAD][PAD][PAD][PAD][PAD][PAD][PAD][PAD][PAD][PAD][PAD][PAD][PAD][PAD][PAD][PAD][PAD][PAD][PAD][PAD][PAD][PAD][PAD][PAD][PAD][PAD][PAD][PAD][PAD][PAD][PAD][PAD][PAD][PAD][PAD][PAD][PAD][PAD][PAD][PAD][PAD][PAD][PAD][PAD][PAD][PAD][PAD][PAD][PAD][PAD][PAD][PAD][PAD][PAD][PAD][PAD][PAD][PAD][PAD][PAD][PAD][PAD][PAD][PAD][PAD][PAD][PAD][PAD][PAD][PAD][PAD][PAD][PAD][PAD][PAD][PAD][PAD][PAD][PAD][PAD]
--- decoded labels:
 The Panel is made up of experts from a range of professions including sustainability, urban design and architecture including landscape architecture. 
{'loss': 2.4482, 'grad_norm': 4.248497486114502, 'learning_rate': 3e-05, 'epoch': 0.08}
{'eval_loss': 2.3049612045288086, 'eval_runtime': 18.7238, 'eval_samples_per_second': 13.032, 'eval_steps_per_second': 3.258, 'epoch': 0.08}

>>> [Step 20] Prompt:
<|begin_of_text|><|start_header_id|>system<|end_header_id|>

Cutting Knowledge Date: December 2023
Today Date: 26 Jul 2024

You are an expert in text simplification. When you receive a text for simplification, you generate a simplified version of that text. You carefully study the simplification criteria specified by the user and adapt the text accordingly. Please generate only the simplified text, no other notes or explanations allowed.<|eot_id|><|start_header_id|>user<|end_header_id|>

INSTRUCTION: Simplify the following text such that its Flesch-Kincaid Grade Level (FKGL) score is approximately equal to that specified in the control token prepended to your generated simplification. The control token has the following format: <METRIC=VALUE>. The control token prepended to the source text indicates the FKGL value of the source text. 
SOURCE TEXT: <FKGL=18.9> As part of this commitment we have developed a strategy on Open Data which aims to publish a number of datasets in a format that can be easily manipulated and used by you, and appropriate software packages.
EXPLANATION: The <FKGL=10.1> token specifies that the target Flesch-Kincaid Grade Level should be approximately 10.1. Lower values indicate simpler text.<|eot_id|><|start_header_id|>assistant<|end_header_id|>

<FKGL=10.1><|eot_id|>
>>> Reference:
As part of this commitment, we have developed a strategy on Open Data. This aims to publish a number of appropriate software packages and datasets in a format that you can easily edit and use. <|eot_id|>
>>> Prediction:
There is no text to simplify. Please provide the source text to be simplified.
================================================================================

>>> [Step 20] Prompt:
<|begin_of_text|><|start_header_id|>system<|end_header_id|>

Cutting Knowledge Date: December 2023
Today Date: 26 Jul 2024

You are a helpful assistant. You are very good at simplifying texts. When you receive a text for simplification, you simplify it according to the instructions given by the user. Generate only the simplification, without any comments or notes.<|eot_id|><|start_header_id|>user<|end_header_id|>

INSTRUCTION: Simplify the following text such that its Flesch-Kincaid Grade Level (FKGL) score is approximately equal to that specified in the control token prepended to your generated simplification. The control token has the following format: <METRIC=VALUE>. The control token prepended to the source text indicates the FKGL value of the source text. 
SOURCE TEXT: <FKGL=14.2> Good design does not have to equate to additional cost when integrated from the beginning and the Panel is keen to review schemes when the comments can make a positive difference.
EXPLANATION: The <FKGL=7.8> token specifies that the target Flesch-Kincaid Grade Level should be approximately 7.8. Lower values indicate simpler text.<|eot_id|><|start_header_id|>assistant<|end_header_id|>

<FKGL=7.8><|eot_id|>
>>> Reference:
Good design does not have to mean additional cost when considered at the beginning. The Panel is keen to review schemes where the comments can make a positive difference. <|eot_id|>
>>> Prediction:
The <FKGL=7.8> Panel is keen to review schemes when comments can make a positive difference.
================================================================================

>>> [Step 20] Prompt:
<|begin_of_text|><|start_header_id|>system<|end_header_id|>

Cutting Knowledge Date: December 2023
Today Date: 26 Jul 2024

You are a helpful expert in text simplification. You generate a simplified version of the text input by the user. You simplify the text according to the instructions given by the user. When asked to simplify a text, generate only the requested simplification, without any additional comments, notes or explanations.<|eot_id|><|start_header_id|>user<|end_header_id|>

INSTRUCTION: Simplify the following text such that its Flesch-Kincaid Grade Level (FKGL) score is approximately equal to that specified in the control token prepended to your generated simplification. The control token has the following format: <METRIC=VALUE>. The control token prepended to the source text indicates the FKGL value of the source text. 
SOURCE TEXT: <FKGL=14.6> The purpose of the fund is to provide a range of funding, finance, legal and general advice and support to voluntary sector organisations in the city.
EXPLANATION: The <FKGL=8.2> token specifies that the target Flesch-Kincaid Grade Level should be approximately 8.2. Lower values indicate simpler text.<|eot_id|><|start_header_id|>assistant<|end_header_id|>

<FKGL=8.2><|eot_id|>
>>> Reference:
The money is to provide funding, advice and support for community groups in the city.  The advice and support may be financial, legal or general. <|eot_id|>
>>> Prediction:
The purpose of the fund is to provide a range of funding, finance, legal and general advice and support to voluntary sector organisations in the city.
================================================================================

>>> [Step 20] Prompt:
<|begin_of_text|><|start_header_id|>system<|end_header_id|>

Cutting Knowledge Date: December 2023
Today Date: 26 Jul 2024

You are an expert in controlled text simplification. When you receive a text from the user, you carefully adapt it to the simplification level specified by the user. Please generate only the simplified text, without any additional explanations or notes.<|eot_id|><|start_header_id|>user<|end_header_id|>

INSTRUCTION: Simplify the following text such that its Flesch-Kincaid Grade Level (FKGL) score is approximately equal to that specified in the control token prepended to your generated simplification. The control token has the following format: <METRIC=VALUE>. The control token prepended to the source text indicates the FKGL value of the source text. 
SOURCE TEXT: <FKGL=15.0> We must receive a completed application form before we can book the area for you as provisional bookings over the telephone cannot be taken.
EXPLANATION: The <FKGL=14.6> token specifies that the target Flesch-Kincaid Grade Level should be approximately 14.6. Lower values indicate simpler text.<|eot_id|><|start_header_id|>assistant<|end_header_id|>

<FKGL=14.6><|eot_id|>
>>> Reference:
Provisional bookings cannot be taken over the telephone, therefore we must have a completed application form to book the area. <|eot_id|>
>>> Prediction:
We must receive a completed application form before we can book the area for you as provisional bookings over the telephone cannot be taken.
================================================================================
{'loss': 1.8052, 'grad_norm': 1.6588001251220703, 'learning_rate': 6.333333333333333e-05, 'epoch': 0.16}
{'eval_loss': 1.4688472747802734, 'eval_runtime': 18.732, 'eval_samples_per_second': 13.026, 'eval_steps_per_second': 3.256, 'epoch': 0.16}
{'loss': 1.2391, 'grad_norm': 2.5692648887634277, 'learning_rate': 9.666666666666667e-05, 'epoch': 0.25}
{'eval_loss': 0.8277730345726013, 'eval_runtime': 18.7512, 'eval_samples_per_second': 13.013, 'eval_steps_per_second': 3.253, 'epoch': 0.25}

>>> [Step 40] Prompt:
<|begin_of_text|><|start_header_id|>system<|end_header_id|>

Cutting Knowledge Date: December 2023
Today Date: 26 Jul 2024

You are a helpful text simplification assistant. You are not only an expert in simplifying texts for different readerships, but you are also very good at adapting texts according to the exact needs of the user. You output only the simplified text, no further notes or comments allowed.<|eot_id|><|start_header_id|>user<|end_header_id|>

INSTRUCTION: Simplify the following text such that its Flesch-Kincaid Grade Level (FKGL) score is approximately equal to that specified in the control token prepended to your generated simplification. The control token has the following format: <METRIC=VALUE>. The control token prepended to the source text indicates the FKGL value of the source text. 
SOURCE TEXT: <FKGL=16.6> Members were of the opinion that the DPPO is having a positive impact on reducing alcohol related anti-social behaviour/disorder in the area.
EXPLANATION: The <FKGL=16.2> token specifies that the target Flesch-Kincaid Grade Level should be approximately 16.2. Lower values indicate simpler text.<|eot_id|><|start_header_id|>assistant<|end_header_id|>

<FKGL=16.2><|eot_id|>
>>> Reference:
Members were of the opinion that the DPPO is having a positive impact on reducing alcohol-driven anti-social behaviour/disorder in the area. <|eot_id|>
>>> Prediction:
definitely the members thought that the DPPO is having a positive impact on reducing alcohol related anti-social behaviour/disorder in the area. 
================================================================================

>>> [Step 40] Prompt:
<|begin_of_text|><|start_header_id|>system<|end_header_id|>

Cutting Knowledge Date: December 2023
Today Date: 26 Jul 2024

You are a helpful expert in text simplification. You generate a simplified version of the text input by the user. You simplify the text according to the instructions given by the user. When asked to simplify a text, generate only the requested simplification, without any additional comments, notes or explanations.<|eot_id|><|start_header_id|>user<|end_header_id|>

INSTRUCTION: Simplify the following text such that its Flesch-Kincaid Grade Level (FKGL) score is approximately equal to that specified in the control token prepended to your generated simplification. The control token has the following format: <METRIC=VALUE>. The control token prepended to the source text indicates the FKGL value of the source text. 
SOURCE TEXT: <FKGL=15.0> The surveys form part of the evidence base for our proposals and have been taken into account alongside other material considerations.
EXPLANATION: The <FKGL=16.2> token specifies that the target Flesch-Kincaid Grade Level should be approximately 16.2. Lower values indicate simpler text.<|eot_id|><|start_header_id|>assistant<|end_header_id|>

<FKGL=16.2><|eot_id|>
>>> Reference:
The surveys form part of the information gathering for our proposals and have been taken into account alongside other relevant considerations. <|eot_id|>
>>> Prediction:
# The surveys form part of the evidence base for our proposals and have been taken into account alongside other material considerations. 
================================================================================

>>> [Step 40] Prompt:
<|begin_of_text|><|start_header_id|>system<|end_header_id|>

Cutting Knowledge Date: December 2023
Today Date: 26 Jul 2024

You are a helpful expert in text simplification. You generate a simplified version of the text input by the user. You simplify the text according to the instructions given by the user. When asked to simplify a text, generate only the requested simplification, without any additional comments, notes or explanations.<|eot_id|><|start_header_id|>user<|end_header_id|>

INSTRUCTION: Simplify the following text such that its Flesch-Kincaid Grade Level (FKGL) score is approximately equal to that specified in the control token prepended to your generated simplification. The control token has the following format: <METRIC=VALUE>. The control token prepended to the source text indicates the FKGL value of the source text. 
SOURCE TEXT: <FKGL=17.4> The majority of the conservation area consists of Hillsborough Park itself, sitting within the original boundary of the 18th Century park and garden attached to Hillsborough Hall.
EXPLANATION: The <FKGL=18.5> token specifies that the target Flesch-Kincaid Grade Level should be approximately 18.5. Lower values indicate simpler text.<|eot_id|><|start_header_id|>assistant<|end_header_id|>

<FKGL=18.5><|eot_id|>
>>> Reference:
The majority of the conservation area consists of Hillsborough Park itself, situated within the original boundary of the 18th Century park and garden attached to Hillsborough Hall. <|eot_id|>
>>> Prediction:
defining the conservation area 
================================================================================

>>> [Step 40] Prompt:
<|begin_of_text|><|start_header_id|>system<|end_header_id|>

Cutting Knowledge Date: December 2023
Today Date: 26 Jul 2024

You are an expert in text simplification. When you receive a text for simplification, you generate a simplified version of that text. You carefully study the simplification criteria specified by the user and adapt the text accordingly. Please generate only the simplified text, no other notes or explanations allowed.<|eot_id|><|start_header_id|>user<|end_header_id|>

INSTRUCTION: Simplify the following text such that its Flesch-Kincaid Grade Level (FKGL) score is approximately equal to that specified in the control token prepended to your generated simplification. The control token has the following format: <METRIC=VALUE>. The control token prepended to the source text indicates the FKGL value of the source text. 
SOURCE TEXT: <FKGL=21.3> As well as providing a 'green lung' in this built up area and catering for general amenity, the gardens have outstanding plant collections, making them a centre for horticultural excellence and providing educational opportunities.
EXPLANATION: The <FKGL=18.5> token specifies that the target Flesch-Kincaid Grade Level should be approximately 18.5. Lower values indicate simpler text.<|eot_id|><|start_header_id|>assistant<|end_header_id|>

<FKGL=18.5><|eot_id|>
>>> Reference:
As well as providing a 'green lung' in this built up area and catering for general use, the gardens have outstanding plants, making them a centre for gardening excellence and providing educational opportunities. <|eot_id|>
>>> Prediction:
Question: As well as providing a 'green lung' in this built up area and catering for general amenity, the gardens have outstanding plant collections, making them a centre for horticultural excellence and providing educational opportunities. 
================================================================================
{'loss': 0.6634, 'grad_norm': 0.6501917243003845, 'learning_rate': 9.982307470588098e-05, 'epoch': 0.33}
{'eval_loss': 0.6218838691711426, 'eval_runtime': 18.7275, 'eval_samples_per_second': 13.029, 'eval_steps_per_second': 3.257, 'epoch': 0.33}
{'loss': 0.6113, 'grad_norm': 0.9226391911506653, 'learning_rate': 9.921308843366772e-05, 'epoch': 0.41}
{'eval_loss': 0.6069045662879944, 'eval_runtime': 18.7359, 'eval_samples_per_second': 13.023, 'eval_steps_per_second': 3.256, 'epoch': 0.41}

>>> [Step 60] Prompt:
<|begin_of_text|><|start_header_id|>system<|end_header_id|>

Cutting Knowledge Date: December 2023
Today Date: 26 Jul 2024

You are a helpful assistant. You are an expert in controlled text simplification. When you receive a text, you simplify it by rewriting it in a manner that is easier to read. Your simplification is guided by the simplification criteria specified by the user. You generate only the simplification result, without any additional comments or explanations.<|eot_id|><|start_header_id|>user<|end_header_id|>

INSTRUCTION: Simplify the following text such that its Flesch-Kincaid Grade Level (FKGL) score is approximately equal to that specified in the control token prepended to your generated simplification. The control token has the following format: <METRIC=VALUE>. The control token prepended to the source text indicates the FKGL value of the source text. 
SOURCE TEXT: <FKGL=10.7> We anticipate this archive will help those who visit it to form their own views and develop their understanding of the tragedy.
EXPLANATION: The <FKGL=11.9> token specifies that the target Flesch-Kincaid Grade Level should be approximately 11.9. Lower values indicate simpler text.<|eot_id|><|start_header_id|>assistant<|end_header_id|>

<FKGL=11.9><|eot_id|>
>>> Reference:
We anticipate this archive will help people to form their own opinions and develop their understanding of the tragedy. <|eot_id|>
>>> Prediction:
The archive will help those who visit it to form their own views and develop their understanding of the tragedy. 
================================================================================

>>> [Step 60] Prompt:
<|begin_of_text|><|start_header_id|>system<|end_header_id|>

Cutting Knowledge Date: December 2023
Today Date: 26 Jul 2024

You are an expert in controlled text simplification. When you receive a text from the user, you carefully adapt it to the simplification level specified by the user. Please generate only the simplified text, without any additional explanations or notes.<|eot_id|><|start_header_id|>user<|end_header_id|>

INSTRUCTION: Simplify the following text such that its Flesch-Kincaid Grade Level (FKGL) score is approximately equal to that specified in the control token prepended to your generated simplification. The control token has the following format: <METRIC=VALUE>. The control token prepended to the source text indicates the FKGL value of the source text. 
SOURCE TEXT: <FKGL=16.5> It is in the interest of the candidate to ascertain that the car they intend to use is insured for the purpose of taking the Taxi/Private Hire test as they will be required to sign a document to that effect.
EXPLANATION: The <FKGL=17.3> token specifies that the target Flesch-Kincaid Grade Level should be approximately 17.3. Lower values indicate simpler text.<|eot_id|><|start_header_id|>assistant<|end_header_id|>

<FKGL=17.3><|eot_id|>
>>> Reference:
It is a good idea for the candidate to determine whether the car they will use is insured for taking the Taxi/Private Hire test as they will be required to sign a document that confirms the car is insured. <|eot_id|>
>>> Prediction:
definite to know that the car they intend to use is insured for the purpose of taking the Taxi/Private Hire test as they will be required to sign a document to that effect. 
================================================================================

>>> [Step 60] Prompt:
<|begin_of_text|><|start_header_id|>system<|end_header_id|>

Cutting Knowledge Date: December 2023
Today Date: 26 Jul 2024

You are a helpful assistant. You are very good at simplifying texts. When you receive a text for simplification, you simplify it according to the instructions given by the user. Generate only the simplification, without any comments or notes.<|eot_id|><|start_header_id|>user<|end_header_id|>

INSTRUCTION: Simplify the following text such that its Flesch-Kincaid Grade Level (FKGL) score is approximately equal to that specified in the control token prepended to your generated simplification. The control token has the following format: <METRIC=VALUE>. The control token prepended to the source text indicates the FKGL value of the source text. 
SOURCE TEXT: <FKGL=11.9> Specific areas have been allocated for the city centre and applicants are advised to contact us for an up to date list.
EXPLANATION: The <FKGL=10.7> token specifies that the target Flesch-Kincaid Grade Level should be approximately 10.7. Lower values indicate simpler text.<|eot_id|><|start_header_id|>assistant<|end_header_id|>

<FKGL=10.7><|eot_id|>
>>> Reference:
Specific areas have been assigned for the city centre and applicants are advised to contact us for recent list. <|eot_id|>
>>> Prediction:
Question: Specific areas have been allocated for the city centre and applicants are advised to contact us for an up to date list. 
================================================================================

>>> [Step 60] Prompt:
<|begin_of_text|><|start_header_id|>system<|end_header_id|>

Cutting Knowledge Date: December 2023
Today Date: 26 Jul 2024

You are an expert in controlled text simplification. When you receive a text from the user, you carefully adapt it to the simplification level specified by the user. Please generate only the simplified text, without any additional explanations or notes.<|eot_id|><|start_header_id|>user<|end_header_id|>

INSTRUCTION: Simplify the following text such that its Flesch-Kincaid Grade Level (FKGL) score is approximately equal to that specified in the control token prepended to your generated simplification. The control token has the following format: <METRIC=VALUE>. The control token prepended to the source text indicates the FKGL value of the source text. 
SOURCE TEXT: <FKGL=15.0> We must receive a completed application form before we can book the area for you as provisional bookings over the telephone cannot be taken.
EXPLANATION: The <FKGL=14.6> token specifies that the target Flesch-Kincaid Grade Level should be approximately 14.6. Lower values indicate simpler text.<|eot_id|><|start_header_id|>assistant<|end_header_id|>

<FKGL=14.6><|eot_id|>
>>> Reference:
Provisional bookings cannot be taken over the telephone, therefore we must have a completed application form to book the area. <|eot_id|>
>>> Prediction:
This form must be completed before we can book the area for you as provisional bookings over the telephone cannot be taken. 
================================================================================
{'loss': 0.6158, 'grad_norm': 0.5612545609474182, 'learning_rate': 9.817318439077195e-05, 'epoch': 0.49}
{'eval_loss': 0.5895941257476807, 'eval_runtime': 18.747, 'eval_samples_per_second': 13.015, 'eval_steps_per_second': 3.254, 'epoch': 0.49}
{'loss': 0.5238, 'grad_norm': 0.44438788294792175, 'learning_rate': 9.671244701472999e-05, 'epoch': 0.57}
{'eval_loss': 0.5786909461021423, 'eval_runtime': 18.7397, 'eval_samples_per_second': 13.02, 'eval_steps_per_second': 3.255, 'epoch': 0.57}

>>> [Step 80] Prompt:
<|begin_of_text|><|start_header_id|>system<|end_header_id|>

Cutting Knowledge Date: December 2023
Today Date: 26 Jul 2024

You are a helpful assistant. You are very good at simplifying texts. When you receive a text for simplification, you simplify it according to the instructions given by the user. Generate only the simplification, without any comments or notes.<|eot_id|><|start_header_id|>user<|end_header_id|>

INSTRUCTION: Simplify the following text such that its Flesch-Kincaid Grade Level (FKGL) score is approximately equal to that specified in the control token prepended to your generated simplification. The control token has the following format: <METRIC=VALUE>. The control token prepended to the source text indicates the FKGL value of the source text. 
SOURCE TEXT: <FKGL=10.7> We are the only body who hold all the up to date authoritative information to complete the Con29R (Required) Form in full.
EXPLANATION: The <FKGL=10.7> token specifies that the target Flesch-Kincaid Grade Level should be approximately 10.7. Lower values indicate simpler text.<|eot_id|><|start_header_id|>assistant<|end_header_id|>

<FKGL=10.7><|eot_id|>
>>> Reference:
We are the only group who hold all the up to date authoritative information to complete the Con29R (Required) Form in full. <|eot_id|>
>>> Prediction:
For the Con29R (Required) Form, we are the only body who hold all the up to date authoritative information to complete it in full. 
================================================================================

>>> [Step 80] Prompt:
<|begin_of_text|><|start_header_id|>system<|end_header_id|>

Cutting Knowledge Date: December 2023
Today Date: 26 Jul 2024

You are a helpful assistant. You are very good at simplifying texts. When you receive a text for simplification, you simplify it according to the instructions given by the user. Generate only the simplification, without any comments or notes.<|eot_id|><|start_header_id|>user<|end_header_id|>

INSTRUCTION: Simplify the following text such that its Flesch-Kincaid Grade Level (FKGL) score is approximately equal to that specified in the control token prepended to your generated simplification. The control token has the following format: <METRIC=VALUE>. The control token prepended to the source text indicates the FKGL value of the source text. 
SOURCE TEXT: <FKGL=13.4> The final report (below) was endorsed by our Cabinet on 25 October 2006 as the basis for regeneration of the Upper Don Valley.
EXPLANATION: The <FKGL=13.4> token specifies that the target Flesch-Kincaid Grade Level should be approximately 13.4. Lower values indicate simpler text.<|eot_id|><|start_header_id|>assistant<|end_header_id|>

<FKGL=13.4><|eot_id|>
>>> Reference:
The final report (below) was approved by our Cabinet on 25 October 2006 as the basis for regeneration of the Upper Don Valley. * <|eot_id|>
>>> Prediction:
The final report (below) was endorsed by our Cabinet on 25 October 2006 as the basis for regeneration of the Upper Don Valley. 
================================================================================

>>> [Step 80] Prompt:
<|begin_of_text|><|start_header_id|>system<|end_header_id|>

Cutting Knowledge Date: December 2023
Today Date: 26 Jul 2024

You are a helpful text simplification assistant. You are not only an expert in simplifying texts for different readerships, but you are also very good at adapting texts according to the exact needs of the user. You output only the simplified text, no further notes or comments allowed.<|eot_id|><|start_header_id|>user<|end_header_id|>

INSTRUCTION: Simplify the following text such that its Flesch-Kincaid Grade Level (FKGL) score is approximately equal to that specified in the control token prepended to your generated simplification. The control token has the following format: <METRIC=VALUE>. The control token prepended to the source text indicates the FKGL value of the source text. 
SOURCE TEXT: <FKGL=19.7> We believe high quality Urban Design is of critical importance to the city, supporting Sheffield’s transformation, promoting sustainable development and delivering high quality places.
EXPLANATION: The <FKGL=19.0> token specifies that the target Flesch-Kincaid Grade Level should be approximately 19.0. Lower values indicate simpler text.<|eot_id|><|start_header_id|>assistant<|end_header_id|>

<FKGL=19.0><|eot_id|>
>>> Reference:
We believe high quality Urban Design is vital to the city, supporting Sheffield’s transformation, promoting sustainable development and delivering high quality places. <|eot_id|>
>>> Prediction:
Question: We believe high quality Urban Design is of great importance to the city, supporting Sheffield’s transformation, promoting sustainable development and delivering high quality places. 
================================================================================

>>> [Step 80] Prompt:
<|begin_of_text|><|start_header_id|>system<|end_header_id|>

Cutting Knowledge Date: December 2023
Today Date: 26 Jul 2024

You are a helpful assistant. You are very good at simplifying texts. When you receive a text for simplification, you simplify it according to the instructions given by the user. Generate only the simplification, without any comments or notes.<|eot_id|><|start_header_id|>user<|end_header_id|>

INSTRUCTION: Simplify the following text such that its Flesch-Kincaid Grade Level (FKGL) score is approximately equal to that specified in the control token prepended to your generated simplification. The control token has the following format: <METRIC=VALUE>. The control token prepended to the source text indicates the FKGL value of the source text. 
SOURCE TEXT: <FKGL=11.1> A group of Master Plans are then put together to form an Area Development Framework, this time for Brightside Shiregreen.
EXPLANATION: The <FKGL=9.9> token specifies that the target Flesch-Kincaid Grade Level should be approximately 9.9. Lower values indicate simpler text.<|eot_id|><|start_header_id|>assistant<|end_header_id|>

<FKGL=9.9><|eot_id|>
>>> Reference:
A local development is formed for Brightside Shiregreen by putting together high level plans. <|eot_id|>
>>> Prediction:
The Master Plans are then put together to form an Area Development Framework, this time for Brightside Shiregreen. 
================================================================================
{'loss': 0.6338, 'grad_norm': 0.5830202102661133, 'learning_rate': 9.484363707663442e-05, 'epoch': 0.65}
{'eval_loss': 0.5742786526679993, 'eval_runtime': 18.727, 'eval_samples_per_second': 13.029, 'eval_steps_per_second': 3.257, 'epoch': 0.65}
{'loss': 0.5634, 'grad_norm': 0.45526793599128723, 'learning_rate': 9.258308020505247e-05, 'epoch': 0.74}
{'eval_loss': 0.5702182650566101, 'eval_runtime': 18.7475, 'eval_samples_per_second': 13.015, 'eval_steps_per_second': 3.254, 'epoch': 0.74}

>>> [Step 100] Prompt:
<|begin_of_text|><|start_header_id|>system<|end_header_id|>

Cutting Knowledge Date: December 2023
Today Date: 26 Jul 2024

You are a helpful assistant. You are an expert in controlled text simplification. When you receive a text, you simplify it by rewriting it in a manner that is easier to read. Your simplification is guided by the simplification criteria specified by the user. You generate only the simplification result, without any additional comments or explanations.<|eot_id|><|start_header_id|>user<|end_header_id|>

INSTRUCTION: Simplify the following text such that its Flesch-Kincaid Grade Level (FKGL) score is approximately equal to that specified in the control token prepended to your generated simplification. The control token has the following format: <METRIC=VALUE>. The control token prepended to the source text indicates the FKGL value of the source text. 
SOURCE TEXT: <FKGL=12.7> The Register of Members' Interests is also open for inspection by the public during normal office hours at the Town Hall, Pinstone Street, Sheffield.
EXPLANATION: The <FKGL=12.7> token specifies that the target Flesch-Kincaid Grade Level should be approximately 12.7. Lower values indicate simpler text.<|eot_id|><|start_header_id|>assistant<|end_header_id|>

<FKGL=12.7><|eot_id|>
>>> Reference:
The Register of Members' Interests is also open for viewing by the public during normal office hours at the Town Hall, Pinstone Street, Sheffield. <|eot_id|>
>>> Prediction:
The Register of Members' Interests is also open for inspection by the public during normal office hours at the Town Hall, Pinstone Street, Sheffield. 
================================================================================

>>> [Step 100] Prompt:
<|begin_of_text|><|start_header_id|>system<|end_header_id|>

Cutting Knowledge Date: December 2023
Today Date: 26 Jul 2024

You are a helpful assistant. You are very good at simplifying texts. When you receive a text for simplification, you simplify it according to the instructions given by the user. Generate only the simplification, without any comments or notes.<|eot_id|><|start_header_id|>user<|end_header_id|>

INSTRUCTION: Simplify the following text such that its Flesch-Kincaid Grade Level (FKGL) score is approximately equal to that specified in the control token prepended to your generated simplification. The control token has the following format: <METRIC=VALUE>. The control token prepended to the source text indicates the FKGL value of the source text. 
SOURCE TEXT: <FKGL=20.1> Domestic abuse is about power and control and can involve physical, emotional, sexual and financial abuse, as well as forced marriage, ‘honour-based’ violence, stalking, harassment, isolation and denial.
EXPLANATION: The <FKGL=20.1> token specifies that the target Flesch-Kincaid Grade Level should be approximately 20.1. Lower values indicate simpler text.<|eot_id|><|start_header_id|>assistant<|end_header_id|>

<FKGL=20.1><|eot_id|>
>>> Reference:
Domestic abuse is about power and control and can involve physical, emotional, sexual and financial abuse, as well as forced marriage, ‘honour-based’ violence, stalking, harassment, isolation and denial. <|eot_id|>
>>> Prediction:
The source text is already at the specified level. 
================================================================================

>>> [Step 100] Prompt:
<|begin_of_text|><|start_header_id|>system<|end_header_id|>

Cutting Knowledge Date: December 2023
Today Date: 26 Jul 2024

You are a helpful text simplification assistant. You are not only an expert in simplifying texts for different readerships, but you are also very good at adapting texts according to the exact needs of the user. You output only the simplified text, no further notes or comments allowed.<|eot_id|><|start_header_id|>user<|end_header_id|>

INSTRUCTION: Simplify the following text such that its Flesch-Kincaid Grade Level (FKGL) score is approximately equal to that specified in the control token prepended to your generated simplification. The control token has the following format: <METRIC=VALUE>. The control token prepended to the source text indicates the FKGL value of the source text. 
SOURCE TEXT: <FKGL=15.8> The school is independent from ourselves and the Governing Body is responsible for setting and applying their own admission criteria.
EXPLANATION: The <FKGL=12.3> token specifies that the target Flesch-Kincaid Grade Level should be approximately 12.3. Lower values indicate simpler text.<|eot_id|><|start_header_id|>assistant<|end_header_id|>

<FKGL=12.3><|eot_id|>
>>> Reference:
The school is independent from us, and the Governing Body is responsible for their own admission criteria. <|eot_id|>
>>> Prediction:
The school is independent from ourselves and the Governing Body is responsible for setting and applying their own admission rules. 
================================================================================

>>> [Step 100] Prompt:
<|begin_of_text|><|start_header_id|>system<|end_header_id|>

Cutting Knowledge Date: December 2023
Today Date: 26 Jul 2024

You are a helpful assistant. You are very good at simplifying texts. When you receive a text for simplification, you simplify it according to the instructions given by the user. Generate only the simplification, without any comments or notes.<|eot_id|><|start_header_id|>user<|end_header_id|>

INSTRUCTION: Simplify the following text such that its Flesch-Kincaid Grade Level (FKGL) score is approximately equal to that specified in the control token prepended to your generated simplification. The control token has the following format: <METRIC=VALUE>. The control token prepended to the source text indicates the FKGL value of the source text. 
SOURCE TEXT: <FKGL=14.2> However, we’ll contact you on an annual basis to offer support or an opportunity to meet to discuss the education being offered to your child.
EXPLANATION: The <FKGL=11.5> token specifies that the target Flesch-Kincaid Grade Level should be approximately 11.5. Lower values indicate simpler text.<|eot_id|><|start_header_id|>assistant<|end_header_id|>

<FKGL=11.5><|eot_id|>
>>> Reference:
However, we’ll contact you once a year to offer support or a chance to meet to discuss the education being offered to your child. <|eot_id|>
>>> Prediction:
If we need to contact you, we will do so once a year. We will offer support or an opportunity to meet to discuss the education being offered to your child. 
================================================================================
{'loss': 0.5981, 'grad_norm': 0.7062491178512573, 'learning_rate': 8.995052426791247e-05, 'epoch': 0.82}
{'eval_loss': 0.5628758072853088, 'eval_runtime': 18.7278, 'eval_samples_per_second': 13.029, 'eval_steps_per_second': 3.257, 'epoch': 0.82}
{'loss': 0.5798, 'grad_norm': 0.613254964351654, 'learning_rate': 8.696896685824731e-05, 'epoch': 0.9}
{'eval_loss': 0.5588361620903015, 'eval_runtime': 18.7273, 'eval_samples_per_second': 13.029, 'eval_steps_per_second': 3.257, 'epoch': 0.9}

>>> [Step 120] Prompt:
<|begin_of_text|><|start_header_id|>system<|end_header_id|>

Cutting Knowledge Date: December 2023
Today Date: 26 Jul 2024

You are a helpful text simplification assistant. You are not only an expert in simplifying texts for different readerships, but you are also very good at adapting texts according to the exact needs of the user. You output only the simplified text, no further notes or comments allowed.<|eot_id|><|start_header_id|>user<|end_header_id|>

INSTRUCTION: Simplify the following text such that its Flesch-Kincaid Grade Level (FKGL) score is approximately equal to that specified in the control token prepended to your generated simplification. The control token has the following format: <METRIC=VALUE>. The control token prepended to the source text indicates the FKGL value of the source text. 
SOURCE TEXT: <FKGL=10.7> In 2002 the Government launched the Housing Market Renewal (HMR) programme, a scheme which aimed to address issues of housing market decline.
EXPLANATION: The <FKGL=10.7> token specifies that the target Flesch-Kincaid Grade Level should be approximately 10.7. Lower values indicate simpler text.<|eot_id|><|start_header_id|>assistant<|end_header_id|>

<FKGL=10.7><|eot_id|>
>>> Reference:
In 2002 the Government launched the Housing Market Renewal (HMR) programme, a scheme which aimed to address issues of housing market decline. <|eot_id|>
>>> Prediction:
The Government launched the Housing Market Renewal (HMR) programme in 2002. This scheme aimed to address issues of housing market decline. 
================================================================================

>>> [Step 120] Prompt:
<|begin_of_text|><|start_header_id|>system<|end_header_id|>

Cutting Knowledge Date: December 2023
Today Date: 26 Jul 2024

You are an expert in controlled text simplification. When you receive a text from the user, you carefully adapt it to the simplification level specified by the user. Please generate only the simplified text, without any additional explanations or notes.<|eot_id|><|start_header_id|>user<|end_header_id|>

INSTRUCTION: Simplify the following text such that its Flesch-Kincaid Grade Level (FKGL) score is approximately equal to that specified in the control token prepended to your generated simplification. The control token has the following format: <METRIC=VALUE>. The control token prepended to the source text indicates the FKGL value of the source text. 
SOURCE TEXT: <FKGL=20.9> The Emergency Planning Shared Service is here to provide general assistance to business and voluntary organisations in relation to business continuity management in the event of disruption and / or incidents.
EXPLANATION: The <FKGL=13.5> token specifies that the target Flesch-Kincaid Grade Level should be approximately 13.5. Lower values indicate simpler text.<|eot_id|><|start_header_id|>assistant<|end_header_id|>

<FKGL=13.5><|eot_id|>
>>> Reference:
The Emergency Planning Shared Service is here to provide general assistance to business and voluntary organisations.  The Service can help with managing continuity of businesses in case of disruption and/or in case of incidents <|eot_id|>
>>> Prediction:
The Emergency Planning Shared Service is here to provide general help to business and voluntary organisations in relation to business continuity management in the event of disruption and / or incidents. 
================================================================================

>>> [Step 120] Prompt:
<|begin_of_text|><|start_header_id|>system<|end_header_id|>

Cutting Knowledge Date: December 2023
Today Date: 26 Jul 2024

You are a helpful assistant. You are very good at simplifying texts. When you receive a text for simplification, you simplify it according to the instructions given by the user. Generate only the simplification, without any comments or notes.<|eot_id|><|start_header_id|>user<|end_header_id|>

INSTRUCTION: Simplify the following text such that its Flesch-Kincaid Grade Level (FKGL) score is approximately equal to that specified in the control token prepended to your generated simplification. The control token has the following format: <METRIC=VALUE>. The control token prepended to the source text indicates the FKGL value of the source text. 
SOURCE TEXT: <FKGL=15.4> Our energy partner, The Energy Helpline, then runs an online energy auction with UK energy suppliers to bid for your custom by offering their cheapest and best tariff.
EXPLANATION: The <FKGL=16.2> token specifies that the target Flesch-Kincaid Grade Level should be approximately 16.2. Lower values indicate simpler text.<|eot_id|><|start_header_id|>assistant<|end_header_id|>

<FKGL=16.2><|eot_id|>
>>> Reference:
Our energy partner, The Energy Helpline, then runs an online energy auction with UK energy suppliers to bid for you as a consumer by offering their cheapest and best price. <|eot_id|>
>>> Prediction:
The Energy Helpline, our energy partner, then runs an online energy auction with UK energy suppliers to bid for your custom by offering their cheapest and best tariff. 
================================================================================

>>> [Step 120] Prompt:
<|begin_of_text|><|start_header_id|>system<|end_header_id|>

Cutting Knowledge Date: December 2023
Today Date: 26 Jul 2024

You are an expert in text simplification. When you receive a text for simplification, you generate a simplified version of that text. You carefully study the simplification criteria specified by the user and adapt the text accordingly. Please generate only the simplified text, no other notes or explanations allowed.<|eot_id|><|start_header_id|>user<|end_header_id|>

INSTRUCTION: Simplify the following text such that its Flesch-Kincaid Grade Level (FKGL) score is approximately equal to that specified in the control token prepended to your generated simplification. The control token has the following format: <METRIC=VALUE>. The control token prepended to the source text indicates the FKGL value of the source text. 
SOURCE TEXT: <FKGL=17.8> We usually recover an overpayment of Housing Benefit by accepting a full repayment, or by taking a weekly amount from your future Housing Benefit (also known as ‘claw-back’).
EXPLANATION: The <FKGL=15.8> token specifies that the target Flesch-Kincaid Grade Level should be approximately 15.8. Lower values indicate simpler text.<|eot_id|><|start_header_id|>assistant<|end_header_id|>

<FKGL=15.8><|eot_id|>
>>> Reference:
We usually receive back extra payment of Housing Benefit by accepting a full payback, or by taking a weekly amount from your future Housing Benefit (also known as ‘claw-back’). <|eot_id|>
>>> Prediction:
The Housing Benefit is usually paid back by taking a weekly amount from your future Housing Benefit (also known as ‘claw-back’). 
================================================================================
{'loss': 0.5432, 'grad_norm': 0.49824440479278564, 'learning_rate': 8.366445439085286e-05, 'epoch': 0.98}
{'eval_loss': 0.5564028024673462, 'eval_runtime': 18.7342, 'eval_samples_per_second': 13.024, 'eval_steps_per_second': 3.256, 'epoch': 0.98}
{'loss': 0.5437, 'grad_norm': 0.5825484991073608, 'learning_rate': 8.006585456492029e-05, 'epoch': 1.06}
{'eval_loss': 0.5550276041030884, 'eval_runtime': 18.7348, 'eval_samples_per_second': 13.024, 'eval_steps_per_second': 3.256, 'epoch': 1.06}

>>> [Step 140] Prompt:
<|begin_of_text|><|start_header_id|>system<|end_header_id|>

Cutting Knowledge Date: December 2023
Today Date: 26 Jul 2024

You are a helpful expert in text simplification. You generate a simplified version of the text input by the user. You simplify the text according to the instructions given by the user. When asked to simplify a text, generate only the requested simplification, without any additional comments, notes or explanations.<|eot_id|><|start_header_id|>user<|end_header_id|>

INSTRUCTION: Simplify the following text such that its Flesch-Kincaid Grade Level (FKGL) score is approximately equal to that specified in the control token prepended to your generated simplification. The control token has the following format: <METRIC=VALUE>. The control token prepended to the source text indicates the FKGL value of the source text. 
SOURCE TEXT: <FKGL=14.6> The purpose of the fund is to provide a range of funding, finance, legal and general advice and support to voluntary sector organisations in the city.
EXPLANATION: The <FKGL=8.2> token specifies that the target Flesch-Kincaid Grade Level should be approximately 8.2. Lower values indicate simpler text.<|eot_id|><|start_header_id|>assistant<|end_header_id|>

<FKGL=8.2><|eot_id|>
>>> Reference:
The money is to provide funding, advice and support for community groups in the city.  The advice and support may be financial, legal or general. <|eot_id|>
>>> Prediction:
The purpose of the fund is to give advice and support to voluntary sector organisations in the city. 
================================================================================

>>> [Step 140] Prompt:
<|begin_of_text|><|start_header_id|>system<|end_header_id|>

Cutting Knowledge Date: December 2023
Today Date: 26 Jul 2024

You are an expert in text simplification. When you receive a text for simplification, you generate a simplified version of that text. You carefully study the simplification criteria specified by the user and adapt the text accordingly. Please generate only the simplified text, no other notes or explanations allowed.<|eot_id|><|start_header_id|>user<|end_header_id|>

INSTRUCTION: Simplify the following text such that its Flesch-Kincaid Grade Level (FKGL) score is approximately equal to that specified in the control token prepended to your generated simplification. The control token has the following format: <METRIC=VALUE>. The control token prepended to the source text indicates the FKGL value of the source text. 
SOURCE TEXT: <FKGL=13.1> Neighbourhood Development Plan - A plan will establish the vision and planning policies for the use and development of land in your neighbourhood.
EXPLANATION: The <FKGL=13.1> token specifies that the target Flesch-Kincaid Grade Level should be approximately 13.1. Lower values indicate simpler text.<|eot_id|><|start_header_id|>assistant<|end_header_id|>

<FKGL=13.1><|eot_id|>
>>> Reference:
Neighbourhood Development Plan - A plan will establish the vision and planning policies for the use and development of land in your area. <|eot_id|>
>>> Prediction:
The Neighbourhood Development Plan - A plan will establish the vision and planning policies for the use and development of land in your neighbourhood. 
================================================================================

>>> [Step 140] Prompt:
<|begin_of_text|><|start_header_id|>system<|end_header_id|>

Cutting Knowledge Date: December 2023
Today Date: 26 Jul 2024

You are a helpful assistant. You are very good at simplifying texts. When you receive a text for simplification, you simplify it according to the instructions given by the user. Generate only the simplification, without any comments or notes.<|eot_id|><|start_header_id|>user<|end_header_id|>

INSTRUCTION: Simplify the following text such that its Flesch-Kincaid Grade Level (FKGL) score is approximately equal to that specified in the control token prepended to your generated simplification. The control token has the following format: <METRIC=VALUE>. The control token prepended to the source text indicates the FKGL value of the source text. 
SOURCE TEXT: <FKGL=16.9> There also has to be an ability to pay back the borrowing and refurbishing the library would not produce an income that would divert funds from other Council services at a time of government cuts.
EXPLANATION: The <FKGL=8.9> token specifies that the target Flesch-Kincaid Grade Level should be approximately 8.9. Lower values indicate simpler text.<|eot_id|><|start_header_id|>assistant<|end_header_id|>

<FKGL=8.9><|eot_id|>
>>> Reference:
There also has to be an ability to pay back the borrowing. Improving the library would not produce an income that would move away funds from other Council services at a time of government cuts. <|eot_id|>
>>> Prediction:
The library cannot borrow money if it cannot pay it back. Refurbishing the library would not make money that could be used for other Council services at a time of government cuts. 
================================================================================

>>> [Step 140] Prompt:
<|begin_of_text|><|start_header_id|>system<|end_header_id|>

Cutting Knowledge Date: December 2023
Today Date: 26 Jul 2024

You are an expert in text simplification. When you receive a text for simplification, you generate a simplified version of that text. You carefully study the simplification criteria specified by the user and adapt the text accordingly. Please generate only the simplified text, no other notes or explanations allowed.<|eot_id|><|start_header_id|>user<|end_header_id|>

INSTRUCTION: Simplify the following text such that its Flesch-Kincaid Grade Level (FKGL) score is approximately equal to that specified in the control token prepended to your generated simplification. The control token has the following format: <METRIC=VALUE>. The control token prepended to the source text indicates the FKGL value of the source text. 
SOURCE TEXT: <FKGL=22.0> In a qualifying club there is technically no sale by retail of alcohol (except to guests) as the member owns part of the alcohol stock and the money passing across the bar is merely a mechanism to preserve equity between members where one may consume more than another.
EXPLANATION: The <FKGL=18.5> token specifies that the target Flesch-Kincaid Grade Level should be approximately 18.5. Lower values indicate simpler text.<|eot_id|><|start_header_id|>assistant<|end_header_id|>

<FKGL=18.5><|eot_id|>
>>> Reference:
In a qualifying club there is technically no sale by retail of alcohol (except to guests) as the member owns part of the alcohol and the money passing across the bar is mean members stay equal if one consumes more than another. <|eot_id|>
>>> Prediction:
In a qualifying club there is technically no sale of alcohol (except to guests) as the member owns part of the alcohol stock and the money passing across the bar is just a mechanism to keep the amount of alcohol between members equal where one may consume more than another. 
================================================================================
{'loss': 0.5554, 'grad_norm': 0.466867059469223, 'learning_rate': 7.620460418037388e-05, 'epoch': 1.14}
{'eval_loss': 0.5548570156097412, 'eval_runtime': 18.7398, 'eval_samples_per_second': 13.02, 'eval_steps_per_second': 3.255, 'epoch': 1.14}
{'loss': 0.5035, 'grad_norm': 0.750678300857544, 'learning_rate': 7.211443451095007e-05, 'epoch': 1.22}
{'eval_loss': 0.5512387156486511, 'eval_runtime': 18.7338, 'eval_samples_per_second': 13.025, 'eval_steps_per_second': 3.256, 'epoch': 1.22}

>>> [Step 160] Prompt:
<|begin_of_text|><|start_header_id|>system<|end_header_id|>

Cutting Knowledge Date: December 2023
Today Date: 26 Jul 2024

You are a helpful expert in text simplification. You generate a simplified version of the text input by the user. You simplify the text according to the instructions given by the user. When asked to simplify a text, generate only the requested simplification, without any additional comments, notes or explanations.<|eot_id|><|start_header_id|>user<|end_header_id|>

INSTRUCTION: Simplify the following text such that its Flesch-Kincaid Grade Level (FKGL) score is approximately equal to that specified in the control token prepended to your generated simplification. The control token has the following format: <METRIC=VALUE>. The control token prepended to the source text indicates the FKGL value of the source text. 
SOURCE TEXT: <FKGL=15.8> The school is independent from ourselves and the Governing Body is responsible for setting and applying their own admission criteria.
EXPLANATION: The <FKGL=12.7> token specifies that the target Flesch-Kincaid Grade Level should be approximately 12.7. Lower values indicate simpler text.<|eot_id|><|start_header_id|>assistant<|end_header_id|>

<FKGL=12.7><|eot_id|>
>>> Reference:
The school is seperate and the Governing Body is responsible for setting and applying their own entry criteria. <|eot_id|>
>>> Prediction:
The school is independent from ourselves and the Governing Body is responsible for setting and applying their own admission rules. 
================================================================================

>>> [Step 160] Prompt:
<|begin_of_text|><|start_header_id|>system<|end_header_id|>

Cutting Knowledge Date: December 2023
Today Date: 26 Jul 2024

You are a helpful assistant. You are an expert in controlled text simplification. When you receive a text, you simplify it by rewriting it in a manner that is easier to read. Your simplification is guided by the simplification criteria specified by the user. You generate only the simplification result, without any additional comments or explanations.<|eot_id|><|start_header_id|>user<|end_header_id|>

INSTRUCTION: Simplify the following text such that its Flesch-Kincaid Grade Level (FKGL) score is approximately equal to that specified in the control token prepended to your generated simplification. The control token has the following format: <METRIC=VALUE>. The control token prepended to the source text indicates the FKGL value of the source text. 
SOURCE TEXT: <FKGL=12.7> Where there are no local councils, CIL Regulation 59F requires us to use 15% of CIL to “support the development of the relevant area”.
EXPLANATION: The <FKGL=12.7> token specifies that the target Flesch-Kincaid Grade Level should be approximately 12.7. Lower values indicate simpler text.<|eot_id|><|start_header_id|>assistant<|end_header_id|>

<FKGL=12.7><|eot_id|>
>>> Reference:
Where there are no local councils, CIL Regulation 59F requires us to use 15% of CIL to “support the development of the relevant area”. <|eot_id|>
>>> Prediction:
The CIL Regulation 59F requires us to use 15% of CIL to “support the development of the relevant area”. 
================================================================================

>>> [Step 160] Prompt:
<|begin_of_text|><|start_header_id|>system<|end_header_id|>

Cutting Knowledge Date: December 2023
Today Date: 26 Jul 2024

You are a helpful assistant. You are very good at simplifying texts. When you receive a text for simplification, you simplify it according to the instructions given by the user. Generate only the simplification, without any comments or notes.<|eot_id|><|start_header_id|>user<|end_header_id|>

INSTRUCTION: Simplify the following text such that its Flesch-Kincaid Grade Level (FKGL) score is approximately equal to that specified in the control token prepended to your generated simplification. The control token has the following format: <METRIC=VALUE>. The control token prepended to the source text indicates the FKGL value of the source text. 
SOURCE TEXT: <FKGL=13.4> The final report (below) was endorsed by our Cabinet on 25 October 2006 as the basis for regeneration of the Upper Don Valley.
EXPLANATION: The <FKGL=13.4> token specifies that the target Flesch-Kincaid Grade Level should be approximately 13.4. Lower values indicate simpler text.<|eot_id|><|start_header_id|>assistant<|end_header_id|>

<FKGL=13.4><|eot_id|>
>>> Reference:
The final report (below) was approved by our Cabinet on 25 October 2006 as the basis for regeneration of the Upper Don Valley. * <|eot_id|>
>>> Prediction:
In the final report (below) our Cabinet endorsed on 25 October 2006 the basis for regeneration of the Upper Don Valley. 
================================================================================

>>> [Step 160] Prompt:
<|begin_of_text|><|start_header_id|>system<|end_header_id|>

Cutting Knowledge Date: December 2023
Today Date: 26 Jul 2024

You are an expert in controlled text simplification. When you receive a text from the user, you carefully adapt it to the simplification level specified by the user. Please generate only the simplified text, without any additional explanations or notes.<|eot_id|><|start_header_id|>user<|end_header_id|>

INSTRUCTION: Simplify the following text such that its Flesch-Kincaid Grade Level (FKGL) score is approximately equal to that specified in the control token prepended to your generated simplification. The control token has the following format: <METRIC=VALUE>. The control token prepended to the source text indicates the FKGL value of the source text. 
SOURCE TEXT: <FKGL=13.8> Sheffield’s 5 Levels of need reflect a whole family approach to providing support for children, young people and families  which is flexible and responsive.
EXPLANATION: The <FKGL=12.7> token specifies that the target Flesch-Kincaid Grade Level should be approximately 12.7. Lower values indicate simpler text.<|eot_id|><|start_header_id|>assistant<|end_header_id|>

<FKGL=12.7><|eot_id|>
>>> Reference:
Sheffield’s 5 Levels of need reflect a whole family approach to giving support to children, young people and families which is flexible and responsive. <|eot_id|>
>>> Prediction:
The 5 levels of need reflect a whole family approach to providing support for children, young people and families which is flexible and responsive. 
================================================================================
{'loss': 0.5751, 'grad_norm': 0.5832085013389587, 'learning_rate': 6.783107663311565e-05, 'epoch': 1.3}
{'eval_loss': 0.5480635762214661, 'eval_runtime': 18.7445, 'eval_samples_per_second': 13.017, 'eval_steps_per_second': 3.254, 'epoch': 1.3}
{'loss': 0.5074, 'grad_norm': 0.7499189972877502, 'learning_rate': 6.339194928502517e-05, 'epoch': 1.38}
{'eval_loss': 0.5460588932037354, 'eval_runtime': 18.7721, 'eval_samples_per_second': 12.998, 'eval_steps_per_second': 3.249, 'epoch': 1.38}

>>> [Step 180] Prompt:
<|begin_of_text|><|start_header_id|>system<|end_header_id|>

Cutting Knowledge Date: December 2023
Today Date: 26 Jul 2024

You are a helpful expert in text simplification. You generate a simplified version of the text input by the user. You simplify the text according to the instructions given by the user. When asked to simplify a text, generate only the requested simplification, without any additional comments, notes or explanations.<|eot_id|><|start_header_id|>user<|end_header_id|>

INSTRUCTION: Simplify the following text such that its Flesch-Kincaid Grade Level (FKGL) score is approximately equal to that specified in the control token prepended to your generated simplification. The control token has the following format: <METRIC=VALUE>. The control token prepended to the source text indicates the FKGL value of the source text. 
SOURCE TEXT: <FKGL=11.1> We will keep your information for the shortest possible time and will only share it in the circumstances described above.
EXPLANATION: The <FKGL=9.9> token specifies that the target Flesch-Kincaid Grade Level should be approximately 9.9. Lower values indicate simpler text.<|eot_id|><|start_header_id|>assistant<|end_header_id|>

<FKGL=9.9><|eot_id|>
>>> Reference:
We will keep your details for the shortest possible time and will only share them in the situations stated above. <|eot_id|>
>>> Prediction:
The information you give us will be kept for the shortest possible time. We will only share it in the circumstances described above. 
================================================================================

>>> [Step 180] Prompt:
<|begin_of_text|><|start_header_id|>system<|end_header_id|>

Cutting Knowledge Date: December 2023
Today Date: 26 Jul 2024

You are a helpful assistant. You are an expert in controlled text simplification. When you receive a text, you simplify it by rewriting it in a manner that is easier to read. Your simplification is guided by the simplification criteria specified by the user. You generate only the simplification result, without any additional comments or explanations.<|eot_id|><|start_header_id|>user<|end_header_id|>

INSTRUCTION: Simplify the following text such that its Flesch-Kincaid Grade Level (FKGL) score is approximately equal to that specified in the control token prepended to your generated simplification. The control token has the following format: <METRIC=VALUE>. The control token prepended to the source text indicates the FKGL value of the source text. 
SOURCE TEXT: <FKGL=15.0> A key part of this is determining the affordable housing requirements for the city, including the different sizes and types of affordable housing needed.
EXPLANATION: The <FKGL=13.8> token specifies that the target Flesch-Kincaid Grade Level should be approximately 13.8. Lower values indicate simpler text.<|eot_id|><|start_header_id|>assistant<|end_header_id|>

<FKGL=13.8><|eot_id|>
>>> Reference:
A key part of this is determining the low-cost housing requirements for the city, including the different sizes and types of low-cost housing needed. <|eot_id|>
>>> Prediction:
The affordable housing requirements for the city, including the different sizes and types of affordable housing needed, need to be determined. 
================================================================================

>>> [Step 180] Prompt:
<|begin_of_text|><|start_header_id|>system<|end_header_id|>

Cutting Knowledge Date: December 2023
Today Date: 26 Jul 2024

You are a helpful assistant. You are an expert in controlled text simplification. When you receive a text, you simplify it by rewriting it in a manner that is easier to read. Your simplification is guided by the simplification criteria specified by the user. You generate only the simplification result, without any additional comments or explanations.<|eot_id|><|start_header_id|>user<|end_header_id|>

INSTRUCTION: Simplify the following text such that its Flesch-Kincaid Grade Level (FKGL) score is approximately equal to that specified in the control token prepended to your generated simplification. The control token has the following format: <METRIC=VALUE>. The control token prepended to the source text indicates the FKGL value of the source text. 
SOURCE TEXT: <FKGL=15.8> We work closely with our partners and other private and public sector organisations in Sheffield to ensure that we deliver effectively the needs of our customers.
EXPLANATION: The <FKGL=13.4> token specifies that the target Flesch-Kincaid Grade Level should be approximately 13.4. Lower values indicate simpler text.<|eot_id|><|start_header_id|>assistant<|end_header_id|>

<FKGL=13.4><|eot_id|>
>>> Reference:
We work closely with our partners and other private and public sector organisations in Sheffield to make sure that we meet the needs of our customers. <|eot_id|>
>>> Prediction:
This organisation works closely with our partners and other private and public sector organisations in Sheffield to ensure that we deliver effectively the needs of our customers. 
================================================================================

>>> [Step 180] Prompt:
<|begin_of_text|><|start_header_id|>system<|end_header_id|>

Cutting Knowledge Date: December 2023
Today Date: 26 Jul 2024

You are a helpful expert in text simplification. You generate a simplified version of the text input by the user. You simplify the text according to the instructions given by the user. When asked to simplify a text, generate only the requested simplification, without any additional comments, notes or explanations.<|eot_id|><|start_header_id|>user<|end_header_id|>

INSTRUCTION: Simplify the following text such that its Flesch-Kincaid Grade Level (FKGL) score is approximately equal to that specified in the control token prepended to your generated simplification. The control token has the following format: <METRIC=VALUE>. The control token prepended to the source text indicates the FKGL value of the source text. 
SOURCE TEXT: <FKGL=10.3> If you do not meet the criteria and are refused a Children’s Zero Fare Travel Pass, you have the right to appeal the decision.
EXPLANATION: The <FKGL=10.7> token specifies that the target Flesch-Kincaid Grade Level should be approximately 10.7. Lower values indicate simpler text.<|eot_id|><|start_header_id|>assistant<|end_header_id|>

<FKGL=10.7><|eot_id|>
>>> Reference:
If you do not meet the criteria and are not given a Children’s Zero Fare Travel Pass, you can appeal the decision. <|eot_id|>
>>> Prediction:
The decision to refuse a Children’s Zero Fare Travel Pass is not final. If you do not meet the criteria and are refused a Children’s Zero Fare Travel Pass, you have the right to appeal the decision. 
================================================================================
{'loss': 0.5258, 'grad_norm': 0.6364229321479797, 'learning_rate': 5.8835831982332015e-05, 'epoch': 1.47}
{'eval_loss': 0.5440736413002014, 'eval_runtime': 19.6185, 'eval_samples_per_second': 12.437, 'eval_steps_per_second': 3.109, 'epoch': 1.47}
{'loss': 0.5643, 'grad_norm': 0.5743781924247742, 'learning_rate': 5.420252624646238e-05, 'epoch': 1.55}
{'eval_loss': 0.5435647368431091, 'eval_runtime': 18.7373, 'eval_samples_per_second': 13.022, 'eval_steps_per_second': 3.256, 'epoch': 1.55}

>>> [Step 200] Prompt:
<|begin_of_text|><|start_header_id|>system<|end_header_id|>

Cutting Knowledge Date: December 2023
Today Date: 26 Jul 2024

You are a helpful expert in text simplification. You generate a simplified version of the text input by the user. You simplify the text according to the instructions given by the user. When asked to simplify a text, generate only the requested simplification, without any additional comments, notes or explanations.<|eot_id|><|start_header_id|>user<|end_header_id|>

INSTRUCTION: Simplify the following text such that its Flesch-Kincaid Grade Level (FKGL) score is approximately equal to that specified in the control token prepended to your generated simplification. The control token has the following format: <METRIC=VALUE>. The control token prepended to the source text indicates the FKGL value of the source text. 
SOURCE TEXT: <FKGL=11.1> A forced marriage is defined as ‘a marriage conducted without the valid consent of one or both parties, where duress is a factor’.
EXPLANATION: The <FKGL=9.5> token specifies that the target Flesch-Kincaid Grade Level should be approximately 9.5. Lower values indicate simpler text.<|eot_id|><|start_header_id|>assistant<|end_header_id|>

<FKGL=9.5><|eot_id|>
>>> Reference:
A forced marriage is defined as ‘a marriage performed without the permission of one or both people, where force is a factor <|eot_id|>
>>> Prediction:
The definition of a forced marriage is ‘a marriage done without the valid consent of one or both parties, where force is a factor’. 
================================================================================

>>> [Step 200] Prompt:
<|begin_of_text|><|start_header_id|>system<|end_header_id|>

Cutting Knowledge Date: December 2023
Today Date: 26 Jul 2024

You are a helpful assistant. You are very good at simplifying texts. When you receive a text for simplification, you simplify it according to the instructions given by the user. Generate only the simplification, without any comments or notes.<|eot_id|><|start_header_id|>user<|end_header_id|>

INSTRUCTION: Simplify the following text such that its Flesch-Kincaid Grade Level (FKGL) score is approximately equal to that specified in the control token prepended to your generated simplification. The control token has the following format: <METRIC=VALUE>. The control token prepended to the source text indicates the FKGL value of the source text. 
SOURCE TEXT: <FKGL=16.6> Members were of the opinion that the DPPO is having a positive impact on reducing alcohol related anti-social behaviour/disorder in the area.
EXPLANATION: The <FKGL=17.8> token specifies that the target Flesch-Kincaid Grade Level should be approximately 17.8. Lower values indicate simpler text.<|eot_id|><|start_header_id|>assistant<|end_header_id|>

<FKGL=17.8><|eot_id|>
>>> Reference:
Members were of the opinion that the DPPO is having a positive influence on reducing alcohol related anti-social behaviour/disorder in the area. <|eot_id|>
>>> Prediction:
This is the opinion of the members. The DPPO is having a positive effect on reducing alcohol related anti-social behaviour/disorder in the area. 
================================================================================

>>> [Step 200] Prompt:
<|begin_of_text|><|start_header_id|>system<|end_header_id|>

Cutting Knowledge Date: December 2023
Today Date: 26 Jul 2024

You are a helpful expert in text simplification. You generate a simplified version of the text input by the user. You simplify the text according to the instructions given by the user. When asked to simplify a text, generate only the requested simplification, without any additional comments, notes or explanations.<|eot_id|><|start_header_id|>user<|end_header_id|>

INSTRUCTION: Simplify the following text such that its Flesch-Kincaid Grade Level (FKGL) score is approximately equal to that specified in the control token prepended to your generated simplification. The control token has the following format: <METRIC=VALUE>. The control token prepended to the source text indicates the FKGL value of the source text. 
SOURCE TEXT: <FKGL=15.4> If we receive a complaint, we ’ ll visit the operator to ensure that they ’ re using equipment that is approved, burning a suitable fuel and that it is being used effectively.
EXPLANATION: The <FKGL=13.8> token specifies that the target Flesch-Kincaid Grade Level should be approximately 13.8. Lower values indicate simpler text.<|eot_id|><|start_header_id|>assistant<|end_header_id|>

<FKGL=13.8><|eot_id|>
>>> Reference:
If we receive a complaint we will visit the operator to ensure they are effectively using approved equipment with suitable fuel. <|eot_id|>
>>> Prediction:
The operator will be visited to ensure that they are using equipment that is approved, burning a suitable fuel and that it is being used effectively. 
================================================================================

>>> [Step 200] Prompt:
<|begin_of_text|><|start_header_id|>system<|end_header_id|>

Cutting Knowledge Date: December 2023
Today Date: 26 Jul 2024

You are a helpful text simplification assistant. You are not only an expert in simplifying texts for different readerships, but you are also very good at adapting texts according to the exact needs of the user. You output only the simplified text, no further notes or comments allowed.<|eot_id|><|start_header_id|>user<|end_header_id|>

INSTRUCTION: Simplify the following text such that its Flesch-Kincaid Grade Level (FKGL) score is approximately equal to that specified in the control token prepended to your generated simplification. The control token has the following format: <METRIC=VALUE>. The control token prepended to the source text indicates the FKGL value of the source text. 
SOURCE TEXT: <FKGL=12.3> Books, music, film, free wifi, Chattercraft, homework zone, Book Group for adults, computers, exhibition space, baby time, basic IT sessions.
EXPLANATION: The <FKGL=12.3> token specifies that the target Flesch-Kincaid Grade Level should be approximately 12.3. Lower values indicate simpler text.<|eot_id|><|start_header_id|>assistant<|end_header_id|>

<FKGL=12.3><|eot_id|>
>>> Reference:
Books, music, film, free wifi, Chattercraft, homework zone, Book Group for adults, computers, exhibition space, baby time, basic IT sessions <|eot_id|>
>>> Prediction:
The library offers: books, music, film, free wifi, Chattercraft, homework zone, Book Group for adults, computers, exhibition space, baby time, basic IT sessions. 
================================================================================
{'loss': 0.4734, 'grad_norm': 0.5646828413009644, 'learning_rate': 4.953250790480805e-05, 'epoch': 1.63}
{'eval_loss': 0.5428919792175293, 'eval_runtime': 18.7499, 'eval_samples_per_second': 13.013, 'eval_steps_per_second': 3.253, 'epoch': 1.63}
{'loss': 0.5739, 'grad_norm': 0.7044693231582642, 'learning_rate': 4.486657350028859e-05, 'epoch': 1.71}
{'eval_loss': 0.5407760143280029, 'eval_runtime': 18.7549, 'eval_samples_per_second': 13.01, 'eval_steps_per_second': 3.252, 'epoch': 1.71}

>>> [Step 220] Prompt:
<|begin_of_text|><|start_header_id|>system<|end_header_id|>

Cutting Knowledge Date: December 2023
Today Date: 26 Jul 2024

You are an expert in text simplification. When you receive a text for simplification, you generate a simplified version of that text. You carefully study the simplification criteria specified by the user and adapt the text accordingly. Please generate only the simplified text, no other notes or explanations allowed.<|eot_id|><|start_header_id|>user<|end_header_id|>

INSTRUCTION: Simplify the following text such that its Flesch-Kincaid Grade Level (FKGL) score is approximately equal to that specified in the control token prepended to your generated simplification. The control token has the following format: <METRIC=VALUE>. The control token prepended to the source text indicates the FKGL value of the source text. 
SOURCE TEXT: <FKGL=18.1> In addition, we also use the EIA process to assess the impact on other issues such as financial exclusion and poverty, voluntary, community and faith sector, carers, cohesion and health and wellbeing.
EXPLANATION: The <FKGL=18.5> token specifies that the target Flesch-Kincaid Grade Level should be approximately 18.5. Lower values indicate simpler text.<|eot_id|><|start_header_id|>assistant<|end_header_id|>

<FKGL=18.5><|eot_id|>
>>> Reference:
In addition, we also use the EIA process to look at the impact on other issues such as financial exclusion and poverty, voluntary, community and faith sector, carers, cohesion and health and wellbeing. <|eot_id|>
>>> Prediction:
The EIA process is also used to assess the impact on other issues such as financial exclusion and poverty, voluntary, community and faith sector, carers, cohesion and health and wellbeing. 
================================================================================

>>> [Step 220] Prompt:
<|begin_of_text|><|start_header_id|>system<|end_header_id|>

Cutting Knowledge Date: December 2023
Today Date: 26 Jul 2024

You are a helpful text simplification assistant. You are not only an expert in simplifying texts for different readerships, but you are also very good at adapting texts according to the exact needs of the user. You output only the simplified text, no further notes or comments allowed.<|eot_id|><|start_header_id|>user<|end_header_id|>

INSTRUCTION: Simplify the following text such that its Flesch-Kincaid Grade Level (FKGL) score is approximately equal to that specified in the control token prepended to your generated simplification. The control token has the following format: <METRIC=VALUE>. The control token prepended to the source text indicates the FKGL value of the source text. 
SOURCE TEXT: <FKGL=13.0> Where agreement cannot be reached at the compliance stage and liability orders are moved to the enforcement stage a further £235 will be added to the debt owed.
EXPLANATION: The <FKGL=13.0> token specifies that the target Flesch-Kincaid Grade Level should be approximately 13.0. Lower values indicate simpler text.<|eot_id|><|start_header_id|>assistant<|end_header_id|>

<FKGL=13.0><|eot_id|>
>>> Reference:
Where agreement cannot be made at the compliance stage and liability orders are moved to the enforcement stage a further £235 will be added to the debt owed. <|eot_id|>
>>> Prediction:
The fee of £235 will be added to the debt owed if an agreement cannot be reached at the compliance stage and liability orders are moved to the enforcement stage. 
================================================================================

>>> [Step 220] Prompt:
<|begin_of_text|><|start_header_id|>system<|end_header_id|>

Cutting Knowledge Date: December 2023
Today Date: 26 Jul 2024

You are a helpful expert in text simplification. You generate a simplified version of the text input by the user. You simplify the text according to the instructions given by the user. When asked to simplify a text, generate only the requested simplification, without any additional comments, notes or explanations.<|eot_id|><|start_header_id|>user<|end_header_id|>

INSTRUCTION: Simplify the following text such that its Flesch-Kincaid Grade Level (FKGL) score is approximately equal to that specified in the control token prepended to your generated simplification. The control token has the following format: <METRIC=VALUE>. The control token prepended to the source text indicates the FKGL value of the source text. 
SOURCE TEXT: <FKGL=12.2> Key workers work evenings and weekends and spend several hours each week with each family, and are flexible with visit times in response to the needs of the families.
EXPLANATION: The <FKGL=12.3> token specifies that the target Flesch-Kincaid Grade Level should be approximately 12.3. Lower values indicate simpler text.<|eot_id|><|start_header_id|>assistant<|end_header_id|>

<FKGL=12.3><|eot_id|>
>>> Reference:
Key workers work evenings and weekends, spend several hours per week with each family, and are flexible with visit times for the needs of the families. <|eot_id|>
>>> Prediction:
We have key workers who work evenings and weekends and spend several hours each week with each family. They are flexible with visit times in response to the needs of the families. 
================================================================================

>>> [Step 220] Prompt:
<|begin_of_text|><|start_header_id|>system<|end_header_id|>

Cutting Knowledge Date: December 2023
Today Date: 26 Jul 2024

You are a helpful assistant. You are an expert in controlled text simplification. When you receive a text, you simplify it by rewriting it in a manner that is easier to read. Your simplification is guided by the simplification criteria specified by the user. You generate only the simplification result, without any additional comments or explanations.<|eot_id|><|start_header_id|>user<|end_header_id|>

INSTRUCTION: Simplify the following text such that its Flesch-Kincaid Grade Level (FKGL) score is approximately equal to that specified in the control token prepended to your generated simplification. The control token has the following format: <METRIC=VALUE>. The control token prepended to the source text indicates the FKGL value of the source text. 
SOURCE TEXT: <FKGL=12.7> The Register of Members' Interests is also open for inspection by the public during normal office hours at the Town Hall, Pinstone Street, Sheffield.
EXPLANATION: The <FKGL=12.7> token specifies that the target Flesch-Kincaid Grade Level should be approximately 12.7. Lower values indicate simpler text.<|eot_id|><|start_header_id|>assistant<|end_header_id|>

<FKGL=12.7><|eot_id|>
>>> Reference:
The Register of Members' Interests is also open for viewing by the public during normal office hours at the Town Hall, Pinstone Street, Sheffield. <|eot_id|>
>>> Prediction:
The Register of Members' Interests is also open for inspection by the public during normal office hours at the Town Hall, Pinstone Street, Sheffield. 
================================================================================
{'loss': 0.5616, 'grad_norm': 0.5296517014503479, 'learning_rate': 4.0245483899193595e-05, 'epoch': 1.79}
{'eval_loss': 0.5390848517417908, 'eval_runtime': 18.751, 'eval_samples_per_second': 13.013, 'eval_steps_per_second': 3.253, 'epoch': 1.79}
{'loss': 0.5085, 'grad_norm': 0.6432569622993469, 'learning_rate': 3.5709608210690125e-05, 'epoch': 1.88}
{'eval_loss': 0.5390841364860535, 'eval_runtime': 18.7838, 'eval_samples_per_second': 12.99, 'eval_steps_per_second': 3.247, 'epoch': 1.88}

>>> [Step 240] Prompt:
<|begin_of_text|><|start_header_id|>system<|end_header_id|>

Cutting Knowledge Date: December 2023
Today Date: 26 Jul 2024

You are an expert in controlled text simplification. When you receive a text from the user, you carefully adapt it to the simplification level specified by the user. Please generate only the simplified text, without any additional explanations or notes.<|eot_id|><|start_header_id|>user<|end_header_id|>

INSTRUCTION: Simplify the following text such that its Flesch-Kincaid Grade Level (FKGL) score is approximately equal to that specified in the control token prepended to your generated simplification. The control token has the following format: <METRIC=VALUE>. The control token prepended to the source text indicates the FKGL value of the source text. 
SOURCE TEXT: <FKGL=13.0> It doesn't need a Conclusion section and should state that the plan is not limited to its current contents, that it will adapt and adopt new measures / techniques as they evolve.
EXPLANATION: The <FKGL=7.4> token specifies that the target Flesch-Kincaid Grade Level should be approximately 7.4. Lower values indicate simpler text.<|eot_id|><|start_header_id|>assistant<|end_header_id|>

<FKGL=7.4><|eot_id|>
>>> Reference:
It doesn't need a conclusion section. It should state that the plan is not just the current ideas, but that it will adapt and involve new measures and techniques as the plan develops. <|eot_id|>
>>> Prediction:
The plan does not need a Conclusion section. It should state that the plan is not limited to its current contents, that it will adapt and adopt new measures / techniques as they evolve. 
================================================================================

>>> [Step 240] Prompt:
<|begin_of_text|><|start_header_id|>system<|end_header_id|>

Cutting Knowledge Date: December 2023
Today Date: 26 Jul 2024

You are a helpful expert in text simplification. You generate a simplified version of the text input by the user. You simplify the text according to the instructions given by the user. When asked to simplify a text, generate only the requested simplification, without any additional comments, notes or explanations.<|eot_id|><|start_header_id|>user<|end_header_id|>

INSTRUCTION: Simplify the following text such that its Flesch-Kincaid Grade Level (FKGL) score is approximately equal to that specified in the control token prepended to your generated simplification. The control token has the following format: <METRIC=VALUE>. The control token prepended to the source text indicates the FKGL value of the source text. 
SOURCE TEXT: <FKGL=10.3> If you do not meet the criteria and are refused a Children’s Zero Fare Travel Pass, you have the right to appeal the decision.
EXPLANATION: The <FKGL=10.7> token specifies that the target Flesch-Kincaid Grade Level should be approximately 10.7. Lower values indicate simpler text.<|eot_id|><|start_header_id|>assistant<|end_header_id|>

<FKGL=10.7><|eot_id|>
>>> Reference:
If you do not meet the criteria and are not given a Children’s Zero Fare Travel Pass, you can appeal the decision. <|eot_id|>
>>> Prediction:
The Children’s Zero Fare Travel Pass is not available to you.  You have the right to appeal the decision. 
================================================================================

>>> [Step 240] Prompt:
<|begin_of_text|><|start_header_id|>system<|end_header_id|>

Cutting Knowledge Date: December 2023
Today Date: 26 Jul 2024

You are a helpful expert in text simplification. You generate a simplified version of the text input by the user. You simplify the text according to the instructions given by the user. When asked to simplify a text, generate only the requested simplification, without any additional comments, notes or explanations.<|eot_id|><|start_header_id|>user<|end_header_id|>

INSTRUCTION: Simplify the following text such that its Flesch-Kincaid Grade Level (FKGL) score is approximately equal to that specified in the control token prepended to your generated simplification. The control token has the following format: <METRIC=VALUE>. The control token prepended to the source text indicates the FKGL value of the source text. 
SOURCE TEXT: <FKGL=13.1> If your child is in hospital, wherever possible they will be supported to continue with their education through our team of teachers.
EXPLANATION: The <FKGL=13.0> token specifies that the target Flesch-Kincaid Grade Level should be approximately 13.0. Lower values indicate simpler text.<|eot_id|><|start_header_id|>assistant<|end_header_id|>

<FKGL=13.0><|eot_id|>
>>> Reference:
If your child is in hospital, wherever possible they will be supported to continue with their education with the help of our team of teachers. <|eot_id|>
>>> Prediction:
The child will be supported to continue with their education through our team of teachers if they are in hospital. 
================================================================================

>>> [Step 240] Prompt:
<|begin_of_text|><|start_header_id|>system<|end_header_id|>

Cutting Knowledge Date: December 2023
Today Date: 26 Jul 2024

You are a helpful text simplification assistant. You are not only an expert in simplifying texts for different readerships, but you are also very good at adapting texts according to the exact needs of the user. You output only the simplified text, no further notes or comments allowed.<|eot_id|><|start_header_id|>user<|end_header_id|>

INSTRUCTION: Simplify the following text such that its Flesch-Kincaid Grade Level (FKGL) score is approximately equal to that specified in the control token prepended to your generated simplification. The control token has the following format: <METRIC=VALUE>. The control token prepended to the source text indicates the FKGL value of the source text. 
SOURCE TEXT: <FKGL=10.7> In 2002 the Government launched the Housing Market Renewal (HMR) programme, a scheme which aimed to address issues of housing market decline.
EXPLANATION: The <FKGL=10.7> token specifies that the target Flesch-Kincaid Grade Level should be approximately 10.7. Lower values indicate simpler text.<|eot_id|><|start_header_id|>assistant<|end_header_id|>

<FKGL=10.7><|eot_id|>
>>> Reference:
In 2002 the Government launched the Housing Market Renewal (HMR) programme, a scheme which aimed to address issues of housing market decline. <|eot_id|>
>>> Prediction:
The Government launched the Housing Market Renewal (HMR) programme in 2002, a scheme which aimed to address issues of housing market decline. 
================================================================================
{'loss': 0.4955, 'grad_norm': 0.9855719208717346, 'learning_rate': 3.129857112865859e-05, 'epoch': 1.96}
{'eval_loss': 0.5372576117515564, 'eval_runtime': 18.761, 'eval_samples_per_second': 13.006, 'eval_steps_per_second': 3.251, 'epoch': 1.96}
{'loss': 0.5641, 'grad_norm': 0.5995321869850159, 'learning_rate': 2.705090677662311e-05, 'epoch': 2.03}
{'eval_loss': 0.5371780395507812, 'eval_runtime': 18.7336, 'eval_samples_per_second': 13.025, 'eval_steps_per_second': 3.256, 'epoch': 2.03}

>>> [Step 260] Prompt:
<|begin_of_text|><|start_header_id|>system<|end_header_id|>

Cutting Knowledge Date: December 2023
Today Date: 26 Jul 2024

You are a helpful text simplification assistant. You are not only an expert in simplifying texts for different readerships, but you are also very good at adapting texts according to the exact needs of the user. You output only the simplified text, no further notes or comments allowed.<|eot_id|><|start_header_id|>user<|end_header_id|>

INSTRUCTION: Simplify the following text such that its Flesch-Kincaid Grade Level (FKGL) score is approximately equal to that specified in the control token prepended to your generated simplification. The control token has the following format: <METRIC=VALUE>. The control token prepended to the source text indicates the FKGL value of the source text. 
SOURCE TEXT: <FKGL=17.0> The expected developer contribution towards affordable housing varies between 0% and 30%, depending on which Affordable Housing Market Area the site is in.
EXPLANATION: The <FKGL=17.0> token specifies that the target Flesch-Kincaid Grade Level should be approximately 17.0. Lower values indicate simpler text.<|eot_id|><|start_header_id|>assistant<|end_header_id|>

<FKGL=17.0><|eot_id|>
>>> Reference:
The expected developer contribution towards affordable housing is between 0% and 30%, depending on which Affordable Housing Market Area the site is in <|eot_id|>
>>> Prediction:
The expected developer contribution towards affordable housing varies between 0% and 30%, depending on which Affordable Housing Market Area the site is in. 
================================================================================

>>> [Step 260] Prompt:
<|begin_of_text|><|start_header_id|>system<|end_header_id|>

Cutting Knowledge Date: December 2023
Today Date: 26 Jul 2024

You are a helpful expert in text simplification. You generate a simplified version of the text input by the user. You simplify the text according to the instructions given by the user. When asked to simplify a text, generate only the requested simplification, without any additional comments, notes or explanations.<|eot_id|><|start_header_id|>user<|end_header_id|>

INSTRUCTION: Simplify the following text such that its Flesch-Kincaid Grade Level (FKGL) score is approximately equal to that specified in the control token prepended to your generated simplification. The control token has the following format: <METRIC=VALUE>. The control token prepended to the source text indicates the FKGL value of the source text. 
SOURCE TEXT: <FKGL=11.5> Not every house that is occupied on 3 storeys by 5 or more people requires a licence so may not appear on our list of licensed houses.
EXPLANATION: The <FKGL=12.3> token specifies that the target Flesch-Kincaid Grade Level should be approximately 12.3. Lower values indicate simpler text.<|eot_id|><|start_header_id|>assistant<|end_header_id|>

<FKGL=12.3><|eot_id|>
>>> Reference:
Not every house( occupied on 3 storeys by 5 or more people) requires a licence, so it may not appear on our list of licensed houses. <|eot_id|>
>>> Prediction:
We cannot list every house that is occupied on 3 floors by 5 or more people because it may not need a licence. 
================================================================================

>>> [Step 260] Prompt:
<|begin_of_text|><|start_header_id|>system<|end_header_id|>

Cutting Knowledge Date: December 2023
Today Date: 26 Jul 2024

You are an expert in controlled text simplification. When you receive a text from the user, you carefully adapt it to the simplification level specified by the user. Please generate only the simplified text, without any additional explanations or notes.<|eot_id|><|start_header_id|>user<|end_header_id|>

INSTRUCTION: Simplify the following text such that its Flesch-Kincaid Grade Level (FKGL) score is approximately equal to that specified in the control token prepended to your generated simplification. The control token has the following format: <METRIC=VALUE>. The control token prepended to the source text indicates the FKGL value of the source text. 
SOURCE TEXT: <FKGL=16.5> It is in the interest of the candidate to ascertain that the car they intend to use is insured for the purpose of taking the Taxi/Private Hire test as they will be required to sign a document to that effect.
EXPLANATION: The <FKGL=17.3> token specifies that the target Flesch-Kincaid Grade Level should be approximately 17.3. Lower values indicate simpler text.<|eot_id|><|start_header_id|>assistant<|end_header_id|>

<FKGL=17.3><|eot_id|>
>>> Reference:
It is a good idea for the candidate to determine whether the car they will use is insured for taking the Taxi/Private Hire test as they will be required to sign a document that confirms the car is insured. <|eot_id|>
>>> Prediction:
The candidate should make sure the car they intend to use is insured for the purpose of taking the Taxi/Private Hire test as they will be required to sign a document to that effect. 
================================================================================

>>> [Step 260] Prompt:
<|begin_of_text|><|start_header_id|>system<|end_header_id|>

Cutting Knowledge Date: December 2023
Today Date: 26 Jul 2024

You are a helpful assistant. You are very good at simplifying texts. When you receive a text for simplification, you simplify it according to the instructions given by the user. Generate only the simplification, without any comments or notes.<|eot_id|><|start_header_id|>user<|end_header_id|>

INSTRUCTION: Simplify the following text such that its Flesch-Kincaid Grade Level (FKGL) score is approximately equal to that specified in the control token prepended to your generated simplification. The control token has the following format: <METRIC=VALUE>. The control token prepended to the source text indicates the FKGL value of the source text. 
SOURCE TEXT: <FKGL=14.2> However, we’ll contact you on an annual basis to offer support or an opportunity to meet to discuss the education being offered to your child.
EXPLANATION: The <FKGL=11.5> token specifies that the target Flesch-Kincaid Grade Level should be approximately 11.5. Lower values indicate simpler text.<|eot_id|><|start_header_id|>assistant<|end_header_id|>

<FKGL=11.5><|eot_id|>
>>> Reference:
However, we’ll contact you once a year to offer support or a chance to meet to discuss the education being offered to your child. <|eot_id|>
>>> Prediction:
The support or opportunity to meet will be offered to you annually. 
================================================================================
{'loss': 0.5324, 'grad_norm': 0.8971338272094727, 'learning_rate': 2.300372207973219e-05, 'epoch': 2.11}
{'eval_loss': 0.5368017554283142, 'eval_runtime': 18.7479, 'eval_samples_per_second': 13.015, 'eval_steps_per_second': 3.254, 'epoch': 2.11}
{'loss': 0.4821, 'grad_norm': 0.589781641960144, 'learning_rate': 1.9192372604519127e-05, 'epoch': 2.2}
{'eval_loss': 0.5355932712554932, 'eval_runtime': 18.7314, 'eval_samples_per_second': 13.026, 'eval_steps_per_second': 3.257, 'epoch': 2.2}

>>> [Step 280] Prompt:
<|begin_of_text|><|start_header_id|>system<|end_header_id|>

Cutting Knowledge Date: December 2023
Today Date: 26 Jul 2024

You are a helpful text simplification assistant. You are not only an expert in simplifying texts for different readerships, but you are also very good at adapting texts according to the exact needs of the user. You output only the simplified text, no further notes or comments allowed.<|eot_id|><|start_header_id|>user<|end_header_id|>

INSTRUCTION: Simplify the following text such that its Flesch-Kincaid Grade Level (FKGL) score is approximately equal to that specified in the control token prepended to your generated simplification. The control token has the following format: <METRIC=VALUE>. The control token prepended to the source text indicates the FKGL value of the source text. 
SOURCE TEXT: <FKGL=11.5> On the night of 11 March 1864, the embankment of the Dale Dyke Dam collapsed and released 114 million cubic feet of water into the Loxley Valley.
EXPLANATION: The <FKGL=9.1> token specifies that the target Flesch-Kincaid Grade Level should be approximately 9.1. Lower values indicate simpler text.<|eot_id|><|start_header_id|>assistant<|end_header_id|>

<FKGL=9.1><|eot_id|>
>>> Reference:
On the night of 11 March 1864, the  Dale Dyke Dam failed and released 114 million cubic feet of water into the Loxley Valley. <|eot_id|>
>>> Prediction:
It was on the night of 11 March 1864 that the embankment of the Dale Dyke Dam collapsed and released 114 million cubic feet of water into the Loxley Valley. 
================================================================================

>>> [Step 280] Prompt:
<|begin_of_text|><|start_header_id|>system<|end_header_id|>

Cutting Knowledge Date: December 2023
Today Date: 26 Jul 2024

You are a helpful assistant. You are very good at simplifying texts. When you receive a text for simplification, you simplify it according to the instructions given by the user. Generate only the simplification, without any comments or notes.<|eot_id|><|start_header_id|>user<|end_header_id|>

INSTRUCTION: Simplify the following text such that its Flesch-Kincaid Grade Level (FKGL) score is approximately equal to that specified in the control token prepended to your generated simplification. The control token has the following format: <METRIC=VALUE>. The control token prepended to the source text indicates the FKGL value of the source text. 
SOURCE TEXT: <FKGL=11.5> It is really important for us to understand what’s happening in the housing market, and to be aware of how this may be changing.
EXPLANATION: The <FKGL=11.5> token specifies that the target Flesch-Kincaid Grade Level should be approximately 11.5. Lower values indicate simpler text.<|eot_id|><|start_header_id|>assistant<|end_header_id|>

<FKGL=11.5><|eot_id|>
>>> Reference:
It is really important for us to understand what’s happening in the housing market, and to be aware of how this may be changing. <|eot_id|>
>>> Prediction:
The housing market is changing and it is really important for us to understand what’s happening in the housing market, and to be aware of how this may be changing. 
================================================================================

>>> [Step 280] Prompt:
<|begin_of_text|><|start_header_id|>system<|end_header_id|>

Cutting Knowledge Date: December 2023
Today Date: 26 Jul 2024

You are a helpful expert in text simplification. You generate a simplified version of the text input by the user. You simplify the text according to the instructions given by the user. When asked to simplify a text, generate only the requested simplification, without any additional comments, notes or explanations.<|eot_id|><|start_header_id|>user<|end_header_id|>

INSTRUCTION: Simplify the following text such that its Flesch-Kincaid Grade Level (FKGL) score is approximately equal to that specified in the control token prepended to your generated simplification. The control token has the following format: <METRIC=VALUE>. The control token prepended to the source text indicates the FKGL value of the source text. 
SOURCE TEXT: <FKGL=13.8> Voluntary Aided Schools, Foundation Schools, Trusts and Academies are free to set their own calendar but are asked to adopt our model for consistency.
EXPLANATION: The <FKGL=13.8> token specifies that the target Flesch-Kincaid Grade Level should be approximately 13.8. Lower values indicate simpler text.<|eot_id|><|start_header_id|>assistant<|end_header_id|>

<FKGL=13.8><|eot_id|>
>>> Reference:
Voluntary Aided Schools, Foundation Schools, Trusts and Academies are free to set their own calendar but are asked to follow our model for consistency. <|eot_id|>
>>> Prediction:
We suggest that Voluntary Aided Schools, Foundation Schools, Trusts and Academies follow our model for consistency. 
================================================================================

>>> [Step 280] Prompt:
<|begin_of_text|><|start_header_id|>system<|end_header_id|>

Cutting Knowledge Date: December 2023
Today Date: 26 Jul 2024

You are a helpful expert in text simplification. You generate a simplified version of the text input by the user. You simplify the text according to the instructions given by the user. When asked to simplify a text, generate only the requested simplification, without any additional comments, notes or explanations.<|eot_id|><|start_header_id|>user<|end_header_id|>

INSTRUCTION: Simplify the following text such that its Flesch-Kincaid Grade Level (FKGL) score is approximately equal to that specified in the control token prepended to your generated simplification. The control token has the following format: <METRIC=VALUE>. The control token prepended to the source text indicates the FKGL value of the source text. 
SOURCE TEXT: <FKGL=11.5> We have already spent millions on fire safety in our council homes and improvement works have been carried out over the last 5 years.
EXPLANATION: The <FKGL=11.5> token specifies that the target Flesch-Kincaid Grade Level should be approximately 11.5. Lower values indicate simpler text.<|eot_id|><|start_header_id|>assistant<|end_header_id|>

<FKGL=11.5><|eot_id|>
>>> Reference:
We have already spent millions on fire safety in our council homes and improvement works have been carried out over the last 5 years. <|eot_id|>
>>> Prediction:
The fire safety in our council homes has been improved over the last 5 years. We have already spent millions on fire safety. 
================================================================================
{'loss': 0.4868, 'grad_norm': 0.6950313448905945, 'learning_rate': 1.5650153698254916e-05, 'epoch': 2.28}
{'eval_loss': 0.5356268882751465, 'eval_runtime': 18.7447, 'eval_samples_per_second': 13.017, 'eval_steps_per_second': 3.254, 'epoch': 2.28}
{'loss': 0.4957, 'grad_norm': 0.5987865924835205, 'learning_rate': 1.2408009626051137e-05, 'epoch': 2.36}
{'eval_loss': 0.5355932712554932, 'eval_runtime': 18.7279, 'eval_samples_per_second': 13.029, 'eval_steps_per_second': 3.257, 'epoch': 2.36}

>>> [Step 300] Prompt:
<|begin_of_text|><|start_header_id|>system<|end_header_id|>

Cutting Knowledge Date: December 2023
Today Date: 26 Jul 2024

You are a helpful text simplification assistant. You are not only an expert in simplifying texts for different readerships, but you are also very good at adapting texts according to the exact needs of the user. You output only the simplified text, no further notes or comments allowed.<|eot_id|><|start_header_id|>user<|end_header_id|>

INSTRUCTION: Simplify the following text such that its Flesch-Kincaid Grade Level (FKGL) score is approximately equal to that specified in the control token prepended to your generated simplification. The control token has the following format: <METRIC=VALUE>. The control token prepended to the source text indicates the FKGL value of the source text. 
SOURCE TEXT: <FKGL=16.6> We also have a ‘Housing Market Renewal Developer Manual’ that explains a wide range of design quality issues pertinent to residential areas.
EXPLANATION: The <FKGL=15.8> token specifies that the target Flesch-Kincaid Grade Level should be approximately 15.8. Lower values indicate simpler text.<|eot_id|><|start_header_id|>assistant<|end_header_id|>

<FKGL=15.8><|eot_id|>
>>> Reference:
We also have a ‘Housing Market Renewal Developer Manual’ that explains a wide range of design quality issues that apply to residential areas. <|eot_id|>
>>> Prediction:
The ‘Housing Market Renewal Developer Manual’ explains a wide range of design quality issues important to residential areas. 
================================================================================

>>> [Step 300] Prompt:
<|begin_of_text|><|start_header_id|>system<|end_header_id|>

Cutting Knowledge Date: December 2023
Today Date: 26 Jul 2024

You are an expert in text simplification. When you receive a text for simplification, you generate a simplified version of that text. You carefully study the simplification criteria specified by the user and adapt the text accordingly. Please generate only the simplified text, no other notes or explanations allowed.<|eot_id|><|start_header_id|>user<|end_header_id|>

INSTRUCTION: Simplify the following text such that its Flesch-Kincaid Grade Level (FKGL) score is approximately equal to that specified in the control token prepended to your generated simplification. The control token has the following format: <METRIC=VALUE>. The control token prepended to the source text indicates the FKGL value of the source text. 
SOURCE TEXT: <FKGL=17.8> We usually recover an overpayment of Housing Benefit by accepting a full repayment, or by taking a weekly amount from your future Housing Benefit (also known as ‘claw-back’).
EXPLANATION: The <FKGL=15.8> token specifies that the target Flesch-Kincaid Grade Level should be approximately 15.8. Lower values indicate simpler text.<|eot_id|><|start_header_id|>assistant<|end_header_id|>

<FKGL=15.8><|eot_id|>
>>> Reference:
We usually receive back extra payment of Housing Benefit by accepting a full payback, or by taking a weekly amount from your future Housing Benefit (also known as ‘claw-back’). <|eot_id|>
>>> Prediction:
It is usual to recover an overpayment of Housing Benefit by accepting a full repayment, or by taking a weekly amount from your future Housing Benefit (also known as ‘claw-back’). 
================================================================================

>>> [Step 300] Prompt:
<|begin_of_text|><|start_header_id|>system<|end_header_id|>

Cutting Knowledge Date: December 2023
Today Date: 26 Jul 2024

You are a helpful text simplification assistant. You are not only an expert in simplifying texts for different readerships, but you are also very good at adapting texts according to the exact needs of the user. You output only the simplified text, no further notes or comments allowed.<|eot_id|><|start_header_id|>user<|end_header_id|>

INSTRUCTION: Simplify the following text such that its Flesch-Kincaid Grade Level (FKGL) score is approximately equal to that specified in the control token prepended to your generated simplification. The control token has the following format: <METRIC=VALUE>. The control token prepended to the source text indicates the FKGL value of the source text. 
SOURCE TEXT: <FKGL=18.5> The men acquired a wide range of new skills very different from their pre-war occupations including hand stencilling using specially adapted brushes and tools, screen printing, block printing, spray painting and garment manufacture.
EXPLANATION: The <FKGL=15.0> token specifies that the target Flesch-Kincaid Grade Level should be approximately 15.0. Lower values indicate simpler text.<|eot_id|><|start_header_id|>assistant<|end_header_id|>

<FKGL=15.0><|eot_id|>
>>> Reference:
The men acquired lots of new skills very different from their pre-war jobs including hand stencilling using special brushes and tools, screen printing, block printing, spray painting and clothes manufacture <|eot_id|>
>>> Prediction:
The men acquired a wide range of new skills very different from their pre-war occupations including hand stencilling using special brushes and tools, screen printing, block printing, spray painting and garment making. 
================================================================================

>>> [Step 300] Prompt:
<|begin_of_text|><|start_header_id|>system<|end_header_id|>

Cutting Knowledge Date: December 2023
Today Date: 26 Jul 2024

You are an expert in text simplification. When you receive a text for simplification, you generate a simplified version of that text. You carefully study the simplification criteria specified by the user and adapt the text accordingly. Please generate only the simplified text, no other notes or explanations allowed.<|eot_id|><|start_header_id|>user<|end_header_id|>

INSTRUCTION: Simplify the following text such that its Flesch-Kincaid Grade Level (FKGL) score is approximately equal to that specified in the control token prepended to your generated simplification. The control token has the following format: <METRIC=VALUE>. The control token prepended to the source text indicates the FKGL value of the source text. 
SOURCE TEXT: <FKGL=18.1> In addition, we also use the EIA process to assess the impact on other issues such as financial exclusion and poverty, voluntary, community and faith sector, carers, cohesion and health and wellbeing.
EXPLANATION: The <FKGL=18.5> token specifies that the target Flesch-Kincaid Grade Level should be approximately 18.5. Lower values indicate simpler text.<|eot_id|><|start_header_id|>assistant<|end_header_id|>

<FKGL=18.5><|eot_id|>
>>> Reference:
In addition, we also use the EIA process to look at the impact on other issues such as financial exclusion and poverty, voluntary, community and faith sector, carers, cohesion and health and wellbeing. <|eot_id|>
>>> Prediction:
The EIA process is also used to assess the impact on other issues such as financial exclusion and poverty, voluntary, community and faith sector, carers, cohesion and health and wellbeing. 
================================================================================
{'loss': 0.5268, 'grad_norm': 0.9836227893829346, 'learning_rate': 9.494263246645474e-06, 'epoch': 2.44}
{'eval_loss': 0.5352106690406799, 'eval_runtime': 18.7381, 'eval_samples_per_second': 13.022, 'eval_steps_per_second': 3.255, 'epoch': 2.44}
{'loss': 0.5086, 'grad_norm': 0.6451100707054138, 'learning_rate': 6.934368588379553e-06, 'epoch': 2.52}
{'eval_loss': 0.5350862741470337, 'eval_runtime': 18.7656, 'eval_samples_per_second': 13.003, 'eval_steps_per_second': 3.251, 'epoch': 2.52}

>>> [Step 320] Prompt:
<|begin_of_text|><|start_header_id|>system<|end_header_id|>

Cutting Knowledge Date: December 2023
Today Date: 26 Jul 2024

You are a helpful expert in text simplification. You generate a simplified version of the text input by the user. You simplify the text according to the instructions given by the user. When asked to simplify a text, generate only the requested simplification, without any additional comments, notes or explanations.<|eot_id|><|start_header_id|>user<|end_header_id|>

INSTRUCTION: Simplify the following text such that its Flesch-Kincaid Grade Level (FKGL) score is approximately equal to that specified in the control token prepended to your generated simplification. The control token has the following format: <METRIC=VALUE>. The control token prepended to the source text indicates the FKGL value of the source text. 
SOURCE TEXT: <FKGL=21.3> As well as providing a 'green lung' in this built up area and catering for general amenity, the gardens have outstanding plant collections, making them a centre for horticultural excellence and providing educational opportunities.
EXPLANATION: The <FKGL=20.1> token specifies that the target Flesch-Kincaid Grade Level should be approximately 20.1. Lower values indicate simpler text.<|eot_id|><|start_header_id|>assistant<|end_header_id|>

<FKGL=20.1><|eot_id|>
>>> Reference:
As well as providing a 'green lung' in this built up area and catering for general products, the gardens have outstanding plant collections, making them a model for gardening excellence and providing educational opportunities. <|eot_id|>
>>> Prediction:
If you need to be able to read and understand the text, then you should be able to read and understand this version of the text.  As well as providing a 'green lung' in this built up area and catering for general amenity, the gardens have excellent plant collections, making them a centre for horticultural excellence and providing educational opportunities. 
================================================================================

>>> [Step 320] Prompt:
<|begin_of_text|><|start_header_id|>system<|end_header_id|>

Cutting Knowledge Date: December 2023
Today Date: 26 Jul 2024

You are an expert in text simplification. When you receive a text for simplification, you generate a simplified version of that text. You carefully study the simplification criteria specified by the user and adapt the text accordingly. Please generate only the simplified text, no other notes or explanations allowed.<|eot_id|><|start_header_id|>user<|end_header_id|>

INSTRUCTION: Simplify the following text such that its Flesch-Kincaid Grade Level (FKGL) score is approximately equal to that specified in the control token prepended to your generated simplification. The control token has the following format: <METRIC=VALUE>. The control token prepended to the source text indicates the FKGL value of the source text. 
SOURCE TEXT: <FKGL=14.2> If the item is in stock in Sheffield, your request will be placed immediately and you will be notified by post or by email as soon as a copy becomes available.
EXPLANATION: The <FKGL=14.2> token specifies that the target Flesch-Kincaid Grade Level should be approximately 14.2. Lower values indicate simpler text.<|eot_id|><|start_header_id|>assistant<|end_header_id|>

<FKGL=14.2><|eot_id|>
>>> Reference:
If the item is in stock in Sheffield, your request will be placed immediately and you will be contacted by post or by email as soon as a copy becomes available <|eot_id|>
>>> Prediction:
The item is in stock in Sheffield. Your request will be placed immediately and you will be notified by post or by email as soon as a copy becomes available. 
================================================================================

>>> [Step 320] Prompt:
<|begin_of_text|><|start_header_id|>system<|end_header_id|>

Cutting Knowledge Date: December 2023
Today Date: 26 Jul 2024

You are a helpful assistant. You are an expert in controlled text simplification. When you receive a text, you simplify it by rewriting it in a manner that is easier to read. Your simplification is guided by the simplification criteria specified by the user. You generate only the simplification result, without any additional comments or explanations.<|eot_id|><|start_header_id|>user<|end_header_id|>

INSTRUCTION: Simplify the following text such that its Flesch-Kincaid Grade Level (FKGL) score is approximately equal to that specified in the control token prepended to your generated simplification. The control token has the following format: <METRIC=VALUE>. The control token prepended to the source text indicates the FKGL value of the source text. 
SOURCE TEXT: <FKGL=11.1> This was supported by a Statement of Special Interest, which you can download below along with the current boundary plan.
EXPLANATION: The <FKGL=4.8> token specifies that the target Flesch-Kincaid Grade Level should be approximately 4.8. Lower values indicate simpler text.<|eot_id|><|start_header_id|>assistant<|end_header_id|>

<FKGL=4.8><|eot_id|>
>>> Reference:
There is a Statement of Special Interest to support this. You can download this Statement. You can download a boundary plan. The boundary plan shows the boundaries now. <|eot_id|>
>>> Prediction:
The Statement of Special Interest and current boundary plan can be downloaded below. 
================================================================================

>>> [Step 320] Prompt:
<|begin_of_text|><|start_header_id|>system<|end_header_id|>

Cutting Knowledge Date: December 2023
Today Date: 26 Jul 2024

You are a helpful text simplification assistant. You are not only an expert in simplifying texts for different readerships, but you are also very good at adapting texts according to the exact needs of the user. You output only the simplified text, no further notes or comments allowed.<|eot_id|><|start_header_id|>user<|end_header_id|>

INSTRUCTION: Simplify the following text such that its Flesch-Kincaid Grade Level (FKGL) score is approximately equal to that specified in the control token prepended to your generated simplification. The control token has the following format: <METRIC=VALUE>. The control token prepended to the source text indicates the FKGL value of the source text. 
SOURCE TEXT: <FKGL=17.7> The Housing Market Area profiles are a series of reports and summaries that provide information on the housing markets and social characteristics of the 13 Housing Markets Areas (HMAs) in Sheffield.
EXPLANATION: The <FKGL=16.6> token specifies that the target Flesch-Kincaid Grade Level should be approximately 16.6. Lower values indicate simpler text.<|eot_id|><|start_header_id|>assistant<|end_header_id|>

<FKGL=16.6><|eot_id|>
>>> Reference:
The Housing Market Area profiles are a set of reports providing information on the housing markets and social characteristics of the 13 Housing Markets Areas (HMAs) in Sheffield. <|eot_id|>
>>> Prediction:
The Housing Market Area profiles are a series of reports and summaries that give information on the housing markets and social characteristics of the 13 Housing Markets Areas (HMAs) in Sheffield. 
================================================================================
{'loss': 0.5083, 'grad_norm': 1.0130155086517334, 'learning_rate': 4.7506884868259995e-06, 'epoch': 2.61}
{'eval_loss': 0.5349162220954895, 'eval_runtime': 18.734, 'eval_samples_per_second': 13.024, 'eval_steps_per_second': 3.256, 'epoch': 2.61}
{'loss': 0.5172, 'grad_norm': 0.6952187418937683, 'learning_rate': 2.9622992265876392e-06, 'epoch': 2.69}
{'eval_loss': 0.5346934795379639, 'eval_runtime': 18.889, 'eval_samples_per_second': 12.918, 'eval_steps_per_second': 3.229, 'epoch': 2.69}

>>> [Step 340] Prompt:
<|begin_of_text|><|start_header_id|>system<|end_header_id|>

Cutting Knowledge Date: December 2023
Today Date: 26 Jul 2024

You are a helpful assistant. You are an expert in controlled text simplification. When you receive a text, you simplify it by rewriting it in a manner that is easier to read. Your simplification is guided by the simplification criteria specified by the user. You generate only the simplification result, without any additional comments or explanations.<|eot_id|><|start_header_id|>user<|end_header_id|>

INSTRUCTION: Simplify the following text such that its Flesch-Kincaid Grade Level (FKGL) score is approximately equal to that specified in the control token prepended to your generated simplification. The control token has the following format: <METRIC=VALUE>. The control token prepended to the source text indicates the FKGL value of the source text. 
SOURCE TEXT: <FKGL=10.3> We'll use the information you give us to work out whether we can help you and, if so, how quickly we can come and visit you to assess your needs.
EXPLANATION: The <FKGL=5.4> token specifies that the target Flesch-Kincaid Grade Level should be approximately 5.4. Lower values indicate simpler text.<|eot_id|><|start_header_id|>assistant<|end_header_id|>

<FKGL=5.4><|eot_id|>
>>> Reference:
We will use the information you give us to see whether we can help you. If we can help you, we will check how quickly we can come and visit you to check your needs. <|eot_id|>
>>> Prediction:
If you give us information, we'll work out if we can help you and how quickly we can come and visit you. 
================================================================================

>>> [Step 340] Prompt:
<|begin_of_text|><|start_header_id|>system<|end_header_id|>

Cutting Knowledge Date: December 2023
Today Date: 26 Jul 2024

You are an expert in text simplification. When you receive a text for simplification, you generate a simplified version of that text. You carefully study the simplification criteria specified by the user and adapt the text accordingly. Please generate only the simplified text, no other notes or explanations allowed.<|eot_id|><|start_header_id|>user<|end_header_id|>

INSTRUCTION: Simplify the following text such that its Flesch-Kincaid Grade Level (FKGL) score is approximately equal to that specified in the control token prepended to your generated simplification. The control token has the following format: <METRIC=VALUE>. The control token prepended to the source text indicates the FKGL value of the source text. 
SOURCE TEXT: <FKGL=11.1> A forced marriage is defined as ‘a marriage conducted without the valid consent of one or both parties, where duress is a factor’.
EXPLANATION: The <FKGL=7.9> token specifies that the target Flesch-Kincaid Grade Level should be approximately 7.9. Lower values indicate simpler text.<|eot_id|><|start_header_id|>assistant<|end_header_id|>

<FKGL=7.9><|eot_id|>
>>> Reference:
A forced marriage means  ‘a marriage performed without the true consent of one or both parties, where force is a factor’. <|eot_id|>
>>> Prediction:
The definition of a forced marriage is ‘a marriage conducted without the valid consent of one or both parties, where force is used’. 
================================================================================

>>> [Step 340] Prompt:
<|begin_of_text|><|start_header_id|>system<|end_header_id|>

Cutting Knowledge Date: December 2023
Today Date: 26 Jul 2024

You are a helpful assistant. You are very good at simplifying texts. When you receive a text for simplification, you simplify it according to the instructions given by the user. Generate only the simplification, without any comments or notes.<|eot_id|><|start_header_id|>user<|end_header_id|>

INSTRUCTION: Simplify the following text such that its Flesch-Kincaid Grade Level (FKGL) score is approximately equal to that specified in the control token prepended to your generated simplification. The control token has the following format: <METRIC=VALUE>. The control token prepended to the source text indicates the FKGL value of the source text. 
SOURCE TEXT: <FKGL=13.4> In addition, most student areas of the city are subject to further controls to stop new development unless there is less than 20% HMOs within 200m of the house.
EXPLANATION: The <FKGL=11.1> token specifies that the target Flesch-Kincaid Grade Level should be approximately 11.1. Lower values indicate simpler text.<|eot_id|><|start_header_id|>assistant<|end_header_id|>

<FKGL=11.1><|eot_id|>
>>> Reference:
Also, most student areas of the city face more controls to stop new constructions unless there is less than 20% HMOs within 200m of the house. <|eot_id|>
>>> Prediction:
This is also true for most student areas of the city. They are subject to further controls to stop new development unless there are less than 20% HMOs within 200m of the house. 
================================================================================

>>> [Step 340] Prompt:
<|begin_of_text|><|start_header_id|>system<|end_header_id|>

Cutting Knowledge Date: December 2023
Today Date: 26 Jul 2024

You are a helpful assistant. You are an expert in controlled text simplification. When you receive a text, you simplify it by rewriting it in a manner that is easier to read. Your simplification is guided by the simplification criteria specified by the user. You generate only the simplification result, without any additional comments or explanations.<|eot_id|><|start_header_id|>user<|end_header_id|>

INSTRUCTION: Simplify the following text such that its Flesch-Kincaid Grade Level (FKGL) score is approximately equal to that specified in the control token prepended to your generated simplification. The control token has the following format: <METRIC=VALUE>. The control token prepended to the source text indicates the FKGL value of the source text. 
SOURCE TEXT: <FKGL=13.5> Its development would not have been possible without the personal interest and generosity of the J G Graves Charitable Trust.
EXPLANATION: The <FKGL=13.5> token specifies that the target Flesch-Kincaid Grade Level should be approximately 13.5. Lower values indicate simpler text.<|eot_id|><|start_header_id|>assistant<|end_header_id|>

<FKGL=13.5><|eot_id|>
>>> Reference:
Its development would not have been possible without the personal interest and generosity of the J G Graves Charitable Trust. <|eot_id|>
>>> Prediction:
We could not have developed this without the personal interest and generosity of the J G Graves Charitable Trust. 
================================================================================
{'loss': 0.487, 'grad_norm': 0.812039315700531, 'learning_rate': 1.584823893886933e-06, 'epoch': 2.77}
{'eval_loss': 0.5346508622169495, 'eval_runtime': 18.7287, 'eval_samples_per_second': 13.028, 'eval_steps_per_second': 3.257, 'epoch': 2.77}
{'loss': 0.5018, 'grad_norm': 0.6351471543312073, 'learning_rate': 6.302958957514371e-07, 'epoch': 2.85}
{'eval_loss': 0.5343272686004639, 'eval_runtime': 18.7392, 'eval_samples_per_second': 13.021, 'eval_steps_per_second': 3.255, 'epoch': 2.85}

>>> [Step 360] Prompt:
<|begin_of_text|><|start_header_id|>system<|end_header_id|>

Cutting Knowledge Date: December 2023
Today Date: 26 Jul 2024

You are a helpful expert in text simplification. You generate a simplified version of the text input by the user. You simplify the text according to the instructions given by the user. When asked to simplify a text, generate only the requested simplification, without any additional comments, notes or explanations.<|eot_id|><|start_header_id|>user<|end_header_id|>

INSTRUCTION: Simplify the following text such that its Flesch-Kincaid Grade Level (FKGL) score is approximately equal to that specified in the control token prepended to your generated simplification. The control token has the following format: <METRIC=VALUE>. The control token prepended to the source text indicates the FKGL value of the source text. 
SOURCE TEXT: <FKGL=11.9> If it doesn’t proceed after that time (and there is no obligation to proceed) then other options can be more fully considered at that stage.
EXPLANATION: The <FKGL=11.9> token specifies that the target Flesch-Kincaid Grade Level should be approximately 11.9. Lower values indicate simpler text.<|eot_id|><|start_header_id|>assistant<|end_header_id|>

<FKGL=11.9><|eot_id|>
>>> Reference:
If it doesn’t proceed after that time (and there is no obligation to proceed) then other options can be more fully considered at that stage. <|eot_id|>
>>> Prediction:
The process can be stopped at any time.  If it is stopped then other options can be more fully considered at that stage. 
================================================================================

>>> [Step 360] Prompt:
<|begin_of_text|><|start_header_id|>system<|end_header_id|>

Cutting Knowledge Date: December 2023
Today Date: 26 Jul 2024

You are a helpful text simplification assistant. You are not only an expert in simplifying texts for different readerships, but you are also very good at adapting texts according to the exact needs of the user. You output only the simplified text, no further notes or comments allowed.<|eot_id|><|start_header_id|>user<|end_header_id|>

INSTRUCTION: Simplify the following text such that its Flesch-Kincaid Grade Level (FKGL) score is approximately equal to that specified in the control token prepended to your generated simplification. The control token has the following format: <METRIC=VALUE>. The control token prepended to the source text indicates the FKGL value of the source text. 
SOURCE TEXT: <FKGL=12.7> If you are a landlord renting out a property, the responsibility for paying Council Tax depends on what sort of letting arrangement you have.
EXPLANATION: The <FKGL=13.4> token specifies that the target Flesch-Kincaid Grade Level should be approximately 13.4. Lower values indicate simpler text.<|eot_id|><|start_header_id|>assistant<|end_header_id|>

<FKGL=13.4><|eot_id|>
>>> Reference:
If you are a landlord renting out a property, the responsibility for paying Council Tax depends on the type of letting arrangement you have in place <|eot_id|>
>>> Prediction:
In case you are a landlord renting out a property, the responsibility for paying Council Tax depends on what type of letting arrangement you have. 
================================================================================

>>> [Step 360] Prompt:
<|begin_of_text|><|start_header_id|>system<|end_header_id|>

Cutting Knowledge Date: December 2023
Today Date: 26 Jul 2024

You are an expert in text simplification. When you receive a text for simplification, you generate a simplified version of that text. You carefully study the simplification criteria specified by the user and adapt the text accordingly. Please generate only the simplified text, no other notes or explanations allowed.<|eot_id|><|start_header_id|>user<|end_header_id|>

INSTRUCTION: Simplify the following text such that its Flesch-Kincaid Grade Level (FKGL) score is approximately equal to that specified in the control token prepended to your generated simplification. The control token has the following format: <METRIC=VALUE>. The control token prepended to the source text indicates the FKGL value of the source text. 
SOURCE TEXT: <FKGL=11.5> We have already spent millions on fire safety in our council homes and improvement works have been carried out over the last 5 years.
EXPLANATION: The <FKGL=11.5> token specifies that the target Flesch-Kincaid Grade Level should be approximately 11.5. Lower values indicate simpler text.<|eot_id|><|start_header_id|>assistant<|end_header_id|>

<FKGL=11.5><|eot_id|>
>>> Reference:
We have already spent millions on fire safety in our council homes and improvement works have been carried out over the last 5 years. <|eot_id|>
>>> Prediction:
The council has spent millions on fire safety in our council homes and improvement works have been carried out over the last 5 years. 
================================================================================

>>> [Step 360] Prompt:
<|begin_of_text|><|start_header_id|>system<|end_header_id|>

Cutting Knowledge Date: December 2023
Today Date: 26 Jul 2024

You are an expert in text simplification. When you receive a text for simplification, you generate a simplified version of that text. You carefully study the simplification criteria specified by the user and adapt the text accordingly. Please generate only the simplified text, no other notes or explanations allowed.<|eot_id|><|start_header_id|>user<|end_header_id|>

INSTRUCTION: Simplify the following text such that its Flesch-Kincaid Grade Level (FKGL) score is approximately equal to that specified in the control token prepended to your generated simplification. The control token has the following format: <METRIC=VALUE>. The control token prepended to the source text indicates the FKGL value of the source text. 
SOURCE TEXT: <FKGL=18.5> If you are supported by the Children’s Disability Service, your assessment will usually happen when you are 17, although planning for the future will start as part of reviewing your Education, Health and Care Plan when you are 14.
EXPLANATION: The <FKGL=17.7> token specifies that the target Flesch-Kincaid Grade Level should be approximately 17.7. Lower values indicate simpler text.<|eot_id|><|start_header_id|>assistant<|end_header_id|>

<FKGL=17.7><|eot_id|>
>>> Reference:
If you are given help by the Children’s Disability Service, your assessment will usually happen when you are 17, although planning for the future will start as part of reviewing your Education, Health and Care Plan when you are 14. <|eot_id|>
>>> Prediction:
The Children’s Disability Service will support you. Your assessment will usually happen when you are 17, although planning for the future will start as part of reviewing your Education, Health and Care Plan when you are 14. 
================================================================================
{'loss': 0.5333, 'grad_norm': 0.7626007199287415, 'learning_rate': 1.0705383806982606e-07, 'epoch': 2.93}
{'eval_loss': 0.5345639586448669, 'eval_runtime': 19.1764, 'eval_samples_per_second': 12.724, 'eval_steps_per_second': 3.181, 'epoch': 2.93}
{'train_runtime': 2369.7312, 'train_samples_per_second': 2.475, 'train_steps_per_second': 0.154, 'train_loss': 0.6459228282417756, 'epoch': 2.98}
Evaluation results: {'eval_loss': 0.5343272686004639, 'eval_runtime': 19.5281, 'eval_samples_per_second': 12.495, 'eval_steps_per_second': 3.124, 'epoch': 2.98159509202454}
*** Finetuning meta-llama/Llama-3.1-8B-Instruct with SimPA and CHAR_COMPRESSION ***
torch.cuda.is_bf16_supported: True
Transformers version: 4.51.0
Python path: /home/hhubar/data/conda/envs/sft/bin/python
Using PEFT...

Run arguments:
Namespace(model_class='auto', model_family='base', model_name='meta-llama/Llama-3.1-8B-Instruct', dataset_name='SimPA', slice_train=-1, slice_val=-1, batch_size=4, eval_batch_size=4, gradient_accumulation_steps=4, learning_rate=0.0001, weight_decay=0.01, warmup_steps=30, max_grad_norm=1.0, epochs=3, max_length=512, logging_steps=10, wandb_project_name='ATS_with_control_tokens', wandb_entity='shtosti', generate_every=20, seed=42, patience=3, prompting_type='vanilla', user_prompt_id='token_explanation', metric_name='CHAR_COMPRESSION', control_tokens='data/prompts/control_tokens.json', system_prompts='data/prompts/system_prompts.json', user_prompts='data/prompts/user_prompts.json', metric_mapping='data/metric_mapping.json', peft=True, lora_r=16, lora_dropout=0.1)

Saving to: ./models/CHAR_COMPRESSION-SimPA-token_explanation-Llama-3.1-8B-Instruct-20250527

*** Finetuning Llama-3.1-8B-Instruct with SimPA ***

CUDA available: True
Number of GPUs: 1
GPU name: NVIDIA A100-SXM4-80GB
Model embedding size BEFORE resizing: 128256
Model embedding size AFTER resizing: 128257
Using PEFT for fine-tuning...
--- DEBUG ---
trainable params:
Trainable params: 6,815,744 / 8,037,085,184 (0.08%)
--- tokenizer pad_token_id: 128256
--- tokenizer eos_token_id: 128009
--- special tokens:
train:	 Inspect the dataset format:
 {'global_id': ['simpa_lexical_000371'], 'source_text': ["Sheffield Wednesday Football Club, also known as 'The Owls' (so-called because the team played at Owlerton from 1899) formed in 1867 in Sheffield."], 'source_metrics': [{'FRE': 73.51, 'ARI': 15.5, 'FKGL': 8.7, 'Dale-Chall': 10.96, 'char_count': 146, 'alphanum_count': 109, 'word_count': 28, 'sentence_count': 1}], 'metadata': [{'dataset': 'simpa_lexical', 'experiment_split': '', 'domain': 'public_administration', 'language': 'en', 'annotation': 'human', 'level': 'sentence'}], 'simplification_text': ["Sheffield Wednesday Football Club, also known as 'The Owls' (so-called because the team played at Owlerton from 1899) formed in 1867 in Sheffield"], 'target_metrics': [{'FRE': 73.51, 'ARI': 15.3, 'FKGL': 8.7, 'Dale-Chall': 10.96, 'char_count': 145, 'alphanum_count': 109, 'word_count': 27, 'sentence_count': 1, 'char_compression_rate': 0.99, 'word_compression_rate': 0.96, 'sentence_compression_rate': 1.0, 'BLEU': 96.22687143632577, 'BERTScore': 0.9909806847572327}], 'simplification_version': [1], 'grade_level': [-1], 'simplification_dimensions': [{'linguistic': {'lexical': True, 'syntactic': False}}]}
validation:	 Inspect the dataset format:
 {'global_id': ['simpa_syntactic_000908'], 'source_text': ['You should be able to show what the issues are, that you have highlighted concerns to parents / carers and what has been tried.'], 'source_metrics': [{'FRE': 73.51, 'ARI': 11.4, 'FKGL': 8.7, 'Dale-Chall': 8.21, 'char_count': 127, 'alphanum_count': 101, 'word_count': 26, 'sentence_count': 1}], 'metadata': [{'dataset': 'simpa_syntactic', 'experiment_split': '', 'domain': 'public_administration', 'language': 'en', 'annotation': 'human', 'level': 'sentence'}], 'simplification_text': ['You need to show what the problems are, that you have raised concerns to parents/carers and what has been tried.'], 'target_metrics': [{'FRE': 85.02, 'ARI': 10.5, 'FKGL': 6.4, 'Dale-Chall': 8.58, 'char_count': 112, 'alphanum_count': 90, 'word_count': 22, 'sentence_count': 1, 'char_compression_rate': 0.88, 'word_compression_rate': 0.85, 'sentence_compression_rate': 1.0, 'BLEU': 62.69180355941105, 'BERTScore': 0.9789848923683167}], 'simplification_version': [1], 'grade_level': [-1], 'simplification_dimensions': [{'linguistic': {'lexical': False, 'syntactic': True}}]}


 *** Before tokenization ***
>>> train:

Showing 1 example(s):

Example 1 (index 1765)
--- Prompt:
 <|begin_of_text|><|start_header_id|>system<|end_header_id|>

Cutting Knowledge Date: December 2023
Today Date: 26 Jul 2024

You are a helpful text simplification assistant. You are not only an expert in simplifying texts for different readerships, but you are also very good at adapting texts according to the exact needs of the user. You output only the simplified text, no further notes or comments allowed.<|eot_id|><|start_header_id|>user<|end_header_id|>

INSTRUCTION: Simplify the following text such that the length of the output text (number of characters) relative to the source text is approximately equal to the ratio specified in the control token prepended to your generated simplification. The control token has the following format: <METRIC=VALUE>. 
SOURCE TEXT: It would be useful to collect any information you have about the care and support you receive, such as prescriptions or doctor’s letters.
EXPLANATION: The <CHAR_COMPRESSION=0.97> token specifies that the character-level compression rate should be around 0.97. Values less than 1 indicate text reduction. Values greater than 1 indicate text expansion.<|eot_id|><|start_header_id|>assistant<|end_header_id|>

<CHAR_COMPRESSION=0.97><|eot_id|>
--- Completion:
 It would be useful to collect any information you have about the care and support you get, such as prescriptions or doctor’s letters. <|eot_id|>
==================================================


 *** After tokenization ***
>>> train:

Showing 1 example(s):

Example 1 (index 1599)
--- Prompt:
 <|begin_of_text|><|start_header_id|>system<|end_header_id|>

Cutting Knowledge Date: December 2023
Today Date: 26 Jul 2024

You are an expert in text simplification. When you receive a text for simplification, you generate a simplified version of that text. You carefully study the simplification criteria specified by the user and adapt the text accordingly. Please generate only the simplified text, no other notes or explanations allowed.<|eot_id|><|start_header_id|>user<|end_header_id|>

INSTRUCTION: Simplify the following text such that the length of the output text (number of characters) relative to the source text is approximately equal to the ratio specified in the control token prepended to your generated simplification. The control token has the following format: <METRIC=VALUE>. 
SOURCE TEXT: Selling the house does not in itself help you get the house back, but you are entitled to use the usual steps of proper Notice and applying to Court to get a tenant to leave.
EXPLANATION: The <CHAR_COMPRESSION=1.01> token specifies that the character-level compression rate should be around 1.01. Values less than 1 indicate text reduction. Values greater than 1 indicate text expansion.<|eot_id|><|start_header_id|>assistant<|end_header_id|>

<CHAR_COMPRESSION=1.01><|eot_id|>
--- Completion:
 Selling the house does not by itself help you get the house back, but you are permitted to use the usual steps of proper Notice and applying to Court to get a tenant to leave. <|eot_id|>
--- input_ids:
 [128000, 128000, 128006, 9125, 128007, 271, 38766, 1303, 33025, 2696, 25, 6790, 220, 2366, 18, 198, 15724, 2696, 25, 220, 1627, 10263, 220, 2366, 19, 271, 2675, 527, 459, 6335, 304, 1495, 15858, 2461, 13, 3277, 499, 5371, 264, 1495, 369, 15858, 2461, 11, 499, 7068, 264, 44899, 2373, 315, 430, 1495, 13, 1472, 15884, 4007, 279, 15858, 2461, 13186, 5300, 555, 279, 1217, 323, 10737, 279, 1495, 28178, 13, 5321, 7068, 1193, 279, 44899, 1495, 11, 912, 1023, 8554, 477, 41941, 5535, 13, 128009, 128006, 882, 128007, 271, 691, 58555, 25, 62342, 1463, 279, 2768, 1495, 1778, 430, 279, 3160, 315, 279, 2612, 1495, 320, 4174, 315, 5885, 8, 8844, 311, 279, 2592, 1495, 374, 13489, 6273, 311, 279, 11595, 5300, 304, 279, 2585, 4037, 22033, 2954, 311, 701, 8066, 15858, 2461, 13, 578, 2585, 4037, 706, 279, 2768, 3645, 25, 366, 45975, 37078, 28, 24771, 14611, 720, 44098, 16139, 25, 54820, 279, 3838, 1587, 539, 304, 5196, 1520, 499, 636, 279, 3838, 1203, 11, 719, 499, 527, 20458, 311, 1005, 279, 13783, 7504, 315, 6300, 25773, 323, 19486, 311, 7301, 311, 636, 264, 26305, 311, 5387, 627, 3337, 95179, 3579, 25, 578, 366, 15594, 15318, 82763, 28, 16, 13, 1721, 29, 4037, 30202, 430, 279, 3752, 11852, 26168, 4478, 1288, 387, 2212, 220, 16, 13, 1721, 13, 26028, 2753, 1109, 220, 16, 13519, 1495, 14278, 13, 26028, 7191, 1109, 220, 16, 13519, 1495, 14800, 13, 128009, 128006, 78191, 128007, 271, 27, 15594, 15318, 82763, 28, 16, 13, 1721, 29, 128009, 128000, 50, 6427, 279, 3838, 1587, 539, 555, 5196, 1520, 499, 636, 279, 3838, 1203, 11, 719, 499, 527, 15480, 311, 1005, 279, 13783, 7504, 315, 6300, 25773, 323, 19486, 311, 7301, 311, 636, 264, 26305, 311, 5387, 13, 220, 128009, 128256, 128256, 128256, 128256, 128256, 128256, 128256, 128256, 128256, 128256, 128256, 128256, 128256, 128256, 128256, 128256, 128256, 128256, 128256, 128256, 128256, 128256, 128256, 128256, 128256, 128256, 128256, 128256, 128256, 128256, 128256, 128256, 128256, 128256, 128256, 128256, 128256, 128256, 128256, 128256, 128256, 128256, 128256, 128256, 128256, 128256, 128256, 128256, 128256, 128256, 128256, 128256, 128256, 128256, 128256, 128256, 128256, 128256, 128256, 128256, 128256, 128256, 128256, 128256, 128256, 128256, 128256, 128256, 128256, 128256, 128256, 128256, 128256, 128256, 128256, 128256, 128256, 128256, 128256, 128256, 128256, 128256, 128256, 128256, 128256, 128256, 128256, 128256, 128256, 128256, 128256, 128256, 128256, 128256, 128256, 128256, 128256, 128256, 128256, 128256, 128256, 128256, 128256, 128256, 128256, 128256, 128256, 128256, 128256, 128256, 128256, 128256, 128256, 128256, 128256, 128256, 128256, 128256, 128256, 128256, 128256, 128256, 128256, 128256, 128256, 128256, 128256, 128256, 128256, 128256, 128256, 128256, 128256, 128256, 128256, 128256, 128256, 128256, 128256, 128256, 128256, 128256, 128256, 128256, 128256, 128256, 128256, 128256, 128256, 128256, 128256, 128256, 128256, 128256, 128256, 128256, 128256, 128256, 128256, 128256, 128256, 128256, 128256, 128256, 128256, 128256, 128256, 128256, 128256, 128256, 128256, 128256, 128256, 128256, 128256, 128256, 128256, 128256, 128256, 128256, 128256, 128256, 128256, 128256, 128256, 128256, 128256, 128256, 128256, 128256, 128256, 128256, 128256, 128256, 128256, 128256, 128256, 128256, 128256, 128256, 128256, 128256, 128256, 128256, 128256, 128256, 128256, 128256, 128256, 128256, 128256, 128256, 128256, 128256, 128256, 128256, 128256, 128256, 128256]
--- labels:
 [-100, -100, -100, -100, -100, -100, -100, -100, -100, -100, -100, -100, -100, -100, -100, -100, -100, -100, -100, -100, -100, -100, -100, -100, -100, -100, -100, -100, -100, -100, -100, -100, -100, -100, -100, -100, -100, -100, -100, -100, -100, -100, -100, -100, -100, -100, -100, -100, -100, -100, -100, -100, -100, -100, -100, -100, -100, -100, -100, -100, -100, -100, -100, -100, -100, -100, -100, -100, -100, -100, -100, -100, -100, -100, -100, -100, -100, -100, -100, -100, -100, -100, -100, -100, -100, -100, -100, -100, -100, -100, -100, -100, -100, -100, -100, -100, -100, -100, -100, -100, -100, -100, -100, -100, -100, -100, -100, -100, -100, -100, -100, -100, -100, -100, -100, -100, -100, -100, -100, -100, -100, -100, -100, -100, -100, -100, -100, -100, -100, -100, -100, -100, -100, -100, -100, -100, -100, -100, -100, -100, -100, -100, -100, -100, -100, -100, -100, -100, -100, -100, -100, -100, -100, -100, -100, -100, -100, -100, -100, -100, -100, -100, -100, -100, -100, -100, -100, -100, -100, -100, -100, -100, -100, -100, -100, -100, -100, -100, -100, -100, -100, -100, -100, -100, -100, -100, -100, -100, -100, -100, -100, -100, -100, -100, -100, -100, -100, -100, -100, -100, -100, -100, -100, -100, -100, -100, -100, -100, -100, -100, -100, -100, -100, -100, -100, -100, -100, -100, -100, -100, -100, -100, -100, -100, -100, -100, -100, -100, -100, -100, -100, -100, -100, -100, -100, -100, -100, -100, -100, -100, -100, -100, -100, -100, -100, -100, -100, -100, -100, -100, -100, -100, 128000, 50, 6427, 279, 3838, 1587, 539, 555, 5196, 1520, 499, 636, 279, 3838, 1203, 11, 719, 499, 527, 15480, 311, 1005, 279, 13783, 7504, 315, 6300, 25773, 323, 19486, 311, 7301, 311, 636, 264, 26305, 311, 5387, 13, 220, 128009, -100, -100, -100, -100, -100, -100, -100, -100, -100, -100, -100, -100, -100, -100, -100, -100, -100, -100, -100, -100, -100, -100, -100, -100, -100, -100, -100, -100, -100, -100, -100, -100, -100, -100, -100, -100, -100, -100, -100, -100, -100, -100, -100, -100, -100, -100, -100, -100, -100, -100, -100, -100, -100, -100, -100, -100, -100, -100, -100, -100, -100, -100, -100, -100, -100, -100, -100, -100, -100, -100, -100, -100, -100, -100, -100, -100, -100, -100, -100, -100, -100, -100, -100, -100, -100, -100, -100, -100, -100, -100, -100, -100, -100, -100, -100, -100, -100, -100, -100, -100, -100, -100, -100, -100, -100, -100, -100, -100, -100, -100, -100, -100, -100, -100, -100, -100, -100, -100, -100, -100, -100, -100, -100, -100, -100, -100, -100, -100, -100, -100, -100, -100, -100, -100, -100, -100, -100, -100, -100, -100, -100, -100, -100, -100, -100, -100, -100, -100, -100, -100, -100, -100, -100, -100, -100, -100, -100, -100, -100, -100, -100, -100, -100, -100, -100, -100, -100, -100, -100, -100, -100, -100, -100, -100, -100, -100, -100, -100, -100, -100, -100, -100, -100, -100, -100, -100, -100, -100, -100, -100, -100, -100, -100, -100, -100, -100, -100, -100, -100, -100, -100, -100, -100, -100, -100, -100, -100, -100, -100, -100, -100, -100, -100, -100, -100, -100, -100, -100, -100]
==================================================
********** DEBUG **********
Train dataset columns: ['global_id', 'source_text', 'source_metrics', 'metadata', 'simplification_text', 'target_metrics', 'simplification_version', 'grade_level', 'simplification_dimensions', 'prompt', 'completion', 'system_prompt_id', 'user_prompt_id', 'metric_name', 'source_metric_value', 'target_metric_value', 'input_ids', 'labels', 'attention_mask']
Validation dataset columns: ['global_id', 'source_text', 'source_metrics', 'metadata', 'simplification_text', 'target_metrics', 'simplification_version', 'grade_level', 'simplification_dimensions', 'prompt', 'completion', 'system_prompt_id', 'user_prompt_id', 'metric_name', 'source_metric_value', 'target_metric_value', 'input_ids', 'labels', 'attention_mask']
First 10 input_ids: [128000, 128000, 128006, 9125, 128007, 271, 38766, 1303, 33025, 2696]
First 10 labels: [-100, -100, -100, -100, -100, -100, -100, -100, -100, -100]

--- DEBUG: Explore first instance of the val set:
 {'global_id': 'simpa_lexical_000418', 'source_text': 'The surveys form part of the evidence base for our proposals and have been taken into account alongside other material considerations.', 'source_metrics': {'FRE': 24.78, 'ARI': 14.6, 'FKGL': 15.0, 'Dale-Chall': 9.19, 'char_count': 134, 'alphanum_count': 113, 'word_count': 22, 'sentence_count': 1}, 'metadata': {'dataset': 'simpa_lexical', 'experiment_split': '', 'domain': 'public_administration', 'language': 'en', 'annotation': 'human', 'level': 'sentence'}, 'simplification_text': 'The surveys form part of the evidence base for our proposals and have been taken into account together with other material considerations.', 'target_metrics': {'FRE': 23.77, 'ARI': 14.6, 'FKGL': 15.4, 'Dale-Chall': 8.32, 'char_count': 138, 'alphanum_count': 116, 'word_count': 23, 'sentence_count': 1, 'char_compression_rate': 1.03, 'word_compression_rate': 1.05, 'sentence_compression_rate': 1.0, 'BLEU': 83.18180062062373, 'BERTScore': 0.993702232837677}, 'simplification_version': 3, 'grade_level': -1, 'simplification_dimensions': {'linguistic': {'lexical': True, 'syntactic': False}}, 'prompt': '<|begin_of_text|><|start_header_id|>system<|end_header_id|>\n\nCutting Knowledge Date: December 2023\nToday Date: 26 Jul 2024\n\nYou are an expert in text simplification. When you receive a text for simplification, you generate a simplified version of that text. You carefully study the simplification criteria specified by the user and adapt the text accordingly. Please generate only the simplified text, no other notes or explanations allowed.<|eot_id|><|start_header_id|>user<|end_header_id|>\n\nINSTRUCTION: Simplify the following text such that the length of the output text (number of characters) relative to the source text is approximately equal to the ratio specified in the control token prepended to your generated simplification. The control token has the following format: <METRIC=VALUE>. \nSOURCE TEXT: The surveys form part of the evidence base for our proposals and have been taken into account alongside other material considerations.\nEXPLANATION: The <CHAR_COMPRESSION=1.03> token specifies that the character-level compression rate should be around 1.03. Values less than 1 indicate text reduction. Values greater than 1 indicate text expansion.<|eot_id|><|start_header_id|>assistant<|end_header_id|>\n\n<CHAR_COMPRESSION=1.03><|eot_id|>', 'completion': 'The surveys form part of the evidence base for our proposals and have been taken into account together with other material considerations. <|eot_id|>', 'system_prompt_id': 'sys_prompt_5', 'user_prompt_id': 'token_explanation', 'metric_name': 'CHAR_COMPRESSION', 'source_metric_value': None, 'target_metric_value': 1.03, 'input_ids': [128000, 128000, 128006, 9125, 128007, 271, 38766, 1303, 33025, 2696, 25, 6790, 220, 2366, 18, 198, 15724, 2696, 25, 220, 1627, 10263, 220, 2366, 19, 271, 2675, 527, 459, 6335, 304, 1495, 15858, 2461, 13, 3277, 499, 5371, 264, 1495, 369, 15858, 2461, 11, 499, 7068, 264, 44899, 2373, 315, 430, 1495, 13, 1472, 15884, 4007, 279, 15858, 2461, 13186, 5300, 555, 279, 1217, 323, 10737, 279, 1495, 28178, 13, 5321, 7068, 1193, 279, 44899, 1495, 11, 912, 1023, 8554, 477, 41941, 5535, 13, 128009, 128006, 882, 128007, 271, 691, 58555, 25, 62342, 1463, 279, 2768, 1495, 1778, 430, 279, 3160, 315, 279, 2612, 1495, 320, 4174, 315, 5885, 8, 8844, 311, 279, 2592, 1495, 374, 13489, 6273, 311, 279, 11595, 5300, 304, 279, 2585, 4037, 22033, 2954, 311, 701, 8066, 15858, 2461, 13, 578, 2585, 4037, 706, 279, 2768, 3645, 25, 366, 45975, 37078, 28, 24771, 14611, 720, 44098, 16139, 25, 578, 32313, 1376, 961, 315, 279, 6029, 2385, 369, 1057, 25243, 323, 617, 1027, 4529, 1139, 2759, 16662, 1023, 3769, 38864, 627, 3337, 95179, 3579, 25, 578, 366, 15594, 15318, 82763, 28, 16, 13, 2839, 29, 4037, 30202, 430, 279, 3752, 11852, 26168, 4478, 1288, 387, 2212, 220, 16, 13, 2839, 13, 26028, 2753, 1109, 220, 16, 13519, 1495, 14278, 13, 26028, 7191, 1109, 220, 16, 13519, 1495, 14800, 13, 128009, 128006, 78191, 128007, 271, 27, 15594, 15318, 82763, 28, 16, 13, 2839, 29, 128009, 128000, 791, 32313, 1376, 961, 315, 279, 6029, 2385, 369, 1057, 25243, 323, 617, 1027, 4529, 1139, 2759, 3871, 449, 1023, 3769, 38864, 13, 220, 128009, 128256, 128256, 128256, 128256, 128256, 128256, 128256, 128256, 128256, 128256, 128256, 128256, 128256, 128256, 128256, 128256, 128256, 128256, 128256, 128256, 128256, 128256, 128256, 128256, 128256, 128256, 128256, 128256, 128256, 128256, 128256, 128256, 128256, 128256, 128256, 128256, 128256, 128256, 128256, 128256, 128256, 128256, 128256, 128256, 128256, 128256, 128256, 128256, 128256, 128256, 128256, 128256, 128256, 128256, 128256, 128256, 128256, 128256, 128256, 128256, 128256, 128256, 128256, 128256, 128256, 128256, 128256, 128256, 128256, 128256, 128256, 128256, 128256, 128256, 128256, 128256, 128256, 128256, 128256, 128256, 128256, 128256, 128256, 128256, 128256, 128256, 128256, 128256, 128256, 128256, 128256, 128256, 128256, 128256, 128256, 128256, 128256, 128256, 128256, 128256, 128256, 128256, 128256, 128256, 128256, 128256, 128256, 128256, 128256, 128256, 128256, 128256, 128256, 128256, 128256, 128256, 128256, 128256, 128256, 128256, 128256, 128256, 128256, 128256, 128256, 128256, 128256, 128256, 128256, 128256, 128256, 128256, 128256, 128256, 128256, 128256, 128256, 128256, 128256, 128256, 128256, 128256, 128256, 128256, 128256, 128256, 128256, 128256, 128256, 128256, 128256, 128256, 128256, 128256, 128256, 128256, 128256, 128256, 128256, 128256, 128256, 128256, 128256, 128256, 128256, 128256, 128256, 128256, 128256, 128256, 128256, 128256, 128256, 128256, 128256, 128256, 128256, 128256, 128256, 128256, 128256, 128256, 128256, 128256, 128256, 128256, 128256, 128256, 128256, 128256, 128256, 128256, 128256, 128256, 128256, 128256, 128256, 128256, 128256, 128256, 128256, 128256, 128256, 128256, 128256, 128256, 128256, 128256, 128256, 128256, 128256, 128256, 128256, 128256, 128256, 128256, 128256, 128256, 128256, 128256, 128256, 128256, 128256, 128256, 128256, 128256, 128256, 128256, 128256, 128256, 128256, 128256, 128256, 128256, 128256, 128256, 128256, 128256, 128256, 128256, 128256, 128256, 128256, 128256, 128256, 128256, 128256, 128256, 128256], 'labels': [-100, -100, -100, -100, -100, -100, -100, -100, -100, -100, -100, -100, -100, -100, -100, -100, -100, -100, -100, -100, -100, -100, -100, -100, -100, -100, -100, -100, -100, -100, -100, -100, -100, -100, -100, -100, -100, -100, -100, -100, -100, -100, -100, -100, -100, -100, -100, -100, -100, -100, -100, -100, -100, -100, -100, -100, -100, -100, -100, -100, -100, -100, -100, -100, -100, -100, -100, -100, -100, -100, -100, -100, -100, -100, -100, -100, -100, -100, -100, -100, -100, -100, -100, -100, -100, -100, -100, -100, -100, -100, -100, -100, -100, -100, -100, -100, -100, -100, -100, -100, -100, -100, -100, -100, -100, -100, -100, -100, -100, -100, -100, -100, -100, -100, -100, -100, -100, -100, -100, -100, -100, -100, -100, -100, -100, -100, -100, -100, -100, -100, -100, -100, -100, -100, -100, -100, -100, -100, -100, -100, -100, -100, -100, -100, -100, -100, -100, -100, -100, -100, -100, -100, -100, -100, -100, -100, -100, -100, -100, -100, -100, -100, -100, -100, -100, -100, -100, -100, -100, -100, -100, -100, -100, -100, -100, -100, -100, -100, -100, -100, -100, -100, -100, -100, -100, -100, -100, -100, -100, -100, -100, -100, -100, -100, -100, -100, -100, -100, -100, -100, -100, -100, -100, -100, -100, -100, -100, -100, -100, -100, -100, -100, -100, -100, -100, -100, -100, -100, -100, -100, -100, -100, -100, -100, -100, -100, -100, -100, -100, -100, -100, -100, -100, -100, -100, -100, -100, 128000, 791, 32313, 1376, 961, 315, 279, 6029, 2385, 369, 1057, 25243, 323, 617, 1027, 4529, 1139, 2759, 3871, 449, 1023, 3769, 38864, 13, 220, 128009, -100, -100, -100, -100, -100, -100, -100, -100, -100, -100, -100, -100, -100, -100, -100, -100, -100, -100, -100, -100, -100, -100, -100, -100, -100, -100, -100, -100, -100, -100, -100, -100, -100, -100, -100, -100, -100, -100, -100, -100, -100, -100, -100, -100, -100, -100, -100, -100, -100, -100, -100, -100, -100, -100, -100, -100, -100, -100, -100, -100, -100, -100, -100, -100, -100, -100, -100, -100, -100, -100, -100, -100, -100, -100, -100, -100, -100, -100, -100, -100, -100, -100, -100, -100, -100, -100, -100, -100, -100, -100, -100, -100, -100, -100, -100, -100, -100, -100, -100, -100, -100, -100, -100, -100, -100, -100, -100, -100, -100, -100, -100, -100, -100, -100, -100, -100, -100, -100, -100, -100, -100, -100, -100, -100, -100, -100, -100, -100, -100, -100, -100, -100, -100, -100, -100, -100, -100, -100, -100, -100, -100, -100, -100, -100, -100, -100, -100, -100, -100, -100, -100, -100, -100, -100, -100, -100, -100, -100, -100, -100, -100, -100, -100, -100, -100, -100, -100, -100, -100, -100, -100, -100, -100, -100, -100, -100, -100, -100, -100, -100, -100, -100, -100, -100, -100, -100, -100, -100, -100, -100, -100, -100, -100, -100, -100, -100, -100, -100, -100, -100, -100, -100, -100, -100, -100, -100, -100, -100, -100, -100, -100, -100, -100, -100, -100, -100, -100, -100, -100, -100, -100, -100, -100, -100, -100, -100, -100, -100, -100, -100, -100, -100, -100, -100, -100, -100, -100, -100, -100, -100, -100, -100, -100, -100, -100, -100, -100, -100, -100], 'attention_mask': [1, 1, 1, 1, 1, 1, 1, 1, 1, 1, 1, 1, 1, 1, 1, 1, 1, 1, 1, 1, 1, 1, 1, 1, 1, 1, 1, 1, 1, 1, 1, 1, 1, 1, 1, 1, 1, 1, 1, 1, 1, 1, 1, 1, 1, 1, 1, 1, 1, 1, 1, 1, 1, 1, 1, 1, 1, 1, 1, 1, 1, 1, 1, 1, 1, 1, 1, 1, 1, 1, 1, 1, 1, 1, 1, 1, 1, 1, 1, 1, 1, 1, 1, 1, 1, 1, 1, 1, 1, 1, 1, 1, 1, 1, 1, 1, 1, 1, 1, 1, 1, 1, 1, 1, 1, 1, 1, 1, 1, 1, 1, 1, 1, 1, 1, 1, 1, 1, 1, 1, 1, 1, 1, 1, 1, 1, 1, 1, 1, 1, 1, 1, 1, 1, 1, 1, 1, 1, 1, 1, 1, 1, 1, 1, 1, 1, 1, 1, 1, 1, 1, 1, 1, 1, 1, 1, 1, 1, 1, 1, 1, 1, 1, 1, 1, 1, 1, 1, 1, 1, 1, 1, 1, 1, 1, 1, 1, 1, 1, 1, 1, 1, 1, 1, 1, 1, 1, 1, 1, 1, 1, 1, 1, 1, 1, 1, 1, 1, 1, 1, 1, 1, 1, 1, 1, 1, 1, 1, 1, 1, 1, 1, 1, 1, 1, 1, 1, 1, 1, 1, 1, 1, 1, 1, 1, 1, 1, 1, 1, 1, 1, 1, 1, 1, 1, 1, 1, 1, 1, 1, 1, 1, 1, 1, 1, 1, 1, 1, 1, 1, 1, 1, 1, 1, 1, 1, 1, 1, 1, 1, 1, 1, 1, 0, 0, 0, 0, 0, 0, 0, 0, 0, 0, 0, 0, 0, 0, 0, 0, 0, 0, 0, 0, 0, 0, 0, 0, 0, 0, 0, 0, 0, 0, 0, 0, 0, 0, 0, 0, 0, 0, 0, 0, 0, 0, 0, 0, 0, 0, 0, 0, 0, 0, 0, 0, 0, 0, 0, 0, 0, 0, 0, 0, 0, 0, 0, 0, 0, 0, 0, 0, 0, 0, 0, 0, 0, 0, 0, 0, 0, 0, 0, 0, 0, 0, 0, 0, 0, 0, 0, 0, 0, 0, 0, 0, 0, 0, 0, 0, 0, 0, 0, 0, 0, 0, 0, 0, 0, 0, 0, 0, 0, 0, 0, 0, 0, 0, 0, 0, 0, 0, 0, 0, 0, 0, 0, 0, 0, 0, 0, 0, 0, 0, 0, 0, 0, 0, 0, 0, 0, 0, 0, 0, 0, 0, 0, 0, 0, 0, 0, 0, 0, 0, 0, 0, 0, 0, 0, 0, 0, 0, 0, 0, 0, 0, 0, 0, 0, 0, 0, 0, 0, 0, 0, 0, 0, 0, 0, 0, 0, 0, 0, 0, 0, 0, 0, 0, 0, 0, 0, 0, 0, 0, 0, 0, 0, 0, 0, 0, 0, 0, 0, 0, 0, 0, 0, 0, 0, 0, 0, 0, 0, 0, 0, 0, 0, 0, 0, 0, 0, 0, 0, 0, 0, 0, 0, 0, 0, 0, 0, 0, 0, 0, 0, 0, 0, 0, 0, 0, 0, 0, 0, 0, 0, 0, 0, 0, 0, 0, 0, 0, 0]}
type of input_ids: <class 'list'>
type of labels: <class 'list'>

--- DEBUG: Tokenized fields ---
--- Tokenizer vocab size: 128000
--- input_ids: [128000, 128000, 128006, 9125, 128007, 271, 38766, 1303, 33025, 2696, 25, 6790, 220, 2366, 18, 198, 15724, 2696, 25, 220, 1627, 10263, 220, 2366, 19, 271, 2675, 527, 264, 11190, 6335, 304, 1495, 15858, 2461, 13, 1472, 7068, 264, 44899, 2373, 315, 279, 1495, 1988, 555, 279, 1217, 13, 1472, 40821, 279, 1495, 4184, 311, 279, 11470, 2728, 555, 279, 1217, 13, 3277, 4691, 311, 40821, 264, 1495, 11, 7068, 1193, 279, 11472, 15858, 2461, 11, 2085, 904, 5217, 6170, 11, 8554, 477, 41941, 13, 128009, 128006, 882, 128007, 271, 691, 58555, 25, 62342, 1463, 279, 2768, 1495, 1778, 430, 279, 3160, 315, 279, 2612, 1495, 320, 4174, 315, 5885, 8, 8844, 311, 279, 2592, 1495, 374, 13489, 6273, 311, 279, 11595, 5300, 304, 279, 2585, 4037, 22033, 2954, 311, 701, 8066, 15858, 2461, 13, 578, 2585, 4037, 706, 279, 2768, 3645, 25, 366, 45975, 37078, 28, 24771, 14611, 720, 44098, 16139, 25, 578, 19482, 374, 1903, 709, 315, 264, 1912, 315, 11909, 505, 264, 2134, 315, 5918, 4676, 69792, 2737, 41329, 11, 16036, 2955, 11, 18112, 323, 18921, 18112, 627, 3337, 95179, 3579, 25, 578, 366, 15594, 15318, 82763, 28, 15, 13, 2421, 29, 4037, 30202, 430, 279, 3752, 11852, 26168, 4478, 1288, 387, 2212, 220, 15, 13, 2421, 13, 26028, 2753, 1109, 220, 16, 13519, 1495, 14278, 13, 26028, 7191, 1109, 220, 16, 13519, 1495, 14800, 13, 128009, 128006, 78191, 128007, 271, 27, 15594, 15318, 82763, 28, 15, 13, 2421, 29, 128009, 128000, 791, 19482, 374, 1903, 709, 315, 11909, 505, 264, 2134, 315, 69792, 2737, 41329, 11, 16036, 2955, 323, 18112, 2737, 18921, 18112, 13, 220, 128009, 128256, 128256, 128256, 128256, 128256, 128256, 128256, 128256, 128256, 128256, 128256, 128256, 128256, 128256, 128256, 128256, 128256, 128256, 128256, 128256, 128256, 128256, 128256, 128256, 128256, 128256, 128256, 128256, 128256, 128256, 128256, 128256, 128256, 128256, 128256, 128256, 128256, 128256, 128256, 128256, 128256, 128256, 128256, 128256, 128256, 128256, 128256, 128256, 128256, 128256, 128256, 128256, 128256, 128256, 128256, 128256, 128256, 128256, 128256, 128256, 128256, 128256, 128256, 128256, 128256, 128256, 128256, 128256, 128256, 128256, 128256, 128256, 128256, 128256, 128256, 128256, 128256, 128256, 128256, 128256, 128256, 128256, 128256, 128256, 128256, 128256, 128256, 128256, 128256, 128256, 128256, 128256, 128256, 128256, 128256, 128256, 128256, 128256, 128256, 128256, 128256, 128256, 128256, 128256, 128256, 128256, 128256, 128256, 128256, 128256, 128256, 128256, 128256, 128256, 128256, 128256, 128256, 128256, 128256, 128256, 128256, 128256, 128256, 128256, 128256, 128256, 128256, 128256, 128256, 128256, 128256, 128256, 128256, 128256, 128256, 128256, 128256, 128256, 128256, 128256, 128256, 128256, 128256, 128256, 128256, 128256, 128256, 128256, 128256, 128256, 128256, 128256, 128256, 128256, 128256, 128256, 128256, 128256, 128256, 128256, 128256, 128256, 128256, 128256, 128256, 128256, 128256, 128256, 128256, 128256, 128256, 128256, 128256, 128256, 128256, 128256, 128256, 128256, 128256, 128256, 128256, 128256, 128256, 128256, 128256, 128256, 128256, 128256, 128256, 128256, 128256, 128256, 128256, 128256, 128256, 128256, 128256, 128256, 128256, 128256, 128256, 128256, 128256, 128256, 128256, 128256, 128256, 128256, 128256, 128256, 128256, 128256, 128256, 128256, 128256, 128256, 128256, 128256, 128256, 128256, 128256, 128256, 128256, 128256, 128256, 128256, 128256, 128256, 128256, 128256, 128256, 128256, 128256, 128256, 128256, 128256, 128256, 128256, 128256, 128256, 128256, 128256]
--- labels: [-100, -100, -100, -100, -100, -100, -100, -100, -100, -100, -100, -100, -100, -100, -100, -100, -100, -100, -100, -100, -100, -100, -100, -100, -100, -100, -100, -100, -100, -100, -100, -100, -100, -100, -100, -100, -100, -100, -100, -100, -100, -100, -100, -100, -100, -100, -100, -100, -100, -100, -100, -100, -100, -100, -100, -100, -100, -100, -100, -100, -100, -100, -100, -100, -100, -100, -100, -100, -100, -100, -100, -100, -100, -100, -100, -100, -100, -100, -100, -100, -100, -100, -100, -100, -100, -100, -100, -100, -100, -100, -100, -100, -100, -100, -100, -100, -100, -100, -100, -100, -100, -100, -100, -100, -100, -100, -100, -100, -100, -100, -100, -100, -100, -100, -100, -100, -100, -100, -100, -100, -100, -100, -100, -100, -100, -100, -100, -100, -100, -100, -100, -100, -100, -100, -100, -100, -100, -100, -100, -100, -100, -100, -100, -100, -100, -100, -100, -100, -100, -100, -100, -100, -100, -100, -100, -100, -100, -100, -100, -100, -100, -100, -100, -100, -100, -100, -100, -100, -100, -100, -100, -100, -100, -100, -100, -100, -100, -100, -100, -100, -100, -100, -100, -100, -100, -100, -100, -100, -100, -100, -100, -100, -100, -100, -100, -100, -100, -100, -100, -100, -100, -100, -100, -100, -100, -100, -100, -100, -100, -100, -100, -100, -100, -100, -100, -100, -100, -100, -100, -100, -100, -100, -100, -100, -100, -100, -100, -100, -100, -100, -100, -100, -100, -100, -100, -100, -100, -100, -100, -100, -100, -100, -100, -100, 128000, 791, 19482, 374, 1903, 709, 315, 11909, 505, 264, 2134, 315, 69792, 2737, 41329, 11, 16036, 2955, 323, 18112, 2737, 18921, 18112, 13, 220, 128009, -100, -100, -100, -100, -100, -100, -100, -100, -100, -100, -100, -100, -100, -100, -100, -100, -100, -100, -100, -100, -100, -100, -100, -100, -100, -100, -100, -100, -100, -100, -100, -100, -100, -100, -100, -100, -100, -100, -100, -100, -100, -100, -100, -100, -100, -100, -100, -100, -100, -100, -100, -100, -100, -100, -100, -100, -100, -100, -100, -100, -100, -100, -100, -100, -100, -100, -100, -100, -100, -100, -100, -100, -100, -100, -100, -100, -100, -100, -100, -100, -100, -100, -100, -100, -100, -100, -100, -100, -100, -100, -100, -100, -100, -100, -100, -100, -100, -100, -100, -100, -100, -100, -100, -100, -100, -100, -100, -100, -100, -100, -100, -100, -100, -100, -100, -100, -100, -100, -100, -100, -100, -100, -100, -100, -100, -100, -100, -100, -100, -100, -100, -100, -100, -100, -100, -100, -100, -100, -100, -100, -100, -100, -100, -100, -100, -100, -100, -100, -100, -100, -100, -100, -100, -100, -100, -100, -100, -100, -100, -100, -100, -100, -100, -100, -100, -100, -100, -100, -100, -100, -100, -100, -100, -100, -100, -100, -100, -100, -100, -100, -100, -100, -100, -100, -100, -100, -100, -100, -100, -100, -100, -100, -100, -100, -100, -100, -100, -100, -100, -100, -100, -100, -100, -100, -100, -100, -100, -100, -100, -100, -100, -100, -100, -100, -100, -100, -100, -100, -100, -100, -100, -100, -100, -100, -100, -100, -100, -100, -100, -100, -100, -100, -100, -100, -100, -100, -100, -100, -100, -100, -100, -100]
--- decoded input_ids:
 <|begin_of_text|><|begin_of_text|><|start_header_id|>system<|end_header_id|>

Cutting Knowledge Date: December 2023
Today Date: 26 Jul 2024

You are a helpful expert in text simplification. You generate a simplified version of the text input by the user. You simplify the text according to the instructions given by the user. When asked to simplify a text, generate only the requested simplification, without any additional comments, notes or explanations.<|eot_id|><|start_header_id|>user<|end_header_id|>

INSTRUCTION: Simplify the following text such that the length of the output text (number of characters) relative to the source text is approximately equal to the ratio specified in the control token prepended to your generated simplification. The control token has the following format: <METRIC=VALUE>. 
SOURCE TEXT: The Panel is made up of a group of experts from a range of built environment professions including sustainability, urban design, architecture and landscape architecture.
EXPLANATION: The <CHAR_COMPRESSION=0.88> token specifies that the character-level compression rate should be around 0.88. Values less than 1 indicate text reduction. Values greater than 1 indicate text expansion.<|eot_id|><|start_header_id|>assistant<|end_header_id|>

<CHAR_COMPRESSION=0.88><|eot_id|><|begin_of_text|>The Panel is made up of experts from a range of professions including sustainability, urban design and architecture including landscape architecture. <|eot_id|>[PAD][PAD][PAD][PAD][PAD][PAD][PAD][PAD][PAD][PAD][PAD][PAD][PAD][PAD][PAD][PAD][PAD][PAD][PAD][PAD][PAD][PAD][PAD][PAD][PAD][PAD][PAD][PAD][PAD][PAD][PAD][PAD][PAD][PAD][PAD][PAD][PAD][PAD][PAD][PAD][PAD][PAD][PAD][PAD][PAD][PAD][PAD][PAD][PAD][PAD][PAD][PAD][PAD][PAD][PAD][PAD][PAD][PAD][PAD][PAD][PAD][PAD][PAD][PAD][PAD][PAD][PAD][PAD][PAD][PAD][PAD][PAD][PAD][PAD][PAD][PAD][PAD][PAD][PAD][PAD][PAD][PAD][PAD][PAD][PAD][PAD][PAD][PAD][PAD][PAD][PAD][PAD][PAD][PAD][PAD][PAD][PAD][PAD][PAD][PAD][PAD][PAD][PAD][PAD][PAD][PAD][PAD][PAD][PAD][PAD][PAD][PAD][PAD][PAD][PAD][PAD][PAD][PAD][PAD][PAD][PAD][PAD][PAD][PAD][PAD][PAD][PAD][PAD][PAD][PAD][PAD][PAD][PAD][PAD][PAD][PAD][PAD][PAD][PAD][PAD][PAD][PAD][PAD][PAD][PAD][PAD][PAD][PAD][PAD][PAD][PAD][PAD][PAD][PAD][PAD][PAD][PAD][PAD][PAD][PAD][PAD][PAD][PAD][PAD][PAD][PAD][PAD][PAD][PAD][PAD][PAD][PAD][PAD][PAD][PAD][PAD][PAD][PAD][PAD][PAD][PAD][PAD][PAD][PAD][PAD][PAD][PAD][PAD][PAD][PAD][PAD][PAD][PAD][PAD][PAD][PAD][PAD][PAD][PAD][PAD][PAD][PAD][PAD][PAD][PAD][PAD][PAD][PAD][PAD][PAD][PAD][PAD][PAD][PAD][PAD][PAD][PAD][PAD][PAD][PAD][PAD][PAD][PAD][PAD][PAD][PAD][PAD][PAD][PAD][PAD][PAD][PAD][PAD][PAD][PAD][PAD][PAD][PAD][PAD][PAD][PAD][PAD]
--- decoded labels:
 The Panel is made up of experts from a range of professions including sustainability, urban design and architecture including landscape architecture. 
{'loss': 2.212, 'grad_norm': 3.9592134952545166, 'learning_rate': 3e-05, 'epoch': 0.08}
{'eval_loss': 2.0723674297332764, 'eval_runtime': 18.6923, 'eval_samples_per_second': 13.053, 'eval_steps_per_second': 3.263, 'epoch': 0.08}

>>> [Step 20] Prompt:
<|begin_of_text|><|start_header_id|>system<|end_header_id|>

Cutting Knowledge Date: December 2023
Today Date: 26 Jul 2024

You are an expert in text simplification. When you receive a text for simplification, you generate a simplified version of that text. You carefully study the simplification criteria specified by the user and adapt the text accordingly. Please generate only the simplified text, no other notes or explanations allowed.<|eot_id|><|start_header_id|>user<|end_header_id|>

INSTRUCTION: Simplify the following text such that the length of the output text (number of characters) relative to the source text is approximately equal to the ratio specified in the control token prepended to your generated simplification. The control token has the following format: <METRIC=VALUE>. 
SOURCE TEXT: As part of this commitment we have developed a strategy on Open Data which aims to publish a number of datasets in a format that can be easily manipulated and used by you, and appropriate software packages.
EXPLANATION: The <CHAR_COMPRESSION=0.93> token specifies that the character-level compression rate should be around 0.93. Values less than 1 indicate text reduction. Values greater than 1 indicate text expansion.<|eot_id|><|start_header_id|>assistant<|end_header_id|>

<CHAR_COMPRESSION=0.93><|eot_id|>
>>> Reference:
As part of this commitment, we have developed a strategy on Open Data. This aims to publish a number of appropriate software packages and datasets in a format that you can easily edit and use. <|eot_id|>
>>> Prediction:

================================================================================

>>> [Step 20] Prompt:
<|begin_of_text|><|start_header_id|>system<|end_header_id|>

Cutting Knowledge Date: December 2023
Today Date: 26 Jul 2024

You are a helpful assistant. You are very good at simplifying texts. When you receive a text for simplification, you simplify it according to the instructions given by the user. Generate only the simplification, without any comments or notes.<|eot_id|><|start_header_id|>user<|end_header_id|>

INSTRUCTION: Simplify the following text such that the length of the output text (number of characters) relative to the source text is approximately equal to the ratio specified in the control token prepended to your generated simplification. The control token has the following format: <METRIC=VALUE>. 
SOURCE TEXT: Good design does not have to equate to additional cost when integrated from the beginning and the Panel is keen to review schemes when the comments can make a positive difference.
EXPLANATION: The <CHAR_COMPRESSION=0.95> token specifies that the character-level compression rate should be around 0.95. Values less than 1 indicate text reduction. Values greater than 1 indicate text expansion.<|eot_id|><|start_header_id|>assistant<|end_header_id|>

<CHAR_COMPRESSION=0.95><|eot_id|>
>>> Reference:
Good design does not have to mean additional cost when considered at the beginning. The Panel is keen to review schemes where the comments can make a positive difference. <|eot_id|>
>>> Prediction:
 Good design does not have to equate to additional cost when integrated from the beginning and the Panel is keen to review schemes when the comments can make a positive difference.
================================================================================

>>> [Step 20] Prompt:
<|begin_of_text|><|start_header_id|>system<|end_header_id|>

Cutting Knowledge Date: December 2023
Today Date: 26 Jul 2024

You are a helpful expert in text simplification. You generate a simplified version of the text input by the user. You simplify the text according to the instructions given by the user. When asked to simplify a text, generate only the requested simplification, without any additional comments, notes or explanations.<|eot_id|><|start_header_id|>user<|end_header_id|>

INSTRUCTION: Simplify the following text such that the length of the output text (number of characters) relative to the source text is approximately equal to the ratio specified in the control token prepended to your generated simplification. The control token has the following format: <METRIC=VALUE>. 
SOURCE TEXT: The purpose of the fund is to provide a range of funding, finance, legal and general advice and support to voluntary sector organisations in the city.
EXPLANATION: The <CHAR_COMPRESSION=0.97> token specifies that the character-level compression rate should be around 0.97. Values less than 1 indicate text reduction. Values greater than 1 indicate text expansion.<|eot_id|><|start_header_id|>assistant<|end_header_id|>

<CHAR_COMPRESSION=0.97><|eot_id|>
>>> Reference:
The money is to provide funding, advice and support for community groups in the city.  The advice and support may be financial, legal or general. <|eot_id|>
>>> Prediction:
The purpose of the fund is to provide a range of funding, finance, legal and general advice and support to voluntary sector organisations in the city.
================================================================================

>>> [Step 20] Prompt:
<|begin_of_text|><|start_header_id|>system<|end_header_id|>

Cutting Knowledge Date: December 2023
Today Date: 26 Jul 2024

You are an expert in controlled text simplification. When you receive a text from the user, you carefully adapt it to the simplification level specified by the user. Please generate only the simplified text, without any additional explanations or notes.<|eot_id|><|start_header_id|>user<|end_header_id|>

INSTRUCTION: Simplify the following text such that the length of the output text (number of characters) relative to the source text is approximately equal to the ratio specified in the control token prepended to your generated simplification. The control token has the following format: <METRIC=VALUE>. 
SOURCE TEXT: We must receive a completed application form before we can book the area for you as provisional bookings over the telephone cannot be taken.
EXPLANATION: The <CHAR_COMPRESSION=0.9> token specifies that the character-level compression rate should be around 0.9. Values less than 1 indicate text reduction. Values greater than 1 indicate text expansion.<|eot_id|><|start_header_id|>assistant<|end_header_id|>

<CHAR_COMPRESSION=0.9><|eot_id|>
>>> Reference:
Provisional bookings cannot be taken over the telephone, therefore we must have a completed application form to book the area. <|eot_id|>
>>> Prediction:
We must receive a completed application form before we can book the area for you as provisional bookings over the telephone cannot be taken.
================================================================================
{'loss': 1.6752, 'grad_norm': 1.9063911437988281, 'learning_rate': 6.333333333333333e-05, 'epoch': 0.16}
{'eval_loss': 1.4780093431472778, 'eval_runtime': 18.7097, 'eval_samples_per_second': 13.041, 'eval_steps_per_second': 3.26, 'epoch': 0.16}
{'loss': 1.2217, 'grad_norm': 2.1785595417022705, 'learning_rate': 9.666666666666667e-05, 'epoch': 0.25}
{'eval_loss': 0.8224767446517944, 'eval_runtime': 18.6867, 'eval_samples_per_second': 13.057, 'eval_steps_per_second': 3.264, 'epoch': 0.25}

>>> [Step 40] Prompt:
<|begin_of_text|><|start_header_id|>system<|end_header_id|>

Cutting Knowledge Date: December 2023
Today Date: 26 Jul 2024

You are a helpful text simplification assistant. You are not only an expert in simplifying texts for different readerships, but you are also very good at adapting texts according to the exact needs of the user. You output only the simplified text, no further notes or comments allowed.<|eot_id|><|start_header_id|>user<|end_header_id|>

INSTRUCTION: Simplify the following text such that the length of the output text (number of characters) relative to the source text is approximately equal to the ratio specified in the control token prepended to your generated simplification. The control token has the following format: <METRIC=VALUE>. 
SOURCE TEXT: Members were of the opinion that the DPPO is having a positive impact on reducing alcohol related anti-social behaviour/disorder in the area.
EXPLANATION: The <CHAR_COMPRESSION=0.99> token specifies that the character-level compression rate should be around 0.99. Values less than 1 indicate text reduction. Values greater than 1 indicate text expansion.<|eot_id|><|start_header_id|>assistant<|end_header_id|>

<CHAR_COMPRESSION=0.99><|eot_id|>
>>> Reference:
Members were of the opinion that the DPPO is having a positive impact on reducing alcohol-driven anti-social behaviour/disorder in the area. <|eot_id|>
>>> Prediction:
#Members were of the opinion that the DPPO is having a positive impact on reducing alcohol related anti-social behaviour/disorder in the area. 
================================================================================

>>> [Step 40] Prompt:
<|begin_of_text|><|start_header_id|>system<|end_header_id|>

Cutting Knowledge Date: December 2023
Today Date: 26 Jul 2024

You are a helpful expert in text simplification. You generate a simplified version of the text input by the user. You simplify the text according to the instructions given by the user. When asked to simplify a text, generate only the requested simplification, without any additional comments, notes or explanations.<|eot_id|><|start_header_id|>user<|end_header_id|>

INSTRUCTION: Simplify the following text such that the length of the output text (number of characters) relative to the source text is approximately equal to the ratio specified in the control token prepended to your generated simplification. The control token has the following format: <METRIC=VALUE>. 
SOURCE TEXT: The surveys form part of the evidence base for our proposals and have been taken into account alongside other material considerations.
EXPLANATION: The <CHAR_COMPRESSION=1.06> token specifies that the character-level compression rate should be around 1.06. Values less than 1 indicate text reduction. Values greater than 1 indicate text expansion.<|eot_id|><|start_header_id|>assistant<|end_header_id|>

<CHAR_COMPRESSION=1.06><|eot_id|>
>>> Reference:
The surveys form part of the information gathering for our proposals and have been taken into account alongside other relevant considerations. <|eot_id|>
>>> Prediction:
The surveys form part of the evidence base for our proposals and have been taken into account alongside other material considerations. 
================================================================================

>>> [Step 40] Prompt:
<|begin_of_text|><|start_header_id|>system<|end_header_id|>

Cutting Knowledge Date: December 2023
Today Date: 26 Jul 2024

You are a helpful expert in text simplification. You generate a simplified version of the text input by the user. You simplify the text according to the instructions given by the user. When asked to simplify a text, generate only the requested simplification, without any additional comments, notes or explanations.<|eot_id|><|start_header_id|>user<|end_header_id|>

INSTRUCTION: Simplify the following text such that the length of the output text (number of characters) relative to the source text is approximately equal to the ratio specified in the control token prepended to your generated simplification. The control token has the following format: <METRIC=VALUE>. 
SOURCE TEXT: The majority of the conservation area consists of Hillsborough Park itself, sitting within the original boundary of the 18th Century park and garden attached to Hillsborough Hall.
EXPLANATION: The <CHAR_COMPRESSION=1.01> token specifies that the character-level compression rate should be around 1.01. Values less than 1 indicate text reduction. Values greater than 1 indicate text expansion.<|eot_id|><|start_header_id|>assistant<|end_header_id|>

<CHAR_COMPRESSION=1.01><|eot_id|>
>>> Reference:
The majority of the conservation area consists of Hillsborough Park itself, situated within the original boundary of the 18th Century park and garden attached to Hillsborough Hall. <|eot_id|>
>>> Prediction:
definitely the majority of the conservation area consists of Hillsborough Park itself, sitting within the original boundary of the 18th Century park and garden attached to Hillsborough Hall. 
================================================================================

>>> [Step 40] Prompt:
<|begin_of_text|><|start_header_id|>system<|end_header_id|>

Cutting Knowledge Date: December 2023
Today Date: 26 Jul 2024

You are an expert in text simplification. When you receive a text for simplification, you generate a simplified version of that text. You carefully study the simplification criteria specified by the user and adapt the text accordingly. Please generate only the simplified text, no other notes or explanations allowed.<|eot_id|><|start_header_id|>user<|end_header_id|>

INSTRUCTION: Simplify the following text such that the length of the output text (number of characters) relative to the source text is approximately equal to the ratio specified in the control token prepended to your generated simplification. The control token has the following format: <METRIC=VALUE>. 
SOURCE TEXT: As well as providing a 'green lung' in this built up area and catering for general amenity, the gardens have outstanding plant collections, making them a centre for horticultural excellence and providing educational opportunities.
EXPLANATION: The <CHAR_COMPRESSION=0.92> token specifies that the character-level compression rate should be around 0.92. Values less than 1 indicate text reduction. Values greater than 1 indicate text expansion.<|eot_id|><|start_header_id|>assistant<|end_header_id|>

<CHAR_COMPRESSION=0.92><|eot_id|>
>>> Reference:
As well as providing a 'green lung' in this built up area and catering for general use, the gardens have outstanding plants, making them a centre for gardening excellence and providing educational opportunities. <|eot_id|>
>>> Prediction:
definitely a 'green lung' in this built up area and catering for general amenity, the gardens have outstanding plant collections, making them a centre for horticultural excellence and providing educational opportunities. 
================================================================================
{'loss': 0.6574, 'grad_norm': 0.7287604808807373, 'learning_rate': 9.982307470588098e-05, 'epoch': 0.33}
{'eval_loss': 0.628474235534668, 'eval_runtime': 18.7147, 'eval_samples_per_second': 13.038, 'eval_steps_per_second': 3.259, 'epoch': 0.33}
{'loss': 0.6127, 'grad_norm': 0.9938461184501648, 'learning_rate': 9.921308843366772e-05, 'epoch': 0.41}
{'eval_loss': 0.6042845845222473, 'eval_runtime': 18.6985, 'eval_samples_per_second': 13.049, 'eval_steps_per_second': 3.262, 'epoch': 0.41}

>>> [Step 60] Prompt:
<|begin_of_text|><|start_header_id|>system<|end_header_id|>

Cutting Knowledge Date: December 2023
Today Date: 26 Jul 2024

You are a helpful assistant. You are an expert in controlled text simplification. When you receive a text, you simplify it by rewriting it in a manner that is easier to read. Your simplification is guided by the simplification criteria specified by the user. You generate only the simplification result, without any additional comments or explanations.<|eot_id|><|start_header_id|>user<|end_header_id|>

INSTRUCTION: Simplify the following text such that the length of the output text (number of characters) relative to the source text is approximately equal to the ratio specified in the control token prepended to your generated simplification. The control token has the following format: <METRIC=VALUE>. 
SOURCE TEXT: We anticipate this archive will help those who visit it to form their own views and develop their understanding of the tragedy.
EXPLANATION: The <CHAR_COMPRESSION=0.93> token specifies that the character-level compression rate should be around 0.93. Values less than 1 indicate text reduction. Values greater than 1 indicate text expansion.<|eot_id|><|start_header_id|>assistant<|end_header_id|>

<CHAR_COMPRESSION=0.93><|eot_id|>
>>> Reference:
We anticipate this archive will help people to form their own opinions and develop their understanding of the tragedy. <|eot_id|>
>>> Prediction:
The archive will help those who visit it to form their own views and develop their understanding of the tragedy. 
================================================================================

>>> [Step 60] Prompt:
<|begin_of_text|><|start_header_id|>system<|end_header_id|>

Cutting Knowledge Date: December 2023
Today Date: 26 Jul 2024

You are an expert in controlled text simplification. When you receive a text from the user, you carefully adapt it to the simplification level specified by the user. Please generate only the simplified text, without any additional explanations or notes.<|eot_id|><|start_header_id|>user<|end_header_id|>

INSTRUCTION: Simplify the following text such that the length of the output text (number of characters) relative to the source text is approximately equal to the ratio specified in the control token prepended to your generated simplification. The control token has the following format: <METRIC=VALUE>. 
SOURCE TEXT: It is in the interest of the candidate to ascertain that the car they intend to use is insured for the purpose of taking the Taxi/Private Hire test as they will be required to sign a document to that effect.
EXPLANATION: The <CHAR_COMPRESSION=0.99> token specifies that the character-level compression rate should be around 0.99. Values less than 1 indicate text reduction. Values greater than 1 indicate text expansion.<|eot_id|><|start_header_id|>assistant<|end_header_id|>

<CHAR_COMPRESSION=0.99><|eot_id|>
>>> Reference:
It is a good idea for the candidate to determine whether the car they will use is insured for taking the Taxi/Private Hire test as they will be required to sign a document that confirms the car is insured. <|eot_id|>
>>> Prediction:
definitely it is in the interest of the candidate to ascertain that the car they intend to use is insured for the purpose of taking the Taxi/Private Hire test as they will be required to sign a document to that effect 
================================================================================

>>> [Step 60] Prompt:
<|begin_of_text|><|start_header_id|>system<|end_header_id|>

Cutting Knowledge Date: December 2023
Today Date: 26 Jul 2024

You are a helpful assistant. You are very good at simplifying texts. When you receive a text for simplification, you simplify it according to the instructions given by the user. Generate only the simplification, without any comments or notes.<|eot_id|><|start_header_id|>user<|end_header_id|>

INSTRUCTION: Simplify the following text such that the length of the output text (number of characters) relative to the source text is approximately equal to the ratio specified in the control token prepended to your generated simplification. The control token has the following format: <METRIC=VALUE>. 
SOURCE TEXT: Specific areas have been allocated for the city centre and applicants are advised to contact us for an up to date list.
EXPLANATION: The <CHAR_COMPRESSION=0.93> token specifies that the character-level compression rate should be around 0.93. Values less than 1 indicate text reduction. Values greater than 1 indicate text expansion.<|eot_id|><|start_header_id|>assistant<|end_header_id|>

<CHAR_COMPRESSION=0.93><|eot_id|>
>>> Reference:
Specific areas have been assigned for the city centre and applicants are advised to contact us for recent list. <|eot_id|>
>>> Prediction:
Question: Specific areas have been allocated for the city centre and applicants are advised to contact us for an up to date list. 
================================================================================

>>> [Step 60] Prompt:
<|begin_of_text|><|start_header_id|>system<|end_header_id|>

Cutting Knowledge Date: December 2023
Today Date: 26 Jul 2024

You are an expert in controlled text simplification. When you receive a text from the user, you carefully adapt it to the simplification level specified by the user. Please generate only the simplified text, without any additional explanations or notes.<|eot_id|><|start_header_id|>user<|end_header_id|>

INSTRUCTION: Simplify the following text such that the length of the output text (number of characters) relative to the source text is approximately equal to the ratio specified in the control token prepended to your generated simplification. The control token has the following format: <METRIC=VALUE>. 
SOURCE TEXT: We must receive a completed application form before we can book the area for you as provisional bookings over the telephone cannot be taken.
EXPLANATION: The <CHAR_COMPRESSION=0.9> token specifies that the character-level compression rate should be around 0.9. Values less than 1 indicate text reduction. Values greater than 1 indicate text expansion.<|eot_id|><|start_header_id|>assistant<|end_header_id|>

<CHAR_COMPRESSION=0.9><|eot_id|>
>>> Reference:
Provisional bookings cannot be taken over the telephone, therefore we must have a completed application form to book the area. <|eot_id|>
>>> Prediction:
This form must be completed before we can book the area for you as provisional bookings over the telephone cannot be taken. 
================================================================================
{'loss': 0.6174, 'grad_norm': 0.47841760516166687, 'learning_rate': 9.817318439077195e-05, 'epoch': 0.49}
{'eval_loss': 0.5912879109382629, 'eval_runtime': 18.7282, 'eval_samples_per_second': 13.029, 'eval_steps_per_second': 3.257, 'epoch': 0.49}
{'loss': 0.5237, 'grad_norm': 0.5818696022033691, 'learning_rate': 9.671244701472999e-05, 'epoch': 0.57}
{'eval_loss': 0.5819144248962402, 'eval_runtime': 18.6957, 'eval_samples_per_second': 13.051, 'eval_steps_per_second': 3.263, 'epoch': 0.57}

>>> [Step 80] Prompt:
<|begin_of_text|><|start_header_id|>system<|end_header_id|>

Cutting Knowledge Date: December 2023
Today Date: 26 Jul 2024

You are a helpful assistant. You are very good at simplifying texts. When you receive a text for simplification, you simplify it according to the instructions given by the user. Generate only the simplification, without any comments or notes.<|eot_id|><|start_header_id|>user<|end_header_id|>

INSTRUCTION: Simplify the following text such that the length of the output text (number of characters) relative to the source text is approximately equal to the ratio specified in the control token prepended to your generated simplification. The control token has the following format: <METRIC=VALUE>. 
SOURCE TEXT: We are the only body who hold all the up to date authoritative information to complete the Con29R (Required) Form in full.
EXPLANATION: The <CHAR_COMPRESSION=1.01> token specifies that the character-level compression rate should be around 1.01. Values less than 1 indicate text reduction. Values greater than 1 indicate text expansion.<|eot_id|><|start_header_id|>assistant<|end_header_id|>

<CHAR_COMPRESSION=1.01><|eot_id|>
>>> Reference:
We are the only group who hold all the up to date authoritative information to complete the Con29R (Required) Form in full. <|eot_id|>
>>> Prediction:
The only body who hold all the up to date authoritative information to complete the Con29R (Required) Form in full. 
================================================================================

>>> [Step 80] Prompt:
<|begin_of_text|><|start_header_id|>system<|end_header_id|>

Cutting Knowledge Date: December 2023
Today Date: 26 Jul 2024

You are a helpful assistant. You are very good at simplifying texts. When you receive a text for simplification, you simplify it according to the instructions given by the user. Generate only the simplification, without any comments or notes.<|eot_id|><|start_header_id|>user<|end_header_id|>

INSTRUCTION: Simplify the following text such that the length of the output text (number of characters) relative to the source text is approximately equal to the ratio specified in the control token prepended to your generated simplification. The control token has the following format: <METRIC=VALUE>. 
SOURCE TEXT: The final report (below) was endorsed by our Cabinet on 25 October 2006 as the basis for regeneration of the Upper Don Valley.
EXPLANATION: The <CHAR_COMPRESSION=1.02> token specifies that the character-level compression rate should be around 1.02. Values less than 1 indicate text reduction. Values greater than 1 indicate text expansion.<|eot_id|><|start_header_id|>assistant<|end_header_id|>

<CHAR_COMPRESSION=1.02><|eot_id|>
>>> Reference:
The final report (below) was approved by our Cabinet on 25 October 2006 as the basis for regeneration of the Upper Don Valley. * <|eot_id|>
>>> Prediction:
The final report (below) was approved by our Cabinet on 25 October 2006 as the basis for regeneration of the Upper Don Valley. 
================================================================================

>>> [Step 80] Prompt:
<|begin_of_text|><|start_header_id|>system<|end_header_id|>

Cutting Knowledge Date: December 2023
Today Date: 26 Jul 2024

You are a helpful text simplification assistant. You are not only an expert in simplifying texts for different readerships, but you are also very good at adapting texts according to the exact needs of the user. You output only the simplified text, no further notes or comments allowed.<|eot_id|><|start_header_id|>user<|end_header_id|>

INSTRUCTION: Simplify the following text such that the length of the output text (number of characters) relative to the source text is approximately equal to the ratio specified in the control token prepended to your generated simplification. The control token has the following format: <METRIC=VALUE>. 
SOURCE TEXT: We believe high quality Urban Design is of critical importance to the city, supporting Sheffield’s transformation, promoting sustainable development and delivering high quality places.
EXPLANATION: The <CHAR_COMPRESSION=0.91> token specifies that the character-level compression rate should be around 0.91. Values less than 1 indicate text reduction. Values greater than 1 indicate text expansion.<|eot_id|><|start_header_id|>assistant<|end_header_id|>

<CHAR_COMPRESSION=0.91><|eot_id|>
>>> Reference:
We believe high quality Urban Design is vital to the city, supporting Sheffield’s transformation, promoting sustainable development and delivering high quality places. <|eot_id|>
>>> Prediction:
The quality of Urban Design is of critical importance to the city. It supports Sheffield’s transformation, promotes sustainable development and delivers good places. 
================================================================================

>>> [Step 80] Prompt:
<|begin_of_text|><|start_header_id|>system<|end_header_id|>

Cutting Knowledge Date: December 2023
Today Date: 26 Jul 2024

You are a helpful assistant. You are very good at simplifying texts. When you receive a text for simplification, you simplify it according to the instructions given by the user. Generate only the simplification, without any comments or notes.<|eot_id|><|start_header_id|>user<|end_header_id|>

INSTRUCTION: Simplify the following text such that the length of the output text (number of characters) relative to the source text is approximately equal to the ratio specified in the control token prepended to your generated simplification. The control token has the following format: <METRIC=VALUE>. 
SOURCE TEXT: A group of Master Plans are then put together to form an Area Development Framework, this time for Brightside Shiregreen.
EXPLANATION: The <CHAR_COMPRESSION=0.77> token specifies that the character-level compression rate should be around 0.77. Values less than 1 indicate text reduction. Values greater than 1 indicate text expansion.<|eot_id|><|start_header_id|>assistant<|end_header_id|>

<CHAR_COMPRESSION=0.77><|eot_id|>
>>> Reference:
A local development is formed for Brightside Shiregreen by putting together high level plans. <|eot_id|>
>>> Prediction:
The Master Plans are put together to form an Area Development Framework, this time for Brightside Shiregreen. 
================================================================================
{'loss': 0.6236, 'grad_norm': 0.5710095167160034, 'learning_rate': 9.484363707663442e-05, 'epoch': 0.65}
{'eval_loss': 0.5740134716033936, 'eval_runtime': 18.6947, 'eval_samples_per_second': 13.052, 'eval_steps_per_second': 3.263, 'epoch': 0.65}
{'loss': 0.5602, 'grad_norm': 0.4921882748603821, 'learning_rate': 9.258308020505247e-05, 'epoch': 0.74}
{'eval_loss': 0.5671504735946655, 'eval_runtime': 18.6976, 'eval_samples_per_second': 13.05, 'eval_steps_per_second': 3.262, 'epoch': 0.74}

>>> [Step 100] Prompt:
<|begin_of_text|><|start_header_id|>system<|end_header_id|>

Cutting Knowledge Date: December 2023
Today Date: 26 Jul 2024

You are a helpful assistant. You are an expert in controlled text simplification. When you receive a text, you simplify it by rewriting it in a manner that is easier to read. Your simplification is guided by the simplification criteria specified by the user. You generate only the simplification result, without any additional comments or explanations.<|eot_id|><|start_header_id|>user<|end_header_id|>

INSTRUCTION: Simplify the following text such that the length of the output text (number of characters) relative to the source text is approximately equal to the ratio specified in the control token prepended to your generated simplification. The control token has the following format: <METRIC=VALUE>. 
SOURCE TEXT: The Register of Members' Interests is also open for inspection by the public during normal office hours at the Town Hall, Pinstone Street, Sheffield.
EXPLANATION: The <CHAR_COMPRESSION=0.98> token specifies that the character-level compression rate should be around 0.98. Values less than 1 indicate text reduction. Values greater than 1 indicate text expansion.<|eot_id|><|start_header_id|>assistant<|end_header_id|>

<CHAR_COMPRESSION=0.98><|eot_id|>
>>> Reference:
The Register of Members' Interests is also open for viewing by the public during normal office hours at the Town Hall, Pinstone Street, Sheffield. <|eot_id|>
>>> Prediction:
The Register of Members' Interests is also open for inspection by the public during normal office hours at the Town Hall, Pinstone Street, Sheffield. 
================================================================================

>>> [Step 100] Prompt:
<|begin_of_text|><|start_header_id|>system<|end_header_id|>

Cutting Knowledge Date: December 2023
Today Date: 26 Jul 2024

You are a helpful assistant. You are very good at simplifying texts. When you receive a text for simplification, you simplify it according to the instructions given by the user. Generate only the simplification, without any comments or notes.<|eot_id|><|start_header_id|>user<|end_header_id|>

INSTRUCTION: Simplify the following text such that the length of the output text (number of characters) relative to the source text is approximately equal to the ratio specified in the control token prepended to your generated simplification. The control token has the following format: <METRIC=VALUE>. 
SOURCE TEXT: Domestic abuse is about power and control and can involve physical, emotional, sexual and financial abuse, as well as forced marriage, ‘honour-based’ violence, stalking, harassment, isolation and denial.
EXPLANATION: The <CHAR_COMPRESSION=1.0> token specifies that the character-level compression rate should be around 1.0. Values less than 1 indicate text reduction. Values greater than 1 indicate text expansion.<|eot_id|><|start_header_id|>assistant<|end_header_id|>

<CHAR_COMPRESSION=1.0><|eot_id|>
>>> Reference:
Domestic abuse is about power and control and can involve physical, emotional, sexual and financial abuse, as well as forced marriage, ‘honour-based’ violence, stalking, harassment, isolation and denial. <|eot_id|>
>>> Prediction:
This is about power and control and can involve physical, emotional, sexual and financial abuse, as well as forced marriage, ‘honour-based’ violence, stalking, harassment, isolation and denial. 
================================================================================

>>> [Step 100] Prompt:
<|begin_of_text|><|start_header_id|>system<|end_header_id|>

Cutting Knowledge Date: December 2023
Today Date: 26 Jul 2024

You are a helpful text simplification assistant. You are not only an expert in simplifying texts for different readerships, but you are also very good at adapting texts according to the exact needs of the user. You output only the simplified text, no further notes or comments allowed.<|eot_id|><|start_header_id|>user<|end_header_id|>

INSTRUCTION: Simplify the following text such that the length of the output text (number of characters) relative to the source text is approximately equal to the ratio specified in the control token prepended to your generated simplification. The control token has the following format: <METRIC=VALUE>. 
SOURCE TEXT: The school is independent from ourselves and the Governing Body is responsible for setting and applying their own admission criteria.
EXPLANATION: The <CHAR_COMPRESSION=0.8> token specifies that the character-level compression rate should be around 0.8. Values less than 1 indicate text reduction. Values greater than 1 indicate text expansion.<|eot_id|><|start_header_id|>assistant<|end_header_id|>

<CHAR_COMPRESSION=0.8><|eot_id|>
>>> Reference:
The school is independent from us, and the Governing Body is responsible for their own admission criteria. <|eot_id|>
>>> Prediction:
The school is independent from ourselves and the Governing Body is responsible for setting and applying their own admission rules. 
================================================================================

>>> [Step 100] Prompt:
<|begin_of_text|><|start_header_id|>system<|end_header_id|>

Cutting Knowledge Date: December 2023
Today Date: 26 Jul 2024

You are a helpful assistant. You are very good at simplifying texts. When you receive a text for simplification, you simplify it according to the instructions given by the user. Generate only the simplification, without any comments or notes.<|eot_id|><|start_header_id|>user<|end_header_id|>

INSTRUCTION: Simplify the following text such that the length of the output text (number of characters) relative to the source text is approximately equal to the ratio specified in the control token prepended to your generated simplification. The control token has the following format: <METRIC=VALUE>. 
SOURCE TEXT: However, we’ll contact you on an annual basis to offer support or an opportunity to meet to discuss the education being offered to your child.
EXPLANATION: The <CHAR_COMPRESSION=0.91> token specifies that the character-level compression rate should be around 0.91. Values less than 1 indicate text reduction. Values greater than 1 indicate text expansion.<|eot_id|><|start_header_id|>assistant<|end_header_id|>

<CHAR_COMPRESSION=0.91><|eot_id|>
>>> Reference:
However, we’ll contact you once a year to offer support or a chance to meet to discuss the education being offered to your child. <|eot_id|>
>>> Prediction:
The support or opportunity to meet to discuss the education being offered to your child will be offered to you on an annual basis. 
================================================================================
{'loss': 0.5954, 'grad_norm': 0.7663207054138184, 'learning_rate': 8.995052426791247e-05, 'epoch': 0.82}
{'eval_loss': 0.5609186291694641, 'eval_runtime': 18.7129, 'eval_samples_per_second': 13.039, 'eval_steps_per_second': 3.26, 'epoch': 0.82}
{'loss': 0.5731, 'grad_norm': 0.7449813485145569, 'learning_rate': 8.696896685824731e-05, 'epoch': 0.9}
{'eval_loss': 0.5606259703636169, 'eval_runtime': 18.6896, 'eval_samples_per_second': 13.055, 'eval_steps_per_second': 3.264, 'epoch': 0.9}

>>> [Step 120] Prompt:
<|begin_of_text|><|start_header_id|>system<|end_header_id|>

Cutting Knowledge Date: December 2023
Today Date: 26 Jul 2024

You are a helpful text simplification assistant. You are not only an expert in simplifying texts for different readerships, but you are also very good at adapting texts according to the exact needs of the user. You output only the simplified text, no further notes or comments allowed.<|eot_id|><|start_header_id|>user<|end_header_id|>

INSTRUCTION: Simplify the following text such that the length of the output text (number of characters) relative to the source text is approximately equal to the ratio specified in the control token prepended to your generated simplification. The control token has the following format: <METRIC=VALUE>. 
SOURCE TEXT: In 2002 the Government launched the Housing Market Renewal (HMR) programme, a scheme which aimed to address issues of housing market decline.
EXPLANATION: The <CHAR_COMPRESSION=1.0> token specifies that the character-level compression rate should be around 1.0. Values less than 1 indicate text reduction. Values greater than 1 indicate text expansion.<|eot_id|><|start_header_id|>assistant<|end_header_id|>

<CHAR_COMPRESSION=1.0><|eot_id|>
>>> Reference:
In 2002 the Government launched the Housing Market Renewal (HMR) programme, a scheme which aimed to address issues of housing market decline. <|eot_id|>
>>> Prediction:
You can see that in 2002 the Government started the Housing Market Renewal (HMR) programme, a scheme which aimed to address issues of housing market decline. 
================================================================================

>>> [Step 120] Prompt:
<|begin_of_text|><|start_header_id|>system<|end_header_id|>

Cutting Knowledge Date: December 2023
Today Date: 26 Jul 2024

You are an expert in controlled text simplification. When you receive a text from the user, you carefully adapt it to the simplification level specified by the user. Please generate only the simplified text, without any additional explanations or notes.<|eot_id|><|start_header_id|>user<|end_header_id|>

INSTRUCTION: Simplify the following text such that the length of the output text (number of characters) relative to the source text is approximately equal to the ratio specified in the control token prepended to your generated simplification. The control token has the following format: <METRIC=VALUE>. 
SOURCE TEXT: The Emergency Planning Shared Service is here to provide general assistance to business and voluntary organisations in relation to business continuity management in the event of disruption and / or incidents.
EXPLANATION: The <CHAR_COMPRESSION=1.09> token specifies that the character-level compression rate should be around 1.09. Values less than 1 indicate text reduction. Values greater than 1 indicate text expansion.<|eot_id|><|start_header_id|>assistant<|end_header_id|>

<CHAR_COMPRESSION=1.09><|eot_id|>
>>> Reference:
The Emergency Planning Shared Service is here to provide general assistance to business and voluntary organisations.  The Service can help with managing continuity of businesses in case of disruption and/or in case of incidents <|eot_id|>
>>> Prediction:
The Emergency Planning Shared Service is here to give general help to business and voluntary organisations in relation to business continuity management in the event of disruption and / or incidents. 
================================================================================

>>> [Step 120] Prompt:
<|begin_of_text|><|start_header_id|>system<|end_header_id|>

Cutting Knowledge Date: December 2023
Today Date: 26 Jul 2024

You are a helpful assistant. You are very good at simplifying texts. When you receive a text for simplification, you simplify it according to the instructions given by the user. Generate only the simplification, without any comments or notes.<|eot_id|><|start_header_id|>user<|end_header_id|>

INSTRUCTION: Simplify the following text such that the length of the output text (number of characters) relative to the source text is approximately equal to the ratio specified in the control token prepended to your generated simplification. The control token has the following format: <METRIC=VALUE>. 
SOURCE TEXT: Our energy partner, The Energy Helpline, then runs an online energy auction with UK energy suppliers to bid for your custom by offering their cheapest and best tariff.
EXPLANATION: The <CHAR_COMPRESSION=1.03> token specifies that the character-level compression rate should be around 1.03. Values less than 1 indicate text reduction. Values greater than 1 indicate text expansion.<|eot_id|><|start_header_id|>assistant<|end_header_id|>

<CHAR_COMPRESSION=1.03><|eot_id|>
>>> Reference:
Our energy partner, The Energy Helpline, then runs an online energy auction with UK energy suppliers to bid for you as a consumer by offering their cheapest and best price. <|eot_id|>
>>> Prediction:
The Energy Helpline, our energy partner, then runs an online energy auction with UK energy suppliers to bid for your custom by offering their cheapest and best tariff. 
================================================================================

>>> [Step 120] Prompt:
<|begin_of_text|><|start_header_id|>system<|end_header_id|>

Cutting Knowledge Date: December 2023
Today Date: 26 Jul 2024

You are an expert in text simplification. When you receive a text for simplification, you generate a simplified version of that text. You carefully study the simplification criteria specified by the user and adapt the text accordingly. Please generate only the simplified text, no other notes or explanations allowed.<|eot_id|><|start_header_id|>user<|end_header_id|>

INSTRUCTION: Simplify the following text such that the length of the output text (number of characters) relative to the source text is approximately equal to the ratio specified in the control token prepended to your generated simplification. The control token has the following format: <METRIC=VALUE>. 
SOURCE TEXT: We usually recover an overpayment of Housing Benefit by accepting a full repayment, or by taking a weekly amount from your future Housing Benefit (also known as ‘claw-back’).
EXPLANATION: The <CHAR_COMPRESSION=1.01> token specifies that the character-level compression rate should be around 1.01. Values less than 1 indicate text reduction. Values greater than 1 indicate text expansion.<|eot_id|><|start_header_id|>assistant<|end_header_id|>

<CHAR_COMPRESSION=1.01><|eot_id|>
>>> Reference:
We usually receive back extra payment of Housing Benefit by accepting a full payback, or by taking a weekly amount from your future Housing Benefit (also known as ‘claw-back’). <|eot_id|>
>>> Prediction:
The amount of overpayment of Housing Benefit is usually recovered by accepting a full repayment, or by taking a weekly amount from your future Housing Benefit (also known as ‘claw-back’). 
================================================================================
{'loss': 0.5429, 'grad_norm': 0.8697296380996704, 'learning_rate': 8.366445439085286e-05, 'epoch': 0.98}
{'eval_loss': 0.5558590888977051, 'eval_runtime': 18.7537, 'eval_samples_per_second': 13.011, 'eval_steps_per_second': 3.253, 'epoch': 0.98}
{'loss': 0.5374, 'grad_norm': 0.7180578112602234, 'learning_rate': 8.006585456492029e-05, 'epoch': 1.06}
{'eval_loss': 0.5504145622253418, 'eval_runtime': 18.6872, 'eval_samples_per_second': 13.057, 'eval_steps_per_second': 3.264, 'epoch': 1.06}

>>> [Step 140] Prompt:
<|begin_of_text|><|start_header_id|>system<|end_header_id|>

Cutting Knowledge Date: December 2023
Today Date: 26 Jul 2024

You are a helpful expert in text simplification. You generate a simplified version of the text input by the user. You simplify the text according to the instructions given by the user. When asked to simplify a text, generate only the requested simplification, without any additional comments, notes or explanations.<|eot_id|><|start_header_id|>user<|end_header_id|>

INSTRUCTION: Simplify the following text such that the length of the output text (number of characters) relative to the source text is approximately equal to the ratio specified in the control token prepended to your generated simplification. The control token has the following format: <METRIC=VALUE>. 
SOURCE TEXT: The purpose of the fund is to provide a range of funding, finance, legal and general advice and support to voluntary sector organisations in the city.
EXPLANATION: The <CHAR_COMPRESSION=0.97> token specifies that the character-level compression rate should be around 0.97. Values less than 1 indicate text reduction. Values greater than 1 indicate text expansion.<|eot_id|><|start_header_id|>assistant<|end_header_id|>

<CHAR_COMPRESSION=0.97><|eot_id|>
>>> Reference:
The money is to provide funding, advice and support for community groups in the city.  The advice and support may be financial, legal or general. <|eot_id|>
>>> Prediction:
We are a fund. The purpose of the fund is to give a range of funding, finance, legal and general advice and support to voluntary sector organisations in the city. 
================================================================================

>>> [Step 140] Prompt:
<|begin_of_text|><|start_header_id|>system<|end_header_id|>

Cutting Knowledge Date: December 2023
Today Date: 26 Jul 2024

You are an expert in text simplification. When you receive a text for simplification, you generate a simplified version of that text. You carefully study the simplification criteria specified by the user and adapt the text accordingly. Please generate only the simplified text, no other notes or explanations allowed.<|eot_id|><|start_header_id|>user<|end_header_id|>

INSTRUCTION: Simplify the following text such that the length of the output text (number of characters) relative to the source text is approximately equal to the ratio specified in the control token prepended to your generated simplification. The control token has the following format: <METRIC=VALUE>. 
SOURCE TEXT: Neighbourhood Development Plan - A plan will establish the vision and planning policies for the use and development of land in your neighbourhood.
EXPLANATION: The <CHAR_COMPRESSION=0.94> token specifies that the character-level compression rate should be around 0.94. Values less than 1 indicate text reduction. Values greater than 1 indicate text expansion.<|eot_id|><|start_header_id|>assistant<|end_header_id|>

<CHAR_COMPRESSION=0.94><|eot_id|>
>>> Reference:
Neighbourhood Development Plan - A plan will establish the vision and planning policies for the use and development of land in your area. <|eot_id|>
>>> Prediction:
The Neighbourhood Development Plan - A plan will establish the vision and planning policies for the use and development of land in your area. 
================================================================================

>>> [Step 140] Prompt:
<|begin_of_text|><|start_header_id|>system<|end_header_id|>

Cutting Knowledge Date: December 2023
Today Date: 26 Jul 2024

You are a helpful assistant. You are very good at simplifying texts. When you receive a text for simplification, you simplify it according to the instructions given by the user. Generate only the simplification, without any comments or notes.<|eot_id|><|start_header_id|>user<|end_header_id|>

INSTRUCTION: Simplify the following text such that the length of the output text (number of characters) relative to the source text is approximately equal to the ratio specified in the control token prepended to your generated simplification. The control token has the following format: <METRIC=VALUE>. 
SOURCE TEXT: There also has to be an ability to pay back the borrowing and refurbishing the library would not produce an income that would divert funds from other Council services at a time of government cuts.
EXPLANATION: The <CHAR_COMPRESSION=0.98> token specifies that the character-level compression rate should be around 0.98. Values less than 1 indicate text reduction. Values greater than 1 indicate text expansion.<|eot_id|><|start_header_id|>assistant<|end_header_id|>

<CHAR_COMPRESSION=0.98><|eot_id|>
>>> Reference:
There also has to be an ability to pay back the borrowing. Improving the library would not produce an income that would move away funds from other Council services at a time of government cuts. <|eot_id|>
>>> Prediction:
The borrowing would also have to be paid back. The library would not produce an income that would take funds away from other Council services at a time of government cuts. 
================================================================================

>>> [Step 140] Prompt:
<|begin_of_text|><|start_header_id|>system<|end_header_id|>

Cutting Knowledge Date: December 2023
Today Date: 26 Jul 2024

You are an expert in text simplification. When you receive a text for simplification, you generate a simplified version of that text. You carefully study the simplification criteria specified by the user and adapt the text accordingly. Please generate only the simplified text, no other notes or explanations allowed.<|eot_id|><|start_header_id|>user<|end_header_id|>

INSTRUCTION: Simplify the following text such that the length of the output text (number of characters) relative to the source text is approximately equal to the ratio specified in the control token prepended to your generated simplification. The control token has the following format: <METRIC=VALUE>. 
SOURCE TEXT: In a qualifying club there is technically no sale by retail of alcohol (except to guests) as the member owns part of the alcohol stock and the money passing across the bar is merely a mechanism to preserve equity between members where one may consume more than another.
EXPLANATION: The <CHAR_COMPRESSION=0.84> token specifies that the character-level compression rate should be around 0.84. Values less than 1 indicate text reduction. Values greater than 1 indicate text expansion.<|eot_id|><|start_header_id|>assistant<|end_header_id|>

<CHAR_COMPRESSION=0.84><|eot_id|>
>>> Reference:
In a qualifying club there is technically no sale by retail of alcohol (except to guests) as the member owns part of the alcohol and the money passing across the bar is mean members stay equal if one consumes more than another. <|eot_id|>
>>> Prediction:
When buying drinks in a qualifying club, alcohol is not sold to members at a shop. Instead, members buy a part of the alcohol stock. The money paid at the bar is used to keep the club fair. 
================================================================================
{'loss': 0.5528, 'grad_norm': 0.5264753699302673, 'learning_rate': 7.620460418037388e-05, 'epoch': 1.14}
{'eval_loss': 0.5490962862968445, 'eval_runtime': 18.6967, 'eval_samples_per_second': 13.05, 'eval_steps_per_second': 3.263, 'epoch': 1.14}
{'loss': 0.4946, 'grad_norm': 0.7063847780227661, 'learning_rate': 7.211443451095007e-05, 'epoch': 1.22}
{'eval_loss': 0.5487726926803589, 'eval_runtime': 18.6905, 'eval_samples_per_second': 13.055, 'eval_steps_per_second': 3.264, 'epoch': 1.22}

>>> [Step 160] Prompt:
<|begin_of_text|><|start_header_id|>system<|end_header_id|>

Cutting Knowledge Date: December 2023
Today Date: 26 Jul 2024

You are a helpful expert in text simplification. You generate a simplified version of the text input by the user. You simplify the text according to the instructions given by the user. When asked to simplify a text, generate only the requested simplification, without any additional comments, notes or explanations.<|eot_id|><|start_header_id|>user<|end_header_id|>

INSTRUCTION: Simplify the following text such that the length of the output text (number of characters) relative to the source text is approximately equal to the ratio specified in the control token prepended to your generated simplification. The control token has the following format: <METRIC=VALUE>. 
SOURCE TEXT: The school is independent from ourselves and the Governing Body is responsible for setting and applying their own admission criteria.
EXPLANATION: The <CHAR_COMPRESSION=0.83> token specifies that the character-level compression rate should be around 0.83. Values less than 1 indicate text reduction. Values greater than 1 indicate text expansion.<|eot_id|><|start_header_id|>assistant<|end_header_id|>

<CHAR_COMPRESSION=0.83><|eot_id|>
>>> Reference:
The school is seperate and the Governing Body is responsible for setting and applying their own entry criteria. <|eot_id|>
>>> Prediction:
The school is independent from ourselves and the Governing Body is responsible for setting and applying their own admission rules. 
================================================================================

>>> [Step 160] Prompt:
<|begin_of_text|><|start_header_id|>system<|end_header_id|>

Cutting Knowledge Date: December 2023
Today Date: 26 Jul 2024

You are a helpful assistant. You are an expert in controlled text simplification. When you receive a text, you simplify it by rewriting it in a manner that is easier to read. Your simplification is guided by the simplification criteria specified by the user. You generate only the simplification result, without any additional comments or explanations.<|eot_id|><|start_header_id|>user<|end_header_id|>

INSTRUCTION: Simplify the following text such that the length of the output text (number of characters) relative to the source text is approximately equal to the ratio specified in the control token prepended to your generated simplification. The control token has the following format: <METRIC=VALUE>. 
SOURCE TEXT: Where there are no local councils, CIL Regulation 59F requires us to use 15% of CIL to “support the development of the relevant area”.
EXPLANATION: The <CHAR_COMPRESSION=1.0> token specifies that the character-level compression rate should be around 1.0. Values less than 1 indicate text reduction. Values greater than 1 indicate text expansion.<|eot_id|><|start_header_id|>assistant<|end_header_id|>

<CHAR_COMPRESSION=1.0><|eot_id|>
>>> Reference:
Where there are no local councils, CIL Regulation 59F requires us to use 15% of CIL to “support the development of the relevant area”. <|eot_id|>
>>> Prediction:
We are required to use 15% of CIL to “support the development of the relevant area” where there are no local councils, CIL Regulation 59F. 
================================================================================

>>> [Step 160] Prompt:
<|begin_of_text|><|start_header_id|>system<|end_header_id|>

Cutting Knowledge Date: December 2023
Today Date: 26 Jul 2024

You are a helpful assistant. You are very good at simplifying texts. When you receive a text for simplification, you simplify it according to the instructions given by the user. Generate only the simplification, without any comments or notes.<|eot_id|><|start_header_id|>user<|end_header_id|>

INSTRUCTION: Simplify the following text such that the length of the output text (number of characters) relative to the source text is approximately equal to the ratio specified in the control token prepended to your generated simplification. The control token has the following format: <METRIC=VALUE>. 
SOURCE TEXT: The final report (below) was endorsed by our Cabinet on 25 October 2006 as the basis for regeneration of the Upper Don Valley.
EXPLANATION: The <CHAR_COMPRESSION=1.02> token specifies that the character-level compression rate should be around 1.02. Values less than 1 indicate text reduction. Values greater than 1 indicate text expansion.<|eot_id|><|start_header_id|>assistant<|end_header_id|>

<CHAR_COMPRESSION=1.02><|eot_id|>
>>> Reference:
The final report (below) was approved by our Cabinet on 25 October 2006 as the basis for regeneration of the Upper Don Valley. * <|eot_id|>
>>> Prediction:
The final report (below) was accepted by our Cabinet on 25 October 2006 as the basis for regeneration of the Upper Don Valley. 
================================================================================

>>> [Step 160] Prompt:
<|begin_of_text|><|start_header_id|>system<|end_header_id|>

Cutting Knowledge Date: December 2023
Today Date: 26 Jul 2024

You are an expert in controlled text simplification. When you receive a text from the user, you carefully adapt it to the simplification level specified by the user. Please generate only the simplified text, without any additional explanations or notes.<|eot_id|><|start_header_id|>user<|end_header_id|>

INSTRUCTION: Simplify the following text such that the length of the output text (number of characters) relative to the source text is approximately equal to the ratio specified in the control token prepended to your generated simplification. The control token has the following format: <METRIC=VALUE>. 
SOURCE TEXT: Sheffield’s 5 Levels of need reflect a whole family approach to providing support for children, young people and families  which is flexible and responsive.
EXPLANATION: The <CHAR_COMPRESSION=0.97> token specifies that the character-level compression rate should be around 0.97. Values less than 1 indicate text reduction. Values greater than 1 indicate text expansion.<|eot_id|><|start_header_id|>assistant<|end_header_id|>

<CHAR_COMPRESSION=0.97><|eot_id|>
>>> Reference:
Sheffield’s 5 Levels of need reflect a whole family approach to giving support to children, young people and families which is flexible and responsive. <|eot_id|>
>>> Prediction:
In Sheffield, 5 levels of need reflect a whole family approach to providing support for children, young people and families  which is flexible and responsive. 
================================================================================
{'loss': 0.5696, 'grad_norm': 0.8423689603805542, 'learning_rate': 6.783107663311565e-05, 'epoch': 1.3}
{'eval_loss': 0.5459175705909729, 'eval_runtime': 18.7324, 'eval_samples_per_second': 13.026, 'eval_steps_per_second': 3.256, 'epoch': 1.3}
{'loss': 0.5006, 'grad_norm': 0.8136069774627686, 'learning_rate': 6.339194928502517e-05, 'epoch': 1.38}
{'eval_loss': 0.5467079281806946, 'eval_runtime': 18.6982, 'eval_samples_per_second': 13.049, 'eval_steps_per_second': 3.262, 'epoch': 1.38}

>>> [Step 180] Prompt:
<|begin_of_text|><|start_header_id|>system<|end_header_id|>

Cutting Knowledge Date: December 2023
Today Date: 26 Jul 2024

You are a helpful expert in text simplification. You generate a simplified version of the text input by the user. You simplify the text according to the instructions given by the user. When asked to simplify a text, generate only the requested simplification, without any additional comments, notes or explanations.<|eot_id|><|start_header_id|>user<|end_header_id|>

INSTRUCTION: Simplify the following text such that the length of the output text (number of characters) relative to the source text is approximately equal to the ratio specified in the control token prepended to your generated simplification. The control token has the following format: <METRIC=VALUE>. 
SOURCE TEXT: We will keep your information for the shortest possible time and will only share it in the circumstances described above.
EXPLANATION: The <CHAR_COMPRESSION=0.93> token specifies that the character-level compression rate should be around 0.93. Values less than 1 indicate text reduction. Values greater than 1 indicate text expansion.<|eot_id|><|start_header_id|>assistant<|end_header_id|>

<CHAR_COMPRESSION=0.93><|eot_id|>
>>> Reference:
We will keep your details for the shortest possible time and will only share them in the situations stated above. <|eot_id|>
>>> Prediction:
The information will be kept for the shortest possible time and will only be shared in the circumstances described above. 
================================================================================

>>> [Step 180] Prompt:
<|begin_of_text|><|start_header_id|>system<|end_header_id|>

Cutting Knowledge Date: December 2023
Today Date: 26 Jul 2024

You are a helpful assistant. You are an expert in controlled text simplification. When you receive a text, you simplify it by rewriting it in a manner that is easier to read. Your simplification is guided by the simplification criteria specified by the user. You generate only the simplification result, without any additional comments or explanations.<|eot_id|><|start_header_id|>user<|end_header_id|>

INSTRUCTION: Simplify the following text such that the length of the output text (number of characters) relative to the source text is approximately equal to the ratio specified in the control token prepended to your generated simplification. The control token has the following format: <METRIC=VALUE>. 
SOURCE TEXT: A key part of this is determining the affordable housing requirements for the city, including the different sizes and types of affordable housing needed.
EXPLANATION: The <CHAR_COMPRESSION=0.97> token specifies that the character-level compression rate should be around 0.97. Values less than 1 indicate text reduction. Values greater than 1 indicate text expansion.<|eot_id|><|start_header_id|>assistant<|end_header_id|>

<CHAR_COMPRESSION=0.97><|eot_id|>
>>> Reference:
A key part of this is determining the low-cost housing requirements for the city, including the different sizes and types of low-cost housing needed. <|eot_id|>
>>> Prediction:
You need to determine the affordable housing requirements for the city. This includes the different sizes and types of affordable housing needed. 
================================================================================

>>> [Step 180] Prompt:
<|begin_of_text|><|start_header_id|>system<|end_header_id|>

Cutting Knowledge Date: December 2023
Today Date: 26 Jul 2024

You are a helpful assistant. You are an expert in controlled text simplification. When you receive a text, you simplify it by rewriting it in a manner that is easier to read. Your simplification is guided by the simplification criteria specified by the user. You generate only the simplification result, without any additional comments or explanations.<|eot_id|><|start_header_id|>user<|end_header_id|>

INSTRUCTION: Simplify the following text such that the length of the output text (number of characters) relative to the source text is approximately equal to the ratio specified in the control token prepended to your generated simplification. The control token has the following format: <METRIC=VALUE>. 
SOURCE TEXT: We work closely with our partners and other private and public sector organisations in Sheffield to ensure that we deliver effectively the needs of our customers.
EXPLANATION: The <CHAR_COMPRESSION=0.93> token specifies that the character-level compression rate should be around 0.93. Values less than 1 indicate text reduction. Values greater than 1 indicate text expansion.<|eot_id|><|start_header_id|>assistant<|end_header_id|>

<CHAR_COMPRESSION=0.93><|eot_id|>
>>> Reference:
We work closely with our partners and other private and public sector organisations in Sheffield to make sure that we meet the needs of our customers. <|eot_id|>
>>> Prediction:
The needs of our customers are met effectively. We work closely with our partners and other private and public sector organisations in Sheffield. 
================================================================================

>>> [Step 180] Prompt:
<|begin_of_text|><|start_header_id|>system<|end_header_id|>

Cutting Knowledge Date: December 2023
Today Date: 26 Jul 2024

You are a helpful expert in text simplification. You generate a simplified version of the text input by the user. You simplify the text according to the instructions given by the user. When asked to simplify a text, generate only the requested simplification, without any additional comments, notes or explanations.<|eot_id|><|start_header_id|>user<|end_header_id|>

INSTRUCTION: Simplify the following text such that the length of the output text (number of characters) relative to the source text is approximately equal to the ratio specified in the control token prepended to your generated simplification. The control token has the following format: <METRIC=VALUE>. 
SOURCE TEXT: If you do not meet the criteria and are refused a Children’s Zero Fare Travel Pass, you have the right to appeal the decision.
EXPLANATION: The <CHAR_COMPRESSION=0.9> token specifies that the character-level compression rate should be around 0.9. Values less than 1 indicate text reduction. Values greater than 1 indicate text expansion.<|eot_id|><|start_header_id|>assistant<|end_header_id|>

<CHAR_COMPRESSION=0.9><|eot_id|>
>>> Reference:
If you do not meet the criteria and are not given a Children’s Zero Fare Travel Pass, you can appeal the decision. <|eot_id|>
>>> Prediction:
The decision to refuse you a Children’s Zero Fare Travel Pass can be appealed. 
================================================================================
{'loss': 0.5235, 'grad_norm': 0.646814227104187, 'learning_rate': 5.8835831982332015e-05, 'epoch': 1.47}
{'eval_loss': 0.5413408279418945, 'eval_runtime': 18.7084, 'eval_samples_per_second': 13.042, 'eval_steps_per_second': 3.261, 'epoch': 1.47}
{'loss': 0.5591, 'grad_norm': 0.6394880414009094, 'learning_rate': 5.420252624646238e-05, 'epoch': 1.55}
{'eval_loss': 0.5400136113166809, 'eval_runtime': 18.7024, 'eval_samples_per_second': 13.046, 'eval_steps_per_second': 3.262, 'epoch': 1.55}

>>> [Step 200] Prompt:
<|begin_of_text|><|start_header_id|>system<|end_header_id|>

Cutting Knowledge Date: December 2023
Today Date: 26 Jul 2024

You are a helpful expert in text simplification. You generate a simplified version of the text input by the user. You simplify the text according to the instructions given by the user. When asked to simplify a text, generate only the requested simplification, without any additional comments, notes or explanations.<|eot_id|><|start_header_id|>user<|end_header_id|>

INSTRUCTION: Simplify the following text such that the length of the output text (number of characters) relative to the source text is approximately equal to the ratio specified in the control token prepended to your generated simplification. The control token has the following format: <METRIC=VALUE>. 
SOURCE TEXT: A forced marriage is defined as ‘a marriage conducted without the valid consent of one or both parties, where duress is a factor’.
EXPLANATION: The <CHAR_COMPRESSION=0.95> token specifies that the character-level compression rate should be around 0.95. Values less than 1 indicate text reduction. Values greater than 1 indicate text expansion.<|eot_id|><|start_header_id|>assistant<|end_header_id|>

<CHAR_COMPRESSION=0.95><|eot_id|>
>>> Reference:
A forced marriage is defined as ‘a marriage performed without the permission of one or both people, where force is a factor <|eot_id|>
>>> Prediction:
The definition of a forced marriage is ‘a marriage carried out without the valid consent of one or both parties, where duress is a factor’ 
================================================================================

>>> [Step 200] Prompt:
<|begin_of_text|><|start_header_id|>system<|end_header_id|>

Cutting Knowledge Date: December 2023
Today Date: 26 Jul 2024

You are a helpful assistant. You are very good at simplifying texts. When you receive a text for simplification, you simplify it according to the instructions given by the user. Generate only the simplification, without any comments or notes.<|eot_id|><|start_header_id|>user<|end_header_id|>

INSTRUCTION: Simplify the following text such that the length of the output text (number of characters) relative to the source text is approximately equal to the ratio specified in the control token prepended to your generated simplification. The control token has the following format: <METRIC=VALUE>. 
SOURCE TEXT: Members were of the opinion that the DPPO is having a positive impact on reducing alcohol related anti-social behaviour/disorder in the area.
EXPLANATION: The <CHAR_COMPRESSION=1.02> token specifies that the character-level compression rate should be around 1.02. Values less than 1 indicate text reduction. Values greater than 1 indicate text expansion.<|eot_id|><|start_header_id|>assistant<|end_header_id|>

<CHAR_COMPRESSION=1.02><|eot_id|>
>>> Reference:
Members were of the opinion that the DPPO is having a positive influence on reducing alcohol related anti-social behaviour/disorder in the area. <|eot_id|>
>>> Prediction:
The members were of the opinion that the DPPO is having a positive impact on reducing alcohol related anti-social behaviour/disorder in the area. 
================================================================================

>>> [Step 200] Prompt:
<|begin_of_text|><|start_header_id|>system<|end_header_id|>

Cutting Knowledge Date: December 2023
Today Date: 26 Jul 2024

You are a helpful expert in text simplification. You generate a simplified version of the text input by the user. You simplify the text according to the instructions given by the user. When asked to simplify a text, generate only the requested simplification, without any additional comments, notes or explanations.<|eot_id|><|start_header_id|>user<|end_header_id|>

INSTRUCTION: Simplify the following text such that the length of the output text (number of characters) relative to the source text is approximately equal to the ratio specified in the control token prepended to your generated simplification. The control token has the following format: <METRIC=VALUE>. 
SOURCE TEXT: If we receive a complaint, we ’ ll visit the operator to ensure that they ’ re using equipment that is approved, burning a suitable fuel and that it is being used effectively.
EXPLANATION: The <CHAR_COMPRESSION=0.73> token specifies that the character-level compression rate should be around 0.73. Values less than 1 indicate text reduction. Values greater than 1 indicate text expansion.<|eot_id|><|start_header_id|>assistant<|end_header_id|>

<CHAR_COMPRESSION=0.73><|eot_id|>
>>> Reference:
If we receive a complaint we will visit the operator to ensure they are effectively using approved equipment with suitable fuel. <|eot_id|>
>>> Prediction:
The operator must be using approved equipment, burning the right fuel and using it effectively. 
================================================================================

>>> [Step 200] Prompt:
<|begin_of_text|><|start_header_id|>system<|end_header_id|>

Cutting Knowledge Date: December 2023
Today Date: 26 Jul 2024

You are a helpful text simplification assistant. You are not only an expert in simplifying texts for different readerships, but you are also very good at adapting texts according to the exact needs of the user. You output only the simplified text, no further notes or comments allowed.<|eot_id|><|start_header_id|>user<|end_header_id|>

INSTRUCTION: Simplify the following text such that the length of the output text (number of characters) relative to the source text is approximately equal to the ratio specified in the control token prepended to your generated simplification. The control token has the following format: <METRIC=VALUE>. 
SOURCE TEXT: Books, music, film, free wifi, Chattercraft, homework zone, Book Group for adults, computers, exhibition space, baby time, basic IT sessions.
EXPLANATION: The <CHAR_COMPRESSION=0.99> token specifies that the character-level compression rate should be around 0.99. Values less than 1 indicate text reduction. Values greater than 1 indicate text expansion.<|eot_id|><|start_header_id|>assistant<|end_header_id|>

<CHAR_COMPRESSION=0.99><|eot_id|>
>>> Reference:
Books, music, film, free wifi, Chattercraft, homework zone, Book Group for adults, computers, exhibition space, baby time, basic IT sessions <|eot_id|>
>>> Prediction:
The library has books, music, film, free wifi, Chattercraft, homework zone, Book Group for adults, computers, exhibition space, baby time, basic IT sessions. 
================================================================================
{'loss': 0.4646, 'grad_norm': 0.5967147350311279, 'learning_rate': 4.953250790480805e-05, 'epoch': 1.63}
{'eval_loss': 0.5369211435317993, 'eval_runtime': 18.7015, 'eval_samples_per_second': 13.047, 'eval_steps_per_second': 3.262, 'epoch': 1.63}
{'loss': 0.5621, 'grad_norm': 0.7632282972335815, 'learning_rate': 4.486657350028859e-05, 'epoch': 1.71}
{'eval_loss': 0.5346774458885193, 'eval_runtime': 18.714, 'eval_samples_per_second': 13.038, 'eval_steps_per_second': 3.26, 'epoch': 1.71}

>>> [Step 220] Prompt:
<|begin_of_text|><|start_header_id|>system<|end_header_id|>

Cutting Knowledge Date: December 2023
Today Date: 26 Jul 2024

You are an expert in text simplification. When you receive a text for simplification, you generate a simplified version of that text. You carefully study the simplification criteria specified by the user and adapt the text accordingly. Please generate only the simplified text, no other notes or explanations allowed.<|eot_id|><|start_header_id|>user<|end_header_id|>

INSTRUCTION: Simplify the following text such that the length of the output text (number of characters) relative to the source text is approximately equal to the ratio specified in the control token prepended to your generated simplification. The control token has the following format: <METRIC=VALUE>. 
SOURCE TEXT: In addition, we also use the EIA process to assess the impact on other issues such as financial exclusion and poverty, voluntary, community and faith sector, carers, cohesion and health and wellbeing.
EXPLANATION: The <CHAR_COMPRESSION=1.0> token specifies that the character-level compression rate should be around 1.0. Values less than 1 indicate text reduction. Values greater than 1 indicate text expansion.<|eot_id|><|start_header_id|>assistant<|end_header_id|>

<CHAR_COMPRESSION=1.0><|eot_id|>
>>> Reference:
In addition, we also use the EIA process to look at the impact on other issues such as financial exclusion and poverty, voluntary, community and faith sector, carers, cohesion and health and wellbeing. <|eot_id|>
>>> Prediction:
The EIA process is also used to assess the impact on other issues such as financial exclusion and poverty, voluntary, community and faith sector, carers, cohesion and health and wellbeing. 
================================================================================

>>> [Step 220] Prompt:
<|begin_of_text|><|start_header_id|>system<|end_header_id|>

Cutting Knowledge Date: December 2023
Today Date: 26 Jul 2024

You are a helpful text simplification assistant. You are not only an expert in simplifying texts for different readerships, but you are also very good at adapting texts according to the exact needs of the user. You output only the simplified text, no further notes or comments allowed.<|eot_id|><|start_header_id|>user<|end_header_id|>

INSTRUCTION: Simplify the following text such that the length of the output text (number of characters) relative to the source text is approximately equal to the ratio specified in the control token prepended to your generated simplification. The control token has the following format: <METRIC=VALUE>. 
SOURCE TEXT: Where agreement cannot be reached at the compliance stage and liability orders are moved to the enforcement stage a further £235 will be added to the debt owed.
EXPLANATION: The <CHAR_COMPRESSION=0.98> token specifies that the character-level compression rate should be around 0.98. Values less than 1 indicate text reduction. Values greater than 1 indicate text expansion.<|eot_id|><|start_header_id|>assistant<|end_header_id|>

<CHAR_COMPRESSION=0.98><|eot_id|>
>>> Reference:
Where agreement cannot be made at the compliance stage and liability orders are moved to the enforcement stage a further £235 will be added to the debt owed. <|eot_id|>
>>> Prediction:
It may be necessary to add a further £235 to the debt if agreement cannot be reached at the compliance stage and liability orders are moved to the enforcement stage. 
================================================================================

>>> [Step 220] Prompt:
<|begin_of_text|><|start_header_id|>system<|end_header_id|>

Cutting Knowledge Date: December 2023
Today Date: 26 Jul 2024

You are a helpful expert in text simplification. You generate a simplified version of the text input by the user. You simplify the text according to the instructions given by the user. When asked to simplify a text, generate only the requested simplification, without any additional comments, notes or explanations.<|eot_id|><|start_header_id|>user<|end_header_id|>

INSTRUCTION: Simplify the following text such that the length of the output text (number of characters) relative to the source text is approximately equal to the ratio specified in the control token prepended to your generated simplification. The control token has the following format: <METRIC=VALUE>. 
SOURCE TEXT: Key workers work evenings and weekends and spend several hours each week with each family, and are flexible with visit times in response to the needs of the families.
EXPLANATION: The <CHAR_COMPRESSION=0.91> token specifies that the character-level compression rate should be around 0.91. Values less than 1 indicate text reduction. Values greater than 1 indicate text expansion.<|eot_id|><|start_header_id|>assistant<|end_header_id|>

<CHAR_COMPRESSION=0.91><|eot_id|>
>>> Reference:
Key workers work evenings and weekends, spend several hours per week with each family, and are flexible with visit times for the needs of the families. <|eot_id|>
>>> Prediction:
The key workers work evenings and weekends. They spend several hours each week with each family. They are flexible with visit times in response to the needs of the families. 
================================================================================

>>> [Step 220] Prompt:
<|begin_of_text|><|start_header_id|>system<|end_header_id|>

Cutting Knowledge Date: December 2023
Today Date: 26 Jul 2024

You are a helpful assistant. You are an expert in controlled text simplification. When you receive a text, you simplify it by rewriting it in a manner that is easier to read. Your simplification is guided by the simplification criteria specified by the user. You generate only the simplification result, without any additional comments or explanations.<|eot_id|><|start_header_id|>user<|end_header_id|>

INSTRUCTION: Simplify the following text such that the length of the output text (number of characters) relative to the source text is approximately equal to the ratio specified in the control token prepended to your generated simplification. The control token has the following format: <METRIC=VALUE>. 
SOURCE TEXT: The Register of Members' Interests is also open for inspection by the public during normal office hours at the Town Hall, Pinstone Street, Sheffield.
EXPLANATION: The <CHAR_COMPRESSION=0.98> token specifies that the character-level compression rate should be around 0.98. Values less than 1 indicate text reduction. Values greater than 1 indicate text expansion.<|eot_id|><|start_header_id|>assistant<|end_header_id|>

<CHAR_COMPRESSION=0.98><|eot_id|>
>>> Reference:
The Register of Members' Interests is also open for viewing by the public during normal office hours at the Town Hall, Pinstone Street, Sheffield. <|eot_id|>
>>> Prediction:
The Register of Members' Interests is also open for inspection by the public during normal office hours at the Town Hall, Pinstone Street, Sheffield 
================================================================================
{'loss': 0.5581, 'grad_norm': 0.5193387866020203, 'learning_rate': 4.0245483899193595e-05, 'epoch': 1.79}
{'eval_loss': 0.5285395383834839, 'eval_runtime': 18.7761, 'eval_samples_per_second': 12.995, 'eval_steps_per_second': 3.249, 'epoch': 1.79}
{'loss': 0.493, 'grad_norm': 0.7039015889167786, 'learning_rate': 3.5709608210690125e-05, 'epoch': 1.88}
{'eval_loss': 0.5259557962417603, 'eval_runtime': 18.7117, 'eval_samples_per_second': 13.04, 'eval_steps_per_second': 3.26, 'epoch': 1.88}

>>> [Step 240] Prompt:
<|begin_of_text|><|start_header_id|>system<|end_header_id|>

Cutting Knowledge Date: December 2023
Today Date: 26 Jul 2024

You are an expert in controlled text simplification. When you receive a text from the user, you carefully adapt it to the simplification level specified by the user. Please generate only the simplified text, without any additional explanations or notes.<|eot_id|><|start_header_id|>user<|end_header_id|>

INSTRUCTION: Simplify the following text such that the length of the output text (number of characters) relative to the source text is approximately equal to the ratio specified in the control token prepended to your generated simplification. The control token has the following format: <METRIC=VALUE>. 
SOURCE TEXT: It doesn't need a Conclusion section and should state that the plan is not limited to its current contents, that it will adapt and adopt new measures / techniques as they evolve.
EXPLANATION: The <CHAR_COMPRESSION=1.03> token specifies that the character-level compression rate should be around 1.03. Values less than 1 indicate text reduction. Values greater than 1 indicate text expansion.<|eot_id|><|start_header_id|>assistant<|end_header_id|>

<CHAR_COMPRESSION=1.03><|eot_id|>
>>> Reference:
It doesn't need a conclusion section. It should state that the plan is not just the current ideas, but that it will adapt and involve new measures and techniques as the plan develops. <|eot_id|>
>>> Prediction:
The plan should not be limited to its current contents, that it will adapt and adopt new measures / techniques as they evolve.  It does not need a Conclusion section. 
================================================================================

>>> [Step 240] Prompt:
<|begin_of_text|><|start_header_id|>system<|end_header_id|>

Cutting Knowledge Date: December 2023
Today Date: 26 Jul 2024

You are a helpful expert in text simplification. You generate a simplified version of the text input by the user. You simplify the text according to the instructions given by the user. When asked to simplify a text, generate only the requested simplification, without any additional comments, notes or explanations.<|eot_id|><|start_header_id|>user<|end_header_id|>

INSTRUCTION: Simplify the following text such that the length of the output text (number of characters) relative to the source text is approximately equal to the ratio specified in the control token prepended to your generated simplification. The control token has the following format: <METRIC=VALUE>. 
SOURCE TEXT: If you do not meet the criteria and are refused a Children’s Zero Fare Travel Pass, you have the right to appeal the decision.
EXPLANATION: The <CHAR_COMPRESSION=0.9> token specifies that the character-level compression rate should be around 0.9. Values less than 1 indicate text reduction. Values greater than 1 indicate text expansion.<|eot_id|><|start_header_id|>assistant<|end_header_id|>

<CHAR_COMPRESSION=0.9><|eot_id|>
>>> Reference:
If you do not meet the criteria and are not given a Children’s Zero Fare Travel Pass, you can appeal the decision. <|eot_id|>
>>> Prediction:
The If you do not meet the criteria and are refused a Children’s Zero Fare Travel Pass, you have the right to appeal the decision. 
================================================================================

>>> [Step 240] Prompt:
<|begin_of_text|><|start_header_id|>system<|end_header_id|>

Cutting Knowledge Date: December 2023
Today Date: 26 Jul 2024

You are a helpful expert in text simplification. You generate a simplified version of the text input by the user. You simplify the text according to the instructions given by the user. When asked to simplify a text, generate only the requested simplification, without any additional comments, notes or explanations.<|eot_id|><|start_header_id|>user<|end_header_id|>

INSTRUCTION: Simplify the following text such that the length of the output text (number of characters) relative to the source text is approximately equal to the ratio specified in the control token prepended to your generated simplification. The control token has the following format: <METRIC=VALUE>. 
SOURCE TEXT: If your child is in hospital, wherever possible they will be supported to continue with their education through our team of teachers.
EXPLANATION: The <CHAR_COMPRESSION=1.07> token specifies that the character-level compression rate should be around 1.07. Values less than 1 indicate text reduction. Values greater than 1 indicate text expansion.<|eot_id|><|start_header_id|>assistant<|end_header_id|>

<CHAR_COMPRESSION=1.07><|eot_id|>
>>> Reference:
If your child is in hospital, wherever possible they will be supported to continue with their education with the help of our team of teachers. <|eot_id|>
>>> Prediction:
The hospital will help your child to continue with their education. This will be done through our team of teachers. 
================================================================================

>>> [Step 240] Prompt:
<|begin_of_text|><|start_header_id|>system<|end_header_id|>

Cutting Knowledge Date: December 2023
Today Date: 26 Jul 2024

You are a helpful text simplification assistant. You are not only an expert in simplifying texts for different readerships, but you are also very good at adapting texts according to the exact needs of the user. You output only the simplified text, no further notes or comments allowed.<|eot_id|><|start_header_id|>user<|end_header_id|>

INSTRUCTION: Simplify the following text such that the length of the output text (number of characters) relative to the source text is approximately equal to the ratio specified in the control token prepended to your generated simplification. The control token has the following format: <METRIC=VALUE>. 
SOURCE TEXT: In 2002 the Government launched the Housing Market Renewal (HMR) programme, a scheme which aimed to address issues of housing market decline.
EXPLANATION: The <CHAR_COMPRESSION=1.0> token specifies that the character-level compression rate should be around 1.0. Values less than 1 indicate text reduction. Values greater than 1 indicate text expansion.<|eot_id|><|start_header_id|>assistant<|end_header_id|>

<CHAR_COMPRESSION=1.0><|eot_id|>
>>> Reference:
In 2002 the Government launched the Housing Market Renewal (HMR) programme, a scheme which aimed to address issues of housing market decline. <|eot_id|>
>>> Prediction:
The government launched the Housing Market Renewal (HMR) programme in 2002. This programme aimed to address issues of housing market decline. 
================================================================================
{'loss': 0.4774, 'grad_norm': 0.9025610685348511, 'learning_rate': 3.129857112865859e-05, 'epoch': 1.96}
{'eval_loss': 0.5196349620819092, 'eval_runtime': 18.7027, 'eval_samples_per_second': 13.046, 'eval_steps_per_second': 3.262, 'epoch': 1.96}
{'loss': 0.542, 'grad_norm': 0.7200480103492737, 'learning_rate': 2.705090677662311e-05, 'epoch': 2.03}
{'eval_loss': 0.5162450671195984, 'eval_runtime': 18.6904, 'eval_samples_per_second': 13.055, 'eval_steps_per_second': 3.264, 'epoch': 2.03}

>>> [Step 260] Prompt:
<|begin_of_text|><|start_header_id|>system<|end_header_id|>

Cutting Knowledge Date: December 2023
Today Date: 26 Jul 2024

You are a helpful text simplification assistant. You are not only an expert in simplifying texts for different readerships, but you are also very good at adapting texts according to the exact needs of the user. You output only the simplified text, no further notes or comments allowed.<|eot_id|><|start_header_id|>user<|end_header_id|>

INSTRUCTION: Simplify the following text such that the length of the output text (number of characters) relative to the source text is approximately equal to the ratio specified in the control token prepended to your generated simplification. The control token has the following format: <METRIC=VALUE>. 
SOURCE TEXT: The expected developer contribution towards affordable housing varies between 0% and 30%, depending on which Affordable Housing Market Area the site is in.
EXPLANATION: The <CHAR_COMPRESSION=0.97> token specifies that the character-level compression rate should be around 0.97. Values less than 1 indicate text reduction. Values greater than 1 indicate text expansion.<|eot_id|><|start_header_id|>assistant<|end_header_id|>

<CHAR_COMPRESSION=0.97><|eot_id|>
>>> Reference:
The expected developer contribution towards affordable housing is between 0% and 30%, depending on which Affordable Housing Market Area the site is in <|eot_id|>
>>> Prediction:
The expected developer contribution towards affordable housing varies between 0% and 30%, depending on which Affordable Housing Market Area the site is in. 
================================================================================

>>> [Step 260] Prompt:
<|begin_of_text|><|start_header_id|>system<|end_header_id|>

Cutting Knowledge Date: December 2023
Today Date: 26 Jul 2024

You are a helpful expert in text simplification. You generate a simplified version of the text input by the user. You simplify the text according to the instructions given by the user. When asked to simplify a text, generate only the requested simplification, without any additional comments, notes or explanations.<|eot_id|><|start_header_id|>user<|end_header_id|>

INSTRUCTION: Simplify the following text such that the length of the output text (number of characters) relative to the source text is approximately equal to the ratio specified in the control token prepended to your generated simplification. The control token has the following format: <METRIC=VALUE>. 
SOURCE TEXT: Not every house that is occupied on 3 storeys by 5 or more people requires a licence so may not appear on our list of licensed houses.
EXPLANATION: The <CHAR_COMPRESSION=0.99> token specifies that the character-level compression rate should be around 0.99. Values less than 1 indicate text reduction. Values greater than 1 indicate text expansion.<|eot_id|><|start_header_id|>assistant<|end_header_id|>

<CHAR_COMPRESSION=0.99><|eot_id|>
>>> Reference:
Not every house( occupied on 3 storeys by 5 or more people) requires a licence, so it may not appear on our list of licensed houses. <|eot_id|>
>>> Prediction:
The house does not need a licence. It does not appear on our list of licensed houses. 
================================================================================

>>> [Step 260] Prompt:
<|begin_of_text|><|start_header_id|>system<|end_header_id|>

Cutting Knowledge Date: December 2023
Today Date: 26 Jul 2024

You are an expert in controlled text simplification. When you receive a text from the user, you carefully adapt it to the simplification level specified by the user. Please generate only the simplified text, without any additional explanations or notes.<|eot_id|><|start_header_id|>user<|end_header_id|>

INSTRUCTION: Simplify the following text such that the length of the output text (number of characters) relative to the source text is approximately equal to the ratio specified in the control token prepended to your generated simplification. The control token has the following format: <METRIC=VALUE>. 
SOURCE TEXT: It is in the interest of the candidate to ascertain that the car they intend to use is insured for the purpose of taking the Taxi/Private Hire test as they will be required to sign a document to that effect.
EXPLANATION: The <CHAR_COMPRESSION=0.99> token specifies that the character-level compression rate should be around 0.99. Values less than 1 indicate text reduction. Values greater than 1 indicate text expansion.<|eot_id|><|start_header_id|>assistant<|end_header_id|>

<CHAR_COMPRESSION=0.99><|eot_id|>
>>> Reference:
It is a good idea for the candidate to determine whether the car they will use is insured for taking the Taxi/Private Hire test as they will be required to sign a document that confirms the car is insured. <|eot_id|>
>>> Prediction:
It is in the interest of the candidate to make sure that the car they intend to use is insured for the purpose of taking the Taxi/Private Hire test as they will be required to sign a document to that effect. 
================================================================================

>>> [Step 260] Prompt:
<|begin_of_text|><|start_header_id|>system<|end_header_id|>

Cutting Knowledge Date: December 2023
Today Date: 26 Jul 2024

You are a helpful assistant. You are very good at simplifying texts. When you receive a text for simplification, you simplify it according to the instructions given by the user. Generate only the simplification, without any comments or notes.<|eot_id|><|start_header_id|>user<|end_header_id|>

INSTRUCTION: Simplify the following text such that the length of the output text (number of characters) relative to the source text is approximately equal to the ratio specified in the control token prepended to your generated simplification. The control token has the following format: <METRIC=VALUE>. 
SOURCE TEXT: However, we’ll contact you on an annual basis to offer support or an opportunity to meet to discuss the education being offered to your child.
EXPLANATION: The <CHAR_COMPRESSION=0.91> token specifies that the character-level compression rate should be around 0.91. Values less than 1 indicate text reduction. Values greater than 1 indicate text expansion.<|eot_id|><|start_header_id|>assistant<|end_header_id|>

<CHAR_COMPRESSION=0.91><|eot_id|>
>>> Reference:
However, we’ll contact you once a year to offer support or a chance to meet to discuss the education being offered to your child. <|eot_id|>
>>> Prediction:
We will contact you on an annual basis to offer support or an opportunity to meet to discuss the education being offered to your child. 
================================================================================
{'loss': 0.5057, 'grad_norm': 1.0883346796035767, 'learning_rate': 2.300372207973219e-05, 'epoch': 2.11}
{'eval_loss': 0.5080032348632812, 'eval_runtime': 18.6953, 'eval_samples_per_second': 13.051, 'eval_steps_per_second': 3.263, 'epoch': 2.11}
{'loss': 0.4412, 'grad_norm': 0.7982833385467529, 'learning_rate': 1.9192372604519127e-05, 'epoch': 2.2}
{'eval_loss': 0.4983821213245392, 'eval_runtime': 18.694, 'eval_samples_per_second': 13.052, 'eval_steps_per_second': 3.263, 'epoch': 2.2}

>>> [Step 280] Prompt:
<|begin_of_text|><|start_header_id|>system<|end_header_id|>

Cutting Knowledge Date: December 2023
Today Date: 26 Jul 2024

You are a helpful text simplification assistant. You are not only an expert in simplifying texts for different readerships, but you are also very good at adapting texts according to the exact needs of the user. You output only the simplified text, no further notes or comments allowed.<|eot_id|><|start_header_id|>user<|end_header_id|>

INSTRUCTION: Simplify the following text such that the length of the output text (number of characters) relative to the source text is approximately equal to the ratio specified in the control token prepended to your generated simplification. The control token has the following format: <METRIC=VALUE>. 
SOURCE TEXT: On the night of 11 March 1864, the embankment of the Dale Dyke Dam collapsed and released 114 million cubic feet of water into the Loxley Valley.
EXPLANATION: The <CHAR_COMPRESSION=0.86> token specifies that the character-level compression rate should be around 0.86. Values less than 1 indicate text reduction. Values greater than 1 indicate text expansion.<|eot_id|><|start_header_id|>assistant<|end_header_id|>

<CHAR_COMPRESSION=0.86><|eot_id|>
>>> Reference:
On the night of 11 March 1864, the  Dale Dyke Dam failed and released 114 million cubic feet of water into the Loxley Valley. <|eot_id|>
>>> Prediction:
The night of 11 March 1864, the embankment of the Dale Dyke Dam collapsed and released 114 million cubic feet of water into the Loxley Valley. 
================================================================================

>>> [Step 280] Prompt:
<|begin_of_text|><|start_header_id|>system<|end_header_id|>

Cutting Knowledge Date: December 2023
Today Date: 26 Jul 2024

You are a helpful assistant. You are very good at simplifying texts. When you receive a text for simplification, you simplify it according to the instructions given by the user. Generate only the simplification, without any comments or notes.<|eot_id|><|start_header_id|>user<|end_header_id|>

INSTRUCTION: Simplify the following text such that the length of the output text (number of characters) relative to the source text is approximately equal to the ratio specified in the control token prepended to your generated simplification. The control token has the following format: <METRIC=VALUE>. 
SOURCE TEXT: It is really important for us to understand what’s happening in the housing market, and to be aware of how this may be changing.
EXPLANATION: The <CHAR_COMPRESSION=1.0> token specifies that the character-level compression rate should be around 1.0. Values less than 1 indicate text reduction. Values greater than 1 indicate text expansion.<|eot_id|><|start_header_id|>assistant<|end_header_id|>

<CHAR_COMPRESSION=1.0><|eot_id|>
>>> Reference:
It is really important for us to understand what’s happening in the housing market, and to be aware of how this may be changing. <|eot_id|>
>>> Prediction:
The housing market is very important for us to understand, and we need to be aware of how this may be changing. 
================================================================================

>>> [Step 280] Prompt:
<|begin_of_text|><|start_header_id|>system<|end_header_id|>

Cutting Knowledge Date: December 2023
Today Date: 26 Jul 2024

You are a helpful expert in text simplification. You generate a simplified version of the text input by the user. You simplify the text according to the instructions given by the user. When asked to simplify a text, generate only the requested simplification, without any additional comments, notes or explanations.<|eot_id|><|start_header_id|>user<|end_header_id|>

INSTRUCTION: Simplify the following text such that the length of the output text (number of characters) relative to the source text is approximately equal to the ratio specified in the control token prepended to your generated simplification. The control token has the following format: <METRIC=VALUE>. 
SOURCE TEXT: Voluntary Aided Schools, Foundation Schools, Trusts and Academies are free to set their own calendar but are asked to adopt our model for consistency.
EXPLANATION: The <CHAR_COMPRESSION=1.01> token specifies that the character-level compression rate should be around 1.01. Values less than 1 indicate text reduction. Values greater than 1 indicate text expansion.<|eot_id|><|start_header_id|>assistant<|end_header_id|>

<CHAR_COMPRESSION=1.01><|eot_id|>
>>> Reference:
Voluntary Aided Schools, Foundation Schools, Trusts and Academies are free to set their own calendar but are asked to follow our model for consistency. <|eot_id|>
>>> Prediction:
The Voluntary Aided Schools, Foundation Schools, Trusts and Academies are free to set their own calendar but are asked to use our model for consistency. 
================================================================================

>>> [Step 280] Prompt:
<|begin_of_text|><|start_header_id|>system<|end_header_id|>

Cutting Knowledge Date: December 2023
Today Date: 26 Jul 2024

You are a helpful expert in text simplification. You generate a simplified version of the text input by the user. You simplify the text according to the instructions given by the user. When asked to simplify a text, generate only the requested simplification, without any additional comments, notes or explanations.<|eot_id|><|start_header_id|>user<|end_header_id|>

INSTRUCTION: Simplify the following text such that the length of the output text (number of characters) relative to the source text is approximately equal to the ratio specified in the control token prepended to your generated simplification. The control token has the following format: <METRIC=VALUE>. 
SOURCE TEXT: We have already spent millions on fire safety in our council homes and improvement works have been carried out over the last 5 years.
EXPLANATION: The <CHAR_COMPRESSION=1.0> token specifies that the character-level compression rate should be around 1.0. Values less than 1 indicate text reduction. Values greater than 1 indicate text expansion.<|eot_id|><|start_header_id|>assistant<|end_header_id|>

<CHAR_COMPRESSION=1.0><|eot_id|>
>>> Reference:
We have already spent millions on fire safety in our council homes and improvement works have been carried out over the last 5 years. <|eot_id|>
>>> Prediction:
We have already spent millions on fire safety in our council homes and improvement works have been carried out over the last 5 years. 
================================================================================
{'loss': 0.4375, 'grad_norm': 0.8083557486534119, 'learning_rate': 1.5650153698254916e-05, 'epoch': 2.28}
{'eval_loss': 0.4883761703968048, 'eval_runtime': 18.696, 'eval_samples_per_second': 13.051, 'eval_steps_per_second': 3.263, 'epoch': 2.28}
{'loss': 0.4449, 'grad_norm': 0.8096571564674377, 'learning_rate': 1.2408009626051137e-05, 'epoch': 2.36}
{'eval_loss': 0.4769378900527954, 'eval_runtime': 18.6898, 'eval_samples_per_second': 13.055, 'eval_steps_per_second': 3.264, 'epoch': 2.36}

>>> [Step 300] Prompt:
<|begin_of_text|><|start_header_id|>system<|end_header_id|>

Cutting Knowledge Date: December 2023
Today Date: 26 Jul 2024

You are a helpful text simplification assistant. You are not only an expert in simplifying texts for different readerships, but you are also very good at adapting texts according to the exact needs of the user. You output only the simplified text, no further notes or comments allowed.<|eot_id|><|start_header_id|>user<|end_header_id|>

INSTRUCTION: Simplify the following text such that the length of the output text (number of characters) relative to the source text is approximately equal to the ratio specified in the control token prepended to your generated simplification. The control token has the following format: <METRIC=VALUE>. 
SOURCE TEXT: We also have a ‘Housing Market Renewal Developer Manual’ that explains a wide range of design quality issues pertinent to residential areas.
EXPLANATION: The <CHAR_COMPRESSION=1.01> token specifies that the character-level compression rate should be around 1.01. Values less than 1 indicate text reduction. Values greater than 1 indicate text expansion.<|eot_id|><|start_header_id|>assistant<|end_header_id|>

<CHAR_COMPRESSION=1.01><|eot_id|>
>>> Reference:
We also have a ‘Housing Market Renewal Developer Manual’ that explains a wide range of design quality issues that apply to residential areas. <|eot_id|>
>>> Prediction:
We also have a ‘Housing Market Renewal Developer Manual’ that explains a wide range of design quality issues relevant to residential areas. 
================================================================================

>>> [Step 300] Prompt:
<|begin_of_text|><|start_header_id|>system<|end_header_id|>

Cutting Knowledge Date: December 2023
Today Date: 26 Jul 2024

You are an expert in text simplification. When you receive a text for simplification, you generate a simplified version of that text. You carefully study the simplification criteria specified by the user and adapt the text accordingly. Please generate only the simplified text, no other notes or explanations allowed.<|eot_id|><|start_header_id|>user<|end_header_id|>

INSTRUCTION: Simplify the following text such that the length of the output text (number of characters) relative to the source text is approximately equal to the ratio specified in the control token prepended to your generated simplification. The control token has the following format: <METRIC=VALUE>. 
SOURCE TEXT: We usually recover an overpayment of Housing Benefit by accepting a full repayment, or by taking a weekly amount from your future Housing Benefit (also known as ‘claw-back’).
EXPLANATION: The <CHAR_COMPRESSION=1.01> token specifies that the character-level compression rate should be around 1.01. Values less than 1 indicate text reduction. Values greater than 1 indicate text expansion.<|eot_id|><|start_header_id|>assistant<|end_header_id|>

<CHAR_COMPRESSION=1.01><|eot_id|>
>>> Reference:
We usually receive back extra payment of Housing Benefit by accepting a full payback, or by taking a weekly amount from your future Housing Benefit (also known as ‘claw-back’). <|eot_id|>
>>> Prediction:
We usually recover an overpayment of Housing Benefit by accepting a full repayment, or by taking a weekly amount from your future Housing Benefit (also known as ‘claw-back’). 
================================================================================

>>> [Step 300] Prompt:
<|begin_of_text|><|start_header_id|>system<|end_header_id|>

Cutting Knowledge Date: December 2023
Today Date: 26 Jul 2024

You are a helpful text simplification assistant. You are not only an expert in simplifying texts for different readerships, but you are also very good at adapting texts according to the exact needs of the user. You output only the simplified text, no further notes or comments allowed.<|eot_id|><|start_header_id|>user<|end_header_id|>

INSTRUCTION: Simplify the following text such that the length of the output text (number of characters) relative to the source text is approximately equal to the ratio specified in the control token prepended to your generated simplification. The control token has the following format: <METRIC=VALUE>. 
SOURCE TEXT: The men acquired a wide range of new skills very different from their pre-war occupations including hand stencilling using specially adapted brushes and tools, screen printing, block printing, spray painting and garment manufacture.
EXPLANATION: The <CHAR_COMPRESSION=0.89> token specifies that the character-level compression rate should be around 0.89. Values less than 1 indicate text reduction. Values greater than 1 indicate text expansion.<|eot_id|><|start_header_id|>assistant<|end_header_id|>

<CHAR_COMPRESSION=0.89><|eot_id|>
>>> Reference:
The men acquired lots of new skills very different from their pre-war jobs including hand stencilling using special brushes and tools, screen printing, block printing, spray painting and clothes manufacture <|eot_id|>
>>> Prediction:
The men acquired a wide range of new skills very different from their pre-war jobs including hand stencilling using specially adapted brushes and tools, screen printing, block printing, spray painting and garment manufacture. 
================================================================================

>>> [Step 300] Prompt:
<|begin_of_text|><|start_header_id|>system<|end_header_id|>

Cutting Knowledge Date: December 2023
Today Date: 26 Jul 2024

You are an expert in text simplification. When you receive a text for simplification, you generate a simplified version of that text. You carefully study the simplification criteria specified by the user and adapt the text accordingly. Please generate only the simplified text, no other notes or explanations allowed.<|eot_id|><|start_header_id|>user<|end_header_id|>

INSTRUCTION: Simplify the following text such that the length of the output text (number of characters) relative to the source text is approximately equal to the ratio specified in the control token prepended to your generated simplification. The control token has the following format: <METRIC=VALUE>. 
SOURCE TEXT: In addition, we also use the EIA process to assess the impact on other issues such as financial exclusion and poverty, voluntary, community and faith sector, carers, cohesion and health and wellbeing.
EXPLANATION: The <CHAR_COMPRESSION=1.0> token specifies that the character-level compression rate should be around 1.0. Values less than 1 indicate text reduction. Values greater than 1 indicate text expansion.<|eot_id|><|start_header_id|>assistant<|end_header_id|>

<CHAR_COMPRESSION=1.0><|eot_id|>
>>> Reference:
In addition, we also use the EIA process to look at the impact on other issues such as financial exclusion and poverty, voluntary, community and faith sector, carers, cohesion and health and wellbeing. <|eot_id|>
>>> Prediction:
In addition, we also use the EIA process to assess the impact on other issues such as financial exclusion and poverty, voluntary, community and faith sector, carers, cohesion and health and wellbeing. 
================================================================================
{'loss': 0.4614, 'grad_norm': 1.0436338186264038, 'learning_rate': 9.494263246645474e-06, 'epoch': 2.44}
{'eval_loss': 0.4669443368911743, 'eval_runtime': 18.6879, 'eval_samples_per_second': 13.057, 'eval_steps_per_second': 3.264, 'epoch': 2.44}
{'loss': 0.434, 'grad_norm': 0.9825565814971924, 'learning_rate': 6.934368588379553e-06, 'epoch': 2.52}
{'eval_loss': 0.45746418833732605, 'eval_runtime': 18.6991, 'eval_samples_per_second': 13.049, 'eval_steps_per_second': 3.262, 'epoch': 2.52}

>>> [Step 320] Prompt:
<|begin_of_text|><|start_header_id|>system<|end_header_id|>

Cutting Knowledge Date: December 2023
Today Date: 26 Jul 2024

You are a helpful expert in text simplification. You generate a simplified version of the text input by the user. You simplify the text according to the instructions given by the user. When asked to simplify a text, generate only the requested simplification, without any additional comments, notes or explanations.<|eot_id|><|start_header_id|>user<|end_header_id|>

INSTRUCTION: Simplify the following text such that the length of the output text (number of characters) relative to the source text is approximately equal to the ratio specified in the control token prepended to your generated simplification. The control token has the following format: <METRIC=VALUE>. 
SOURCE TEXT: As well as providing a 'green lung' in this built up area and catering for general amenity, the gardens have outstanding plant collections, making them a centre for horticultural excellence and providing educational opportunities.
EXPLANATION: The <CHAR_COMPRESSION=0.98> token specifies that the character-level compression rate should be around 0.98. Values less than 1 indicate text reduction. Values greater than 1 indicate text expansion.<|eot_id|><|start_header_id|>assistant<|end_header_id|>

<CHAR_COMPRESSION=0.98><|eot_id|>
>>> Reference:
As well as providing a 'green lung' in this built up area and catering for general products, the gardens have outstanding plant collections, making them a model for gardening excellence and providing educational opportunities. <|eot_id|>
>>> Prediction:
As well as providing a 'green lung' in this built up area and catering for general convenience, the gardens have excellent plant collections, making them a centre for horticultural excellence and providing educational opportunities. 
================================================================================

>>> [Step 320] Prompt:
<|begin_of_text|><|start_header_id|>system<|end_header_id|>

Cutting Knowledge Date: December 2023
Today Date: 26 Jul 2024

You are an expert in text simplification. When you receive a text for simplification, you generate a simplified version of that text. You carefully study the simplification criteria specified by the user and adapt the text accordingly. Please generate only the simplified text, no other notes or explanations allowed.<|eot_id|><|start_header_id|>user<|end_header_id|>

INSTRUCTION: Simplify the following text such that the length of the output text (number of characters) relative to the source text is approximately equal to the ratio specified in the control token prepended to your generated simplification. The control token has the following format: <METRIC=VALUE>. 
SOURCE TEXT: If the item is in stock in Sheffield, your request will be placed immediately and you will be notified by post or by email as soon as a copy becomes available.
EXPLANATION: The <CHAR_COMPRESSION=1.0> token specifies that the character-level compression rate should be around 1.0. Values less than 1 indicate text reduction. Values greater than 1 indicate text expansion.<|eot_id|><|start_header_id|>assistant<|end_header_id|>

<CHAR_COMPRESSION=1.0><|eot_id|>
>>> Reference:
If the item is in stock in Sheffield, your request will be placed immediately and you will be contacted by post or by email as soon as a copy becomes available <|eot_id|>
>>> Prediction:
If the item is in stock in Sheffield, your request will be placed immediately and you will be notified by post or by email as soon as a copy becomes available. 
================================================================================

>>> [Step 320] Prompt:
<|begin_of_text|><|start_header_id|>system<|end_header_id|>

Cutting Knowledge Date: December 2023
Today Date: 26 Jul 2024

You are a helpful assistant. You are an expert in controlled text simplification. When you receive a text, you simplify it by rewriting it in a manner that is easier to read. Your simplification is guided by the simplification criteria specified by the user. You generate only the simplification result, without any additional comments or explanations.<|eot_id|><|start_header_id|>user<|end_header_id|>

INSTRUCTION: Simplify the following text such that the length of the output text (number of characters) relative to the source text is approximately equal to the ratio specified in the control token prepended to your generated simplification. The control token has the following format: <METRIC=VALUE>. 
SOURCE TEXT: This was supported by a Statement of Special Interest, which you can download below along with the current boundary plan.
EXPLANATION: The <CHAR_COMPRESSION=1.39> token specifies that the character-level compression rate should be around 1.39. Values less than 1 indicate text reduction. Values greater than 1 indicate text expansion.<|eot_id|><|start_header_id|>assistant<|end_header_id|>

<CHAR_COMPRESSION=1.39><|eot_id|>
>>> Reference:
There is a Statement of Special Interest to support this. You can download this Statement. You can download a boundary plan. The boundary plan shows the boundaries now. <|eot_id|>
>>> Prediction:
This was supported by a Statement of Special Interest, which you can download below along with the current boundary plan. 
================================================================================

>>> [Step 320] Prompt:
<|begin_of_text|><|start_header_id|>system<|end_header_id|>

Cutting Knowledge Date: December 2023
Today Date: 26 Jul 2024

You are a helpful text simplification assistant. You are not only an expert in simplifying texts for different readerships, but you are also very good at adapting texts according to the exact needs of the user. You output only the simplified text, no further notes or comments allowed.<|eot_id|><|start_header_id|>user<|end_header_id|>

INSTRUCTION: Simplify the following text such that the length of the output text (number of characters) relative to the source text is approximately equal to the ratio specified in the control token prepended to your generated simplification. The control token has the following format: <METRIC=VALUE>. 
SOURCE TEXT: The Housing Market Area profiles are a series of reports and summaries that provide information on the housing markets and social characteristics of the 13 Housing Markets Areas (HMAs) in Sheffield.
EXPLANATION: The <CHAR_COMPRESSION=0.9> token specifies that the character-level compression rate should be around 0.9. Values less than 1 indicate text reduction. Values greater than 1 indicate text expansion.<|eot_id|><|start_header_id|>assistant<|end_header_id|>

<CHAR_COMPRESSION=0.9><|eot_id|>
>>> Reference:
The Housing Market Area profiles are a set of reports providing information on the housing markets and social characteristics of the 13 Housing Markets Areas (HMAs) in Sheffield. <|eot_id|>
>>> Prediction:
The Housing Market Area profiles are a series of reports and summaries that give information on the housing markets and social characteristics of the 13 Housing Markets Areas (HMAs) in Sheffield. 
================================================================================
{'loss': 0.4251, 'grad_norm': 1.1078639030456543, 'learning_rate': 4.7506884868259995e-06, 'epoch': 2.61}
{'eval_loss': 0.45081543922424316, 'eval_runtime': 18.6995, 'eval_samples_per_second': 13.048, 'eval_steps_per_second': 3.262, 'epoch': 2.61}
{'loss': 0.4261, 'grad_norm': 0.8618981242179871, 'learning_rate': 2.9622992265876392e-06, 'epoch': 2.69}
{'eval_loss': 0.4473520517349243, 'eval_runtime': 18.7226, 'eval_samples_per_second': 13.032, 'eval_steps_per_second': 3.258, 'epoch': 2.69}

>>> [Step 340] Prompt:
<|begin_of_text|><|start_header_id|>system<|end_header_id|>

Cutting Knowledge Date: December 2023
Today Date: 26 Jul 2024

You are a helpful assistant. You are an expert in controlled text simplification. When you receive a text, you simplify it by rewriting it in a manner that is easier to read. Your simplification is guided by the simplification criteria specified by the user. You generate only the simplification result, without any additional comments or explanations.<|eot_id|><|start_header_id|>user<|end_header_id|>

INSTRUCTION: Simplify the following text such that the length of the output text (number of characters) relative to the source text is approximately equal to the ratio specified in the control token prepended to your generated simplification. The control token has the following format: <METRIC=VALUE>. 
SOURCE TEXT: We'll use the information you give us to work out whether we can help you and, if so, how quickly we can come and visit you to assess your needs.
EXPLANATION: The <CHAR_COMPRESSION=1.13> token specifies that the character-level compression rate should be around 1.13. Values less than 1 indicate text reduction. Values greater than 1 indicate text expansion.<|eot_id|><|start_header_id|>assistant<|end_header_id|>

<CHAR_COMPRESSION=1.13><|eot_id|>
>>> Reference:
We will use the information you give us to see whether we can help you. If we can help you, we will check how quickly we can come and visit you to check your needs. <|eot_id|>
>>> Prediction:
We'll use the information you give us to work out whether we can help you and, if so, how quickly we can come and visit you to find out what you need. 
================================================================================

>>> [Step 340] Prompt:
<|begin_of_text|><|start_header_id|>system<|end_header_id|>

Cutting Knowledge Date: December 2023
Today Date: 26 Jul 2024

You are an expert in text simplification. When you receive a text for simplification, you generate a simplified version of that text. You carefully study the simplification criteria specified by the user and adapt the text accordingly. Please generate only the simplified text, no other notes or explanations allowed.<|eot_id|><|start_header_id|>user<|end_header_id|>

INSTRUCTION: Simplify the following text such that the length of the output text (number of characters) relative to the source text is approximately equal to the ratio specified in the control token prepended to your generated simplification. The control token has the following format: <METRIC=VALUE>. 
SOURCE TEXT: A forced marriage is defined as ‘a marriage conducted without the valid consent of one or both parties, where duress is a factor’.
EXPLANATION: The <CHAR_COMPRESSION=0.93> token specifies that the character-level compression rate should be around 0.93. Values less than 1 indicate text reduction. Values greater than 1 indicate text expansion.<|eot_id|><|start_header_id|>assistant<|end_header_id|>

<CHAR_COMPRESSION=0.93><|eot_id|>
>>> Reference:
A forced marriage means  ‘a marriage performed without the true consent of one or both parties, where force is a factor’. <|eot_id|>
>>> Prediction:
A forced marriage is defined as ‘a marriage conducted without the valid consent of one or both parties, where pressure is a factor’ 
================================================================================

>>> [Step 340] Prompt:
<|begin_of_text|><|start_header_id|>system<|end_header_id|>

Cutting Knowledge Date: December 2023
Today Date: 26 Jul 2024

You are a helpful assistant. You are very good at simplifying texts. When you receive a text for simplification, you simplify it according to the instructions given by the user. Generate only the simplification, without any comments or notes.<|eot_id|><|start_header_id|>user<|end_header_id|>

INSTRUCTION: Simplify the following text such that the length of the output text (number of characters) relative to the source text is approximately equal to the ratio specified in the control token prepended to your generated simplification. The control token has the following format: <METRIC=VALUE>. 
SOURCE TEXT: In addition, most student areas of the city are subject to further controls to stop new development unless there is less than 20% HMOs within 200m of the house.
EXPLANATION: The <CHAR_COMPRESSION=0.89> token specifies that the character-level compression rate should be around 0.89. Values less than 1 indicate text reduction. Values greater than 1 indicate text expansion.<|eot_id|><|start_header_id|>assistant<|end_header_id|>

<CHAR_COMPRESSION=0.89><|eot_id|>
>>> Reference:
Also, most student areas of the city face more controls to stop new constructions unless there is less than 20% HMOs within 200m of the house. <|eot_id|>
>>> Prediction:
In addition, most student areas of the city are subject to further controls to stop new development unless there are less than 20% HMOs within 200m of the house. 
================================================================================

>>> [Step 340] Prompt:
<|begin_of_text|><|start_header_id|>system<|end_header_id|>

Cutting Knowledge Date: December 2023
Today Date: 26 Jul 2024

You are a helpful assistant. You are an expert in controlled text simplification. When you receive a text, you simplify it by rewriting it in a manner that is easier to read. Your simplification is guided by the simplification criteria specified by the user. You generate only the simplification result, without any additional comments or explanations.<|eot_id|><|start_header_id|>user<|end_header_id|>

INSTRUCTION: Simplify the following text such that the length of the output text (number of characters) relative to the source text is approximately equal to the ratio specified in the control token prepended to your generated simplification. The control token has the following format: <METRIC=VALUE>. 
SOURCE TEXT: Its development would not have been possible without the personal interest and generosity of the J G Graves Charitable Trust.
EXPLANATION: The <CHAR_COMPRESSION=1.0> token specifies that the character-level compression rate should be around 1.0. Values less than 1 indicate text reduction. Values greater than 1 indicate text expansion.<|eot_id|><|start_header_id|>assistant<|end_header_id|>

<CHAR_COMPRESSION=1.0><|eot_id|>
>>> Reference:
Its development would not have been possible without the personal interest and generosity of the J G Graves Charitable Trust. <|eot_id|>
>>> Prediction:
The development would not have been possible without the personal interest and generosity of the J G Graves Charitable Trust. 
================================================================================
{'loss': 0.3961, 'grad_norm': 1.0702152252197266, 'learning_rate': 1.584823893886933e-06, 'epoch': 2.77}
{'eval_loss': 0.4452417194843292, 'eval_runtime': 18.705, 'eval_samples_per_second': 13.045, 'eval_steps_per_second': 3.261, 'epoch': 2.77}
{'loss': 0.4063, 'grad_norm': 0.9034652709960938, 'learning_rate': 6.302958957514371e-07, 'epoch': 2.85}
{'eval_loss': 0.4445563852787018, 'eval_runtime': 18.7008, 'eval_samples_per_second': 13.048, 'eval_steps_per_second': 3.262, 'epoch': 2.85}

>>> [Step 360] Prompt:
<|begin_of_text|><|start_header_id|>system<|end_header_id|>

Cutting Knowledge Date: December 2023
Today Date: 26 Jul 2024

You are a helpful expert in text simplification. You generate a simplified version of the text input by the user. You simplify the text according to the instructions given by the user. When asked to simplify a text, generate only the requested simplification, without any additional comments, notes or explanations.<|eot_id|><|start_header_id|>user<|end_header_id|>

INSTRUCTION: Simplify the following text such that the length of the output text (number of characters) relative to the source text is approximately equal to the ratio specified in the control token prepended to your generated simplification. The control token has the following format: <METRIC=VALUE>. 
SOURCE TEXT: If it doesn’t proceed after that time (and there is no obligation to proceed) then other options can be more fully considered at that stage.
EXPLANATION: The <CHAR_COMPRESSION=1.0> token specifies that the character-level compression rate should be around 1.0. Values less than 1 indicate text reduction. Values greater than 1 indicate text expansion.<|eot_id|><|start_header_id|>assistant<|end_header_id|>

<CHAR_COMPRESSION=1.0><|eot_id|>
>>> Reference:
If it doesn’t proceed after that time (and there is no obligation to proceed) then other options can be more fully considered at that stage. <|eot_id|>
>>> Prediction:
If it doesn’t proceed after that time (and there is no obligation to proceed) then other options can be more fully considered at that stage. 
================================================================================

>>> [Step 360] Prompt:
<|begin_of_text|><|start_header_id|>system<|end_header_id|>

Cutting Knowledge Date: December 2023
Today Date: 26 Jul 2024

You are a helpful text simplification assistant. You are not only an expert in simplifying texts for different readerships, but you are also very good at adapting texts according to the exact needs of the user. You output only the simplified text, no further notes or comments allowed.<|eot_id|><|start_header_id|>user<|end_header_id|>

INSTRUCTION: Simplify the following text such that the length of the output text (number of characters) relative to the source text is approximately equal to the ratio specified in the control token prepended to your generated simplification. The control token has the following format: <METRIC=VALUE>. 
SOURCE TEXT: If you are a landlord renting out a property, the responsibility for paying Council Tax depends on what sort of letting arrangement you have.
EXPLANATION: The <CHAR_COMPRESSION=1.05> token specifies that the character-level compression rate should be around 1.05. Values less than 1 indicate text reduction. Values greater than 1 indicate text expansion.<|eot_id|><|start_header_id|>assistant<|end_header_id|>

<CHAR_COMPRESSION=1.05><|eot_id|>
>>> Reference:
If you are a landlord renting out a property, the responsibility for paying Council Tax depends on the type of letting arrangement you have in place <|eot_id|>
>>> Prediction:
If you are a landlord renting out a property, the responsibility for paying Council Tax depends on what sort of letting arrangement you have. For example, if you have a short-term letting arrangement, you may not be responsible for paying Council Tax. 
================================================================================

>>> [Step 360] Prompt:
<|begin_of_text|><|start_header_id|>system<|end_header_id|>

Cutting Knowledge Date: December 2023
Today Date: 26 Jul 2024

You are an expert in text simplification. When you receive a text for simplification, you generate a simplified version of that text. You carefully study the simplification criteria specified by the user and adapt the text accordingly. Please generate only the simplified text, no other notes or explanations allowed.<|eot_id|><|start_header_id|>user<|end_header_id|>

INSTRUCTION: Simplify the following text such that the length of the output text (number of characters) relative to the source text is approximately equal to the ratio specified in the control token prepended to your generated simplification. The control token has the following format: <METRIC=VALUE>. 
SOURCE TEXT: We have already spent millions on fire safety in our council homes and improvement works have been carried out over the last 5 years.
EXPLANATION: The <CHAR_COMPRESSION=1.0> token specifies that the character-level compression rate should be around 1.0. Values less than 1 indicate text reduction. Values greater than 1 indicate text expansion.<|eot_id|><|start_header_id|>assistant<|end_header_id|>

<CHAR_COMPRESSION=1.0><|eot_id|>
>>> Reference:
We have already spent millions on fire safety in our council homes and improvement works have been carried out over the last 5 years. <|eot_id|>
>>> Prediction:
We have already spent millions on fire safety in our council homes and improvement works have been carried out over the last 5 years. 
================================================================================

>>> [Step 360] Prompt:
<|begin_of_text|><|start_header_id|>system<|end_header_id|>

Cutting Knowledge Date: December 2023
Today Date: 26 Jul 2024

You are an expert in text simplification. When you receive a text for simplification, you generate a simplified version of that text. You carefully study the simplification criteria specified by the user and adapt the text accordingly. Please generate only the simplified text, no other notes or explanations allowed.<|eot_id|><|start_header_id|>user<|end_header_id|>

INSTRUCTION: Simplify the following text such that the length of the output text (number of characters) relative to the source text is approximately equal to the ratio specified in the control token prepended to your generated simplification. The control token has the following format: <METRIC=VALUE>. 
SOURCE TEXT: If you are supported by the Children’s Disability Service, your assessment will usually happen when you are 17, although planning for the future will start as part of reviewing your Education, Health and Care Plan when you are 14.
EXPLANATION: The <CHAR_COMPRESSION=1.0> token specifies that the character-level compression rate should be around 1.0. Values less than 1 indicate text reduction. Values greater than 1 indicate text expansion.<|eot_id|><|start_header_id|>assistant<|end_header_id|>

<CHAR_COMPRESSION=1.0><|eot_id|>
>>> Reference:
If you are given help by the Children’s Disability Service, your assessment will usually happen when you are 17, although planning for the future will start as part of reviewing your Education, Health and Care Plan when you are 14. <|eot_id|>
>>> Prediction:
If you are supported by the Children’s Disability Service, your assessment will usually happen when you are 17, although planning for the future will start as part of reviewing your Education, Health and Care Plan when you are 14. 
================================================================================
{'loss': 0.4351, 'grad_norm': 1.1603269577026367, 'learning_rate': 1.0705383806982606e-07, 'epoch': 2.93}
{'eval_loss': 0.44390955567359924, 'eval_runtime': 18.6951, 'eval_samples_per_second': 13.052, 'eval_steps_per_second': 3.263, 'epoch': 2.93}
{'train_runtime': 2363.6721, 'train_samples_per_second': 2.481, 'train_steps_per_second': 0.155, 'train_loss': 0.6090680738615859, 'epoch': 2.98}
Evaluation results: {'eval_loss': 0.44390955567359924, 'eval_runtime': 18.714, 'eval_samples_per_second': 13.038, 'eval_steps_per_second': 3.26, 'epoch': 2.98159509202454}
*** Finetuning meta-llama/Llama-3.1-8B-Instruct with WikiLarge_ori_splitwise and FKGL ***
torch.cuda.is_bf16_supported: True
Transformers version: 4.51.0
Python path: /home/hhubar/data/conda/envs/sft/bin/python
Using PEFT...

Run arguments:
Namespace(model_class='auto', model_family='base', model_name='meta-llama/Llama-3.1-8B-Instruct', dataset_name='WikiLarge_ori_splitwise', slice_train=-1, slice_val=-1, batch_size=4, eval_batch_size=4, gradient_accumulation_steps=4, learning_rate=0.0001, weight_decay=0.01, warmup_steps=30, max_grad_norm=1.0, epochs=3, max_length=512, logging_steps=10, wandb_project_name='ATS_with_control_tokens', wandb_entity='shtosti', generate_every=20, seed=42, patience=3, prompting_type='vanilla', user_prompt_id='token_explanation', metric_name='FKGL', control_tokens='data/prompts/control_tokens.json', system_prompts='data/prompts/system_prompts.json', user_prompts='data/prompts/user_prompts.json', metric_mapping='data/metric_mapping.json', peft=True, lora_r=16, lora_dropout=0.1)

Saving to: ./models/FKGL-WikiLarge_ori_splitwise-token_explanation-Llama-3.1-8B-Instruct-20250527

*** Finetuning Llama-3.1-8B-Instruct with WikiLarge_ori_splitwise ***

CUDA available: True
Number of GPUs: 1
GPU name: NVIDIA A100-SXM4-80GB
Model embedding size BEFORE resizing: 128256
Model embedding size AFTER resizing: 128257
Using PEFT for fine-tuning...
--- DEBUG ---
trainable params:
Trainable params: 6,815,744 / 8,037,085,184 (0.08%)
--- tokenizer pad_token_id: 128256
--- tokenizer eos_token_id: 128009
--- special tokens:
train:	 Inspect the dataset format:
 {'global_id': ['wikilarge_ori_297118'], 'source_text': ['In 2003 , the poetry award was granted for the first time .\n'], 'source_metrics': [{'FRE': 77.23, 'ARI': 4.2, 'FKGL': 5.2, 'Dale-Chall': 9.92, 'char_count': 60, 'alphanum_count': 41, 'word_count': 13, 'sentence_count': 1}], 'metadata': [{'dataset': 'wikilarge_ori', 'experiment_split': '', 'domain': 'general', 'language': 'en', 'annotation': 'automatic', 'level': 'sentence'}], 'simplification_text': ['Udo Kawasser\n'], 'target_metrics': [{'FRE': 35.61, 'ARI': 5.5, 'FKGL': 8.8, 'Dale-Chall': 19.53, 'char_count': 13, 'alphanum_count': 11, 'word_count': 2, 'sentence_count': 1, 'char_compression_rate': 0.22, 'word_compression_rate': 0.15, 'sentence_compression_rate': 1.0, 'BLEU': 0.0, 'BERTScore': 0.7573259472846985}], 'simplification_version': [1], 'grade_level': [-1], 'simplification_dimensions': [{'linguistic': {'lexical': False, 'syntactic': False}}]}
validation:	 Inspect the dataset format:
 {'global_id': ['wikilarge_ori_097984'], 'source_text': ['Unstrut-Hainich is a Kreis -LRB- district -RRB- in the north of Thuringia , Germany .\n'], 'source_metrics': [{'FRE': 83.66, 'ARI': 10.8, 'FKGL': 4.8, 'Dale-Chall': 14.0, 'char_count': 86, 'alphanum_count': 64, 'word_count': 15, 'sentence_count': 1}], 'metadata': [{'dataset': 'wikilarge_ori', 'experiment_split': '', 'domain': 'general', 'language': 'en', 'annotation': 'automatic', 'level': 'sentence'}], 'simplification_text': ['Unstrut-Hainich is a Landkreis -LRB- district -RRB- in the north of Thuringia , Germany .\n'], 'target_metrics': [{'FRE': 75.2, 'ARI': 12.2, 'FKGL': 6.0, 'Dale-Chall': 14.0, 'char_count': 90, 'alphanum_count': 68, 'word_count': 15, 'sentence_count': 1, 'char_compression_rate': 1.05, 'word_compression_rate': 1.0, 'sentence_compression_rate': 1.0, 'BLEU': 80.03203203845001, 'BERTScore': 0.9842736721038818}], 'simplification_version': [1], 'grade_level': [-1], 'simplification_dimensions': [{'linguistic': {'lexical': False, 'syntactic': False}}]}


 *** Before tokenization ***
>>> train:

Showing 1 example(s):

Example 1 (index 105)
--- Prompt:
 <|begin_of_text|><|start_header_id|>system<|end_header_id|>

Cutting Knowledge Date: December 2023
Today Date: 26 Jul 2024

You are a helpful text simplification assistant. You are not only an expert in simplifying texts for different readerships, but you are also very good at adapting texts according to the exact needs of the user. You output only the simplified text, no further notes or comments allowed.<|eot_id|><|start_header_id|>user<|end_header_id|>

INSTRUCTION: Simplify the following text such that its Flesch-Kincaid Grade Level (FKGL) score is approximately equal to that specified in the control token prepended to your generated simplification. The control token has the following format: <METRIC=VALUE>. The control token prepended to the source text indicates the FKGL value of the source text. 
SOURCE TEXT: <FKGL=17.8> Two studied advantages of cetacean physiology let this Order -LRB- and other marine mammals -RRB- forage underwater for extended periods without breathing :

EXPLANATION: The <FKGL=20.6> token specifies that the target Flesch-Kincaid Grade Level should be approximately 20.6. Lower values indicate simpler text.<|eot_id|><|start_header_id|>assistant<|end_header_id|>

<FKGL=20.6><|eot_id|>
--- Completion:
 Family Eschrichtiidae <|eot_id|>
==================================================


 *** After tokenization ***
>>> train:

Showing 1 example(s):

Example 1 (index 589)
--- Prompt:
 <|begin_of_text|><|start_header_id|>system<|end_header_id|>

Cutting Knowledge Date: December 2023
Today Date: 26 Jul 2024

You are a helpful text simplification assistant. You are not only an expert in simplifying texts for different readerships, but you are also very good at adapting texts according to the exact needs of the user. You output only the simplified text, no further notes or comments allowed.<|eot_id|><|start_header_id|>user<|end_header_id|>

INSTRUCTION: Simplify the following text such that its Flesch-Kincaid Grade Level (FKGL) score is approximately equal to that specified in the control token prepended to your generated simplification. The control token has the following format: <METRIC=VALUE>. The control token prepended to the source text indicates the FKGL value of the source text. 
SOURCE TEXT: <FKGL=11.5> Prospectors from California , Europe and China were also digging along the Peel River and up the mountain slopes .

EXPLANATION: The <FKGL=11.5> token specifies that the target Flesch-Kincaid Grade Level should be approximately 11.5. Lower values indicate simpler text.<|eot_id|><|start_header_id|>assistant<|end_header_id|>

<FKGL=11.5><|eot_id|>
--- Completion:
 Prospectors from California , Europe and China were also digging along the Peel River and up the mountain slopes . <|eot_id|>
--- input_ids:
 [128000, 128000, 128006, 9125, 128007, 271, 38766, 1303, 33025, 2696, 25, 6790, 220, 2366, 18, 198, 15724, 2696, 25, 220, 1627, 10263, 220, 2366, 19, 271, 2675, 527, 264, 11190, 1495, 15858, 2461, 18328, 13, 1472, 527, 539, 1193, 459, 6335, 304, 15858, 7922, 22755, 369, 2204, 13016, 34322, 11, 719, 499, 527, 1101, 1633, 1695, 520, 70817, 22755, 4184, 311, 279, 4839, 3966, 315, 279, 1217, 13, 1472, 2612, 1193, 279, 44899, 1495, 11, 912, 4726, 8554, 477, 6170, 5535, 13, 128009, 128006, 882, 128007, 271, 691, 58555, 25, 62342, 1463, 279, 2768, 1495, 1778, 430, 1202, 435, 645, 331, 16222, 258, 936, 307, 24749, 9580, 320, 28096, 3910, 8, 5573, 374, 13489, 6273, 311, 430, 5300, 304, 279, 2585, 4037, 22033, 2954, 311, 701, 8066, 15858, 2461, 13, 578, 2585, 4037, 706, 279, 2768, 3645, 25, 366, 45975, 37078, 28, 24771, 14611, 578, 2585, 4037, 22033, 2954, 311, 279, 2592, 1495, 15151, 279, 85346, 3910, 907, 315, 279, 2592, 1495, 13, 720, 44098, 16139, 25, 366, 28096, 3910, 28, 806, 13, 20, 29, 78915, 1105, 505, 7188, 1174, 4606, 323, 5734, 1051, 1101, 42200, 3235, 279, 89694, 11188, 323, 709, 279, 16700, 60108, 6905, 3337, 95179, 3579, 25, 578, 366, 28096, 3910, 28, 806, 13, 20, 29, 4037, 30202, 430, 279, 2218, 435, 645, 331, 16222, 258, 936, 307, 24749, 9580, 1288, 387, 13489, 220, 806, 13, 20, 13, 28636, 2819, 13519, 35388, 1495, 13, 128009, 128006, 78191, 128007, 271, 27, 28096, 3910, 28, 806, 13, 20, 29, 128009, 128000, 46015, 1002, 1105, 505, 7188, 1174, 4606, 323, 5734, 1051, 1101, 42200, 3235, 279, 89694, 11188, 323, 709, 279, 16700, 60108, 662, 220, 128009, 128256, 128256, 128256, 128256, 128256, 128256, 128256, 128256, 128256, 128256, 128256, 128256, 128256, 128256, 128256, 128256, 128256, 128256, 128256, 128256, 128256, 128256, 128256, 128256, 128256, 128256, 128256, 128256, 128256, 128256, 128256, 128256, 128256, 128256, 128256, 128256, 128256, 128256, 128256, 128256, 128256, 128256, 128256, 128256, 128256, 128256, 128256, 128256, 128256, 128256, 128256, 128256, 128256, 128256, 128256, 128256, 128256, 128256, 128256, 128256, 128256, 128256, 128256, 128256, 128256, 128256, 128256, 128256, 128256, 128256, 128256, 128256, 128256, 128256, 128256, 128256, 128256, 128256, 128256, 128256, 128256, 128256, 128256, 128256, 128256, 128256, 128256, 128256, 128256, 128256, 128256, 128256, 128256, 128256, 128256, 128256, 128256, 128256, 128256, 128256, 128256, 128256, 128256, 128256, 128256, 128256, 128256, 128256, 128256, 128256, 128256, 128256, 128256, 128256, 128256, 128256, 128256, 128256, 128256, 128256, 128256, 128256, 128256, 128256, 128256, 128256, 128256, 128256, 128256, 128256, 128256, 128256, 128256, 128256, 128256, 128256, 128256, 128256, 128256, 128256, 128256, 128256, 128256, 128256, 128256, 128256, 128256, 128256, 128256, 128256, 128256, 128256, 128256, 128256, 128256, 128256, 128256, 128256, 128256, 128256, 128256, 128256, 128256, 128256, 128256, 128256, 128256, 128256, 128256, 128256, 128256, 128256, 128256, 128256, 128256, 128256, 128256, 128256, 128256, 128256, 128256, 128256, 128256, 128256, 128256, 128256, 128256, 128256, 128256, 128256, 128256, 128256, 128256, 128256, 128256, 128256, 128256, 128256, 128256, 128256, 128256, 128256, 128256, 128256, 128256, 128256, 128256, 128256, 128256, 128256, 128256, 128256, 128256, 128256, 128256, 128256, 128256, 128256, 128256, 128256, 128256, 128256, 128256, 128256, 128256, 128256, 128256, 128256, 128256, 128256, 128256, 128256, 128256, 128256, 128256, 128256]
--- labels:
 [-100, -100, -100, -100, -100, -100, -100, -100, -100, -100, -100, -100, -100, -100, -100, -100, -100, -100, -100, -100, -100, -100, -100, -100, -100, -100, -100, -100, -100, -100, -100, -100, -100, -100, -100, -100, -100, -100, -100, -100, -100, -100, -100, -100, -100, -100, -100, -100, -100, -100, -100, -100, -100, -100, -100, -100, -100, -100, -100, -100, -100, -100, -100, -100, -100, -100, -100, -100, -100, -100, -100, -100, -100, -100, -100, -100, -100, -100, -100, -100, -100, -100, -100, -100, -100, -100, -100, -100, -100, -100, -100, -100, -100, -100, -100, -100, -100, -100, -100, -100, -100, -100, -100, -100, -100, -100, -100, -100, -100, -100, -100, -100, -100, -100, -100, -100, -100, -100, -100, -100, -100, -100, -100, -100, -100, -100, -100, -100, -100, -100, -100, -100, -100, -100, -100, -100, -100, -100, -100, -100, -100, -100, -100, -100, -100, -100, -100, -100, -100, -100, -100, -100, -100, -100, -100, -100, -100, -100, -100, -100, -100, -100, -100, -100, -100, -100, -100, -100, -100, -100, -100, -100, -100, -100, -100, -100, -100, -100, -100, -100, -100, -100, -100, -100, -100, -100, -100, -100, -100, -100, -100, -100, -100, -100, -100, -100, -100, -100, -100, -100, -100, -100, -100, -100, -100, -100, -100, -100, -100, -100, -100, -100, -100, -100, -100, -100, -100, -100, -100, -100, -100, -100, -100, -100, -100, -100, -100, -100, -100, -100, -100, -100, -100, -100, -100, -100, -100, -100, -100, -100, -100, -100, -100, -100, -100, -100, -100, -100, -100, -100, -100, 128000, 46015, 1002, 1105, 505, 7188, 1174, 4606, 323, 5734, 1051, 1101, 42200, 3235, 279, 89694, 11188, 323, 709, 279, 16700, 60108, 662, 220, 128009, -100, -100, -100, -100, -100, -100, -100, -100, -100, -100, -100, -100, -100, -100, -100, -100, -100, -100, -100, -100, -100, -100, -100, -100, -100, -100, -100, -100, -100, -100, -100, -100, -100, -100, -100, -100, -100, -100, -100, -100, -100, -100, -100, -100, -100, -100, -100, -100, -100, -100, -100, -100, -100, -100, -100, -100, -100, -100, -100, -100, -100, -100, -100, -100, -100, -100, -100, -100, -100, -100, -100, -100, -100, -100, -100, -100, -100, -100, -100, -100, -100, -100, -100, -100, -100, -100, -100, -100, -100, -100, -100, -100, -100, -100, -100, -100, -100, -100, -100, -100, -100, -100, -100, -100, -100, -100, -100, -100, -100, -100, -100, -100, -100, -100, -100, -100, -100, -100, -100, -100, -100, -100, -100, -100, -100, -100, -100, -100, -100, -100, -100, -100, -100, -100, -100, -100, -100, -100, -100, -100, -100, -100, -100, -100, -100, -100, -100, -100, -100, -100, -100, -100, -100, -100, -100, -100, -100, -100, -100, -100, -100, -100, -100, -100, -100, -100, -100, -100, -100, -100, -100, -100, -100, -100, -100, -100, -100, -100, -100, -100, -100, -100, -100, -100, -100, -100, -100, -100, -100, -100, -100, -100, -100, -100, -100, -100, -100, -100, -100, -100, -100, -100, -100, -100, -100, -100, -100, -100, -100, -100, -100, -100, -100, -100, -100, -100, -100, -100, -100, -100, -100, -100, -100, -100, -100, -100, -100, -100, -100, -100, -100, -100, -100, -100, -100, -100]
==================================================
********** DEBUG **********
Train dataset columns: ['global_id', 'source_text', 'source_metrics', 'metadata', 'simplification_text', 'target_metrics', 'simplification_version', 'grade_level', 'simplification_dimensions', 'prompt', 'completion', 'system_prompt_id', 'user_prompt_id', 'metric_name', 'source_metric_value', 'target_metric_value', 'input_ids', 'labels', 'attention_mask']
Validation dataset columns: ['global_id', 'source_text', 'source_metrics', 'metadata', 'simplification_text', 'target_metrics', 'simplification_version', 'grade_level', 'simplification_dimensions', 'prompt', 'completion', 'system_prompt_id', 'user_prompt_id', 'metric_name', 'source_metric_value', 'target_metric_value', 'input_ids', 'labels', 'attention_mask']
First 10 input_ids: [128000, 128000, 128006, 9125, 128007, 271, 38766, 1303, 33025, 2696]
First 10 labels: [-100, -100, -100, -100, -100, -100, -100, -100, -100, -100]

--- DEBUG: Explore first instance of the val set:
 {'global_id': 'wikilarge_ori_171160', 'source_text': 'Okeechobee covers 730 square miles -LRB- 1,890 kmÂ -RRB- , approximately half the size of the state of Rhode Island , and is exceptionally shallow for a lake of its size , with an average depth of only 9 feet -LRB- 3 m -RRB- .\n', 'source_metrics': {'FRE': 46.78, 'ARI': 20.0, 'FKGL': 16.9, 'Dale-Chall': 12.6, 'char_count': 227, 'alphanum_count': 160, 'word_count': 45, 'sentence_count': 1}, 'metadata': {'dataset': 'wikilarge_ori', 'experiment_split': '', 'domain': 'general', 'language': 'en', 'annotation': 'automatic', 'level': 'sentence'}, 'simplification_text': 'Lake Okeechobee covers about 730 square miles -LRB- about half the size of Rhode Island -RRB- .\n', 'target_metrics': {'FRE': 72.16, 'ARI': 9.8, 'FKGL': 7.2, 'Dale-Chall': 11.34, 'char_count': 96, 'alphanum_count': 71, 'word_count': 17, 'sentence_count': 1, 'char_compression_rate': 0.42, 'word_compression_rate': 0.38, 'sentence_compression_rate': 1.0, 'BLEU': 7.6212533828165006, 'BERTScore': 0.90108722448349}, 'simplification_version': 1, 'grade_level': -1, 'simplification_dimensions': {'linguistic': {'lexical': False, 'syntactic': False}}, 'prompt': '<|begin_of_text|><|start_header_id|>system<|end_header_id|>\n\nCutting Knowledge Date: December 2023\nToday Date: 26 Jul 2024\n\nYou are a helpful expert in text simplification. You generate a simplified version of the text input by the user. You simplify the text according to the instructions given by the user. When asked to simplify a text, generate only the requested simplification, without any additional comments, notes or explanations.<|eot_id|><|start_header_id|>user<|end_header_id|>\n\nINSTRUCTION: Simplify the following text such that its Flesch-Kincaid Grade Level (FKGL) score is approximately equal to that specified in the control token prepended to your generated simplification. The control token has the following format: <METRIC=VALUE>. The control token prepended to the source text indicates the FKGL value of the source text. \nSOURCE TEXT: <FKGL=16.9> Okeechobee covers 730 square miles -LRB- 1,890 kmÂ -RRB- , approximately half the size of the state of Rhode Island , and is exceptionally shallow for a lake of its size , with an average depth of only 9 feet -LRB- 3 m -RRB- .\n\nEXPLANATION: The <FKGL=7.2> token specifies that the target Flesch-Kincaid Grade Level should be approximately 7.2. Lower values indicate simpler text.<|eot_id|><|start_header_id|>assistant<|end_header_id|>\n\n<FKGL=7.2><|eot_id|>', 'completion': 'Lake Okeechobee covers about 730 square miles -LRB- about half the size of Rhode Island -RRB- . <|eot_id|>', 'system_prompt_id': 'sys_prompt_6', 'user_prompt_id': 'token_explanation', 'metric_name': 'FKGL', 'source_metric_value': 16.9, 'target_metric_value': 7.2, 'input_ids': [128000, 128000, 128006, 9125, 128007, 271, 38766, 1303, 33025, 2696, 25, 6790, 220, 2366, 18, 198, 15724, 2696, 25, 220, 1627, 10263, 220, 2366, 19, 271, 2675, 527, 264, 11190, 6335, 304, 1495, 15858, 2461, 13, 1472, 7068, 264, 44899, 2373, 315, 279, 1495, 1988, 555, 279, 1217, 13, 1472, 40821, 279, 1495, 4184, 311, 279, 11470, 2728, 555, 279, 1217, 13, 3277, 4691, 311, 40821, 264, 1495, 11, 7068, 1193, 279, 11472, 15858, 2461, 11, 2085, 904, 5217, 6170, 11, 8554, 477, 41941, 13, 128009, 128006, 882, 128007, 271, 691, 58555, 25, 62342, 1463, 279, 2768, 1495, 1778, 430, 1202, 435, 645, 331, 16222, 258, 936, 307, 24749, 9580, 320, 28096, 3910, 8, 5573, 374, 13489, 6273, 311, 430, 5300, 304, 279, 2585, 4037, 22033, 2954, 311, 701, 8066, 15858, 2461, 13, 578, 2585, 4037, 706, 279, 2768, 3645, 25, 366, 45975, 37078, 28, 24771, 14611, 578, 2585, 4037, 22033, 2954, 311, 279, 2592, 1495, 15151, 279, 85346, 3910, 907, 315, 279, 2592, 1495, 13, 720, 44098, 16139, 25, 366, 28096, 3910, 28, 845, 13, 24, 29, 507, 441, 4842, 677, 2176, 14861, 220, 20785, 9518, 8931, 482, 20721, 33, 12, 220, 16, 11, 21381, 13437, 33895, 482, 8268, 33, 12, 1174, 13489, 4376, 279, 1404, 315, 279, 1614, 315, 50981, 10951, 1174, 323, 374, 48298, 26682, 369, 264, 22553, 315, 1202, 1404, 1174, 449, 459, 5578, 8149, 315, 1193, 220, 24, 7693, 482, 20721, 33, 12, 220, 18, 296, 482, 8268, 33, 12, 6905, 3337, 95179, 3579, 25, 578, 366, 28096, 3910, 28, 22, 13, 17, 29, 4037, 30202, 430, 279, 2218, 435, 645, 331, 16222, 258, 936, 307, 24749, 9580, 1288, 387, 13489, 220, 22, 13, 17, 13, 28636, 2819, 13519, 35388, 1495, 13, 128009, 128006, 78191, 128007, 271, 27, 28096, 3910, 28, 22, 13, 17, 29, 128009, 128000, 82389, 507, 441, 4842, 677, 2176, 14861, 922, 220, 20785, 9518, 8931, 482, 20721, 33, 12, 922, 4376, 279, 1404, 315, 50981, 10951, 482, 8268, 33, 12, 662, 220, 128009, 128256, 128256, 128256, 128256, 128256, 128256, 128256, 128256, 128256, 128256, 128256, 128256, 128256, 128256, 128256, 128256, 128256, 128256, 128256, 128256, 128256, 128256, 128256, 128256, 128256, 128256, 128256, 128256, 128256, 128256, 128256, 128256, 128256, 128256, 128256, 128256, 128256, 128256, 128256, 128256, 128256, 128256, 128256, 128256, 128256, 128256, 128256, 128256, 128256, 128256, 128256, 128256, 128256, 128256, 128256, 128256, 128256, 128256, 128256, 128256, 128256, 128256, 128256, 128256, 128256, 128256, 128256, 128256, 128256, 128256, 128256, 128256, 128256, 128256, 128256, 128256, 128256, 128256, 128256, 128256, 128256, 128256, 128256, 128256, 128256, 128256, 128256, 128256, 128256, 128256, 128256, 128256, 128256, 128256, 128256, 128256, 128256, 128256, 128256, 128256, 128256, 128256, 128256, 128256, 128256, 128256, 128256, 128256, 128256, 128256, 128256, 128256, 128256, 128256, 128256, 128256, 128256, 128256, 128256, 128256, 128256, 128256, 128256, 128256, 128256, 128256, 128256, 128256, 128256, 128256, 128256, 128256, 128256, 128256, 128256, 128256, 128256, 128256, 128256, 128256, 128256, 128256, 128256, 128256, 128256, 128256, 128256, 128256, 128256, 128256, 128256, 128256, 128256, 128256, 128256, 128256, 128256, 128256, 128256, 128256, 128256, 128256, 128256, 128256, 128256, 128256, 128256, 128256, 128256, 128256, 128256, 128256, 128256, 128256, 128256, 128256, 128256, 128256, 128256, 128256], 'labels': [-100, -100, -100, -100, -100, -100, -100, -100, -100, -100, -100, -100, -100, -100, -100, -100, -100, -100, -100, -100, -100, -100, -100, -100, -100, -100, -100, -100, -100, -100, -100, -100, -100, -100, -100, -100, -100, -100, -100, -100, -100, -100, -100, -100, -100, -100, -100, -100, -100, -100, -100, -100, -100, -100, -100, -100, -100, -100, -100, -100, -100, -100, -100, -100, -100, -100, -100, -100, -100, -100, -100, -100, -100, -100, -100, -100, -100, -100, -100, -100, -100, -100, -100, -100, -100, -100, -100, -100, -100, -100, -100, -100, -100, -100, -100, -100, -100, -100, -100, -100, -100, -100, -100, -100, -100, -100, -100, -100, -100, -100, -100, -100, -100, -100, -100, -100, -100, -100, -100, -100, -100, -100, -100, -100, -100, -100, -100, -100, -100, -100, -100, -100, -100, -100, -100, -100, -100, -100, -100, -100, -100, -100, -100, -100, -100, -100, -100, -100, -100, -100, -100, -100, -100, -100, -100, -100, -100, -100, -100, -100, -100, -100, -100, -100, -100, -100, -100, -100, -100, -100, -100, -100, -100, -100, -100, -100, -100, -100, -100, -100, -100, -100, -100, -100, -100, -100, -100, -100, -100, -100, -100, -100, -100, -100, -100, -100, -100, -100, -100, -100, -100, -100, -100, -100, -100, -100, -100, -100, -100, -100, -100, -100, -100, -100, -100, -100, -100, -100, -100, -100, -100, -100, -100, -100, -100, -100, -100, -100, -100, -100, -100, -100, -100, -100, -100, -100, -100, -100, -100, -100, -100, -100, -100, -100, -100, -100, -100, -100, -100, -100, -100, -100, -100, -100, -100, -100, -100, -100, -100, -100, -100, -100, -100, -100, -100, -100, -100, -100, -100, -100, -100, -100, -100, -100, -100, -100, -100, -100, -100, -100, -100, -100, -100, -100, -100, -100, -100, -100, -100, -100, -100, -100, -100, -100, -100, -100, -100, -100, -100, -100, -100, 128000, 82389, 507, 441, 4842, 677, 2176, 14861, 922, 220, 20785, 9518, 8931, 482, 20721, 33, 12, 922, 4376, 279, 1404, 315, 50981, 10951, 482, 8268, 33, 12, 662, 220, 128009, -100, -100, -100, -100, -100, -100, -100, -100, -100, -100, -100, -100, -100, -100, -100, -100, -100, -100, -100, -100, -100, -100, -100, -100, -100, -100, -100, -100, -100, -100, -100, -100, -100, -100, -100, -100, -100, -100, -100, -100, -100, -100, -100, -100, -100, -100, -100, -100, -100, -100, -100, -100, -100, -100, -100, -100, -100, -100, -100, -100, -100, -100, -100, -100, -100, -100, -100, -100, -100, -100, -100, -100, -100, -100, -100, -100, -100, -100, -100, -100, -100, -100, -100, -100, -100, -100, -100, -100, -100, -100, -100, -100, -100, -100, -100, -100, -100, -100, -100, -100, -100, -100, -100, -100, -100, -100, -100, -100, -100, -100, -100, -100, -100, -100, -100, -100, -100, -100, -100, -100, -100, -100, -100, -100, -100, -100, -100, -100, -100, -100, -100, -100, -100, -100, -100, -100, -100, -100, -100, -100, -100, -100, -100, -100, -100, -100, -100, -100, -100, -100, -100, -100, -100, -100, -100, -100, -100, -100, -100, -100, -100, -100, -100, -100, -100, -100, -100, -100, -100, -100, -100, -100, -100, -100, -100, -100, -100, -100, -100, -100], 'attention_mask': [1, 1, 1, 1, 1, 1, 1, 1, 1, 1, 1, 1, 1, 1, 1, 1, 1, 1, 1, 1, 1, 1, 1, 1, 1, 1, 1, 1, 1, 1, 1, 1, 1, 1, 1, 1, 1, 1, 1, 1, 1, 1, 1, 1, 1, 1, 1, 1, 1, 1, 1, 1, 1, 1, 1, 1, 1, 1, 1, 1, 1, 1, 1, 1, 1, 1, 1, 1, 1, 1, 1, 1, 1, 1, 1, 1, 1, 1, 1, 1, 1, 1, 1, 1, 1, 1, 1, 1, 1, 1, 1, 1, 1, 1, 1, 1, 1, 1, 1, 1, 1, 1, 1, 1, 1, 1, 1, 1, 1, 1, 1, 1, 1, 1, 1, 1, 1, 1, 1, 1, 1, 1, 1, 1, 1, 1, 1, 1, 1, 1, 1, 1, 1, 1, 1, 1, 1, 1, 1, 1, 1, 1, 1, 1, 1, 1, 1, 1, 1, 1, 1, 1, 1, 1, 1, 1, 1, 1, 1, 1, 1, 1, 1, 1, 1, 1, 1, 1, 1, 1, 1, 1, 1, 1, 1, 1, 1, 1, 1, 1, 1, 1, 1, 1, 1, 1, 1, 1, 1, 1, 1, 1, 1, 1, 1, 1, 1, 1, 1, 1, 1, 1, 1, 1, 1, 1, 1, 1, 1, 1, 1, 1, 1, 1, 1, 1, 1, 1, 1, 1, 1, 1, 1, 1, 1, 1, 1, 1, 1, 1, 1, 1, 1, 1, 1, 1, 1, 1, 1, 1, 1, 1, 1, 1, 1, 1, 1, 1, 1, 1, 1, 1, 1, 1, 1, 1, 1, 1, 1, 1, 1, 1, 1, 1, 1, 1, 1, 1, 1, 1, 1, 1, 1, 1, 1, 1, 1, 1, 1, 1, 1, 1, 1, 1, 1, 1, 1, 1, 1, 1, 1, 1, 1, 1, 1, 1, 1, 1, 1, 1, 1, 1, 1, 1, 1, 1, 1, 1, 1, 1, 1, 1, 1, 1, 1, 1, 1, 1, 1, 1, 1, 1, 1, 1, 1, 1, 1, 1, 1, 1, 1, 1, 0, 0, 0, 0, 0, 0, 0, 0, 0, 0, 0, 0, 0, 0, 0, 0, 0, 0, 0, 0, 0, 0, 0, 0, 0, 0, 0, 0, 0, 0, 0, 0, 0, 0, 0, 0, 0, 0, 0, 0, 0, 0, 0, 0, 0, 0, 0, 0, 0, 0, 0, 0, 0, 0, 0, 0, 0, 0, 0, 0, 0, 0, 0, 0, 0, 0, 0, 0, 0, 0, 0, 0, 0, 0, 0, 0, 0, 0, 0, 0, 0, 0, 0, 0, 0, 0, 0, 0, 0, 0, 0, 0, 0, 0, 0, 0, 0, 0, 0, 0, 0, 0, 0, 0, 0, 0, 0, 0, 0, 0, 0, 0, 0, 0, 0, 0, 0, 0, 0, 0, 0, 0, 0, 0, 0, 0, 0, 0, 0, 0, 0, 0, 0, 0, 0, 0, 0, 0, 0, 0, 0, 0, 0, 0, 0, 0, 0, 0, 0, 0, 0, 0, 0, 0, 0, 0, 0, 0, 0, 0, 0, 0, 0, 0, 0, 0, 0, 0, 0, 0, 0, 0, 0, 0, 0, 0, 0, 0, 0, 0]}
type of input_ids: <class 'list'>
type of labels: <class 'list'>

--- DEBUG: Tokenized fields ---
--- Tokenizer vocab size: 128000
--- input_ids: [128000, 128000, 128006, 9125, 128007, 271, 38766, 1303, 33025, 2696, 25, 6790, 220, 2366, 18, 198, 15724, 2696, 25, 220, 1627, 10263, 220, 2366, 19, 271, 2675, 527, 264, 11190, 6335, 304, 1495, 15858, 2461, 13, 1472, 7068, 264, 44899, 2373, 315, 279, 1495, 1988, 555, 279, 1217, 13, 1472, 40821, 279, 1495, 4184, 311, 279, 11470, 2728, 555, 279, 1217, 13, 3277, 4691, 311, 40821, 264, 1495, 11, 7068, 1193, 279, 11472, 15858, 2461, 11, 2085, 904, 5217, 6170, 11, 8554, 477, 41941, 13, 128009, 128006, 882, 128007, 271, 691, 58555, 25, 62342, 1463, 279, 2768, 1495, 1778, 430, 1202, 435, 645, 331, 16222, 258, 936, 307, 24749, 9580, 320, 28096, 3910, 8, 5573, 374, 13489, 6273, 311, 430, 5300, 304, 279, 2585, 4037, 22033, 2954, 311, 701, 8066, 15858, 2461, 13, 578, 2585, 4037, 706, 279, 2768, 3645, 25, 366, 45975, 37078, 28, 24771, 14611, 578, 2585, 4037, 22033, 2954, 311, 279, 2592, 1495, 15151, 279, 85346, 3910, 907, 315, 279, 2592, 1495, 13, 720, 44098, 16139, 25, 366, 28096, 3910, 28, 717, 13, 18, 29, 59787, 1174, 279, 2361, 574, 5762, 555, 14594, 19048, 11046, 505, 279, 9886, 315, 279, 3560, 389, 220, 19, 3297, 220, 1049, 15, 3156, 813, 50787, 555, 11605, 6905, 3337, 95179, 3579, 25, 578, 366, 28096, 3910, 28, 23, 13, 23, 29, 4037, 30202, 430, 279, 2218, 435, 645, 331, 16222, 258, 936, 307, 24749, 9580, 1288, 387, 13489, 220, 23, 13, 23, 13, 28636, 2819, 13519, 35388, 1495, 13, 128009, 128006, 78191, 128007, 271, 27, 28096, 3910, 28, 23, 13, 23, 29, 128009, 128000, 791, 1176, 16689, 22868, 315, 7295, 374, 14594, 19048, 11046, 1174, 889, 574, 312, 96805, 304, 220, 1049, 19, 662, 220, 128009, 128256, 128256, 128256, 128256, 128256, 128256, 128256, 128256, 128256, 128256, 128256, 128256, 128256, 128256, 128256, 128256, 128256, 128256, 128256, 128256, 128256, 128256, 128256, 128256, 128256, 128256, 128256, 128256, 128256, 128256, 128256, 128256, 128256, 128256, 128256, 128256, 128256, 128256, 128256, 128256, 128256, 128256, 128256, 128256, 128256, 128256, 128256, 128256, 128256, 128256, 128256, 128256, 128256, 128256, 128256, 128256, 128256, 128256, 128256, 128256, 128256, 128256, 128256, 128256, 128256, 128256, 128256, 128256, 128256, 128256, 128256, 128256, 128256, 128256, 128256, 128256, 128256, 128256, 128256, 128256, 128256, 128256, 128256, 128256, 128256, 128256, 128256, 128256, 128256, 128256, 128256, 128256, 128256, 128256, 128256, 128256, 128256, 128256, 128256, 128256, 128256, 128256, 128256, 128256, 128256, 128256, 128256, 128256, 128256, 128256, 128256, 128256, 128256, 128256, 128256, 128256, 128256, 128256, 128256, 128256, 128256, 128256, 128256, 128256, 128256, 128256, 128256, 128256, 128256, 128256, 128256, 128256, 128256, 128256, 128256, 128256, 128256, 128256, 128256, 128256, 128256, 128256, 128256, 128256, 128256, 128256, 128256, 128256, 128256, 128256, 128256, 128256, 128256, 128256, 128256, 128256, 128256, 128256, 128256, 128256, 128256, 128256, 128256, 128256, 128256, 128256, 128256, 128256, 128256, 128256, 128256, 128256, 128256, 128256, 128256, 128256, 128256, 128256, 128256, 128256, 128256, 128256, 128256, 128256, 128256, 128256, 128256, 128256, 128256, 128256, 128256, 128256, 128256, 128256, 128256, 128256, 128256, 128256, 128256, 128256, 128256, 128256, 128256, 128256, 128256, 128256, 128256, 128256, 128256, 128256, 128256, 128256, 128256, 128256, 128256, 128256, 128256, 128256, 128256, 128256, 128256, 128256, 128256, 128256, 128256, 128256, 128256]
--- labels: [-100, -100, -100, -100, -100, -100, -100, -100, -100, -100, -100, -100, -100, -100, -100, -100, -100, -100, -100, -100, -100, -100, -100, -100, -100, -100, -100, -100, -100, -100, -100, -100, -100, -100, -100, -100, -100, -100, -100, -100, -100, -100, -100, -100, -100, -100, -100, -100, -100, -100, -100, -100, -100, -100, -100, -100, -100, -100, -100, -100, -100, -100, -100, -100, -100, -100, -100, -100, -100, -100, -100, -100, -100, -100, -100, -100, -100, -100, -100, -100, -100, -100, -100, -100, -100, -100, -100, -100, -100, -100, -100, -100, -100, -100, -100, -100, -100, -100, -100, -100, -100, -100, -100, -100, -100, -100, -100, -100, -100, -100, -100, -100, -100, -100, -100, -100, -100, -100, -100, -100, -100, -100, -100, -100, -100, -100, -100, -100, -100, -100, -100, -100, -100, -100, -100, -100, -100, -100, -100, -100, -100, -100, -100, -100, -100, -100, -100, -100, -100, -100, -100, -100, -100, -100, -100, -100, -100, -100, -100, -100, -100, -100, -100, -100, -100, -100, -100, -100, -100, -100, -100, -100, -100, -100, -100, -100, -100, -100, -100, -100, -100, -100, -100, -100, -100, -100, -100, -100, -100, -100, -100, -100, -100, -100, -100, -100, -100, -100, -100, -100, -100, -100, -100, -100, -100, -100, -100, -100, -100, -100, -100, -100, -100, -100, -100, -100, -100, -100, -100, -100, -100, -100, -100, -100, -100, -100, -100, -100, -100, -100, -100, -100, -100, -100, -100, -100, -100, -100, -100, -100, -100, -100, -100, -100, -100, -100, -100, -100, -100, -100, -100, -100, -100, -100, -100, -100, -100, -100, -100, -100, -100, -100, 128000, 791, 1176, 16689, 22868, 315, 7295, 374, 14594, 19048, 11046, 1174, 889, 574, 312, 96805, 304, 220, 1049, 19, 662, 220, 128009, -100, -100, -100, -100, -100, -100, -100, -100, -100, -100, -100, -100, -100, -100, -100, -100, -100, -100, -100, -100, -100, -100, -100, -100, -100, -100, -100, -100, -100, -100, -100, -100, -100, -100, -100, -100, -100, -100, -100, -100, -100, -100, -100, -100, -100, -100, -100, -100, -100, -100, -100, -100, -100, -100, -100, -100, -100, -100, -100, -100, -100, -100, -100, -100, -100, -100, -100, -100, -100, -100, -100, -100, -100, -100, -100, -100, -100, -100, -100, -100, -100, -100, -100, -100, -100, -100, -100, -100, -100, -100, -100, -100, -100, -100, -100, -100, -100, -100, -100, -100, -100, -100, -100, -100, -100, -100, -100, -100, -100, -100, -100, -100, -100, -100, -100, -100, -100, -100, -100, -100, -100, -100, -100, -100, -100, -100, -100, -100, -100, -100, -100, -100, -100, -100, -100, -100, -100, -100, -100, -100, -100, -100, -100, -100, -100, -100, -100, -100, -100, -100, -100, -100, -100, -100, -100, -100, -100, -100, -100, -100, -100, -100, -100, -100, -100, -100, -100, -100, -100, -100, -100, -100, -100, -100, -100, -100, -100, -100, -100, -100, -100, -100, -100, -100, -100, -100, -100, -100, -100, -100, -100, -100, -100, -100, -100, -100, -100, -100, -100, -100, -100, -100, -100, -100, -100, -100, -100, -100, -100, -100, -100, -100, -100, -100, -100, -100, -100, -100, -100, -100, -100, -100, -100, -100, -100, -100, -100]
--- decoded input_ids:
 <|begin_of_text|><|begin_of_text|><|start_header_id|>system<|end_header_id|>

Cutting Knowledge Date: December 2023
Today Date: 26 Jul 2024

You are a helpful expert in text simplification. You generate a simplified version of the text input by the user. You simplify the text according to the instructions given by the user. When asked to simplify a text, generate only the requested simplification, without any additional comments, notes or explanations.<|eot_id|><|start_header_id|>user<|end_header_id|>

INSTRUCTION: Simplify the following text such that its Flesch-Kincaid Grade Level (FKGL) score is approximately equal to that specified in the control token prepended to your generated simplification. The control token has the following format: <METRIC=VALUE>. The control token prepended to the source text indicates the FKGL value of the source text. 
SOURCE TEXT: <FKGL=12.3> Previously, the position was held by Ken Livingstone from the creation of the role on 4 May 2000 until his succession by Johnson.

EXPLANATION: The <FKGL=8.8> token specifies that the target Flesch-Kincaid Grade Level should be approximately 8.8. Lower values indicate simpler text.<|eot_id|><|start_header_id|>assistant<|end_header_id|>

<FKGL=8.8><|eot_id|><|begin_of_text|>The first elected Mayor of London is Ken Livingstone, who was re-elected in 2004. <|eot_id|>[PAD][PAD][PAD][PAD][PAD][PAD][PAD][PAD][PAD][PAD][PAD][PAD][PAD][PAD][PAD][PAD][PAD][PAD][PAD][PAD][PAD][PAD][PAD][PAD][PAD][PAD][PAD][PAD][PAD][PAD][PAD][PAD][PAD][PAD][PAD][PAD][PAD][PAD][PAD][PAD][PAD][PAD][PAD][PAD][PAD][PAD][PAD][PAD][PAD][PAD][PAD][PAD][PAD][PAD][PAD][PAD][PAD][PAD][PAD][PAD][PAD][PAD][PAD][PAD][PAD][PAD][PAD][PAD][PAD][PAD][PAD][PAD][PAD][PAD][PAD][PAD][PAD][PAD][PAD][PAD][PAD][PAD][PAD][PAD][PAD][PAD][PAD][PAD][PAD][PAD][PAD][PAD][PAD][PAD][PAD][PAD][PAD][PAD][PAD][PAD][PAD][PAD][PAD][PAD][PAD][PAD][PAD][PAD][PAD][PAD][PAD][PAD][PAD][PAD][PAD][PAD][PAD][PAD][PAD][PAD][PAD][PAD][PAD][PAD][PAD][PAD][PAD][PAD][PAD][PAD][PAD][PAD][PAD][PAD][PAD][PAD][PAD][PAD][PAD][PAD][PAD][PAD][PAD][PAD][PAD][PAD][PAD][PAD][PAD][PAD][PAD][PAD][PAD][PAD][PAD][PAD][PAD][PAD][PAD][PAD][PAD][PAD][PAD][PAD][PAD][PAD][PAD][PAD][PAD][PAD][PAD][PAD][PAD][PAD][PAD][PAD][PAD][PAD][PAD][PAD][PAD][PAD][PAD][PAD][PAD][PAD][PAD][PAD][PAD][PAD][PAD][PAD][PAD][PAD][PAD][PAD][PAD][PAD][PAD][PAD][PAD][PAD][PAD][PAD][PAD][PAD][PAD][PAD][PAD][PAD][PAD][PAD][PAD][PAD][PAD][PAD][PAD][PAD][PAD][PAD][PAD][PAD][PAD][PAD][PAD][PAD][PAD]
--- decoded labels:
 The first elected Mayor of London is Ken Livingstone, who was re-elected in 2004. 
{'loss': 3.1137, 'grad_norm': 3.817586898803711, 'learning_rate': 3e-05, 'epoch': 0.11}
{'eval_loss': 3.2264678478240967, 'eval_runtime': 14.0745, 'eval_samples_per_second': 13.002, 'eval_steps_per_second': 3.268, 'epoch': 0.11}

>>> [Step 20] Prompt:
<|begin_of_text|><|start_header_id|>system<|end_header_id|>

Cutting Knowledge Date: December 2023
Today Date: 26 Jul 2024

You are a helpful assistant. You are an expert in controlled text simplification. When you receive a text, you simplify it by rewriting it in a manner that is easier to read. Your simplification is guided by the simplification criteria specified by the user. You generate only the simplification result, without any additional comments or explanations.<|eot_id|><|start_header_id|>user<|end_header_id|>

INSTRUCTION: Simplify the following text such that its Flesch-Kincaid Grade Level (FKGL) score is approximately equal to that specified in the control token prepended to your generated simplification. The control token has the following format: <METRIC=VALUE>. The control token prepended to the source text indicates the FKGL value of the source text. 
SOURCE TEXT: <FKGL=10.7> Sedimentary rock is one of the three main rock types -LRB- the others being igneous and metamorphic rock -RRB- .

EXPLANATION: The <FKGL=6.4> token specifies that the target Flesch-Kincaid Grade Level should be approximately 6.4. Lower values indicate simpler text.<|eot_id|><|start_header_id|>assistant<|end_header_id|>

<FKGL=6.4><|eot_id|>
>>> Reference:
Other types of rock are igneous rock and metamorphic rock -RRB- . <|eot_id|>
>>> Prediction:
There are three main types of rocks: igneous, sedimentary, and metamorphic.
================================================================================

>>> [Step 20] Prompt:
<|begin_of_text|><|start_header_id|>system<|end_header_id|>

Cutting Knowledge Date: December 2023
Today Date: 26 Jul 2024

You are a helpful text simplification assistant. You are not only an expert in simplifying texts for different readerships, but you are also very good at adapting texts according to the exact needs of the user. You output only the simplified text, no further notes or comments allowed.<|eot_id|><|start_header_id|>user<|end_header_id|>

INSTRUCTION: Simplify the following text such that its Flesch-Kincaid Grade Level (FKGL) score is approximately equal to that specified in the control token prepended to your generated simplification. The control token has the following format: <METRIC=VALUE>. The control token prepended to the source text indicates the FKGL value of the source text. 
SOURCE TEXT: <FKGL=8.0> Geography The town lies in the Limmat valley between Baden and Zürich .

EXPLANATION: The <FKGL=10.3> token specifies that the target Flesch-Kincaid Grade Level should be approximately 10.3. Lower values indicate simpler text.<|eot_id|><|start_header_id|>assistant<|end_header_id|>

<FKGL=10.3><|eot_id|>
>>> Reference:
Geographically the town lies in the Limmat valley between Baden and Zurich . <|eot_id|>
>>> Prediction:
I removed the "The" from the source text, which is a relatively easy task, to decrease the grade level.
================================================================================

>>> [Step 20] Prompt:
<|begin_of_text|><|start_header_id|>system<|end_header_id|>

Cutting Knowledge Date: December 2023
Today Date: 26 Jul 2024

You are a helpful expert in text simplification. You generate a simplified version of the text input by the user. You simplify the text according to the instructions given by the user. When asked to simplify a text, generate only the requested simplification, without any additional comments, notes or explanations.<|eot_id|><|start_header_id|>user<|end_header_id|>

INSTRUCTION: Simplify the following text such that its Flesch-Kincaid Grade Level (FKGL) score is approximately equal to that specified in the control token prepended to your generated simplification. The control token has the following format: <METRIC=VALUE>. The control token prepended to the source text indicates the FKGL value of the source text. 
SOURCE TEXT: <FKGL=10.3> Samael is shown as a recurring recruitable character in the Megami Tensei video game series .

EXPLANATION: The <FKGL=10.3> token specifies that the target Flesch-Kincaid Grade Level should be approximately 10.3. Lower values indicate simpler text.<|eot_id|><|start_header_id|>assistant<|end_header_id|>

<FKGL=10.3><|eot_id|>
>>> Reference:
Popular culture Samael is shown as a character in the Megami Tensei video game series . <|eot_id|>
>>> Prediction:
 Samael is shown as a recurring recruitable character in the Megami Tensei video game series.
================================================================================

>>> [Step 20] Prompt:
<|begin_of_text|><|start_header_id|>system<|end_header_id|>

Cutting Knowledge Date: December 2023
Today Date: 26 Jul 2024

You are a helpful assistant. You are very good at simplifying texts. When you receive a text for simplification, you simplify it according to the instructions given by the user. Generate only the simplification, without any comments or notes.<|eot_id|><|start_header_id|>user<|end_header_id|>

INSTRUCTION: Simplify the following text such that its Flesch-Kincaid Grade Level (FKGL) score is approximately equal to that specified in the control token prepended to your generated simplification. The control token has the following format: <METRIC=VALUE>. The control token prepended to the source text indicates the FKGL value of the source text. 
SOURCE TEXT: <FKGL=15.8> He went on to play supporting roles starring alongside Viggo Mortensen and Ashley Judd in Philip Ridley 's The Passion of Darkly Noon -LRB- 1995 -RRB- and Jennifer Beals in The Twilight of the Golds -LRB- 1997 -RRB- .

EXPLANATION: The <FKGL=14.6> token specifies that the target Flesch-Kincaid Grade Level should be approximately 14.6. Lower values indicate simpler text.<|eot_id|><|start_header_id|>assistant<|end_header_id|>

<FKGL=14.6><|eot_id|>
>>> Reference:
He then acted in smaller parts with Viggo Mortensen and Ashley Judd in Philip Ridley 's The Passion of Darkly Noon in -LRB- 1995 -RRB- , and Jennifer Beals in The Twilight of the Golds in -LRB- 1997 -RRB- . <|eot_id|>
>>> Prediction:
He went on to play supporting roles starring alongside Viggo Mortensen and Ashley Judd in Philip Ridley's 1995 film The Passion of Darkly Noon and Jennifer Beals in the 1997 film The Twilight of the Golds.
================================================================================
{'loss': 2.5906, 'grad_norm': 2.998560667037964, 'learning_rate': 6.333333333333333e-05, 'epoch': 0.22}
{'eval_loss': 2.2594988346099854, 'eval_runtime': 14.0663, 'eval_samples_per_second': 13.01, 'eval_steps_per_second': 3.27, 'epoch': 0.22}
{'loss': 1.8377, 'grad_norm': 3.8135805130004883, 'learning_rate': 9.666666666666667e-05, 'epoch': 0.33}
{'eval_loss': 1.375389814376831, 'eval_runtime': 14.0779, 'eval_samples_per_second': 12.999, 'eval_steps_per_second': 3.268, 'epoch': 0.33}

>>> [Step 40] Prompt:
<|begin_of_text|><|start_header_id|>system<|end_header_id|>

Cutting Knowledge Date: December 2023
Today Date: 26 Jul 2024

You are a helpful text simplification assistant. You are not only an expert in simplifying texts for different readerships, but you are also very good at adapting texts according to the exact needs of the user. You output only the simplified text, no further notes or comments allowed.<|eot_id|><|start_header_id|>user<|end_header_id|>

INSTRUCTION: Simplify the following text such that its Flesch-Kincaid Grade Level (FKGL) score is approximately equal to that specified in the control token prepended to your generated simplification. The control token has the following format: <METRIC=VALUE>. The control token prepended to the source text indicates the FKGL value of the source text. 
SOURCE TEXT: <FKGL=13.0> Libby 's two and a half year prison sentence was later commuted by President Bush , though the other facet of his sentence -LRB- $ 250,000 fine -RRB- stood and was duly paid .

EXPLANATION: The <FKGL=15.8> token specifies that the target Flesch-Kincaid Grade Level should be approximately 15.8. Lower values indicate simpler text.<|eot_id|><|start_header_id|>assistant<|end_header_id|>

<FKGL=15.8><|eot_id|>
>>> Reference:
Libby 's two and a half year prison sentence was later commuted by President Bush , though the other facet of his sentence -LRB- $ 250,000 fine -RRB- stands until Libby 's appeals were to be considered . <|eot_id|>
>>> Prediction:
defendant Libby's two and a half year prison sentence was later commuted by President Bush, though the other facet of his sentence -LRB- $ 250,000 fine -RRB- stood and was duly paid. 
================================================================================

>>> [Step 40] Prompt:
<|begin_of_text|><|start_header_id|>system<|end_header_id|>

Cutting Knowledge Date: December 2023
Today Date: 26 Jul 2024

You are a helpful assistant. You are an expert in controlled text simplification. When you receive a text, you simplify it by rewriting it in a manner that is easier to read. Your simplification is guided by the simplification criteria specified by the user. You generate only the simplification result, without any additional comments or explanations.<|eot_id|><|start_header_id|>user<|end_header_id|>

INSTRUCTION: Simplify the following text such that its Flesch-Kincaid Grade Level (FKGL) score is approximately equal to that specified in the control token prepended to your generated simplification. The control token has the following format: <METRIC=VALUE>. The control token prepended to the source text indicates the FKGL value of the source text. 
SOURCE TEXT: <FKGL=12.9> On September 25 , 2008 , the United States Office of Thrift Supervision -LRB- OTS -RRB- seized Washington Mutual Bank from Washington Mutual , Inc. and placed it into the receivership of the Federal Deposit Insurance Corporation -LRB- FDIC -RRB- .

EXPLANATION: The <FKGL=5.6> token specifies that the target Flesch-Kincaid Grade Level should be approximately 5.6. Lower values indicate simpler text.<|eot_id|><|start_header_id|>assistant<|end_header_id|>

<FKGL=5.6><|eot_id|>
>>> Reference:
September 26 , 2008 . <|eot_id|>
>>> Prediction:
defaulter Washington Mutual Bank was closed by the Office of Thrift Supervision -LRB- OTS -RRB- on September 25, 2008. 
================================================================================

>>> [Step 40] Prompt:
<|begin_of_text|><|start_header_id|>system<|end_header_id|>

Cutting Knowledge Date: December 2023
Today Date: 26 Jul 2024

You are a helpful assistant. You are an expert in controlled text simplification. When you receive a text, you simplify it by rewriting it in a manner that is easier to read. Your simplification is guided by the simplification criteria specified by the user. You generate only the simplification result, without any additional comments or explanations.<|eot_id|><|start_header_id|>user<|end_header_id|>

INSTRUCTION: Simplify the following text such that its Flesch-Kincaid Grade Level (FKGL) score is approximately equal to that specified in the control token prepended to your generated simplification. The control token has the following format: <METRIC=VALUE>. The control token prepended to the source text indicates the FKGL value of the source text. 
SOURCE TEXT: <FKGL=14.2> The older Soviet-era Russian version of its name , Alma-Ata , originates from a mistake -LRB- the name literally means '' Grandfather of apples '' -RRB- .

EXPLANATION: The <FKGL=11.9> token specifies that the target Flesch-Kincaid Grade Level should be approximately 11.9. Lower values indicate simpler text.<|eot_id|><|start_header_id|>assistant<|end_header_id|>

<FKGL=11.9><|eot_id|>
>>> Reference:
The older Soviet-era Russian name for the city , Alma-Ata , comes from a mistake -LRB- the name literally means '' Grandfather of apples '' -RRB- . <|eot_id|>
>>> Prediction:
Question: The name of the city in the north of Kazakhstan, Almaty, is the Soviet-era Russian name of the city. 
================================================================================

>>> [Step 40] Prompt:
<|begin_of_text|><|start_header_id|>system<|end_header_id|>

Cutting Knowledge Date: December 2023
Today Date: 26 Jul 2024

You are an expert in text simplification. When you receive a text for simplification, you generate a simplified version of that text. You carefully study the simplification criteria specified by the user and adapt the text accordingly. Please generate only the simplified text, no other notes or explanations allowed.<|eot_id|><|start_header_id|>user<|end_header_id|>

INSTRUCTION: Simplify the following text such that its Flesch-Kincaid Grade Level (FKGL) score is approximately equal to that specified in the control token prepended to your generated simplification. The control token has the following format: <METRIC=VALUE>. The control token prepended to the source text indicates the FKGL value of the source text. 
SOURCE TEXT: <FKGL=15.4> The state is a political and geopolitical entity ; the nation is a cultural and\/or ethnic entity .

EXPLANATION: The <FKGL=12.3> token specifies that the target Flesch-Kincaid Grade Level should be approximately 12.3. Lower values indicate simpler text.<|eot_id|><|start_header_id|>assistant<|end_header_id|>

<FKGL=12.3><|eot_id|>
>>> Reference:
The state is a political entity ; the nation is a cultural and\/or ethnic entity . <|eot_id|>
>>> Prediction:
from the viewpoint of political and geopolitical entities, the state is a political entity, and from the viewpoint of culture and\/or ethnicity, the nation is a cultural and\/or ethnic entity. 
================================================================================
{'loss': 1.1369, 'grad_norm': 1.1275306940078735, 'learning_rate': 9.967010448798375e-05, 'epoch': 0.43}
{'eval_loss': 1.1377573013305664, 'eval_runtime': 14.1756, 'eval_samples_per_second': 12.91, 'eval_steps_per_second': 3.245, 'epoch': 0.43}
{'loss': 1.0897, 'grad_norm': 1.20872962474823, 'learning_rate': 9.853531272148249e-05, 'epoch': 0.54}
{'eval_loss': 1.1064753532409668, 'eval_runtime': 14.2897, 'eval_samples_per_second': 12.806, 'eval_steps_per_second': 3.219, 'epoch': 0.54}

>>> [Step 60] Prompt:
<|begin_of_text|><|start_header_id|>system<|end_header_id|>

Cutting Knowledge Date: December 2023
Today Date: 26 Jul 2024

You are an expert in text simplification. When you receive a text for simplification, you generate a simplified version of that text. You carefully study the simplification criteria specified by the user and adapt the text accordingly. Please generate only the simplified text, no other notes or explanations allowed.<|eot_id|><|start_header_id|>user<|end_header_id|>

INSTRUCTION: Simplify the following text such that its Flesch-Kincaid Grade Level (FKGL) score is approximately equal to that specified in the control token prepended to your generated simplification. The control token has the following format: <METRIC=VALUE>. The control token prepended to the source text indicates the FKGL value of the source text. 
SOURCE TEXT: <FKGL=17.0> Northern Arizona University , Flagstaff and 38 statewide locations

EXPLANATION: The <FKGL=2.9> token specifies that the target Flesch-Kincaid Grade Level should be approximately 2.9. Lower values indicate simpler text.<|eot_id|><|start_header_id|>assistant<|end_header_id|>

<FKGL=2.9><|eot_id|>
>>> Reference:
Cochise College <|eot_id|>
>>> Prediction:
In 1988, the Arizona Board of Regents changed the name of the university to Northern Arizona University. 
================================================================================

>>> [Step 60] Prompt:
<|begin_of_text|><|start_header_id|>system<|end_header_id|>

Cutting Knowledge Date: December 2023
Today Date: 26 Jul 2024

You are a helpful expert in text simplification. You generate a simplified version of the text input by the user. You simplify the text according to the instructions given by the user. When asked to simplify a text, generate only the requested simplification, without any additional comments, notes or explanations.<|eot_id|><|start_header_id|>user<|end_header_id|>

INSTRUCTION: Simplify the following text such that its Flesch-Kincaid Grade Level (FKGL) score is approximately equal to that specified in the control token prepended to your generated simplification. The control token has the following format: <METRIC=VALUE>. The control token prepended to the source text indicates the FKGL value of the source text. 
SOURCE TEXT: <FKGL=18.9> Early history At the time of the Domesday Book in 1086 parts of the county were considered to either form part of Yorkshire or be within the separate kingdom of Scotland , having historically been associated with the Kingdom of Strathclyde .

EXPLANATION: The <FKGL=7.6> token specifies that the target Flesch-Kincaid Grade Level should be approximately 7.6. Lower values indicate simpler text.<|eot_id|><|start_header_id|>assistant<|end_header_id|>

<FKGL=7.6><|eot_id|>
>>> Reference:
Early history At the time of the Domesday Book in 1086 the county was said to form part of Yorkshire . <|eot_id|>
>>> Prediction:
The Domesday Book records parts of the county as part of Yorkshire or the separate Kingdom of Scotland. 
================================================================================

>>> [Step 60] Prompt:
<|begin_of_text|><|start_header_id|>system<|end_header_id|>

Cutting Knowledge Date: December 2023
Today Date: 26 Jul 2024

You are a helpful text simplification assistant. You are not only an expert in simplifying texts for different readerships, but you are also very good at adapting texts according to the exact needs of the user. You output only the simplified text, no further notes or comments allowed.<|eot_id|><|start_header_id|>user<|end_header_id|>

INSTRUCTION: Simplify the following text such that its Flesch-Kincaid Grade Level (FKGL) score is approximately equal to that specified in the control token prepended to your generated simplification. The control token has the following format: <METRIC=VALUE>. The control token prepended to the source text indicates the FKGL value of the source text. 
SOURCE TEXT: <FKGL=6.4> This also marked the first time that all three New York NHL teams made the playoffs in the same season .

EXPLANATION: The <FKGL=8.3> token specifies that the target Flesch-Kincaid Grade Level should be approximately 8.3. Lower values indicate simpler text.<|eot_id|><|start_header_id|>assistant<|end_header_id|>

<FKGL=8.3><|eot_id|>
>>> Reference:
This also marked the first time that all three New York City metro area teams made the playoffs in the same season . <|eot_id|>
>>> Prediction:
What is the NHL? 
================================================================================

>>> [Step 60] Prompt:
<|begin_of_text|><|start_header_id|>system<|end_header_id|>

Cutting Knowledge Date: December 2023
Today Date: 26 Jul 2024

You are a helpful text simplification assistant. You are not only an expert in simplifying texts for different readerships, but you are also very good at adapting texts according to the exact needs of the user. You output only the simplified text, no further notes or comments allowed.<|eot_id|><|start_header_id|>user<|end_header_id|>

INSTRUCTION: Simplify the following text such that its Flesch-Kincaid Grade Level (FKGL) score is approximately equal to that specified in the control token prepended to your generated simplification. The control token has the following format: <METRIC=VALUE>. The control token prepended to the source text indicates the FKGL value of the source text. 
SOURCE TEXT: <FKGL=7.2> In this way , Chadwick prepared the way towards the fission of uranium 235 .

EXPLANATION: The <FKGL=11.5> token specifies that the target Flesch-Kincaid Grade Level should be approximately 11.5. Lower values indicate simpler text.<|eot_id|><|start_header_id|>assistant<|end_header_id|>

<FKGL=11.5><|eot_id|>
>>> Reference:
In this way , Chadwick prepared the way towards the fission of uranium 235 and towards the creation of the atomic bomb . <|eot_id|>
>>> Prediction:
The team was led by Ernest Lawrence, a scientist who invented the cyclotron, a device that accelerates charged particles to very high speeds. 
================================================================================
{'loss': 1.236, 'grad_norm': 2.5150859355926514, 'learning_rate': 9.661002975830349e-05, 'epoch': 0.65}
{'eval_loss': 1.0886470079421997, 'eval_runtime': 14.0813, 'eval_samples_per_second': 12.996, 'eval_steps_per_second': 3.267, 'epoch': 0.65}
{'loss': 1.0325, 'grad_norm': 1.4941571950912476, 'learning_rate': 9.392561254554713e-05, 'epoch': 0.76}
{'eval_loss': 1.0737532377243042, 'eval_runtime': 14.105, 'eval_samples_per_second': 12.974, 'eval_steps_per_second': 3.261, 'epoch': 0.76}

>>> [Step 80] Prompt:
<|begin_of_text|><|start_header_id|>system<|end_header_id|>

Cutting Knowledge Date: December 2023
Today Date: 26 Jul 2024

You are an expert in controlled text simplification. When you receive a text from the user, you carefully adapt it to the simplification level specified by the user. Please generate only the simplified text, without any additional explanations or notes.<|eot_id|><|start_header_id|>user<|end_header_id|>

INSTRUCTION: Simplify the following text such that its Flesch-Kincaid Grade Level (FKGL) score is approximately equal to that specified in the control token prepended to your generated simplification. The control token has the following format: <METRIC=VALUE>. The control token prepended to the source text indicates the FKGL value of the source text. 
SOURCE TEXT: <FKGL=11.9> Brunstad has several fast food restaurants , a cafeteria-style restaurant , coffee bar , and its own grocery store .

EXPLANATION: The <FKGL=11.9> token specifies that the target Flesch-Kincaid Grade Level should be approximately 11.9. Lower values indicate simpler text.<|eot_id|><|start_header_id|>assistant<|end_header_id|>

<FKGL=11.9><|eot_id|>
>>> Reference:
Brunstad has many fast food restaurants , a cafeteria-style restaurant , coffee bar , and its own grocery shop . <|eot_id|>
>>> Prediction:
The Brunstad Center has a cafeteria, a coffee bar, and a grocery store. 
================================================================================

>>> [Step 80] Prompt:
<|begin_of_text|><|start_header_id|>system<|end_header_id|>

Cutting Knowledge Date: December 2023
Today Date: 26 Jul 2024

You are an expert in controlled text simplification. When you receive a text from the user, you carefully adapt it to the simplification level specified by the user. Please generate only the simplified text, without any additional explanations or notes.<|eot_id|><|start_header_id|>user<|end_header_id|>

INSTRUCTION: Simplify the following text such that its Flesch-Kincaid Grade Level (FKGL) score is approximately equal to that specified in the control token prepended to your generated simplification. The control token has the following format: <METRIC=VALUE>. The control token prepended to the source text indicates the FKGL value of the source text. 
SOURCE TEXT: <FKGL=17.3> Moreau is the recipient of a César Award for Best Actress , a BAFTA Award for Best Foreign Actress and a Cannes Film Festival Best Actress Award for individual performances , and several lifetime awards .

EXPLANATION: The <FKGL=7.2> token specifies that the target Flesch-Kincaid Grade Level should be approximately 7.2. Lower values indicate simpler text.<|eot_id|><|start_header_id|>assistant<|end_header_id|>

<FKGL=7.2><|eot_id|>
>>> Reference:
She studied at the Conservatoire de Paris . <|eot_id|>
>>> Prediction:
Awards 
================================================================================

>>> [Step 80] Prompt:
<|begin_of_text|><|start_header_id|>system<|end_header_id|>

Cutting Knowledge Date: December 2023
Today Date: 26 Jul 2024

You are a helpful assistant. You are very good at simplifying texts. When you receive a text for simplification, you simplify it according to the instructions given by the user. Generate only the simplification, without any comments or notes.<|eot_id|><|start_header_id|>user<|end_header_id|>

INSTRUCTION: Simplify the following text such that its Flesch-Kincaid Grade Level (FKGL) score is approximately equal to that specified in the control token prepended to your generated simplification. The control token has the following format: <METRIC=VALUE>. The control token prepended to the source text indicates the FKGL value of the source text. 
SOURCE TEXT: <FKGL=12.7> Their participation is limited until they reach legal adulthood .

EXPLANATION: The <FKGL=7.6> token specifies that the target Flesch-Kincaid Grade Level should be approximately 7.6. Lower values indicate simpler text.<|eot_id|><|start_header_id|>assistant<|end_header_id|>

<FKGL=7.6><|eot_id|>
>>> Reference:
They are not able to participate before they reach adulthood as per the law . <|eot_id|>
>>> Prediction:
It is illegal for a child to be a member of the army. 
================================================================================

>>> [Step 80] Prompt:
<|begin_of_text|><|start_header_id|>system<|end_header_id|>

Cutting Knowledge Date: December 2023
Today Date: 26 Jul 2024

You are a helpful assistant. You are an expert in controlled text simplification. When you receive a text, you simplify it by rewriting it in a manner that is easier to read. Your simplification is guided by the simplification criteria specified by the user. You generate only the simplification result, without any additional comments or explanations.<|eot_id|><|start_header_id|>user<|end_header_id|>

INSTRUCTION: Simplify the following text such that its Flesch-Kincaid Grade Level (FKGL) score is approximately equal to that specified in the control token prepended to your generated simplification. The control token has the following format: <METRIC=VALUE>. The control token prepended to the source text indicates the FKGL value of the source text. 
SOURCE TEXT: <FKGL=7.6> As with a terrestrial mammal breathing out on a cold day , a small cloud of ` steam ' appears .

EXPLANATION: The <FKGL=1.3> token specifies that the target Flesch-Kincaid Grade Level should be approximately 1.3. Lower values indicate simpler text.<|eot_id|><|start_header_id|>assistant<|end_header_id|>

<FKGL=1.3><|eot_id|>
>>> Reference:
Fin Whale , Balaenoptera physalus <|eot_id|>
>>> Prediction:
# 
================================================================================
{'loss': 1.0553, 'grad_norm': 2.0925376415252686, 'learning_rate': 9.052578199600675e-05, 'epoch': 0.87}
{'eval_loss': 1.060267686843872, 'eval_runtime': 14.0827, 'eval_samples_per_second': 12.995, 'eval_steps_per_second': 3.266, 'epoch': 0.87}
{'loss': 0.9965, 'grad_norm': 0.8646008372306824, 'learning_rate': 8.646591090876224e-05, 'epoch': 0.98}
{'eval_loss': 1.059049367904663, 'eval_runtime': 14.0787, 'eval_samples_per_second': 12.998, 'eval_steps_per_second': 3.267, 'epoch': 0.98}

>>> [Step 100] Prompt:
<|begin_of_text|><|start_header_id|>system<|end_header_id|>

Cutting Knowledge Date: December 2023
Today Date: 26 Jul 2024

You are a helpful assistant. You are very good at simplifying texts. When you receive a text for simplification, you simplify it according to the instructions given by the user. Generate only the simplification, without any comments or notes.<|eot_id|><|start_header_id|>user<|end_header_id|>

INSTRUCTION: Simplify the following text such that its Flesch-Kincaid Grade Level (FKGL) score is approximately equal to that specified in the control token prepended to your generated simplification. The control token has the following format: <METRIC=VALUE>. The control token prepended to the source text indicates the FKGL value of the source text. 
SOURCE TEXT: <FKGL=11.5> The county was named for the Delaware Indians resettled in what was then Indian Territory in the 1830s .

EXPLANATION: The <FKGL=0.5> token specifies that the target Flesch-Kincaid Grade Level should be approximately 0.5. Lower values indicate simpler text.<|eot_id|><|start_header_id|>assistant<|end_header_id|>

<FKGL=0.5><|eot_id|>
>>> Reference:
Its county seat is Jay . <|eot_id|>
>>> Prediction:
The county was named after the Delaware Indians who were moved to what was then Indian Territory in the 1830s. 
================================================================================

>>> [Step 100] Prompt:
<|begin_of_text|><|start_header_id|>system<|end_header_id|>

Cutting Knowledge Date: December 2023
Today Date: 26 Jul 2024

You are a helpful assistant. You are very good at simplifying texts. When you receive a text for simplification, you simplify it according to the instructions given by the user. Generate only the simplification, without any comments or notes.<|eot_id|><|start_header_id|>user<|end_header_id|>

INSTRUCTION: Simplify the following text such that its Flesch-Kincaid Grade Level (FKGL) score is approximately equal to that specified in the control token prepended to your generated simplification. The control token has the following format: <METRIC=VALUE>. The control token prepended to the source text indicates the FKGL value of the source text. 
SOURCE TEXT: <FKGL=12.7> For example , the English term uncle carries connotations other than '' brother of a parent '' depending on the writer .

EXPLANATION: The <FKGL=9.2> token specifies that the target Flesch-Kincaid Grade Level should be approximately 9.2. Lower values indicate simpler text.<|eot_id|><|start_header_id|>assistant<|end_header_id|>

<FKGL=9.2><|eot_id|>
>>> Reference:
Examples of kinship <|eot_id|>
>>> Prediction:
This is because of the way the word is used in English. 
================================================================================

>>> [Step 100] Prompt:
<|begin_of_text|><|start_header_id|>system<|end_header_id|>

Cutting Knowledge Date: December 2023
Today Date: 26 Jul 2024

You are an expert in controlled text simplification. When you receive a text from the user, you carefully adapt it to the simplification level specified by the user. Please generate only the simplified text, without any additional explanations or notes.<|eot_id|><|start_header_id|>user<|end_header_id|>

INSTRUCTION: Simplify the following text such that its Flesch-Kincaid Grade Level (FKGL) score is approximately equal to that specified in the control token prepended to your generated simplification. The control token has the following format: <METRIC=VALUE>. The control token prepended to the source text indicates the FKGL value of the source text. 
SOURCE TEXT: <FKGL=13.8> After Rukia is severely wounded while trying to protect Ichigo , she attempts to transfer half of her to Ichigo in order to let him face the hollow on equal footing .

EXPLANATION: The <FKGL=12.6> token specifies that the target Flesch-Kincaid Grade Level should be approximately 12.6. Lower values indicate simpler text.<|eot_id|><|start_header_id|>assistant<|end_header_id|>

<FKGL=12.6><|eot_id|>
>>> Reference:
After Rukia is badly wounded while fighting to protect Ichigo , she decides to transfer half of her powers to Ichigo , hoping to give him a chance to fight the hollow . <|eot_id|>
>>> Prediction:
The 2nd Lieutenant is a rank in the United States Army. 
================================================================================

>>> [Step 100] Prompt:
<|begin_of_text|><|start_header_id|>system<|end_header_id|>

Cutting Knowledge Date: December 2023
Today Date: 26 Jul 2024

You are a helpful expert in text simplification. You generate a simplified version of the text input by the user. You simplify the text according to the instructions given by the user. When asked to simplify a text, generate only the requested simplification, without any additional comments, notes or explanations.<|eot_id|><|start_header_id|>user<|end_header_id|>

INSTRUCTION: Simplify the following text such that its Flesch-Kincaid Grade Level (FKGL) score is approximately equal to that specified in the control token prepended to your generated simplification. The control token has the following format: <METRIC=VALUE>. The control token prepended to the source text indicates the FKGL value of the source text. 
SOURCE TEXT: <FKGL=14.6> The story centers around the adventures of the lead character , Goku , around his 18th birthday , as he is asked to gather seven Dragon Balls to save the world from evil alien forces .

EXPLANATION: The <FKGL=8.0> token specifies that the target Flesch-Kincaid Grade Level should be approximately 8.0. Lower values indicate simpler text.<|eot_id|><|start_header_id|>assistant<|end_header_id|>

<FKGL=8.0><|eot_id|>
>>> Reference:
The story follows the adventures of the lead character , Son Goku , around his 18th birthday . <|eot_id|>
>>> Prediction:
This story is about the adventures of the main character, Goku, around his 18th birthday, as he is asked to gather seven Dragon Balls to save the world from evil alien forces. 
================================================================================
{'loss': 1.0222, 'grad_norm': 0.8506055474281311, 'learning_rate': 8.181212211632799e-05, 'epoch': 1.08}
{'eval_loss': 1.0590373277664185, 'eval_runtime': 14.1628, 'eval_samples_per_second': 12.921, 'eval_steps_per_second': 3.248, 'epoch': 1.08}
{'loss': 1.0377, 'grad_norm': 1.5092175006866455, 'learning_rate': 7.664021154676829e-05, 'epoch': 1.18}
{'eval_loss': 1.054476261138916, 'eval_runtime': 14.1075, 'eval_samples_per_second': 12.972, 'eval_steps_per_second': 3.261, 'epoch': 1.18}

>>> [Step 120] Prompt:
<|begin_of_text|><|start_header_id|>system<|end_header_id|>

Cutting Knowledge Date: December 2023
Today Date: 26 Jul 2024

You are a helpful expert in text simplification. You generate a simplified version of the text input by the user. You simplify the text according to the instructions given by the user. When asked to simplify a text, generate only the requested simplification, without any additional comments, notes or explanations.<|eot_id|><|start_header_id|>user<|end_header_id|>

INSTRUCTION: Simplify the following text such that its Flesch-Kincaid Grade Level (FKGL) score is approximately equal to that specified in the control token prepended to your generated simplification. The control token has the following format: <METRIC=VALUE>. The control token prepended to the source text indicates the FKGL value of the source text. 
SOURCE TEXT: <FKGL=10.3> Samael is shown as a recurring recruitable character in the Megami Tensei video game series .

EXPLANATION: The <FKGL=10.3> token specifies that the target Flesch-Kincaid Grade Level should be approximately 10.3. Lower values indicate simpler text.<|eot_id|><|start_header_id|>assistant<|end_header_id|>

<FKGL=10.3><|eot_id|>
>>> Reference:
Popular culture Samael is shown as a character in the Megami Tensei video game series . <|eot_id|>
>>> Prediction:
The character of Samael is shown as a recurring recruitable character in the Megami Tensei video game series. 
================================================================================

>>> [Step 120] Prompt:
<|begin_of_text|><|start_header_id|>system<|end_header_id|>

Cutting Knowledge Date: December 2023
Today Date: 26 Jul 2024

You are a helpful assistant. You are very good at simplifying texts. When you receive a text for simplification, you simplify it according to the instructions given by the user. Generate only the simplification, without any comments or notes.<|eot_id|><|start_header_id|>user<|end_header_id|>

INSTRUCTION: Simplify the following text such that its Flesch-Kincaid Grade Level (FKGL) score is approximately equal to that specified in the control token prepended to your generated simplification. The control token has the following format: <METRIC=VALUE>. The control token prepended to the source text indicates the FKGL value of the source text. 
SOURCE TEXT: <FKGL=15.0> King Mangrai of the Lanna Kingdom -LRB- present day Northern Thailand , Shan State and Xishuangbanna Dai Autonomous Prefecture -RRB- founds the city of Chiang Rai as the kingdom 's capital .

EXPLANATION: The <FKGL=10.7> token specifies that the target Flesch-Kincaid Grade Level should be approximately 10.7. Lower values indicate simpler text.<|eot_id|><|start_header_id|>assistant<|end_header_id|>

<FKGL=10.7><|eot_id|>
>>> Reference:
King Mengrai of the Lannathai kingdom in present day Thailand founds the city of Chiang Rai as the kingdom 's first capital . <|eot_id|>
>>> Prediction:
The city was founded by King Mangrai of the Lanna Kingdom -LRB- present day Northern Thailand, Shan State and Xishuangbanna Dai Autonomous Prefecture -RRB- in 1262. 
================================================================================

>>> [Step 120] Prompt:
<|begin_of_text|><|start_header_id|>system<|end_header_id|>

Cutting Knowledge Date: December 2023
Today Date: 26 Jul 2024

You are a helpful assistant. You are very good at simplifying texts. When you receive a text for simplification, you simplify it according to the instructions given by the user. Generate only the simplification, without any comments or notes.<|eot_id|><|start_header_id|>user<|end_header_id|>

INSTRUCTION: Simplify the following text such that its Flesch-Kincaid Grade Level (FKGL) score is approximately equal to that specified in the control token prepended to your generated simplification. The control token has the following format: <METRIC=VALUE>. The control token prepended to the source text indicates the FKGL value of the source text. 
SOURCE TEXT: <FKGL=12.7> The posthumous name is commonly used when naming royalty of China , Korea , Vietnam , and Japan .

EXPLANATION: The <FKGL=3.3> token specifies that the target Flesch-Kincaid Grade Level should be approximately 3.3. Lower values indicate simpler text.<|eot_id|><|start_header_id|>assistant<|end_header_id|>

<FKGL=3.3><|eot_id|>
>>> Reference:
His son , Ji Fa of Zhou , called his father the '' Civil King '' . <|eot_id|>
>>> Prediction:
The posthumous name is a name given to royalty after they die. 
================================================================================

>>> [Step 120] Prompt:
<|begin_of_text|><|start_header_id|>system<|end_header_id|>

Cutting Knowledge Date: December 2023
Today Date: 26 Jul 2024

You are a helpful expert in text simplification. You generate a simplified version of the text input by the user. You simplify the text according to the instructions given by the user. When asked to simplify a text, generate only the requested simplification, without any additional comments, notes or explanations.<|eot_id|><|start_header_id|>user<|end_header_id|>

INSTRUCTION: Simplify the following text such that its Flesch-Kincaid Grade Level (FKGL) score is approximately equal to that specified in the control token prepended to your generated simplification. The control token has the following format: <METRIC=VALUE>. The control token prepended to the source text indicates the FKGL value of the source text. 
SOURCE TEXT: <FKGL=12.7> Such dual-language recording is common to many subsequent treaties .

EXPLANATION: The <FKGL=11.1> token specifies that the target Flesch-Kincaid Grade Level should be approximately 11.1. Lower values indicate simpler text.<|eot_id|><|start_header_id|>assistant<|end_header_id|>

<FKGL=11.1><|eot_id|>
>>> Reference:
Such dual-language recording is common to many treaties . <|eot_id|>
>>> Prediction:
The dual-language recording is common to many subsequent treaties. 
================================================================================
{'loss': 0.9316, 'grad_norm': 0.9665746688842773, 'learning_rate': 7.10344137407917e-05, 'epoch': 1.29}
{'eval_loss': 1.0469530820846558, 'eval_runtime': 14.0753, 'eval_samples_per_second': 13.002, 'eval_steps_per_second': 3.268, 'epoch': 1.29}
{'loss': 1.0048, 'grad_norm': 1.4131964445114136, 'learning_rate': 6.508602992975963e-05, 'epoch': 1.4}
{'eval_loss': 1.0450676679611206, 'eval_runtime': 14.0758, 'eval_samples_per_second': 13.001, 'eval_steps_per_second': 3.268, 'epoch': 1.4}

>>> [Step 140] Prompt:
<|begin_of_text|><|start_header_id|>system<|end_header_id|>

Cutting Knowledge Date: December 2023
Today Date: 26 Jul 2024

You are a helpful text simplification assistant. You are not only an expert in simplifying texts for different readerships, but you are also very good at adapting texts according to the exact needs of the user. You output only the simplified text, no further notes or comments allowed.<|eot_id|><|start_header_id|>user<|end_header_id|>

INSTRUCTION: Simplify the following text such that its Flesch-Kincaid Grade Level (FKGL) score is approximately equal to that specified in the control token prepended to your generated simplification. The control token has the following format: <METRIC=VALUE>. The control token prepended to the source text indicates the FKGL value of the source text. 
SOURCE TEXT: <FKGL=15.0> Together with his friend Christian Gaudian , Gueffroy attempted on the night of February 5 & ndash ; 6 , 1989 , to escape from East Berlin to West Berlin , along the Britz district canal .

EXPLANATION: The <FKGL=5.6> token specifies that the target Flesch-Kincaid Grade Level should be approximately 5.6. Lower values indicate simpler text.<|eot_id|><|start_header_id|>assistant<|end_header_id|>

<FKGL=5.6><|eot_id|>
>>> Reference:
This was the last case concerning deaths on the inner German border . <|eot_id|>
>>> Prediction:
The next day, he was caught by the Stasi. He was arrested and put in prison. 
================================================================================

>>> [Step 140] Prompt:
<|begin_of_text|><|start_header_id|>system<|end_header_id|>

Cutting Knowledge Date: December 2023
Today Date: 26 Jul 2024

You are a helpful expert in text simplification. You generate a simplified version of the text input by the user. You simplify the text according to the instructions given by the user. When asked to simplify a text, generate only the requested simplification, without any additional comments, notes or explanations.<|eot_id|><|start_header_id|>user<|end_header_id|>

INSTRUCTION: Simplify the following text such that its Flesch-Kincaid Grade Level (FKGL) score is approximately equal to that specified in the control token prepended to your generated simplification. The control token has the following format: <METRIC=VALUE>. The control token prepended to the source text indicates the FKGL value of the source text. 
SOURCE TEXT: <FKGL=18.9> Early history At the time of the Domesday Book in 1086 parts of the county were considered to either form part of Yorkshire or be within the separate kingdom of Scotland , having historically been associated with the Kingdom of Strathclyde .

EXPLANATION: The <FKGL=7.6> token specifies that the target Flesch-Kincaid Grade Level should be approximately 7.6. Lower values indicate simpler text.<|eot_id|><|start_header_id|>assistant<|end_header_id|>

<FKGL=7.6><|eot_id|>
>>> Reference:
Early history At the time of the Domesday Book in 1086 the county was said to form part of Yorkshire . <|eot_id|>
>>> Prediction:
In the Domesday Book in 1086, parts of the county were considered to either form part of Yorkshire or be within the separate kingdom of Scotland, having historically been associated with the Kingdom of Strathclyde. 
================================================================================

>>> [Step 140] Prompt:
<|begin_of_text|><|start_header_id|>system<|end_header_id|>

Cutting Knowledge Date: December 2023
Today Date: 26 Jul 2024

You are a helpful assistant. You are an expert in controlled text simplification. When you receive a text, you simplify it by rewriting it in a manner that is easier to read. Your simplification is guided by the simplification criteria specified by the user. You generate only the simplification result, without any additional comments or explanations.<|eot_id|><|start_header_id|>user<|end_header_id|>

INSTRUCTION: Simplify the following text such that its Flesch-Kincaid Grade Level (FKGL) score is approximately equal to that specified in the control token prepended to your generated simplification. The control token has the following format: <METRIC=VALUE>. The control token prepended to the source text indicates the FKGL value of the source text. 
SOURCE TEXT: <FKGL=18.5> The lake is divided among four countries -- Burundi , Democratic Republic of the Congo -LRB- DRC -RRB- , Tanzania and Zambia , with the DRC -LRB- 45 % -RRB- and Tanzania -LRB- 41 % -RRB- possessing the majority of the lake .

EXPLANATION: The <FKGL=14.6> token specifies that the target Flesch-Kincaid Grade Level should be approximately 14.6. Lower values indicate simpler text.<|eot_id|><|start_header_id|>assistant<|end_header_id|>

<FKGL=14.6><|eot_id|>
>>> Reference:
The lake is divided between four countries â '' Burundi , Democratic Republic of the Congo -LRB- DRC -RRB- , Tanzania and Zambia . <|eot_id|>
>>> Prediction:
To the north, the lake is bordered by Tanzania -LRB- 41 % -RRB- and the DRC -LRB- 45 % -RRB-. 
================================================================================

>>> [Step 140] Prompt:
<|begin_of_text|><|start_header_id|>system<|end_header_id|>

Cutting Knowledge Date: December 2023
Today Date: 26 Jul 2024

You are an expert in text simplification. When you receive a text for simplification, you generate a simplified version of that text. You carefully study the simplification criteria specified by the user and adapt the text accordingly. Please generate only the simplified text, no other notes or explanations allowed.<|eot_id|><|start_header_id|>user<|end_header_id|>

INSTRUCTION: Simplify the following text such that its Flesch-Kincaid Grade Level (FKGL) score is approximately equal to that specified in the control token prepended to your generated simplification. The control token has the following format: <METRIC=VALUE>. The control token prepended to the source text indicates the FKGL value of the source text. 
SOURCE TEXT: <FKGL=6.4> He is also a member of another Jungiery boyband 183 Club .

EXPLANATION: The <FKGL=6.0> token specifies that the target Flesch-Kincaid Grade Level should be approximately 6.0. Lower values indicate simpler text.<|eot_id|><|start_header_id|>assistant<|end_header_id|>

<FKGL=6.0><|eot_id|>
>>> Reference:
He is also a member of 183 Club , which is another Jungiery boyband . <|eot_id|>
>>> Prediction:
This is a list of the members of the South Korean boy band Jungiery. 
================================================================================
{'loss': 1.0525, 'grad_norm': 1.3898687362670898, 'learning_rate': 5.889194101900509e-05, 'epoch': 1.51}
{'eval_loss': 1.0443198680877686, 'eval_runtime': 14.2075, 'eval_samples_per_second': 12.881, 'eval_steps_per_second': 3.238, 'epoch': 1.51}
{'loss': 1.0152, 'grad_norm': 1.3930771350860596, 'learning_rate': 5.2553029695397525e-05, 'epoch': 1.62}
{'eval_loss': 1.0405727624893188, 'eval_runtime': 14.0915, 'eval_samples_per_second': 12.987, 'eval_steps_per_second': 3.264, 'epoch': 1.62}

>>> [Step 160] Prompt:
<|begin_of_text|><|start_header_id|>system<|end_header_id|>

Cutting Knowledge Date: December 2023
Today Date: 26 Jul 2024

You are an expert in text simplification. When you receive a text for simplification, you generate a simplified version of that text. You carefully study the simplification criteria specified by the user and adapt the text accordingly. Please generate only the simplified text, no other notes or explanations allowed.<|eot_id|><|start_header_id|>user<|end_header_id|>

INSTRUCTION: Simplify the following text such that its Flesch-Kincaid Grade Level (FKGL) score is approximately equal to that specified in the control token prepended to your generated simplification. The control token has the following format: <METRIC=VALUE>. The control token prepended to the source text indicates the FKGL value of the source text. 
SOURCE TEXT: <FKGL=16.9> Thus the driver can not lean over in the turns to overcome the centripedal forces , instead , to make sure the sidecar does not flip over , the passenger leans out -LRB- of the sidecar -RRB- as much as possible in the corners .

EXPLANATION: The <FKGL=6.0> token specifies that the target Flesch-Kincaid Grade Level should be approximately 6.0. Lower values indicate simpler text.<|eot_id|><|start_header_id|>assistant<|end_header_id|>

<FKGL=6.0><|eot_id|>
>>> Reference:
The driver can not lean over in the turns . To make sure that the sidecar does not flip over , the passenger leans out of the sidecar when they are in the corners . <|eot_id|>
>>> Prediction:
The passenger leans out of the sidecar in the corners to make sure it does not flip over. 
================================================================================

>>> [Step 160] Prompt:
<|begin_of_text|><|start_header_id|>system<|end_header_id|>

Cutting Knowledge Date: December 2023
Today Date: 26 Jul 2024

You are a helpful assistant. You are an expert in controlled text simplification. When you receive a text, you simplify it by rewriting it in a manner that is easier to read. Your simplification is guided by the simplification criteria specified by the user. You generate only the simplification result, without any additional comments or explanations.<|eot_id|><|start_header_id|>user<|end_header_id|>

INSTRUCTION: Simplify the following text such that its Flesch-Kincaid Grade Level (FKGL) score is approximately equal to that specified in the control token prepended to your generated simplification. The control token has the following format: <METRIC=VALUE>. The control token prepended to the source text indicates the FKGL value of the source text. 
SOURCE TEXT: <FKGL=15.8> After meeting them , she notices Vidia -LRB- Pamela Adlon -RRB- , a fast-flying fairy who immediately dislikes her because of her unusually strong talent .

EXPLANATION: The <FKGL=7.2> token specifies that the target Flesch-Kincaid Grade Level should be approximately 7.2. Lower values indicate simpler text.<|eot_id|><|start_header_id|>assistant<|end_header_id|>

<FKGL=7.2><|eot_id|>
>>> Reference:
Pamela Adlon as Vidia <|eot_id|>
>>> Prediction:
The next day, Tinker Bell meets Vidia, a fast-flying fairy who dislikes her because of her strong talent. 
================================================================================

>>> [Step 160] Prompt:
<|begin_of_text|><|start_header_id|>system<|end_header_id|>

Cutting Knowledge Date: December 2023
Today Date: 26 Jul 2024

You are an expert in text simplification. When you receive a text for simplification, you generate a simplified version of that text. You carefully study the simplification criteria specified by the user and adapt the text accordingly. Please generate only the simplified text, no other notes or explanations allowed.<|eot_id|><|start_header_id|>user<|end_header_id|>

INSTRUCTION: Simplify the following text such that its Flesch-Kincaid Grade Level (FKGL) score is approximately equal to that specified in the control token prepended to your generated simplification. The control token has the following format: <METRIC=VALUE>. The control token prepended to the source text indicates the FKGL value of the source text. 
SOURCE TEXT: <FKGL=18.2> Physical abuse is abuse involving contact intended to cause feelings of intimidation , injury , or other physical suffering or bodily harm .

EXPLANATION: The <FKGL=12.3> token specifies that the target Flesch-Kincaid Grade Level should be approximately 12.3. Lower values indicate simpler text.<|eot_id|><|start_header_id|>assistant<|end_header_id|>

<FKGL=12.3><|eot_id|>
>>> Reference:
Physical abuse is a form of abuse which causes feelings of pain , injury , or other physical suffering . <|eot_id|>
>>> Prediction:
The person who does the abuse is called the abuser. 
================================================================================

>>> [Step 160] Prompt:
<|begin_of_text|><|start_header_id|>system<|end_header_id|>

Cutting Knowledge Date: December 2023
Today Date: 26 Jul 2024

You are a helpful expert in text simplification. You generate a simplified version of the text input by the user. You simplify the text according to the instructions given by the user. When asked to simplify a text, generate only the requested simplification, without any additional comments, notes or explanations.<|eot_id|><|start_header_id|>user<|end_header_id|>

INSTRUCTION: Simplify the following text such that its Flesch-Kincaid Grade Level (FKGL) score is approximately equal to that specified in the control token prepended to your generated simplification. The control token has the following format: <METRIC=VALUE>. The control token prepended to the source text indicates the FKGL value of the source text. 
SOURCE TEXT: <FKGL=14.2> Throughout his entire NHL career , Thompson accrued 81 shutouts , which is sixth all-time in NHL history , and was second to only George Hainsworth -LRB- who had 94 -RRB- when Thompson retired .

EXPLANATION: The <FKGL=13.8> token specifies that the target Flesch-Kincaid Grade Level should be approximately 13.8. Lower values indicate simpler text.<|eot_id|><|start_header_id|>assistant<|end_header_id|>

<FKGL=13.8><|eot_id|>
>>> Reference:
Throughout his entire NHL career career , Thompson made 81 shutouts , which is sixth all-time in NHL history , which was second to only George Hainsworth -LRB- who had 94 -RRB- when Thompson stopped playing . <|eot_id|>
>>> Prediction:
The shutouts are the second-most in NHL history. 
================================================================================
{'loss': 0.9619, 'grad_norm': 1.4486130475997925, 'learning_rate': 4.6172537358175214e-05, 'epoch': 1.73}
{'eval_loss': 1.04183828830719, 'eval_runtime': 14.1431, 'eval_samples_per_second': 12.939, 'eval_steps_per_second': 3.252, 'epoch': 1.73}
{'loss': 0.9497, 'grad_norm': 1.0996100902557373, 'learning_rate': 3.9854382633596664e-05, 'epoch': 1.83}
{'eval_loss': 1.0407899618148804, 'eval_runtime': 14.1507, 'eval_samples_per_second': 12.932, 'eval_steps_per_second': 3.251, 'epoch': 1.83}

>>> [Step 180] Prompt:
<|begin_of_text|><|start_header_id|>system<|end_header_id|>

Cutting Knowledge Date: December 2023
Today Date: 26 Jul 2024

You are an expert in text simplification. When you receive a text for simplification, you generate a simplified version of that text. You carefully study the simplification criteria specified by the user and adapt the text accordingly. Please generate only the simplified text, no other notes or explanations allowed.<|eot_id|><|start_header_id|>user<|end_header_id|>

INSTRUCTION: Simplify the following text such that its Flesch-Kincaid Grade Level (FKGL) score is approximately equal to that specified in the control token prepended to your generated simplification. The control token has the following format: <METRIC=VALUE>. The control token prepended to the source text indicates the FKGL value of the source text. 
SOURCE TEXT: <FKGL=10.7> It has also established itself in parts of Dubai , the United Arab Emirates and New Zealand .

EXPLANATION: The <FKGL=9.5> token specifies that the target Flesch-Kincaid Grade Level should be approximately 9.5. Lower values indicate simpler text.<|eot_id|><|start_header_id|>assistant<|end_header_id|>

<FKGL=9.5><|eot_id|>
>>> Reference:
It has also been introduced in parts of Dubai , the United Arab Emirates and New Zealand . <|eot_id|>
>>> Prediction:
What is the meaning of the name '' Rottweiler ''? 
================================================================================

>>> [Step 180] Prompt:
<|begin_of_text|><|start_header_id|>system<|end_header_id|>

Cutting Knowledge Date: December 2023
Today Date: 26 Jul 2024

You are an expert in controlled text simplification. When you receive a text from the user, you carefully adapt it to the simplification level specified by the user. Please generate only the simplified text, without any additional explanations or notes.<|eot_id|><|start_header_id|>user<|end_header_id|>

INSTRUCTION: Simplify the following text such that its Flesch-Kincaid Grade Level (FKGL) score is approximately equal to that specified in the control token prepended to your generated simplification. The control token has the following format: <METRIC=VALUE>. The control token prepended to the source text indicates the FKGL value of the source text. 
SOURCE TEXT: <FKGL=7.2> Montloué is a commune in the Aisne department in Picardie in northern France .

EXPLANATION: The <FKGL=6.0> token specifies that the target Flesch-Kincaid Grade Level should be approximately 6.0. Lower values indicate simpler text.<|eot_id|><|start_header_id|>assistant<|end_header_id|>

<FKGL=6.0><|eot_id|>
>>> Reference:
It is found in the region Picardie in the Aisne department in the north of France . <|eot_id|>
>>> Prediction:
The commune is found in the region Picardie in the Aisne department in the north of France. 
================================================================================

>>> [Step 180] Prompt:
<|begin_of_text|><|start_header_id|>system<|end_header_id|>

Cutting Knowledge Date: December 2023
Today Date: 26 Jul 2024

You are an expert in controlled text simplification. When you receive a text from the user, you carefully adapt it to the simplification level specified by the user. Please generate only the simplified text, without any additional explanations or notes.<|eot_id|><|start_header_id|>user<|end_header_id|>

INSTRUCTION: Simplify the following text such that its Flesch-Kincaid Grade Level (FKGL) score is approximately equal to that specified in the control token prepended to your generated simplification. The control token has the following format: <METRIC=VALUE>. The control token prepended to the source text indicates the FKGL value of the source text. 
SOURCE TEXT: <FKGL=11.9> Brunstad has several fast food restaurants , a cafeteria-style restaurant , coffee bar , and its own grocery store .

EXPLANATION: The <FKGL=11.9> token specifies that the target Flesch-Kincaid Grade Level should be approximately 11.9. Lower values indicate simpler text.<|eot_id|><|start_header_id|>assistant<|end_header_id|>

<FKGL=11.9><|eot_id|>
>>> Reference:
Brunstad has many fast food restaurants , a cafeteria-style restaurant , coffee bar , and its own grocery shop . <|eot_id|>
>>> Prediction:
The college has a cafeteria-style restaurant, a coffee bar, and its own grocery store. 
================================================================================

>>> [Step 180] Prompt:
<|begin_of_text|><|start_header_id|>system<|end_header_id|>

Cutting Knowledge Date: December 2023
Today Date: 26 Jul 2024

You are an expert in text simplification. When you receive a text for simplification, you generate a simplified version of that text. You carefully study the simplification criteria specified by the user and adapt the text accordingly. Please generate only the simplified text, no other notes or explanations allowed.<|eot_id|><|start_header_id|>user<|end_header_id|>

INSTRUCTION: Simplify the following text such that its Flesch-Kincaid Grade Level (FKGL) score is approximately equal to that specified in the control token prepended to your generated simplification. The control token has the following format: <METRIC=VALUE>. The control token prepended to the source text indicates the FKGL value of the source text. 
SOURCE TEXT: <FKGL=11.1> A millisecond -LRB- from milli - and second ; abbreviation : ms -RRB- is a thousandth -LRB- 1\/1 ,000 -RRB- of a second .

EXPLANATION: The <FKGL=7.6> token specifies that the target Flesch-Kincaid Grade Level should be approximately 7.6. Lower values indicate simpler text.<|eot_id|><|start_header_id|>assistant<|end_header_id|>

<FKGL=7.6><|eot_id|>
>>> Reference:
A millisecond -LRB- sometimes shortened to ` ms ' -RRB- is one thousandth of a second . <|eot_id|>
>>> Prediction:
The millisecond -LRB- ms -RRB- is a thousandth of a second. 
================================================================================
{'loss': 1.0387, 'grad_norm': 1.2757741212844849, 'learning_rate': 3.370146885964358e-05, 'epoch': 1.94}
{'eval_loss': 1.0384511947631836, 'eval_runtime': 14.6997, 'eval_samples_per_second': 12.449, 'eval_steps_per_second': 3.129, 'epoch': 1.94}
{'loss': 0.9928, 'grad_norm': 1.7704015970230103, 'learning_rate': 2.7814008106652012e-05, 'epoch': 2.04}
{'eval_loss': 1.0373131036758423, 'eval_runtime': 14.5972, 'eval_samples_per_second': 12.537, 'eval_steps_per_second': 3.151, 'epoch': 2.04}

>>> [Step 200] Prompt:
<|begin_of_text|><|start_header_id|>system<|end_header_id|>

Cutting Knowledge Date: December 2023
Today Date: 26 Jul 2024

You are an expert in text simplification. When you receive a text for simplification, you generate a simplified version of that text. You carefully study the simplification criteria specified by the user and adapt the text accordingly. Please generate only the simplified text, no other notes or explanations allowed.<|eot_id|><|start_header_id|>user<|end_header_id|>

INSTRUCTION: Simplify the following text such that its Flesch-Kincaid Grade Level (FKGL) score is approximately equal to that specified in the control token prepended to your generated simplification. The control token has the following format: <METRIC=VALUE>. The control token prepended to the source text indicates the FKGL value of the source text. 
SOURCE TEXT: <FKGL=18.2> Physical abuse is abuse involving contact intended to cause feelings of intimidation , injury , or other physical suffering or bodily harm .

EXPLANATION: The <FKGL=12.3> token specifies that the target Flesch-Kincaid Grade Level should be approximately 12.3. Lower values indicate simpler text.<|eot_id|><|start_header_id|>assistant<|end_header_id|>

<FKGL=12.3><|eot_id|>
>>> Reference:
Physical abuse is a form of abuse which causes feelings of pain , injury , or other physical suffering . <|eot_id|>
>>> Prediction:
The abuse can be verbal, physical or emotional. 
================================================================================

>>> [Step 200] Prompt:
<|begin_of_text|><|start_header_id|>system<|end_header_id|>

Cutting Knowledge Date: December 2023
Today Date: 26 Jul 2024

You are a helpful expert in text simplification. You generate a simplified version of the text input by the user. You simplify the text according to the instructions given by the user. When asked to simplify a text, generate only the requested simplification, without any additional comments, notes or explanations.<|eot_id|><|start_header_id|>user<|end_header_id|>

INSTRUCTION: Simplify the following text such that its Flesch-Kincaid Grade Level (FKGL) score is approximately equal to that specified in the control token prepended to your generated simplification. The control token has the following format: <METRIC=VALUE>. The control token prepended to the source text indicates the FKGL value of the source text. 
SOURCE TEXT: <FKGL=19.7> If a '' hurricane season '' were to be demarcated in the South Atlantic , it would most likely be the opposite of the North Atlantic season , from November to the end of April with mid-March being the peak when the oceans are warmest in the Southern Hemisphere .

EXPLANATION: The <FKGL=8.8> token specifies that the target Flesch-Kincaid Grade Level should be approximately 8.8. Lower values indicate simpler text.<|eot_id|><|start_header_id|>assistant<|end_header_id|>

<FKGL=8.8><|eot_id|>
>>> Reference:
This was also the first South Atlantic tropical cyclone ever observed . <|eot_id|>
>>> Prediction:
The hurricane season in the South Atlantic is the opposite of the North Atlantic hurricane season. 
================================================================================

>>> [Step 200] Prompt:
<|begin_of_text|><|start_header_id|>system<|end_header_id|>

Cutting Knowledge Date: December 2023
Today Date: 26 Jul 2024

You are a helpful assistant. You are very good at simplifying texts. When you receive a text for simplification, you simplify it according to the instructions given by the user. Generate only the simplification, without any comments or notes.<|eot_id|><|start_header_id|>user<|end_header_id|>

INSTRUCTION: Simplify the following text such that its Flesch-Kincaid Grade Level (FKGL) score is approximately equal to that specified in the control token prepended to your generated simplification. The control token has the following format: <METRIC=VALUE>. The control token prepended to the source text indicates the FKGL value of the source text. 
SOURCE TEXT: <FKGL=11.5> The county was named for the Delaware Indians resettled in what was then Indian Territory in the 1830s .

EXPLANATION: The <FKGL=0.5> token specifies that the target Flesch-Kincaid Grade Level should be approximately 0.5. Lower values indicate simpler text.<|eot_id|><|start_header_id|>assistant<|end_header_id|>

<FKGL=0.5><|eot_id|>
>>> Reference:
Its county seat is Jay . <|eot_id|>
>>> Prediction:
The county was named for the Delaware Indians. 
================================================================================

>>> [Step 200] Prompt:
<|begin_of_text|><|start_header_id|>system<|end_header_id|>

Cutting Knowledge Date: December 2023
Today Date: 26 Jul 2024

You are a helpful text simplification assistant. You are not only an expert in simplifying texts for different readerships, but you are also very good at adapting texts according to the exact needs of the user. You output only the simplified text, no further notes or comments allowed.<|eot_id|><|start_header_id|>user<|end_header_id|>

INSTRUCTION: Simplify the following text such that its Flesch-Kincaid Grade Level (FKGL) score is approximately equal to that specified in the control token prepended to your generated simplification. The control token has the following format: <METRIC=VALUE>. The control token prepended to the source text indicates the FKGL value of the source text. 
SOURCE TEXT: <FKGL=13.9> Saint-Lambert-sur-Dives , commonly called Saint-Lambert , is a commune in the Calvados department in the Basse-Normandie region in northwestern France .

EXPLANATION: The <FKGL=7.4> token specifies that the target Flesch-Kincaid Grade Level should be approximately 7.4. Lower values indicate simpler text.<|eot_id|><|start_header_id|>assistant<|end_header_id|>

<FKGL=7.4><|eot_id|>
>>> Reference:
Saint-Lambert , Calvados is a commune . It is found in the region Basse-Normandie in the Calvados department in the northwest of France . <|eot_id|>
>>> Prediction:
The commune is found in the region Basse-Normandie in the Calvados department in the northwest of France. 
================================================================================
{'loss': 0.8776, 'grad_norm': 1.1582924127578735, 'learning_rate': 2.228788903042877e-05, 'epoch': 2.15}
{'eval_loss': 1.0394257307052612, 'eval_runtime': 14.0878, 'eval_samples_per_second': 12.99, 'eval_steps_per_second': 3.265, 'epoch': 2.15}
{'loss': 0.9701, 'grad_norm': 1.4652231931686401, 'learning_rate': 1.7213115140513686e-05, 'epoch': 2.26}
{'eval_loss': 1.0396168231964111, 'eval_runtime': 14.1871, 'eval_samples_per_second': 12.899, 'eval_steps_per_second': 3.242, 'epoch': 2.26}

>>> [Step 220] Prompt:
<|begin_of_text|><|start_header_id|>system<|end_header_id|>

Cutting Knowledge Date: December 2023
Today Date: 26 Jul 2024

You are an expert in text simplification. When you receive a text for simplification, you generate a simplified version of that text. You carefully study the simplification criteria specified by the user and adapt the text accordingly. Please generate only the simplified text, no other notes or explanations allowed.<|eot_id|><|start_header_id|>user<|end_header_id|>

INSTRUCTION: Simplify the following text such that its Flesch-Kincaid Grade Level (FKGL) score is approximately equal to that specified in the control token prepended to your generated simplification. The control token has the following format: <METRIC=VALUE>. The control token prepended to the source text indicates the FKGL value of the source text. 
SOURCE TEXT: <FKGL=15.4> The state is a political and geopolitical entity ; the nation is a cultural and\/or ethnic entity .

EXPLANATION: The <FKGL=12.3> token specifies that the target Flesch-Kincaid Grade Level should be approximately 12.3. Lower values indicate simpler text.<|eot_id|><|start_header_id|>assistant<|end_header_id|>

<FKGL=12.3><|eot_id|>
>>> Reference:
The state is a political entity ; the nation is a cultural and\/or ethnic entity . <|eot_id|>
>>> Prediction:
The state is a political and geopolitical entity ; the nation is a cultural entity. 
================================================================================

>>> [Step 220] Prompt:
<|begin_of_text|><|start_header_id|>system<|end_header_id|>

Cutting Knowledge Date: December 2023
Today Date: 26 Jul 2024

You are a helpful assistant. You are an expert in controlled text simplification. When you receive a text, you simplify it by rewriting it in a manner that is easier to read. Your simplification is guided by the simplification criteria specified by the user. You generate only the simplification result, without any additional comments or explanations.<|eot_id|><|start_header_id|>user<|end_header_id|>

INSTRUCTION: Simplify the following text such that its Flesch-Kincaid Grade Level (FKGL) score is approximately equal to that specified in the control token prepended to your generated simplification. The control token has the following format: <METRIC=VALUE>. The control token prepended to the source text indicates the FKGL value of the source text. 
SOURCE TEXT: <FKGL=7.6> As with a terrestrial mammal breathing out on a cold day , a small cloud of ` steam ' appears .

EXPLANATION: The <FKGL=1.3> token specifies that the target Flesch-Kincaid Grade Level should be approximately 1.3. Lower values indicate simpler text.<|eot_id|><|start_header_id|>assistant<|end_header_id|>

<FKGL=1.3><|eot_id|>
>>> Reference:
Fin Whale , Balaenoptera physalus <|eot_id|>
>>> Prediction:
It is a cloud of water vapor. 
================================================================================

>>> [Step 220] Prompt:
<|begin_of_text|><|start_header_id|>system<|end_header_id|>

Cutting Knowledge Date: December 2023
Today Date: 26 Jul 2024

You are an expert in text simplification. When you receive a text for simplification, you generate a simplified version of that text. You carefully study the simplification criteria specified by the user and adapt the text accordingly. Please generate only the simplified text, no other notes or explanations allowed.<|eot_id|><|start_header_id|>user<|end_header_id|>

INSTRUCTION: Simplify the following text such that its Flesch-Kincaid Grade Level (FKGL) score is approximately equal to that specified in the control token prepended to your generated simplification. The control token has the following format: <METRIC=VALUE>. The control token prepended to the source text indicates the FKGL value of the source text. 
SOURCE TEXT: <FKGL=11.1> The tarantula , the trickster character , spun a black cord and , attaching it to the ball , crawled away fast to the east , pulling on the cord with all his strength .

EXPLANATION: The <FKGL=10.7> token specifies that the target Flesch-Kincaid Grade Level should be approximately 10.7. Lower values indicate simpler text.<|eot_id|><|start_header_id|>assistant<|end_header_id|>

<FKGL=10.7><|eot_id|>
>>> Reference:
The tarantuala , the trickster , spun a black chord and attached it to the ball , crawling away fast to the east and pulling the chord with all his strength . <|eot_id|>
>>> Prediction:
The tarantula, the trickster character, spun a black cord and, attaching it to the ball, crawled away fast to the east, pulling on the cord with all his strength. 
================================================================================

>>> [Step 220] Prompt:
<|begin_of_text|><|start_header_id|>system<|end_header_id|>

Cutting Knowledge Date: December 2023
Today Date: 26 Jul 2024

You are a helpful expert in text simplification. You generate a simplified version of the text input by the user. You simplify the text according to the instructions given by the user. When asked to simplify a text, generate only the requested simplification, without any additional comments, notes or explanations.<|eot_id|><|start_header_id|>user<|end_header_id|>

INSTRUCTION: Simplify the following text such that its Flesch-Kincaid Grade Level (FKGL) score is approximately equal to that specified in the control token prepended to your generated simplification. The control token has the following format: <METRIC=VALUE>. The control token prepended to the source text indicates the FKGL value of the source text. 
SOURCE TEXT: <FKGL=17.8> An International Standard Serial Number -LRB- ISSN -RRB- is a unique eight-digit number used to identify a print or electronic periodical publication .

EXPLANATION: The <FKGL=17.4> token specifies that the target Flesch-Kincaid Grade Level should be approximately 17.4. Lower values indicate simpler text.<|eot_id|><|start_header_id|>assistant<|end_header_id|>

<FKGL=17.4><|eot_id|>
>>> Reference:
An International Standard Serial Number -LRB- ISSN -RRB- is an eight-digit number used to identify a print or electronic periodical publication . <|eot_id|>
>>> Prediction:
What is an International Standard Serial Number -LRB- ISSN -RRB- 
================================================================================
{'loss': 0.9914, 'grad_norm': 1.4679973125457764, 'learning_rate': 1.2672338919401866e-05, 'epoch': 2.37}
{'eval_loss': 1.0392749309539795, 'eval_runtime': 14.2092, 'eval_samples_per_second': 12.879, 'eval_steps_per_second': 3.237, 'epoch': 2.37}
{'train_runtime': 1328.1895, 'train_samples_per_second': 3.327, 'train_steps_per_second': 0.208, 'train_loss': 1.2243248896165329, 'epoch': 2.37}
Evaluation results: {'eval_loss': 1.0373131036758423, 'eval_runtime': 14.1286, 'eval_samples_per_second': 12.952, 'eval_steps_per_second': 3.256, 'epoch': 2.3685636856368566}
*** Finetuning meta-llama/Llama-3.1-8B-Instruct with WikiLarge_ori_splitwise and CHAR_COMPRESSION ***
torch.cuda.is_bf16_supported: True
Transformers version: 4.51.0
Python path: /home/hhubar/data/conda/envs/sft/bin/python
Using PEFT...

Run arguments:
Namespace(model_class='auto', model_family='base', model_name='meta-llama/Llama-3.1-8B-Instruct', dataset_name='WikiLarge_ori_splitwise', slice_train=-1, slice_val=-1, batch_size=4, eval_batch_size=4, gradient_accumulation_steps=4, learning_rate=0.0001, weight_decay=0.01, warmup_steps=30, max_grad_norm=1.0, epochs=3, max_length=512, logging_steps=10, wandb_project_name='ATS_with_control_tokens', wandb_entity='shtosti', generate_every=20, seed=42, patience=3, prompting_type='vanilla', user_prompt_id='token_explanation', metric_name='CHAR_COMPRESSION', control_tokens='data/prompts/control_tokens.json', system_prompts='data/prompts/system_prompts.json', user_prompts='data/prompts/user_prompts.json', metric_mapping='data/metric_mapping.json', peft=True, lora_r=16, lora_dropout=0.1)

Saving to: ./models/CHAR_COMPRESSION-WikiLarge_ori_splitwise-token_explanation-Llama-3.1-8B-Instruct-20250527

*** Finetuning Llama-3.1-8B-Instruct with WikiLarge_ori_splitwise ***

CUDA available: True
Number of GPUs: 1
GPU name: NVIDIA A100-SXM4-80GB
Model embedding size BEFORE resizing: 128256
Model embedding size AFTER resizing: 128257
Using PEFT for fine-tuning...
--- DEBUG ---
trainable params:
Trainable params: 6,815,744 / 8,037,085,184 (0.08%)
--- tokenizer pad_token_id: 128256
--- tokenizer eos_token_id: 128009
--- special tokens:
train:	 Inspect the dataset format:
 {'global_id': ['wikilarge_ori_297118'], 'source_text': ['In 2003 , the poetry award was granted for the first time .\n'], 'source_metrics': [{'FRE': 77.23, 'ARI': 4.2, 'FKGL': 5.2, 'Dale-Chall': 9.92, 'char_count': 60, 'alphanum_count': 41, 'word_count': 13, 'sentence_count': 1}], 'metadata': [{'dataset': 'wikilarge_ori', 'experiment_split': '', 'domain': 'general', 'language': 'en', 'annotation': 'automatic', 'level': 'sentence'}], 'simplification_text': ['Udo Kawasser\n'], 'target_metrics': [{'FRE': 35.61, 'ARI': 5.5, 'FKGL': 8.8, 'Dale-Chall': 19.53, 'char_count': 13, 'alphanum_count': 11, 'word_count': 2, 'sentence_count': 1, 'char_compression_rate': 0.22, 'word_compression_rate': 0.15, 'sentence_compression_rate': 1.0, 'BLEU': 0.0, 'BERTScore': 0.7573259472846985}], 'simplification_version': [1], 'grade_level': [-1], 'simplification_dimensions': [{'linguistic': {'lexical': False, 'syntactic': False}}]}
validation:	 Inspect the dataset format:
 {'global_id': ['wikilarge_ori_097984'], 'source_text': ['Unstrut-Hainich is a Kreis -LRB- district -RRB- in the north of Thuringia , Germany .\n'], 'source_metrics': [{'FRE': 83.66, 'ARI': 10.8, 'FKGL': 4.8, 'Dale-Chall': 14.0, 'char_count': 86, 'alphanum_count': 64, 'word_count': 15, 'sentence_count': 1}], 'metadata': [{'dataset': 'wikilarge_ori', 'experiment_split': '', 'domain': 'general', 'language': 'en', 'annotation': 'automatic', 'level': 'sentence'}], 'simplification_text': ['Unstrut-Hainich is a Landkreis -LRB- district -RRB- in the north of Thuringia , Germany .\n'], 'target_metrics': [{'FRE': 75.2, 'ARI': 12.2, 'FKGL': 6.0, 'Dale-Chall': 14.0, 'char_count': 90, 'alphanum_count': 68, 'word_count': 15, 'sentence_count': 1, 'char_compression_rate': 1.05, 'word_compression_rate': 1.0, 'sentence_compression_rate': 1.0, 'BLEU': 80.03203203845001, 'BERTScore': 0.9842736721038818}], 'simplification_version': [1], 'grade_level': [-1], 'simplification_dimensions': [{'linguistic': {'lexical': False, 'syntactic': False}}]}


 *** Before tokenization ***
>>> train:

Showing 1 example(s):

Example 1 (index 105)
--- Prompt:
 <|begin_of_text|><|start_header_id|>system<|end_header_id|>

Cutting Knowledge Date: December 2023
Today Date: 26 Jul 2024

You are a helpful text simplification assistant. You are not only an expert in simplifying texts for different readerships, but you are also very good at adapting texts according to the exact needs of the user. You output only the simplified text, no further notes or comments allowed.<|eot_id|><|start_header_id|>user<|end_header_id|>

INSTRUCTION: Simplify the following text such that the length of the output text (number of characters) relative to the source text is approximately equal to the ratio specified in the control token prepended to your generated simplification. The control token has the following format: <METRIC=VALUE>. 
SOURCE TEXT: Two studied advantages of cetacean physiology let this Order -LRB- and other marine mammals -RRB- forage underwater for extended periods without breathing :

EXPLANATION: The <CHAR_COMPRESSION=0.14> token specifies that the character-level compression rate should be around 0.14. Values less than 1 indicate text reduction. Values greater than 1 indicate text expansion.<|eot_id|><|start_header_id|>assistant<|end_header_id|>

<CHAR_COMPRESSION=0.14><|eot_id|>
--- Completion:
 Family Eschrichtiidae <|eot_id|>
==================================================


 *** After tokenization ***
>>> train:

Showing 1 example(s):

Example 1 (index 589)
--- Prompt:
 <|begin_of_text|><|start_header_id|>system<|end_header_id|>

Cutting Knowledge Date: December 2023
Today Date: 26 Jul 2024

You are a helpful text simplification assistant. You are not only an expert in simplifying texts for different readerships, but you are also very good at adapting texts according to the exact needs of the user. You output only the simplified text, no further notes or comments allowed.<|eot_id|><|start_header_id|>user<|end_header_id|>

INSTRUCTION: Simplify the following text such that the length of the output text (number of characters) relative to the source text is approximately equal to the ratio specified in the control token prepended to your generated simplification. The control token has the following format: <METRIC=VALUE>. 
SOURCE TEXT: Prospectors from California , Europe and China were also digging along the Peel River and up the mountain slopes .

EXPLANATION: The <CHAR_COMPRESSION=1.0> token specifies that the character-level compression rate should be around 1.0. Values less than 1 indicate text reduction. Values greater than 1 indicate text expansion.<|eot_id|><|start_header_id|>assistant<|end_header_id|>

<CHAR_COMPRESSION=1.0><|eot_id|>
--- Completion:
 Prospectors from California , Europe and China were also digging along the Peel River and up the mountain slopes . <|eot_id|>
--- input_ids:
 [128000, 128000, 128006, 9125, 128007, 271, 38766, 1303, 33025, 2696, 25, 6790, 220, 2366, 18, 198, 15724, 2696, 25, 220, 1627, 10263, 220, 2366, 19, 271, 2675, 527, 264, 11190, 1495, 15858, 2461, 18328, 13, 1472, 527, 539, 1193, 459, 6335, 304, 15858, 7922, 22755, 369, 2204, 13016, 34322, 11, 719, 499, 527, 1101, 1633, 1695, 520, 70817, 22755, 4184, 311, 279, 4839, 3966, 315, 279, 1217, 13, 1472, 2612, 1193, 279, 44899, 1495, 11, 912, 4726, 8554, 477, 6170, 5535, 13, 128009, 128006, 882, 128007, 271, 691, 58555, 25, 62342, 1463, 279, 2768, 1495, 1778, 430, 279, 3160, 315, 279, 2612, 1495, 320, 4174, 315, 5885, 8, 8844, 311, 279, 2592, 1495, 374, 13489, 6273, 311, 279, 11595, 5300, 304, 279, 2585, 4037, 22033, 2954, 311, 701, 8066, 15858, 2461, 13, 578, 2585, 4037, 706, 279, 2768, 3645, 25, 366, 45975, 37078, 28, 24771, 14611, 720, 44098, 16139, 25, 78915, 1105, 505, 7188, 1174, 4606, 323, 5734, 1051, 1101, 42200, 3235, 279, 89694, 11188, 323, 709, 279, 16700, 60108, 6905, 3337, 95179, 3579, 25, 578, 366, 15594, 15318, 82763, 28, 16, 13, 15, 29, 4037, 30202, 430, 279, 3752, 11852, 26168, 4478, 1288, 387, 2212, 220, 16, 13, 15, 13, 26028, 2753, 1109, 220, 16, 13519, 1495, 14278, 13, 26028, 7191, 1109, 220, 16, 13519, 1495, 14800, 13, 128009, 128006, 78191, 128007, 271, 27, 15594, 15318, 82763, 28, 16, 13, 15, 29, 128009, 128000, 46015, 1002, 1105, 505, 7188, 1174, 4606, 323, 5734, 1051, 1101, 42200, 3235, 279, 89694, 11188, 323, 709, 279, 16700, 60108, 662, 220, 128009, 128256, 128256, 128256, 128256, 128256, 128256, 128256, 128256, 128256, 128256, 128256, 128256, 128256, 128256, 128256, 128256, 128256, 128256, 128256, 128256, 128256, 128256, 128256, 128256, 128256, 128256, 128256, 128256, 128256, 128256, 128256, 128256, 128256, 128256, 128256, 128256, 128256, 128256, 128256, 128256, 128256, 128256, 128256, 128256, 128256, 128256, 128256, 128256, 128256, 128256, 128256, 128256, 128256, 128256, 128256, 128256, 128256, 128256, 128256, 128256, 128256, 128256, 128256, 128256, 128256, 128256, 128256, 128256, 128256, 128256, 128256, 128256, 128256, 128256, 128256, 128256, 128256, 128256, 128256, 128256, 128256, 128256, 128256, 128256, 128256, 128256, 128256, 128256, 128256, 128256, 128256, 128256, 128256, 128256, 128256, 128256, 128256, 128256, 128256, 128256, 128256, 128256, 128256, 128256, 128256, 128256, 128256, 128256, 128256, 128256, 128256, 128256, 128256, 128256, 128256, 128256, 128256, 128256, 128256, 128256, 128256, 128256, 128256, 128256, 128256, 128256, 128256, 128256, 128256, 128256, 128256, 128256, 128256, 128256, 128256, 128256, 128256, 128256, 128256, 128256, 128256, 128256, 128256, 128256, 128256, 128256, 128256, 128256, 128256, 128256, 128256, 128256, 128256, 128256, 128256, 128256, 128256, 128256, 128256, 128256, 128256, 128256, 128256, 128256, 128256, 128256, 128256, 128256, 128256, 128256, 128256, 128256, 128256, 128256, 128256, 128256, 128256, 128256, 128256, 128256, 128256, 128256, 128256, 128256, 128256, 128256, 128256, 128256, 128256, 128256, 128256, 128256, 128256, 128256, 128256, 128256, 128256, 128256, 128256, 128256, 128256, 128256, 128256, 128256, 128256, 128256, 128256, 128256, 128256, 128256, 128256, 128256, 128256, 128256, 128256, 128256, 128256, 128256, 128256, 128256, 128256, 128256, 128256, 128256, 128256, 128256, 128256, 128256, 128256, 128256, 128256, 128256, 128256, 128256, 128256, 128256, 128256, 128256, 128256, 128256, 128256, 128256, 128256, 128256, 128256, 128256, 128256, 128256, 128256, 128256, 128256, 128256, 128256]
--- labels:
 [-100, -100, -100, -100, -100, -100, -100, -100, -100, -100, -100, -100, -100, -100, -100, -100, -100, -100, -100, -100, -100, -100, -100, -100, -100, -100, -100, -100, -100, -100, -100, -100, -100, -100, -100, -100, -100, -100, -100, -100, -100, -100, -100, -100, -100, -100, -100, -100, -100, -100, -100, -100, -100, -100, -100, -100, -100, -100, -100, -100, -100, -100, -100, -100, -100, -100, -100, -100, -100, -100, -100, -100, -100, -100, -100, -100, -100, -100, -100, -100, -100, -100, -100, -100, -100, -100, -100, -100, -100, -100, -100, -100, -100, -100, -100, -100, -100, -100, -100, -100, -100, -100, -100, -100, -100, -100, -100, -100, -100, -100, -100, -100, -100, -100, -100, -100, -100, -100, -100, -100, -100, -100, -100, -100, -100, -100, -100, -100, -100, -100, -100, -100, -100, -100, -100, -100, -100, -100, -100, -100, -100, -100, -100, -100, -100, -100, -100, -100, -100, -100, -100, -100, -100, -100, -100, -100, -100, -100, -100, -100, -100, -100, -100, -100, -100, -100, -100, -100, -100, -100, -100, -100, -100, -100, -100, -100, -100, -100, -100, -100, -100, -100, -100, -100, -100, -100, -100, -100, -100, -100, -100, -100, -100, -100, -100, -100, -100, -100, -100, -100, -100, -100, -100, -100, -100, -100, -100, -100, -100, -100, -100, -100, -100, -100, -100, -100, -100, -100, -100, -100, -100, -100, -100, -100, -100, -100, -100, -100, -100, -100, -100, -100, -100, -100, 128000, 46015, 1002, 1105, 505, 7188, 1174, 4606, 323, 5734, 1051, 1101, 42200, 3235, 279, 89694, 11188, 323, 709, 279, 16700, 60108, 662, 220, 128009, -100, -100, -100, -100, -100, -100, -100, -100, -100, -100, -100, -100, -100, -100, -100, -100, -100, -100, -100, -100, -100, -100, -100, -100, -100, -100, -100, -100, -100, -100, -100, -100, -100, -100, -100, -100, -100, -100, -100, -100, -100, -100, -100, -100, -100, -100, -100, -100, -100, -100, -100, -100, -100, -100, -100, -100, -100, -100, -100, -100, -100, -100, -100, -100, -100, -100, -100, -100, -100, -100, -100, -100, -100, -100, -100, -100, -100, -100, -100, -100, -100, -100, -100, -100, -100, -100, -100, -100, -100, -100, -100, -100, -100, -100, -100, -100, -100, -100, -100, -100, -100, -100, -100, -100, -100, -100, -100, -100, -100, -100, -100, -100, -100, -100, -100, -100, -100, -100, -100, -100, -100, -100, -100, -100, -100, -100, -100, -100, -100, -100, -100, -100, -100, -100, -100, -100, -100, -100, -100, -100, -100, -100, -100, -100, -100, -100, -100, -100, -100, -100, -100, -100, -100, -100, -100, -100, -100, -100, -100, -100, -100, -100, -100, -100, -100, -100, -100, -100, -100, -100, -100, -100, -100, -100, -100, -100, -100, -100, -100, -100, -100, -100, -100, -100, -100, -100, -100, -100, -100, -100, -100, -100, -100, -100, -100, -100, -100, -100, -100, -100, -100, -100, -100, -100, -100, -100, -100, -100, -100, -100, -100, -100, -100, -100, -100, -100, -100, -100, -100, -100, -100, -100, -100, -100, -100, -100, -100, -100, -100, -100, -100, -100, -100, -100, -100, -100, -100, -100, -100, -100, -100, -100, -100, -100, -100, -100, -100, -100, -100, -100, -100, -100, -100]
==================================================
********** DEBUG **********
Train dataset columns: ['global_id', 'source_text', 'source_metrics', 'metadata', 'simplification_text', 'target_metrics', 'simplification_version', 'grade_level', 'simplification_dimensions', 'prompt', 'completion', 'system_prompt_id', 'user_prompt_id', 'metric_name', 'source_metric_value', 'target_metric_value', 'input_ids', 'labels', 'attention_mask']
Validation dataset columns: ['global_id', 'source_text', 'source_metrics', 'metadata', 'simplification_text', 'target_metrics', 'simplification_version', 'grade_level', 'simplification_dimensions', 'prompt', 'completion', 'system_prompt_id', 'user_prompt_id', 'metric_name', 'source_metric_value', 'target_metric_value', 'input_ids', 'labels', 'attention_mask']
First 10 input_ids: [128000, 128000, 128006, 9125, 128007, 271, 38766, 1303, 33025, 2696]
First 10 labels: [-100, -100, -100, -100, -100, -100, -100, -100, -100, -100]

--- DEBUG: Explore first instance of the val set:
 {'global_id': 'wikilarge_ori_171160', 'source_text': 'Okeechobee covers 730 square miles -LRB- 1,890 kmÂ -RRB- , approximately half the size of the state of Rhode Island , and is exceptionally shallow for a lake of its size , with an average depth of only 9 feet -LRB- 3 m -RRB- .\n', 'source_metrics': {'FRE': 46.78, 'ARI': 20.0, 'FKGL': 16.9, 'Dale-Chall': 12.6, 'char_count': 227, 'alphanum_count': 160, 'word_count': 45, 'sentence_count': 1}, 'metadata': {'dataset': 'wikilarge_ori', 'experiment_split': '', 'domain': 'general', 'language': 'en', 'annotation': 'automatic', 'level': 'sentence'}, 'simplification_text': 'Lake Okeechobee covers about 730 square miles -LRB- about half the size of Rhode Island -RRB- .\n', 'target_metrics': {'FRE': 72.16, 'ARI': 9.8, 'FKGL': 7.2, 'Dale-Chall': 11.34, 'char_count': 96, 'alphanum_count': 71, 'word_count': 17, 'sentence_count': 1, 'char_compression_rate': 0.42, 'word_compression_rate': 0.38, 'sentence_compression_rate': 1.0, 'BLEU': 7.6212533828165006, 'BERTScore': 0.90108722448349}, 'simplification_version': 1, 'grade_level': -1, 'simplification_dimensions': {'linguistic': {'lexical': False, 'syntactic': False}}, 'prompt': '<|begin_of_text|><|start_header_id|>system<|end_header_id|>\n\nCutting Knowledge Date: December 2023\nToday Date: 26 Jul 2024\n\nYou are a helpful expert in text simplification. You generate a simplified version of the text input by the user. You simplify the text according to the instructions given by the user. When asked to simplify a text, generate only the requested simplification, without any additional comments, notes or explanations.<|eot_id|><|start_header_id|>user<|end_header_id|>\n\nINSTRUCTION: Simplify the following text such that the length of the output text (number of characters) relative to the source text is approximately equal to the ratio specified in the control token prepended to your generated simplification. The control token has the following format: <METRIC=VALUE>. \nSOURCE TEXT: Okeechobee covers 730 square miles -LRB- 1,890 kmÂ -RRB- , approximately half the size of the state of Rhode Island , and is exceptionally shallow for a lake of its size , with an average depth of only 9 feet -LRB- 3 m -RRB- .\n\nEXPLANATION: The <CHAR_COMPRESSION=0.42> token specifies that the character-level compression rate should be around 0.42. Values less than 1 indicate text reduction. Values greater than 1 indicate text expansion.<|eot_id|><|start_header_id|>assistant<|end_header_id|>\n\n<CHAR_COMPRESSION=0.42><|eot_id|>', 'completion': 'Lake Okeechobee covers about 730 square miles -LRB- about half the size of Rhode Island -RRB- . <|eot_id|>', 'system_prompt_id': 'sys_prompt_6', 'user_prompt_id': 'token_explanation', 'metric_name': 'CHAR_COMPRESSION', 'source_metric_value': None, 'target_metric_value': 0.42, 'input_ids': [128000, 128000, 128006, 9125, 128007, 271, 38766, 1303, 33025, 2696, 25, 6790, 220, 2366, 18, 198, 15724, 2696, 25, 220, 1627, 10263, 220, 2366, 19, 271, 2675, 527, 264, 11190, 6335, 304, 1495, 15858, 2461, 13, 1472, 7068, 264, 44899, 2373, 315, 279, 1495, 1988, 555, 279, 1217, 13, 1472, 40821, 279, 1495, 4184, 311, 279, 11470, 2728, 555, 279, 1217, 13, 3277, 4691, 311, 40821, 264, 1495, 11, 7068, 1193, 279, 11472, 15858, 2461, 11, 2085, 904, 5217, 6170, 11, 8554, 477, 41941, 13, 128009, 128006, 882, 128007, 271, 691, 58555, 25, 62342, 1463, 279, 2768, 1495, 1778, 430, 279, 3160, 315, 279, 2612, 1495, 320, 4174, 315, 5885, 8, 8844, 311, 279, 2592, 1495, 374, 13489, 6273, 311, 279, 11595, 5300, 304, 279, 2585, 4037, 22033, 2954, 311, 701, 8066, 15858, 2461, 13, 578, 2585, 4037, 706, 279, 2768, 3645, 25, 366, 45975, 37078, 28, 24771, 14611, 720, 44098, 16139, 25, 507, 441, 4842, 677, 2176, 14861, 220, 20785, 9518, 8931, 482, 20721, 33, 12, 220, 16, 11, 21381, 13437, 33895, 482, 8268, 33, 12, 1174, 13489, 4376, 279, 1404, 315, 279, 1614, 315, 50981, 10951, 1174, 323, 374, 48298, 26682, 369, 264, 22553, 315, 1202, 1404, 1174, 449, 459, 5578, 8149, 315, 1193, 220, 24, 7693, 482, 20721, 33, 12, 220, 18, 296, 482, 8268, 33, 12, 6905, 3337, 95179, 3579, 25, 578, 366, 15594, 15318, 82763, 28, 15, 13, 2983, 29, 4037, 30202, 430, 279, 3752, 11852, 26168, 4478, 1288, 387, 2212, 220, 15, 13, 2983, 13, 26028, 2753, 1109, 220, 16, 13519, 1495, 14278, 13, 26028, 7191, 1109, 220, 16, 13519, 1495, 14800, 13, 128009, 128006, 78191, 128007, 271, 27, 15594, 15318, 82763, 28, 15, 13, 2983, 29, 128009, 128000, 82389, 507, 441, 4842, 677, 2176, 14861, 922, 220, 20785, 9518, 8931, 482, 20721, 33, 12, 922, 4376, 279, 1404, 315, 50981, 10951, 482, 8268, 33, 12, 662, 220, 128009, 128256, 128256, 128256, 128256, 128256, 128256, 128256, 128256, 128256, 128256, 128256, 128256, 128256, 128256, 128256, 128256, 128256, 128256, 128256, 128256, 128256, 128256, 128256, 128256, 128256, 128256, 128256, 128256, 128256, 128256, 128256, 128256, 128256, 128256, 128256, 128256, 128256, 128256, 128256, 128256, 128256, 128256, 128256, 128256, 128256, 128256, 128256, 128256, 128256, 128256, 128256, 128256, 128256, 128256, 128256, 128256, 128256, 128256, 128256, 128256, 128256, 128256, 128256, 128256, 128256, 128256, 128256, 128256, 128256, 128256, 128256, 128256, 128256, 128256, 128256, 128256, 128256, 128256, 128256, 128256, 128256, 128256, 128256, 128256, 128256, 128256, 128256, 128256, 128256, 128256, 128256, 128256, 128256, 128256, 128256, 128256, 128256, 128256, 128256, 128256, 128256, 128256, 128256, 128256, 128256, 128256, 128256, 128256, 128256, 128256, 128256, 128256, 128256, 128256, 128256, 128256, 128256, 128256, 128256, 128256, 128256, 128256, 128256, 128256, 128256, 128256, 128256, 128256, 128256, 128256, 128256, 128256, 128256, 128256, 128256, 128256, 128256, 128256, 128256, 128256, 128256, 128256, 128256, 128256, 128256, 128256, 128256, 128256, 128256, 128256, 128256, 128256, 128256, 128256, 128256, 128256, 128256, 128256, 128256, 128256, 128256, 128256, 128256, 128256, 128256, 128256, 128256, 128256, 128256, 128256, 128256, 128256, 128256, 128256, 128256, 128256, 128256, 128256, 128256, 128256, 128256, 128256, 128256, 128256, 128256, 128256, 128256, 128256, 128256, 128256, 128256, 128256, 128256, 128256, 128256, 128256, 128256], 'labels': [-100, -100, -100, -100, -100, -100, -100, -100, -100, -100, -100, -100, -100, -100, -100, -100, -100, -100, -100, -100, -100, -100, -100, -100, -100, -100, -100, -100, -100, -100, -100, -100, -100, -100, -100, -100, -100, -100, -100, -100, -100, -100, -100, -100, -100, -100, -100, -100, -100, -100, -100, -100, -100, -100, -100, -100, -100, -100, -100, -100, -100, -100, -100, -100, -100, -100, -100, -100, -100, -100, -100, -100, -100, -100, -100, -100, -100, -100, -100, -100, -100, -100, -100, -100, -100, -100, -100, -100, -100, -100, -100, -100, -100, -100, -100, -100, -100, -100, -100, -100, -100, -100, -100, -100, -100, -100, -100, -100, -100, -100, -100, -100, -100, -100, -100, -100, -100, -100, -100, -100, -100, -100, -100, -100, -100, -100, -100, -100, -100, -100, -100, -100, -100, -100, -100, -100, -100, -100, -100, -100, -100, -100, -100, -100, -100, -100, -100, -100, -100, -100, -100, -100, -100, -100, -100, -100, -100, -100, -100, -100, -100, -100, -100, -100, -100, -100, -100, -100, -100, -100, -100, -100, -100, -100, -100, -100, -100, -100, -100, -100, -100, -100, -100, -100, -100, -100, -100, -100, -100, -100, -100, -100, -100, -100, -100, -100, -100, -100, -100, -100, -100, -100, -100, -100, -100, -100, -100, -100, -100, -100, -100, -100, -100, -100, -100, -100, -100, -100, -100, -100, -100, -100, -100, -100, -100, -100, -100, -100, -100, -100, -100, -100, -100, -100, -100, -100, -100, -100, -100, -100, -100, -100, -100, -100, -100, -100, -100, -100, -100, -100, -100, -100, -100, -100, -100, -100, -100, -100, -100, -100, -100, -100, -100, -100, -100, -100, -100, -100, -100, -100, -100, -100, -100, -100, -100, -100, -100, -100, -100, -100, -100, -100, -100, -100, 128000, 82389, 507, 441, 4842, 677, 2176, 14861, 922, 220, 20785, 9518, 8931, 482, 20721, 33, 12, 922, 4376, 279, 1404, 315, 50981, 10951, 482, 8268, 33, 12, 662, 220, 128009, -100, -100, -100, -100, -100, -100, -100, -100, -100, -100, -100, -100, -100, -100, -100, -100, -100, -100, -100, -100, -100, -100, -100, -100, -100, -100, -100, -100, -100, -100, -100, -100, -100, -100, -100, -100, -100, -100, -100, -100, -100, -100, -100, -100, -100, -100, -100, -100, -100, -100, -100, -100, -100, -100, -100, -100, -100, -100, -100, -100, -100, -100, -100, -100, -100, -100, -100, -100, -100, -100, -100, -100, -100, -100, -100, -100, -100, -100, -100, -100, -100, -100, -100, -100, -100, -100, -100, -100, -100, -100, -100, -100, -100, -100, -100, -100, -100, -100, -100, -100, -100, -100, -100, -100, -100, -100, -100, -100, -100, -100, -100, -100, -100, -100, -100, -100, -100, -100, -100, -100, -100, -100, -100, -100, -100, -100, -100, -100, -100, -100, -100, -100, -100, -100, -100, -100, -100, -100, -100, -100, -100, -100, -100, -100, -100, -100, -100, -100, -100, -100, -100, -100, -100, -100, -100, -100, -100, -100, -100, -100, -100, -100, -100, -100, -100, -100, -100, -100, -100, -100, -100, -100, -100, -100, -100, -100, -100, -100, -100, -100, -100, -100, -100, -100, -100, -100, -100, -100, -100, -100, -100, -100, -100, -100, -100, -100, -100], 'attention_mask': [1, 1, 1, 1, 1, 1, 1, 1, 1, 1, 1, 1, 1, 1, 1, 1, 1, 1, 1, 1, 1, 1, 1, 1, 1, 1, 1, 1, 1, 1, 1, 1, 1, 1, 1, 1, 1, 1, 1, 1, 1, 1, 1, 1, 1, 1, 1, 1, 1, 1, 1, 1, 1, 1, 1, 1, 1, 1, 1, 1, 1, 1, 1, 1, 1, 1, 1, 1, 1, 1, 1, 1, 1, 1, 1, 1, 1, 1, 1, 1, 1, 1, 1, 1, 1, 1, 1, 1, 1, 1, 1, 1, 1, 1, 1, 1, 1, 1, 1, 1, 1, 1, 1, 1, 1, 1, 1, 1, 1, 1, 1, 1, 1, 1, 1, 1, 1, 1, 1, 1, 1, 1, 1, 1, 1, 1, 1, 1, 1, 1, 1, 1, 1, 1, 1, 1, 1, 1, 1, 1, 1, 1, 1, 1, 1, 1, 1, 1, 1, 1, 1, 1, 1, 1, 1, 1, 1, 1, 1, 1, 1, 1, 1, 1, 1, 1, 1, 1, 1, 1, 1, 1, 1, 1, 1, 1, 1, 1, 1, 1, 1, 1, 1, 1, 1, 1, 1, 1, 1, 1, 1, 1, 1, 1, 1, 1, 1, 1, 1, 1, 1, 1, 1, 1, 1, 1, 1, 1, 1, 1, 1, 1, 1, 1, 1, 1, 1, 1, 1, 1, 1, 1, 1, 1, 1, 1, 1, 1, 1, 1, 1, 1, 1, 1, 1, 1, 1, 1, 1, 1, 1, 1, 1, 1, 1, 1, 1, 1, 1, 1, 1, 1, 1, 1, 1, 1, 1, 1, 1, 1, 1, 1, 1, 1, 1, 1, 1, 1, 1, 1, 1, 1, 1, 1, 1, 1, 1, 1, 1, 1, 1, 1, 1, 1, 1, 1, 1, 1, 1, 1, 1, 1, 1, 1, 1, 1, 1, 1, 1, 1, 1, 1, 1, 1, 1, 1, 1, 1, 1, 1, 1, 1, 1, 1, 1, 0, 0, 0, 0, 0, 0, 0, 0, 0, 0, 0, 0, 0, 0, 0, 0, 0, 0, 0, 0, 0, 0, 0, 0, 0, 0, 0, 0, 0, 0, 0, 0, 0, 0, 0, 0, 0, 0, 0, 0, 0, 0, 0, 0, 0, 0, 0, 0, 0, 0, 0, 0, 0, 0, 0, 0, 0, 0, 0, 0, 0, 0, 0, 0, 0, 0, 0, 0, 0, 0, 0, 0, 0, 0, 0, 0, 0, 0, 0, 0, 0, 0, 0, 0, 0, 0, 0, 0, 0, 0, 0, 0, 0, 0, 0, 0, 0, 0, 0, 0, 0, 0, 0, 0, 0, 0, 0, 0, 0, 0, 0, 0, 0, 0, 0, 0, 0, 0, 0, 0, 0, 0, 0, 0, 0, 0, 0, 0, 0, 0, 0, 0, 0, 0, 0, 0, 0, 0, 0, 0, 0, 0, 0, 0, 0, 0, 0, 0, 0, 0, 0, 0, 0, 0, 0, 0, 0, 0, 0, 0, 0, 0, 0, 0, 0, 0, 0, 0, 0, 0, 0, 0, 0, 0, 0, 0, 0, 0, 0, 0, 0, 0, 0, 0, 0, 0, 0, 0, 0, 0, 0, 0, 0, 0, 0, 0, 0]}
type of input_ids: <class 'list'>
type of labels: <class 'list'>

--- DEBUG: Tokenized fields ---
--- Tokenizer vocab size: 128000
--- input_ids: [128000, 128000, 128006, 9125, 128007, 271, 38766, 1303, 33025, 2696, 25, 6790, 220, 2366, 18, 198, 15724, 2696, 25, 220, 1627, 10263, 220, 2366, 19, 271, 2675, 527, 264, 11190, 6335, 304, 1495, 15858, 2461, 13, 1472, 7068, 264, 44899, 2373, 315, 279, 1495, 1988, 555, 279, 1217, 13, 1472, 40821, 279, 1495, 4184, 311, 279, 11470, 2728, 555, 279, 1217, 13, 3277, 4691, 311, 40821, 264, 1495, 11, 7068, 1193, 279, 11472, 15858, 2461, 11, 2085, 904, 5217, 6170, 11, 8554, 477, 41941, 13, 128009, 128006, 882, 128007, 271, 691, 58555, 25, 62342, 1463, 279, 2768, 1495, 1778, 430, 279, 3160, 315, 279, 2612, 1495, 320, 4174, 315, 5885, 8, 8844, 311, 279, 2592, 1495, 374, 13489, 6273, 311, 279, 11595, 5300, 304, 279, 2585, 4037, 22033, 2954, 311, 701, 8066, 15858, 2461, 13, 578, 2585, 4037, 706, 279, 2768, 3645, 25, 366, 45975, 37078, 28, 24771, 14611, 720, 44098, 16139, 25, 59787, 1174, 279, 2361, 574, 5762, 555, 14594, 19048, 11046, 505, 279, 9886, 315, 279, 3560, 389, 220, 19, 3297, 220, 1049, 15, 3156, 813, 50787, 555, 11605, 6905, 3337, 95179, 3579, 25, 578, 366, 15594, 15318, 82763, 28, 15, 13, 1227, 29, 4037, 30202, 430, 279, 3752, 11852, 26168, 4478, 1288, 387, 2212, 220, 15, 13, 1227, 13, 26028, 2753, 1109, 220, 16, 13519, 1495, 14278, 13, 26028, 7191, 1109, 220, 16, 13519, 1495, 14800, 13, 128009, 128006, 78191, 128007, 271, 27, 15594, 15318, 82763, 28, 15, 13, 1227, 29, 128009, 128000, 791, 1176, 16689, 22868, 315, 7295, 374, 14594, 19048, 11046, 1174, 889, 574, 312, 96805, 304, 220, 1049, 19, 662, 220, 128009, 128256, 128256, 128256, 128256, 128256, 128256, 128256, 128256, 128256, 128256, 128256, 128256, 128256, 128256, 128256, 128256, 128256, 128256, 128256, 128256, 128256, 128256, 128256, 128256, 128256, 128256, 128256, 128256, 128256, 128256, 128256, 128256, 128256, 128256, 128256, 128256, 128256, 128256, 128256, 128256, 128256, 128256, 128256, 128256, 128256, 128256, 128256, 128256, 128256, 128256, 128256, 128256, 128256, 128256, 128256, 128256, 128256, 128256, 128256, 128256, 128256, 128256, 128256, 128256, 128256, 128256, 128256, 128256, 128256, 128256, 128256, 128256, 128256, 128256, 128256, 128256, 128256, 128256, 128256, 128256, 128256, 128256, 128256, 128256, 128256, 128256, 128256, 128256, 128256, 128256, 128256, 128256, 128256, 128256, 128256, 128256, 128256, 128256, 128256, 128256, 128256, 128256, 128256, 128256, 128256, 128256, 128256, 128256, 128256, 128256, 128256, 128256, 128256, 128256, 128256, 128256, 128256, 128256, 128256, 128256, 128256, 128256, 128256, 128256, 128256, 128256, 128256, 128256, 128256, 128256, 128256, 128256, 128256, 128256, 128256, 128256, 128256, 128256, 128256, 128256, 128256, 128256, 128256, 128256, 128256, 128256, 128256, 128256, 128256, 128256, 128256, 128256, 128256, 128256, 128256, 128256, 128256, 128256, 128256, 128256, 128256, 128256, 128256, 128256, 128256, 128256, 128256, 128256, 128256, 128256, 128256, 128256, 128256, 128256, 128256, 128256, 128256, 128256, 128256, 128256, 128256, 128256, 128256, 128256, 128256, 128256, 128256, 128256, 128256, 128256, 128256, 128256, 128256, 128256, 128256, 128256, 128256, 128256, 128256, 128256, 128256, 128256, 128256, 128256, 128256, 128256, 128256, 128256, 128256, 128256, 128256, 128256, 128256, 128256, 128256, 128256, 128256, 128256, 128256, 128256, 128256, 128256, 128256, 128256, 128256, 128256, 128256, 128256, 128256, 128256, 128256, 128256, 128256, 128256, 128256, 128256, 128256, 128256, 128256, 128256, 128256, 128256, 128256, 128256]
--- labels: [-100, -100, -100, -100, -100, -100, -100, -100, -100, -100, -100, -100, -100, -100, -100, -100, -100, -100, -100, -100, -100, -100, -100, -100, -100, -100, -100, -100, -100, -100, -100, -100, -100, -100, -100, -100, -100, -100, -100, -100, -100, -100, -100, -100, -100, -100, -100, -100, -100, -100, -100, -100, -100, -100, -100, -100, -100, -100, -100, -100, -100, -100, -100, -100, -100, -100, -100, -100, -100, -100, -100, -100, -100, -100, -100, -100, -100, -100, -100, -100, -100, -100, -100, -100, -100, -100, -100, -100, -100, -100, -100, -100, -100, -100, -100, -100, -100, -100, -100, -100, -100, -100, -100, -100, -100, -100, -100, -100, -100, -100, -100, -100, -100, -100, -100, -100, -100, -100, -100, -100, -100, -100, -100, -100, -100, -100, -100, -100, -100, -100, -100, -100, -100, -100, -100, -100, -100, -100, -100, -100, -100, -100, -100, -100, -100, -100, -100, -100, -100, -100, -100, -100, -100, -100, -100, -100, -100, -100, -100, -100, -100, -100, -100, -100, -100, -100, -100, -100, -100, -100, -100, -100, -100, -100, -100, -100, -100, -100, -100, -100, -100, -100, -100, -100, -100, -100, -100, -100, -100, -100, -100, -100, -100, -100, -100, -100, -100, -100, -100, -100, -100, -100, -100, -100, -100, -100, -100, -100, -100, -100, -100, -100, -100, -100, -100, -100, -100, -100, -100, -100, -100, -100, -100, -100, -100, -100, -100, -100, -100, -100, -100, -100, -100, -100, -100, -100, -100, -100, -100, -100, -100, -100, -100, -100, -100, 128000, 791, 1176, 16689, 22868, 315, 7295, 374, 14594, 19048, 11046, 1174, 889, 574, 312, 96805, 304, 220, 1049, 19, 662, 220, 128009, -100, -100, -100, -100, -100, -100, -100, -100, -100, -100, -100, -100, -100, -100, -100, -100, -100, -100, -100, -100, -100, -100, -100, -100, -100, -100, -100, -100, -100, -100, -100, -100, -100, -100, -100, -100, -100, -100, -100, -100, -100, -100, -100, -100, -100, -100, -100, -100, -100, -100, -100, -100, -100, -100, -100, -100, -100, -100, -100, -100, -100, -100, -100, -100, -100, -100, -100, -100, -100, -100, -100, -100, -100, -100, -100, -100, -100, -100, -100, -100, -100, -100, -100, -100, -100, -100, -100, -100, -100, -100, -100, -100, -100, -100, -100, -100, -100, -100, -100, -100, -100, -100, -100, -100, -100, -100, -100, -100, -100, -100, -100, -100, -100, -100, -100, -100, -100, -100, -100, -100, -100, -100, -100, -100, -100, -100, -100, -100, -100, -100, -100, -100, -100, -100, -100, -100, -100, -100, -100, -100, -100, -100, -100, -100, -100, -100, -100, -100, -100, -100, -100, -100, -100, -100, -100, -100, -100, -100, -100, -100, -100, -100, -100, -100, -100, -100, -100, -100, -100, -100, -100, -100, -100, -100, -100, -100, -100, -100, -100, -100, -100, -100, -100, -100, -100, -100, -100, -100, -100, -100, -100, -100, -100, -100, -100, -100, -100, -100, -100, -100, -100, -100, -100, -100, -100, -100, -100, -100, -100, -100, -100, -100, -100, -100, -100, -100, -100, -100, -100, -100, -100, -100, -100, -100, -100, -100, -100, -100, -100, -100, -100, -100, -100, -100, -100, -100, -100, -100, -100, -100, -100, -100, -100, -100]
--- decoded input_ids:
 <|begin_of_text|><|begin_of_text|><|start_header_id|>system<|end_header_id|>

Cutting Knowledge Date: December 2023
Today Date: 26 Jul 2024

You are a helpful expert in text simplification. You generate a simplified version of the text input by the user. You simplify the text according to the instructions given by the user. When asked to simplify a text, generate only the requested simplification, without any additional comments, notes or explanations.<|eot_id|><|start_header_id|>user<|end_header_id|>

INSTRUCTION: Simplify the following text such that the length of the output text (number of characters) relative to the source text is approximately equal to the ratio specified in the control token prepended to your generated simplification. The control token has the following format: <METRIC=VALUE>. 
SOURCE TEXT: Previously, the position was held by Ken Livingstone from the creation of the role on 4 May 2000 until his succession by Johnson.

EXPLANATION: The <CHAR_COMPRESSION=0.64> token specifies that the character-level compression rate should be around 0.64. Values less than 1 indicate text reduction. Values greater than 1 indicate text expansion.<|eot_id|><|start_header_id|>assistant<|end_header_id|>

<CHAR_COMPRESSION=0.64><|eot_id|><|begin_of_text|>The first elected Mayor of London is Ken Livingstone, who was re-elected in 2004. <|eot_id|>[PAD][PAD][PAD][PAD][PAD][PAD][PAD][PAD][PAD][PAD][PAD][PAD][PAD][PAD][PAD][PAD][PAD][PAD][PAD][PAD][PAD][PAD][PAD][PAD][PAD][PAD][PAD][PAD][PAD][PAD][PAD][PAD][PAD][PAD][PAD][PAD][PAD][PAD][PAD][PAD][PAD][PAD][PAD][PAD][PAD][PAD][PAD][PAD][PAD][PAD][PAD][PAD][PAD][PAD][PAD][PAD][PAD][PAD][PAD][PAD][PAD][PAD][PAD][PAD][PAD][PAD][PAD][PAD][PAD][PAD][PAD][PAD][PAD][PAD][PAD][PAD][PAD][PAD][PAD][PAD][PAD][PAD][PAD][PAD][PAD][PAD][PAD][PAD][PAD][PAD][PAD][PAD][PAD][PAD][PAD][PAD][PAD][PAD][PAD][PAD][PAD][PAD][PAD][PAD][PAD][PAD][PAD][PAD][PAD][PAD][PAD][PAD][PAD][PAD][PAD][PAD][PAD][PAD][PAD][PAD][PAD][PAD][PAD][PAD][PAD][PAD][PAD][PAD][PAD][PAD][PAD][PAD][PAD][PAD][PAD][PAD][PAD][PAD][PAD][PAD][PAD][PAD][PAD][PAD][PAD][PAD][PAD][PAD][PAD][PAD][PAD][PAD][PAD][PAD][PAD][PAD][PAD][PAD][PAD][PAD][PAD][PAD][PAD][PAD][PAD][PAD][PAD][PAD][PAD][PAD][PAD][PAD][PAD][PAD][PAD][PAD][PAD][PAD][PAD][PAD][PAD][PAD][PAD][PAD][PAD][PAD][PAD][PAD][PAD][PAD][PAD][PAD][PAD][PAD][PAD][PAD][PAD][PAD][PAD][PAD][PAD][PAD][PAD][PAD][PAD][PAD][PAD][PAD][PAD][PAD][PAD][PAD][PAD][PAD][PAD][PAD][PAD][PAD][PAD][PAD][PAD][PAD][PAD][PAD][PAD][PAD][PAD][PAD][PAD][PAD][PAD][PAD][PAD][PAD][PAD][PAD][PAD][PAD][PAD][PAD][PAD][PAD][PAD][PAD]
--- decoded labels:
 The first elected Mayor of London is Ken Livingstone, who was re-elected in 2004. 
{'loss': 2.9541, 'grad_norm': 4.139976978302002, 'learning_rate': 3e-05, 'epoch': 0.11}
{'eval_loss': 3.006068229675293, 'eval_runtime': 14.0212, 'eval_samples_per_second': 13.052, 'eval_steps_per_second': 3.281, 'epoch': 0.11}

>>> [Step 20] Prompt:
<|begin_of_text|><|start_header_id|>system<|end_header_id|>

Cutting Knowledge Date: December 2023
Today Date: 26 Jul 2024

You are a helpful assistant. You are an expert in controlled text simplification. When you receive a text, you simplify it by rewriting it in a manner that is easier to read. Your simplification is guided by the simplification criteria specified by the user. You generate only the simplification result, without any additional comments or explanations.<|eot_id|><|start_header_id|>user<|end_header_id|>

INSTRUCTION: Simplify the following text such that the length of the output text (number of characters) relative to the source text is approximately equal to the ratio specified in the control token prepended to your generated simplification. The control token has the following format: <METRIC=VALUE>. 
SOURCE TEXT: Sedimentary rock is one of the three main rock types -LRB- the others being igneous and metamorphic rock -RRB- .

EXPLANATION: The <CHAR_COMPRESSION=0.58> token specifies that the character-level compression rate should be around 0.58. Values less than 1 indicate text reduction. Values greater than 1 indicate text expansion.<|eot_id|><|start_header_id|>assistant<|end_header_id|>

<CHAR_COMPRESSION=0.58><|eot_id|>
>>> Reference:
Other types of rock are igneous rock and metamorphic rock -RRB- . <|eot_id|>
>>> Prediction:
Sedimentary rock is one of the three main rock types -LRB- the others being igneous and metamorphic rock -RRB-.
================================================================================

>>> [Step 20] Prompt:
<|begin_of_text|><|start_header_id|>system<|end_header_id|>

Cutting Knowledge Date: December 2023
Today Date: 26 Jul 2024

You are a helpful text simplification assistant. You are not only an expert in simplifying texts for different readerships, but you are also very good at adapting texts according to the exact needs of the user. You output only the simplified text, no further notes or comments allowed.<|eot_id|><|start_header_id|>user<|end_header_id|>

INSTRUCTION: Simplify the following text such that the length of the output text (number of characters) relative to the source text is approximately equal to the ratio specified in the control token prepended to your generated simplification. The control token has the following format: <METRIC=VALUE>. 
SOURCE TEXT: Geography The town lies in the Limmat valley between Baden and Zürich .

EXPLANATION: The <CHAR_COMPRESSION=1.07> token specifies that the character-level compression rate should be around 1.07. Values less than 1 indicate text reduction. Values greater than 1 indicate text expansion.<|eot_id|><|start_header_id|>assistant<|end_header_id|>

<CHAR_COMPRESSION=1.07><|eot_id|>
>>> Reference:
Geographically the town lies in the Limmat valley between Baden and Zurich . <|eot_id|>
>>> Prediction:

================================================================================

>>> [Step 20] Prompt:
<|begin_of_text|><|start_header_id|>system<|end_header_id|>

Cutting Knowledge Date: December 2023
Today Date: 26 Jul 2024

You are a helpful expert in text simplification. You generate a simplified version of the text input by the user. You simplify the text according to the instructions given by the user. When asked to simplify a text, generate only the requested simplification, without any additional comments, notes or explanations.<|eot_id|><|start_header_id|>user<|end_header_id|>

INSTRUCTION: Simplify the following text such that the length of the output text (number of characters) relative to the source text is approximately equal to the ratio specified in the control token prepended to your generated simplification. The control token has the following format: <METRIC=VALUE>. 
SOURCE TEXT: Samael is shown as a recurring recruitable character in the Megami Tensei video game series .

EXPLANATION: The <CHAR_COMPRESSION=0.94> token specifies that the character-level compression rate should be around 0.94. Values less than 1 indicate text reduction. Values greater than 1 indicate text expansion.<|eot_id|><|start_header_id|>assistant<|end_header_id|>

<CHAR_COMPRESSION=0.94><|eot_id|>
>>> Reference:
Popular culture Samael is shown as a character in the Megami Tensei video game series . <|eot_id|>
>>> Prediction:
 Samael is shown as a recurring recruitable character in the Megami Tensei video game series.
================================================================================

>>> [Step 20] Prompt:
<|begin_of_text|><|start_header_id|>system<|end_header_id|>

Cutting Knowledge Date: December 2023
Today Date: 26 Jul 2024

You are a helpful assistant. You are very good at simplifying texts. When you receive a text for simplification, you simplify it according to the instructions given by the user. Generate only the simplification, without any comments or notes.<|eot_id|><|start_header_id|>user<|end_header_id|>

INSTRUCTION: Simplify the following text such that the length of the output text (number of characters) relative to the source text is approximately equal to the ratio specified in the control token prepended to your generated simplification. The control token has the following format: <METRIC=VALUE>. 
SOURCE TEXT: He went on to play supporting roles starring alongside Viggo Mortensen and Ashley Judd in Philip Ridley 's The Passion of Darkly Noon -LRB- 1995 -RRB- and Jennifer Beals in The Twilight of the Golds -LRB- 1997 -RRB- .

EXPLANATION: The <CHAR_COMPRESSION=0.95> token specifies that the character-level compression rate should be around 0.95. Values less than 1 indicate text reduction. Values greater than 1 indicate text expansion.<|eot_id|><|start_header_id|>assistant<|end_header_id|>

<CHAR_COMPRESSION=0.95><|eot_id|>
>>> Reference:
He then acted in smaller parts with Viggo Mortensen and Ashley Judd in Philip Ridley 's The Passion of Darkly Noon in -LRB- 1995 -RRB- , and Jennifer Beals in The Twilight of the Golds in -LRB- 1997 -RRB- . <|eot_id|>
>>> Prediction:
He played supporting roles alongside Viggo Mortensen and Ashley Judd in The Passion of Darkly Noon -LRB- 1995 -RRB- and Jennifer Beals in The Twilight of the Golds -LRB- 1997 -RRB-.
================================================================================
{'loss': 2.4946, 'grad_norm': 3.330467462539673, 'learning_rate': 6.333333333333333e-05, 'epoch': 0.22}
{'eval_loss': 2.2830324172973633, 'eval_runtime': 14.0336, 'eval_samples_per_second': 13.04, 'eval_steps_per_second': 3.278, 'epoch': 0.22}
{'loss': 1.8485, 'grad_norm': 3.727480888366699, 'learning_rate': 9.666666666666667e-05, 'epoch': 0.33}
{'eval_loss': 1.350295901298523, 'eval_runtime': 14.0118, 'eval_samples_per_second': 13.06, 'eval_steps_per_second': 3.283, 'epoch': 0.33}

>>> [Step 40] Prompt:
<|begin_of_text|><|start_header_id|>system<|end_header_id|>

Cutting Knowledge Date: December 2023
Today Date: 26 Jul 2024

You are a helpful text simplification assistant. You are not only an expert in simplifying texts for different readerships, but you are also very good at adapting texts according to the exact needs of the user. You output only the simplified text, no further notes or comments allowed.<|eot_id|><|start_header_id|>user<|end_header_id|>

INSTRUCTION: Simplify the following text such that the length of the output text (number of characters) relative to the source text is approximately equal to the ratio specified in the control token prepended to your generated simplification. The control token has the following format: <METRIC=VALUE>. 
SOURCE TEXT: Libby 's two and a half year prison sentence was later commuted by President Bush , though the other facet of his sentence -LRB- $ 250,000 fine -RRB- stood and was duly paid .

EXPLANATION: The <CHAR_COMPRESSION=1.16> token specifies that the character-level compression rate should be around 1.16. Values less than 1 indicate text reduction. Values greater than 1 indicate text expansion.<|eot_id|><|start_header_id|>assistant<|end_header_id|>

<CHAR_COMPRESSION=1.16><|eot_id|>
>>> Reference:
Libby 's two and a half year prison sentence was later commuted by President Bush , though the other facet of his sentence -LRB- $ 250,000 fine -RRB- stands until Libby 's appeals were to be considered . <|eot_id|>
>>> Prediction:
defendant in the case, Libby, was a former aide to Vice President Dick Cheney. 
================================================================================

>>> [Step 40] Prompt:
<|begin_of_text|><|start_header_id|>system<|end_header_id|>

Cutting Knowledge Date: December 2023
Today Date: 26 Jul 2024

You are a helpful assistant. You are an expert in controlled text simplification. When you receive a text, you simplify it by rewriting it in a manner that is easier to read. Your simplification is guided by the simplification criteria specified by the user. You generate only the simplification result, without any additional comments or explanations.<|eot_id|><|start_header_id|>user<|end_header_id|>

INSTRUCTION: Simplify the following text such that the length of the output text (number of characters) relative to the source text is approximately equal to the ratio specified in the control token prepended to your generated simplification. The control token has the following format: <METRIC=VALUE>. 
SOURCE TEXT: On September 25 , 2008 , the United States Office of Thrift Supervision -LRB- OTS -RRB- seized Washington Mutual Bank from Washington Mutual , Inc. and placed it into the receivership of the Federal Deposit Insurance Corporation -LRB- FDIC -RRB- .

EXPLANATION: The <CHAR_COMPRESSION=0.09> token specifies that the character-level compression rate should be around 0.09. Values less than 1 indicate text reduction. Values greater than 1 indicate text expansion.<|eot_id|><|start_header_id|>assistant<|end_header_id|>

<CHAR_COMPRESSION=0.09><|eot_id|>
>>> Reference:
September 26 , 2008 . <|eot_id|>
>>> Prediction:
Question : On September 25, 2008, the U.S. Office of Thrift Supervision -LRB- OTS -RRB- seized Washington Mutual Bank from Washington Mutual, Inc. and placed it into the receivership of the Federal Deposit Insurance Corporation -LRB- FDIC -RRB-. 
================================================================================

>>> [Step 40] Prompt:
<|begin_of_text|><|start_header_id|>system<|end_header_id|>

Cutting Knowledge Date: December 2023
Today Date: 26 Jul 2024

You are a helpful assistant. You are an expert in controlled text simplification. When you receive a text, you simplify it by rewriting it in a manner that is easier to read. Your simplification is guided by the simplification criteria specified by the user. You generate only the simplification result, without any additional comments or explanations.<|eot_id|><|start_header_id|>user<|end_header_id|>

INSTRUCTION: Simplify the following text such that the length of the output text (number of characters) relative to the source text is approximately equal to the ratio specified in the control token prepended to your generated simplification. The control token has the following format: <METRIC=VALUE>. 
SOURCE TEXT: The older Soviet-era Russian version of its name , Alma-Ata , originates from a mistake -LRB- the name literally means '' Grandfather of apples '' -RRB- .

EXPLANATION: The <CHAR_COMPRESSION=0.95> token specifies that the character-level compression rate should be around 0.95. Values less than 1 indicate text reduction. Values greater than 1 indicate text expansion.<|eot_id|><|start_header_id|>assistant<|end_header_id|>

<CHAR_COMPRESSION=0.95><|eot_id|>
>>> Reference:
The older Soviet-era Russian name for the city , Alma-Ata , comes from a mistake -LRB- the name literally means '' Grandfather of apples '' -RRB- . <|eot_id|>
>>> Prediction:
importance of the city 
================================================================================

>>> [Step 40] Prompt:
<|begin_of_text|><|start_header_id|>system<|end_header_id|>

Cutting Knowledge Date: December 2023
Today Date: 26 Jul 2024

You are an expert in text simplification. When you receive a text for simplification, you generate a simplified version of that text. You carefully study the simplification criteria specified by the user and adapt the text accordingly. Please generate only the simplified text, no other notes or explanations allowed.<|eot_id|><|start_header_id|>user<|end_header_id|>

INSTRUCTION: Simplify the following text such that the length of the output text (number of characters) relative to the source text is approximately equal to the ratio specified in the control token prepended to your generated simplification. The control token has the following format: <METRIC=VALUE>. 
SOURCE TEXT: The state is a political and geopolitical entity ; the nation is a cultural and\/or ethnic entity .

EXPLANATION: The <CHAR_COMPRESSION=0.83> token specifies that the character-level compression rate should be around 0.83. Values less than 1 indicate text reduction. Values greater than 1 indicate text expansion.<|eot_id|><|start_header_id|>assistant<|end_header_id|>

<CHAR_COMPRESSION=0.83><|eot_id|>
>>> Reference:
The state is a political entity ; the nation is a cultural and\/or ethnic entity . <|eot_id|>
>>> Prediction:
Question: What is the difference between a state and a nation? 
================================================================================
{'loss': 1.1152, 'grad_norm': 1.2386835813522339, 'learning_rate': 9.967010448798375e-05, 'epoch': 0.43}
{'eval_loss': 1.1378166675567627, 'eval_runtime': 14.0161, 'eval_samples_per_second': 13.056, 'eval_steps_per_second': 3.282, 'epoch': 0.43}
{'loss': 1.0884, 'grad_norm': 1.1513168811798096, 'learning_rate': 9.853531272148249e-05, 'epoch': 0.54}
{'eval_loss': 1.09804368019104, 'eval_runtime': 14.0126, 'eval_samples_per_second': 13.06, 'eval_steps_per_second': 3.283, 'epoch': 0.54}

>>> [Step 60] Prompt:
<|begin_of_text|><|start_header_id|>system<|end_header_id|>

Cutting Knowledge Date: December 2023
Today Date: 26 Jul 2024

You are an expert in text simplification. When you receive a text for simplification, you generate a simplified version of that text. You carefully study the simplification criteria specified by the user and adapt the text accordingly. Please generate only the simplified text, no other notes or explanations allowed.<|eot_id|><|start_header_id|>user<|end_header_id|>

INSTRUCTION: Simplify the following text such that the length of the output text (number of characters) relative to the source text is approximately equal to the ratio specified in the control token prepended to your generated simplification. The control token has the following format: <METRIC=VALUE>. 
SOURCE TEXT: Northern Arizona University , Flagstaff and 38 statewide locations

EXPLANATION: The <CHAR_COMPRESSION=0.24> token specifies that the character-level compression rate should be around 0.24. Values less than 1 indicate text reduction. Values greater than 1 indicate text expansion.<|eot_id|><|start_header_id|>assistant<|end_header_id|>

<CHAR_COMPRESSION=0.24><|eot_id|>
>>> Reference:
Cochise College <|eot_id|>
>>> Prediction:
We are a public research university in Flagstaff, Arizona. 
================================================================================

>>> [Step 60] Prompt:
<|begin_of_text|><|start_header_id|>system<|end_header_id|>

Cutting Knowledge Date: December 2023
Today Date: 26 Jul 2024

You are a helpful expert in text simplification. You generate a simplified version of the text input by the user. You simplify the text according to the instructions given by the user. When asked to simplify a text, generate only the requested simplification, without any additional comments, notes or explanations.<|eot_id|><|start_header_id|>user<|end_header_id|>

INSTRUCTION: Simplify the following text such that the length of the output text (number of characters) relative to the source text is approximately equal to the ratio specified in the control token prepended to your generated simplification. The control token has the following format: <METRIC=VALUE>. 
SOURCE TEXT: Early history At the time of the Domesday Book in 1086 parts of the county were considered to either form part of Yorkshire or be within the separate kingdom of Scotland , having historically been associated with the Kingdom of Strathclyde .

EXPLANATION: The <CHAR_COMPRESSION=0.43> token specifies that the character-level compression rate should be around 0.43. Values less than 1 indicate text reduction. Values greater than 1 indicate text expansion.<|eot_id|><|start_header_id|>assistant<|end_header_id|>

<CHAR_COMPRESSION=0.43><|eot_id|>
>>> Reference:
Early history At the time of the Domesday Book in 1086 the county was said to form part of Yorkshire . <|eot_id|>
>>> Prediction:
Title = Domesday Book of Cumbria 
================================================================================

>>> [Step 60] Prompt:
<|begin_of_text|><|start_header_id|>system<|end_header_id|>

Cutting Knowledge Date: December 2023
Today Date: 26 Jul 2024

You are a helpful text simplification assistant. You are not only an expert in simplifying texts for different readerships, but you are also very good at adapting texts according to the exact needs of the user. You output only the simplified text, no further notes or comments allowed.<|eot_id|><|start_header_id|>user<|end_header_id|>

INSTRUCTION: Simplify the following text such that the length of the output text (number of characters) relative to the source text is approximately equal to the ratio specified in the control token prepended to your generated simplification. The control token has the following format: <METRIC=VALUE>. 
SOURCE TEXT: This also marked the first time that all three New York NHL teams made the playoffs in the same season .

EXPLANATION: The <CHAR_COMPRESSION=1.11> token specifies that the character-level compression rate should be around 1.11. Values less than 1 indicate text reduction. Values greater than 1 indicate text expansion.<|eot_id|><|start_header_id|>assistant<|end_header_id|>

<CHAR_COMPRESSION=1.11><|eot_id|>
>>> Reference:
This also marked the first time that all three New York City metro area teams made the playoffs in the same season . <|eot_id|>
>>> Prediction:
In the 2007 - 08 season, all three of New York's NHL teams made the playoffs for the first time since 1993. 
================================================================================

>>> [Step 60] Prompt:
<|begin_of_text|><|start_header_id|>system<|end_header_id|>

Cutting Knowledge Date: December 2023
Today Date: 26 Jul 2024

You are a helpful text simplification assistant. You are not only an expert in simplifying texts for different readerships, but you are also very good at adapting texts according to the exact needs of the user. You output only the simplified text, no further notes or comments allowed.<|eot_id|><|start_header_id|>user<|end_header_id|>

INSTRUCTION: Simplify the following text such that the length of the output text (number of characters) relative to the source text is approximately equal to the ratio specified in the control token prepended to your generated simplification. The control token has the following format: <METRIC=VALUE>. 
SOURCE TEXT: In this way , Chadwick prepared the way towards the fission of uranium 235 .

EXPLANATION: The <CHAR_COMPRESSION=1.57> token specifies that the character-level compression rate should be around 1.57. Values less than 1 indicate text reduction. Values greater than 1 indicate text expansion.<|eot_id|><|start_header_id|>assistant<|end_header_id|>

<CHAR_COMPRESSION=1.57><|eot_id|>
>>> Reference:
In this way , Chadwick prepared the way towards the fission of uranium 235 and towards the creation of the atomic bomb . <|eot_id|>
>>> Prediction:
The way Chadwick used to make the neutrons is called the neutron induced fission. 
================================================================================
{'loss': 1.2351, 'grad_norm': 2.405583143234253, 'learning_rate': 9.661002975830349e-05, 'epoch': 0.65}
{'eval_loss': 1.0732777118682861, 'eval_runtime': 14.0899, 'eval_samples_per_second': 12.988, 'eval_steps_per_second': 3.265, 'epoch': 0.65}
{'loss': 1.0244, 'grad_norm': 1.4633221626281738, 'learning_rate': 9.392561254554713e-05, 'epoch': 0.76}
{'eval_loss': 1.0575196743011475, 'eval_runtime': 14.0191, 'eval_samples_per_second': 13.054, 'eval_steps_per_second': 3.281, 'epoch': 0.76}

>>> [Step 80] Prompt:
<|begin_of_text|><|start_header_id|>system<|end_header_id|>

Cutting Knowledge Date: December 2023
Today Date: 26 Jul 2024

You are an expert in controlled text simplification. When you receive a text from the user, you carefully adapt it to the simplification level specified by the user. Please generate only the simplified text, without any additional explanations or notes.<|eot_id|><|start_header_id|>user<|end_header_id|>

INSTRUCTION: Simplify the following text such that the length of the output text (number of characters) relative to the source text is approximately equal to the ratio specified in the control token prepended to your generated simplification. The control token has the following format: <METRIC=VALUE>. 
SOURCE TEXT: Brunstad has several fast food restaurants , a cafeteria-style restaurant , coffee bar , and its own grocery store .

EXPLANATION: The <CHAR_COMPRESSION=0.97> token specifies that the character-level compression rate should be around 0.97. Values less than 1 indicate text reduction. Values greater than 1 indicate text expansion.<|eot_id|><|start_header_id|>assistant<|end_header_id|>

<CHAR_COMPRESSION=0.97><|eot_id|>
>>> Reference:
Brunstad has many fast food restaurants , a cafeteria-style restaurant , coffee bar , and its own grocery shop . <|eot_id|>
>>> Prediction:
Title : Brunstad Brunstad has several fast food restaurants, a cafeteria-style restaurant, coffee bar, and its own grocery store. 
================================================================================

>>> [Step 80] Prompt:
<|begin_of_text|><|start_header_id|>system<|end_header_id|>

Cutting Knowledge Date: December 2023
Today Date: 26 Jul 2024

You are an expert in controlled text simplification. When you receive a text from the user, you carefully adapt it to the simplification level specified by the user. Please generate only the simplified text, without any additional explanations or notes.<|eot_id|><|start_header_id|>user<|end_header_id|>

INSTRUCTION: Simplify the following text such that the length of the output text (number of characters) relative to the source text is approximately equal to the ratio specified in the control token prepended to your generated simplification. The control token has the following format: <METRIC=VALUE>. 
SOURCE TEXT: Moreau is the recipient of a César Award for Best Actress , a BAFTA Award for Best Foreign Actress and a Cannes Film Festival Best Actress Award for individual performances , and several lifetime awards .

EXPLANATION: The <CHAR_COMPRESSION=0.21> token specifies that the character-level compression rate should be around 0.21. Values less than 1 indicate text reduction. Values greater than 1 indicate text expansion.<|eot_id|><|start_header_id|>assistant<|end_header_id|>

<CHAR_COMPRESSION=0.21><|eot_id|>
>>> Reference:
She studied at the Conservatoire de Paris . <|eot_id|>
>>> Prediction:
The film is directed by Laurent Cantet. 
================================================================================

>>> [Step 80] Prompt:
<|begin_of_text|><|start_header_id|>system<|end_header_id|>

Cutting Knowledge Date: December 2023
Today Date: 26 Jul 2024

You are a helpful assistant. You are very good at simplifying texts. When you receive a text for simplification, you simplify it according to the instructions given by the user. Generate only the simplification, without any comments or notes.<|eot_id|><|start_header_id|>user<|end_header_id|>

INSTRUCTION: Simplify the following text such that the length of the output text (number of characters) relative to the source text is approximately equal to the ratio specified in the control token prepended to your generated simplification. The control token has the following format: <METRIC=VALUE>. 
SOURCE TEXT: Their participation is limited until they reach legal adulthood .

EXPLANATION: The <CHAR_COMPRESSION=1.18> token specifies that the character-level compression rate should be around 1.18. Values less than 1 indicate text reduction. Values greater than 1 indicate text expansion.<|eot_id|><|start_header_id|>assistant<|end_header_id|>

<CHAR_COMPRESSION=1.18><|eot_id|>
>>> Reference:
They are not able to participate before they reach adulthood as per the law . <|eot_id|>
>>> Prediction:
Question : What is the minimum age for participation in the contest? 
================================================================================

>>> [Step 80] Prompt:
<|begin_of_text|><|start_header_id|>system<|end_header_id|>

Cutting Knowledge Date: December 2023
Today Date: 26 Jul 2024

You are a helpful assistant. You are an expert in controlled text simplification. When you receive a text, you simplify it by rewriting it in a manner that is easier to read. Your simplification is guided by the simplification criteria specified by the user. You generate only the simplification result, without any additional comments or explanations.<|eot_id|><|start_header_id|>user<|end_header_id|>

INSTRUCTION: Simplify the following text such that the length of the output text (number of characters) relative to the source text is approximately equal to the ratio specified in the control token prepended to your generated simplification. The control token has the following format: <METRIC=VALUE>. 
SOURCE TEXT: As with a terrestrial mammal breathing out on a cold day , a small cloud of ` steam ' appears .

EXPLANATION: The <CHAR_COMPRESSION=0.35> token specifies that the character-level compression rate should be around 0.35. Values less than 1 indicate text reduction. Values greater than 1 indicate text expansion.<|eot_id|><|start_header_id|>assistant<|end_header_id|>

<CHAR_COMPRESSION=0.35><|eot_id|>
>>> Reference:
Fin Whale , Balaenoptera physalus <|eot_id|>
>>> Prediction:
What is the point of this experiment? 
================================================================================
{'loss': 1.0384, 'grad_norm': 2.154524803161621, 'learning_rate': 9.052578199600675e-05, 'epoch': 0.87}
{'eval_loss': 1.0515356063842773, 'eval_runtime': 14.0279, 'eval_samples_per_second': 13.045, 'eval_steps_per_second': 3.279, 'epoch': 0.87}
{'loss': 0.9955, 'grad_norm': 0.9923670291900635, 'learning_rate': 8.646591090876224e-05, 'epoch': 0.98}
{'eval_loss': 1.044978380203247, 'eval_runtime': 14.0152, 'eval_samples_per_second': 13.057, 'eval_steps_per_second': 3.282, 'epoch': 0.98}

>>> [Step 100] Prompt:
<|begin_of_text|><|start_header_id|>system<|end_header_id|>

Cutting Knowledge Date: December 2023
Today Date: 26 Jul 2024

You are a helpful assistant. You are very good at simplifying texts. When you receive a text for simplification, you simplify it according to the instructions given by the user. Generate only the simplification, without any comments or notes.<|eot_id|><|start_header_id|>user<|end_header_id|>

INSTRUCTION: Simplify the following text such that the length of the output text (number of characters) relative to the source text is approximately equal to the ratio specified in the control token prepended to your generated simplification. The control token has the following format: <METRIC=VALUE>. 
SOURCE TEXT: The county was named for the Delaware Indians resettled in what was then Indian Territory in the 1830s .

EXPLANATION: The <CHAR_COMPRESSION=0.24> token specifies that the character-level compression rate should be around 0.24. Values less than 1 indicate text reduction. Values greater than 1 indicate text expansion.<|eot_id|><|start_header_id|>assistant<|end_header_id|>

<CHAR_COMPRESSION=0.24><|eot_id|>
>>> Reference:
Its county seat is Jay . <|eot_id|>
>>> Prediction:
The county was named for the Delaware Indians. 
================================================================================

>>> [Step 100] Prompt:
<|begin_of_text|><|start_header_id|>system<|end_header_id|>

Cutting Knowledge Date: December 2023
Today Date: 26 Jul 2024

You are a helpful assistant. You are very good at simplifying texts. When you receive a text for simplification, you simplify it according to the instructions given by the user. Generate only the simplification, without any comments or notes.<|eot_id|><|start_header_id|>user<|end_header_id|>

INSTRUCTION: Simplify the following text such that the length of the output text (number of characters) relative to the source text is approximately equal to the ratio specified in the control token prepended to your generated simplification. The control token has the following format: <METRIC=VALUE>. 
SOURCE TEXT: For example , the English term uncle carries connotations other than '' brother of a parent '' depending on the writer .

EXPLANATION: The <CHAR_COMPRESSION=0.17> token specifies that the character-level compression rate should be around 0.17. Values less than 1 indicate text reduction. Values greater than 1 indicate text expansion.<|eot_id|><|start_header_id|>assistant<|end_header_id|>

<CHAR_COMPRESSION=0.17><|eot_id|>
>>> Reference:
Examples of kinship <|eot_id|>
>>> Prediction:
Question - 
================================================================================

>>> [Step 100] Prompt:
<|begin_of_text|><|start_header_id|>system<|end_header_id|>

Cutting Knowledge Date: December 2023
Today Date: 26 Jul 2024

You are an expert in controlled text simplification. When you receive a text from the user, you carefully adapt it to the simplification level specified by the user. Please generate only the simplified text, without any additional explanations or notes.<|eot_id|><|start_header_id|>user<|end_header_id|>

INSTRUCTION: Simplify the following text such that the length of the output text (number of characters) relative to the source text is approximately equal to the ratio specified in the control token prepended to your generated simplification. The control token has the following format: <METRIC=VALUE>. 
SOURCE TEXT: After Rukia is severely wounded while trying to protect Ichigo , she attempts to transfer half of her to Ichigo in order to let him face the hollow on equal footing .

EXPLANATION: The <CHAR_COMPRESSION=1.01> token specifies that the character-level compression rate should be around 1.01. Values less than 1 indicate text reduction. Values greater than 1 indicate text expansion.<|eot_id|><|start_header_id|>assistant<|end_header_id|>

<CHAR_COMPRESSION=1.01><|eot_id|>
>>> Reference:
After Rukia is badly wounded while fighting to protect Ichigo , she decides to transfer half of her powers to Ichigo , hoping to give him a chance to fight the hollow . <|eot_id|>
>>> Prediction:
The Hollow is a creature in the Bleach universe. 
================================================================================

>>> [Step 100] Prompt:
<|begin_of_text|><|start_header_id|>system<|end_header_id|>

Cutting Knowledge Date: December 2023
Today Date: 26 Jul 2024

You are a helpful expert in text simplification. You generate a simplified version of the text input by the user. You simplify the text according to the instructions given by the user. When asked to simplify a text, generate only the requested simplification, without any additional comments, notes or explanations.<|eot_id|><|start_header_id|>user<|end_header_id|>

INSTRUCTION: Simplify the following text such that the length of the output text (number of characters) relative to the source text is approximately equal to the ratio specified in the control token prepended to your generated simplification. The control token has the following format: <METRIC=VALUE>. 
SOURCE TEXT: The story centers around the adventures of the lead character , Goku , around his 18th birthday , as he is asked to gather seven Dragon Balls to save the world from evil alien forces .

EXPLANATION: The <CHAR_COMPRESSION=0.51> token specifies that the character-level compression rate should be around 0.51. Values less than 1 indicate text reduction. Values greater than 1 indicate text expansion.<|eot_id|><|start_header_id|>assistant<|end_header_id|>

<CHAR_COMPRESSION=0.51><|eot_id|>
>>> Reference:
The story follows the adventures of the lead character , Son Goku , around his 18th birthday . <|eot_id|>
>>> Prediction:
I am Goku, a young man who is very strong. I am on a quest to save the world from evil alien forces. 
================================================================================
{'loss': 1.0153, 'grad_norm': 1.1756970882415771, 'learning_rate': 8.181212211632799e-05, 'epoch': 1.08}
{'eval_loss': 1.0423252582550049, 'eval_runtime': 14.076, 'eval_samples_per_second': 13.001, 'eval_steps_per_second': 3.268, 'epoch': 1.08}
{'loss': 1.0324, 'grad_norm': 1.7496527433395386, 'learning_rate': 7.664021154676829e-05, 'epoch': 1.18}
{'eval_loss': 1.0393315553665161, 'eval_runtime': 14.1869, 'eval_samples_per_second': 12.899, 'eval_steps_per_second': 3.242, 'epoch': 1.18}

>>> [Step 120] Prompt:
<|begin_of_text|><|start_header_id|>system<|end_header_id|>

Cutting Knowledge Date: December 2023
Today Date: 26 Jul 2024

You are a helpful expert in text simplification. You generate a simplified version of the text input by the user. You simplify the text according to the instructions given by the user. When asked to simplify a text, generate only the requested simplification, without any additional comments, notes or explanations.<|eot_id|><|start_header_id|>user<|end_header_id|>

INSTRUCTION: Simplify the following text such that the length of the output text (number of characters) relative to the source text is approximately equal to the ratio specified in the control token prepended to your generated simplification. The control token has the following format: <METRIC=VALUE>. 
SOURCE TEXT: Samael is shown as a recurring recruitable character in the Megami Tensei video game series .

EXPLANATION: The <CHAR_COMPRESSION=0.94> token specifies that the character-level compression rate should be around 0.94. Values less than 1 indicate text reduction. Values greater than 1 indicate text expansion.<|eot_id|><|start_header_id|>assistant<|end_header_id|>

<CHAR_COMPRESSION=0.94><|eot_id|>
>>> Reference:
Popular culture Samael is shown as a character in the Megami Tensei video game series . <|eot_id|>
>>> Prediction:
In the Megami Tensei video game series, Samael is shown as a recurring recruitable character. 
================================================================================

>>> [Step 120] Prompt:
<|begin_of_text|><|start_header_id|>system<|end_header_id|>

Cutting Knowledge Date: December 2023
Today Date: 26 Jul 2024

You are a helpful assistant. You are very good at simplifying texts. When you receive a text for simplification, you simplify it according to the instructions given by the user. Generate only the simplification, without any comments or notes.<|eot_id|><|start_header_id|>user<|end_header_id|>

INSTRUCTION: Simplify the following text such that the length of the output text (number of characters) relative to the source text is approximately equal to the ratio specified in the control token prepended to your generated simplification. The control token has the following format: <METRIC=VALUE>. 
SOURCE TEXT: King Mangrai of the Lanna Kingdom -LRB- present day Northern Thailand , Shan State and Xishuangbanna Dai Autonomous Prefecture -RRB- founds the city of Chiang Rai as the kingdom 's capital .

EXPLANATION: The <CHAR_COMPRESSION=0.66> token specifies that the character-level compression rate should be around 0.66. Values less than 1 indicate text reduction. Values greater than 1 indicate text expansion.<|eot_id|><|start_header_id|>assistant<|end_header_id|>

<CHAR_COMPRESSION=0.66><|eot_id|>
>>> Reference:
King Mengrai of the Lannathai kingdom in present day Thailand founds the city of Chiang Rai as the kingdom 's first capital . <|eot_id|>
>>> Prediction:
The city of Chiang Rai was founded by King Mangrai of the Lanna Kingdom in the 13th century. 
================================================================================

>>> [Step 120] Prompt:
<|begin_of_text|><|start_header_id|>system<|end_header_id|>

Cutting Knowledge Date: December 2023
Today Date: 26 Jul 2024

You are a helpful assistant. You are very good at simplifying texts. When you receive a text for simplification, you simplify it according to the instructions given by the user. Generate only the simplification, without any comments or notes.<|eot_id|><|start_header_id|>user<|end_header_id|>

INSTRUCTION: Simplify the following text such that the length of the output text (number of characters) relative to the source text is approximately equal to the ratio specified in the control token prepended to your generated simplification. The control token has the following format: <METRIC=VALUE>. 
SOURCE TEXT: The posthumous name is commonly used when naming royalty of China , Korea , Vietnam , and Japan .

EXPLANATION: The <CHAR_COMPRESSION=0.68> token specifies that the character-level compression rate should be around 0.68. Values less than 1 indicate text reduction. Values greater than 1 indicate text expansion.<|eot_id|><|start_header_id|>assistant<|end_header_id|>

<CHAR_COMPRESSION=0.68><|eot_id|>
>>> Reference:
His son , Ji Fa of Zhou , called his father the '' Civil King '' . <|eot_id|>
>>> Prediction:
The posthumous name is commonly used when naming royalty of China, Korea, and Vietnam. 
================================================================================

>>> [Step 120] Prompt:
<|begin_of_text|><|start_header_id|>system<|end_header_id|>

Cutting Knowledge Date: December 2023
Today Date: 26 Jul 2024

You are a helpful expert in text simplification. You generate a simplified version of the text input by the user. You simplify the text according to the instructions given by the user. When asked to simplify a text, generate only the requested simplification, without any additional comments, notes or explanations.<|eot_id|><|start_header_id|>user<|end_header_id|>

INSTRUCTION: Simplify the following text such that the length of the output text (number of characters) relative to the source text is approximately equal to the ratio specified in the control token prepended to your generated simplification. The control token has the following format: <METRIC=VALUE>. 
SOURCE TEXT: Such dual-language recording is common to many subsequent treaties .

EXPLANATION: The <CHAR_COMPRESSION=0.84> token specifies that the character-level compression rate should be around 0.84. Values less than 1 indicate text reduction. Values greater than 1 indicate text expansion.<|eot_id|><|start_header_id|>assistant<|end_header_id|>

<CHAR_COMPRESSION=0.84><|eot_id|>
>>> Reference:
Such dual-language recording is common to many treaties . <|eot_id|>
>>> Prediction:
The recording of the treaty in two languages is common to many subsequent treaties. 
================================================================================
{'loss': 0.9213, 'grad_norm': 1.1027189493179321, 'learning_rate': 7.10344137407917e-05, 'epoch': 1.29}
{'eval_loss': 1.0340304374694824, 'eval_runtime': 14.0832, 'eval_samples_per_second': 12.994, 'eval_steps_per_second': 3.266, 'epoch': 1.29}
{'loss': 0.9971, 'grad_norm': 1.6383004188537598, 'learning_rate': 6.508602992975963e-05, 'epoch': 1.4}
{'eval_loss': 1.0302678346633911, 'eval_runtime': 14.0184, 'eval_samples_per_second': 13.054, 'eval_steps_per_second': 3.281, 'epoch': 1.4}

>>> [Step 140] Prompt:
<|begin_of_text|><|start_header_id|>system<|end_header_id|>

Cutting Knowledge Date: December 2023
Today Date: 26 Jul 2024

You are a helpful text simplification assistant. You are not only an expert in simplifying texts for different readerships, but you are also very good at adapting texts according to the exact needs of the user. You output only the simplified text, no further notes or comments allowed.<|eot_id|><|start_header_id|>user<|end_header_id|>

INSTRUCTION: Simplify the following text such that the length of the output text (number of characters) relative to the source text is approximately equal to the ratio specified in the control token prepended to your generated simplification. The control token has the following format: <METRIC=VALUE>. 
SOURCE TEXT: Together with his friend Christian Gaudian , Gueffroy attempted on the night of February 5 & ndash ; 6 , 1989 , to escape from East Berlin to West Berlin , along the Britz district canal .

EXPLANATION: The <CHAR_COMPRESSION=0.37> token specifies that the character-level compression rate should be around 0.37. Values less than 1 indicate text reduction. Values greater than 1 indicate text expansion.<|eot_id|><|start_header_id|>assistant<|end_header_id|>

<CHAR_COMPRESSION=0.37><|eot_id|>
>>> Reference:
This was the last case concerning deaths on the inner German border . <|eot_id|>
>>> Prediction:
The two tried to escape from East Berlin to West Berlin on February 5 & ndash ; 6, 1989. 
================================================================================

>>> [Step 140] Prompt:
<|begin_of_text|><|start_header_id|>system<|end_header_id|>

Cutting Knowledge Date: December 2023
Today Date: 26 Jul 2024

You are a helpful expert in text simplification. You generate a simplified version of the text input by the user. You simplify the text according to the instructions given by the user. When asked to simplify a text, generate only the requested simplification, without any additional comments, notes or explanations.<|eot_id|><|start_header_id|>user<|end_header_id|>

INSTRUCTION: Simplify the following text such that the length of the output text (number of characters) relative to the source text is approximately equal to the ratio specified in the control token prepended to your generated simplification. The control token has the following format: <METRIC=VALUE>. 
SOURCE TEXT: Early history At the time of the Domesday Book in 1086 parts of the county were considered to either form part of Yorkshire or be within the separate kingdom of Scotland , having historically been associated with the Kingdom of Strathclyde .

EXPLANATION: The <CHAR_COMPRESSION=0.43> token specifies that the character-level compression rate should be around 0.43. Values less than 1 indicate text reduction. Values greater than 1 indicate text expansion.<|eot_id|><|start_header_id|>assistant<|end_header_id|>

<CHAR_COMPRESSION=0.43><|eot_id|>
>>> Reference:
Early history At the time of the Domesday Book in 1086 the county was said to form part of Yorkshire . <|eot_id|>
>>> Prediction:
Question 1 : At the time of the Domesday Book in 1086 parts of the county were considered to either form part of Yorkshire or be within the separate kingdom of Scotland. 
================================================================================

>>> [Step 140] Prompt:
<|begin_of_text|><|start_header_id|>system<|end_header_id|>

Cutting Knowledge Date: December 2023
Today Date: 26 Jul 2024

You are a helpful assistant. You are an expert in controlled text simplification. When you receive a text, you simplify it by rewriting it in a manner that is easier to read. Your simplification is guided by the simplification criteria specified by the user. You generate only the simplification result, without any additional comments or explanations.<|eot_id|><|start_header_id|>user<|end_header_id|>

INSTRUCTION: Simplify the following text such that the length of the output text (number of characters) relative to the source text is approximately equal to the ratio specified in the control token prepended to your generated simplification. The control token has the following format: <METRIC=VALUE>. 
SOURCE TEXT: The lake is divided among four countries -- Burundi , Democratic Republic of the Congo -LRB- DRC -RRB- , Tanzania and Zambia , with the DRC -LRB- 45 % -RRB- and Tanzania -LRB- 41 % -RRB- possessing the majority of the lake .

EXPLANATION: The <CHAR_COMPRESSION=0.58> token specifies that the character-level compression rate should be around 0.58. Values less than 1 indicate text reduction. Values greater than 1 indicate text expansion.<|eot_id|><|start_header_id|>assistant<|end_header_id|>

<CHAR_COMPRESSION=0.58><|eot_id|>
>>> Reference:
The lake is divided between four countries â '' Burundi , Democratic Republic of the Congo -LRB- DRC -RRB- , Tanzania and Zambia . <|eot_id|>
>>> Prediction:
The lake is divided among four countries -- Burundi, Democratic Republic of the Congo -LRB- DRC -RRB-, Tanzania and Zambia. 
================================================================================

>>> [Step 140] Prompt:
<|begin_of_text|><|start_header_id|>system<|end_header_id|>

Cutting Knowledge Date: December 2023
Today Date: 26 Jul 2024

You are an expert in text simplification. When you receive a text for simplification, you generate a simplified version of that text. You carefully study the simplification criteria specified by the user and adapt the text accordingly. Please generate only the simplified text, no other notes or explanations allowed.<|eot_id|><|start_header_id|>user<|end_header_id|>

INSTRUCTION: Simplify the following text such that the length of the output text (number of characters) relative to the source text is approximately equal to the ratio specified in the control token prepended to your generated simplification. The control token has the following format: <METRIC=VALUE>. 
SOURCE TEXT: He is also a member of another Jungiery boyband 183 Club .

EXPLANATION: The <CHAR_COMPRESSION=1.19> token specifies that the character-level compression rate should be around 1.19. Values less than 1 indicate text reduction. Values greater than 1 indicate text expansion.<|eot_id|><|start_header_id|>assistant<|end_header_id|>

<CHAR_COMPRESSION=1.19><|eot_id|>
>>> Reference:
He is also a member of 183 Club , which is another Jungiery boyband . <|eot_id|>
>>> Prediction:
It was made by the Jungiery boyband 183 Club and the song was released as a single. 
================================================================================
{'loss': 1.0481, 'grad_norm': 1.495079517364502, 'learning_rate': 5.889194101900509e-05, 'epoch': 1.51}
{'eval_loss': 1.0311574935913086, 'eval_runtime': 14.0157, 'eval_samples_per_second': 13.057, 'eval_steps_per_second': 3.282, 'epoch': 1.51}
{'loss': 1.0007, 'grad_norm': 1.2887603044509888, 'learning_rate': 5.2553029695397525e-05, 'epoch': 1.62}
{'eval_loss': 1.0301998853683472, 'eval_runtime': 14.022, 'eval_samples_per_second': 13.051, 'eval_steps_per_second': 3.281, 'epoch': 1.62}

>>> [Step 160] Prompt:
<|begin_of_text|><|start_header_id|>system<|end_header_id|>

Cutting Knowledge Date: December 2023
Today Date: 26 Jul 2024

You are an expert in text simplification. When you receive a text for simplification, you generate a simplified version of that text. You carefully study the simplification criteria specified by the user and adapt the text accordingly. Please generate only the simplified text, no other notes or explanations allowed.<|eot_id|><|start_header_id|>user<|end_header_id|>

INSTRUCTION: Simplify the following text such that the length of the output text (number of characters) relative to the source text is approximately equal to the ratio specified in the control token prepended to your generated simplification. The control token has the following format: <METRIC=VALUE>. 
SOURCE TEXT: Thus the driver can not lean over in the turns to overcome the centripedal forces , instead , to make sure the sidecar does not flip over , the passenger leans out -LRB- of the sidecar -RRB- as much as possible in the corners .

EXPLANATION: The <CHAR_COMPRESSION=0.72> token specifies that the character-level compression rate should be around 0.72. Values less than 1 indicate text reduction. Values greater than 1 indicate text expansion.<|eot_id|><|start_header_id|>assistant<|end_header_id|>

<CHAR_COMPRESSION=0.72><|eot_id|>
>>> Reference:
The driver can not lean over in the turns . To make sure that the sidecar does not flip over , the passenger leans out of the sidecar when they are in the corners . <|eot_id|>
>>> Prediction:
The sidecar passenger leans out of the sidecar to make sure it does not flip over. 
================================================================================

>>> [Step 160] Prompt:
<|begin_of_text|><|start_header_id|>system<|end_header_id|>

Cutting Knowledge Date: December 2023
Today Date: 26 Jul 2024

You are a helpful assistant. You are an expert in controlled text simplification. When you receive a text, you simplify it by rewriting it in a manner that is easier to read. Your simplification is guided by the simplification criteria specified by the user. You generate only the simplification result, without any additional comments or explanations.<|eot_id|><|start_header_id|>user<|end_header_id|>

INSTRUCTION: Simplify the following text such that the length of the output text (number of characters) relative to the source text is approximately equal to the ratio specified in the control token prepended to your generated simplification. The control token has the following format: <METRIC=VALUE>. 
SOURCE TEXT: After meeting them , she notices Vidia -LRB- Pamela Adlon -RRB- , a fast-flying fairy who immediately dislikes her because of her unusually strong talent .

EXPLANATION: The <CHAR_COMPRESSION=0.14> token specifies that the character-level compression rate should be around 0.14. Values less than 1 indicate text reduction. Values greater than 1 indicate text expansion.<|eot_id|><|start_header_id|>assistant<|end_header_id|>

<CHAR_COMPRESSION=0.14><|eot_id|>
>>> Reference:
Pamela Adlon as Vidia <|eot_id|>
>>> Prediction:
The fairies are very fast flyers. 
================================================================================

>>> [Step 160] Prompt:
<|begin_of_text|><|start_header_id|>system<|end_header_id|>

Cutting Knowledge Date: December 2023
Today Date: 26 Jul 2024

You are an expert in text simplification. When you receive a text for simplification, you generate a simplified version of that text. You carefully study the simplification criteria specified by the user and adapt the text accordingly. Please generate only the simplified text, no other notes or explanations allowed.<|eot_id|><|start_header_id|>user<|end_header_id|>

INSTRUCTION: Simplify the following text such that the length of the output text (number of characters) relative to the source text is approximately equal to the ratio specified in the control token prepended to your generated simplification. The control token has the following format: <METRIC=VALUE>. 
SOURCE TEXT: Physical abuse is abuse involving contact intended to cause feelings of intimidation , injury , or other physical suffering or bodily harm .

EXPLANATION: The <CHAR_COMPRESSION=0.74> token specifies that the character-level compression rate should be around 0.74. Values less than 1 indicate text reduction. Values greater than 1 indicate text expansion.<|eot_id|><|start_header_id|>assistant<|end_header_id|>

<CHAR_COMPRESSION=0.74><|eot_id|>
>>> Reference:
Physical abuse is a form of abuse which causes feelings of pain , injury , or other physical suffering . <|eot_id|>
>>> Prediction:
The abuse can be physical or sexual abuse, and can be physical abuse. 
================================================================================

>>> [Step 160] Prompt:
<|begin_of_text|><|start_header_id|>system<|end_header_id|>

Cutting Knowledge Date: December 2023
Today Date: 26 Jul 2024

You are a helpful expert in text simplification. You generate a simplified version of the text input by the user. You simplify the text according to the instructions given by the user. When asked to simplify a text, generate only the requested simplification, without any additional comments, notes or explanations.<|eot_id|><|start_header_id|>user<|end_header_id|>

INSTRUCTION: Simplify the following text such that the length of the output text (number of characters) relative to the source text is approximately equal to the ratio specified in the control token prepended to your generated simplification. The control token has the following format: <METRIC=VALUE>. 
SOURCE TEXT: Throughout his entire NHL career , Thompson accrued 81 shutouts , which is sixth all-time in NHL history , and was second to only George Hainsworth -LRB- who had 94 -RRB- when Thompson retired .

EXPLANATION: The <CHAR_COMPRESSION=1.07> token specifies that the character-level compression rate should be around 1.07. Values less than 1 indicate text reduction. Values greater than 1 indicate text expansion.<|eot_id|><|start_header_id|>assistant<|end_header_id|>

<CHAR_COMPRESSION=1.07><|eot_id|>
>>> Reference:
Throughout his entire NHL career career , Thompson made 81 shutouts , which is sixth all-time in NHL history , which was second to only George Hainsworth -LRB- who had 94 -RRB- when Thompson stopped playing . <|eot_id|>
>>> Prediction:
The entire NHL career of Thompson accumulated 81 shutouts, which is sixth all-time in NHL history, and was second to only George Hainsworth -LRB- who had 94 -RRB- when Thompson retired. 
================================================================================
{'loss': 0.9447, 'grad_norm': 1.4438492059707642, 'learning_rate': 4.6172537358175214e-05, 'epoch': 1.73}
{'eval_loss': 1.0285168886184692, 'eval_runtime': 14.0246, 'eval_samples_per_second': 13.049, 'eval_steps_per_second': 3.28, 'epoch': 1.73}
{'loss': 0.9381, 'grad_norm': 1.067702293395996, 'learning_rate': 3.9854382633596664e-05, 'epoch': 1.83}
{'eval_loss': 1.0267937183380127, 'eval_runtime': 14.0291, 'eval_samples_per_second': 13.044, 'eval_steps_per_second': 3.279, 'epoch': 1.83}

>>> [Step 180] Prompt:
<|begin_of_text|><|start_header_id|>system<|end_header_id|>

Cutting Knowledge Date: December 2023
Today Date: 26 Jul 2024

You are an expert in text simplification. When you receive a text for simplification, you generate a simplified version of that text. You carefully study the simplification criteria specified by the user and adapt the text accordingly. Please generate only the simplified text, no other notes or explanations allowed.<|eot_id|><|start_header_id|>user<|end_header_id|>

INSTRUCTION: Simplify the following text such that the length of the output text (number of characters) relative to the source text is approximately equal to the ratio specified in the control token prepended to your generated simplification. The control token has the following format: <METRIC=VALUE>. 
SOURCE TEXT: It has also established itself in parts of Dubai , the United Arab Emirates and New Zealand .

EXPLANATION: The <CHAR_COMPRESSION=0.97> token specifies that the character-level compression rate should be around 0.97. Values less than 1 indicate text reduction. Values greater than 1 indicate text expansion.<|eot_id|><|start_header_id|>assistant<|end_header_id|>

<CHAR_COMPRESSION=0.97><|eot_id|>
>>> Reference:
It has also been introduced in parts of Dubai , the United Arab Emirates and New Zealand . <|eot_id|>
>>> Prediction:
The game is played in parts of Dubai, the United Arab Emirates and New Zealand. 
================================================================================

>>> [Step 180] Prompt:
<|begin_of_text|><|start_header_id|>system<|end_header_id|>

Cutting Knowledge Date: December 2023
Today Date: 26 Jul 2024

You are an expert in controlled text simplification. When you receive a text from the user, you carefully adapt it to the simplification level specified by the user. Please generate only the simplified text, without any additional explanations or notes.<|eot_id|><|start_header_id|>user<|end_header_id|>

INSTRUCTION: Simplify the following text such that the length of the output text (number of characters) relative to the source text is approximately equal to the ratio specified in the control token prepended to your generated simplification. The control token has the following format: <METRIC=VALUE>. 
SOURCE TEXT: Montloué is a commune in the Aisne department in Picardie in northern France .

EXPLANATION: The <CHAR_COMPRESSION=1.06> token specifies that the character-level compression rate should be around 1.06. Values less than 1 indicate text reduction. Values greater than 1 indicate text expansion.<|eot_id|><|start_header_id|>assistant<|end_header_id|>

<CHAR_COMPRESSION=1.06><|eot_id|>
>>> Reference:
It is found in the region Picardie in the Aisne department in the north of France . <|eot_id|>
>>> Prediction:
In 2006, the population of Montloué was 153. 
================================================================================

>>> [Step 180] Prompt:
<|begin_of_text|><|start_header_id|>system<|end_header_id|>

Cutting Knowledge Date: December 2023
Today Date: 26 Jul 2024

You are an expert in controlled text simplification. When you receive a text from the user, you carefully adapt it to the simplification level specified by the user. Please generate only the simplified text, without any additional explanations or notes.<|eot_id|><|start_header_id|>user<|end_header_id|>

INSTRUCTION: Simplify the following text such that the length of the output text (number of characters) relative to the source text is approximately equal to the ratio specified in the control token prepended to your generated simplification. The control token has the following format: <METRIC=VALUE>. 
SOURCE TEXT: Brunstad has several fast food restaurants , a cafeteria-style restaurant , coffee bar , and its own grocery store .

EXPLANATION: The <CHAR_COMPRESSION=0.97> token specifies that the character-level compression rate should be around 0.97. Values less than 1 indicate text reduction. Values greater than 1 indicate text expansion.<|eot_id|><|start_header_id|>assistant<|end_header_id|>

<CHAR_COMPRESSION=0.97><|eot_id|>
>>> Reference:
Brunstad has many fast food restaurants , a cafeteria-style restaurant , coffee bar , and its own grocery shop . <|eot_id|>
>>> Prediction:
The company has several fast food restaurants, a cafeteria-style restaurant, coffee bar, and its own grocery store. 
================================================================================

>>> [Step 180] Prompt:
<|begin_of_text|><|start_header_id|>system<|end_header_id|>

Cutting Knowledge Date: December 2023
Today Date: 26 Jul 2024

You are an expert in text simplification. When you receive a text for simplification, you generate a simplified version of that text. You carefully study the simplification criteria specified by the user and adapt the text accordingly. Please generate only the simplified text, no other notes or explanations allowed.<|eot_id|><|start_header_id|>user<|end_header_id|>

INSTRUCTION: Simplify the following text such that the length of the output text (number of characters) relative to the source text is approximately equal to the ratio specified in the control token prepended to your generated simplification. The control token has the following format: <METRIC=VALUE>. 
SOURCE TEXT: A millisecond -LRB- from milli - and second ; abbreviation : ms -RRB- is a thousandth -LRB- 1\/1 ,000 -RRB- of a second .

EXPLANATION: The <CHAR_COMPRESSION=0.72> token specifies that the character-level compression rate should be around 0.72. Values less than 1 indicate text reduction. Values greater than 1 indicate text expansion.<|eot_id|><|start_header_id|>assistant<|end_header_id|>

<CHAR_COMPRESSION=0.72><|eot_id|>
>>> Reference:
A millisecond -LRB- sometimes shortened to ` ms ' -RRB- is one thousandth of a second . <|eot_id|>
>>> Prediction:
The millisecond is a unit of time. 
================================================================================
{'loss': 1.0243, 'grad_norm': 1.5802628993988037, 'learning_rate': 3.370146885964358e-05, 'epoch': 1.94}
{'eval_loss': 1.0211399793624878, 'eval_runtime': 14.0222, 'eval_samples_per_second': 13.051, 'eval_steps_per_second': 3.281, 'epoch': 1.94}
{'loss': 0.9764, 'grad_norm': 2.1664416790008545, 'learning_rate': 2.7814008106652012e-05, 'epoch': 2.04}
{'eval_loss': 1.0207103490829468, 'eval_runtime': 14.0177, 'eval_samples_per_second': 13.055, 'eval_steps_per_second': 3.282, 'epoch': 2.04}

>>> [Step 200] Prompt:
<|begin_of_text|><|start_header_id|>system<|end_header_id|>

Cutting Knowledge Date: December 2023
Today Date: 26 Jul 2024

You are an expert in text simplification. When you receive a text for simplification, you generate a simplified version of that text. You carefully study the simplification criteria specified by the user and adapt the text accordingly. Please generate only the simplified text, no other notes or explanations allowed.<|eot_id|><|start_header_id|>user<|end_header_id|>

INSTRUCTION: Simplify the following text such that the length of the output text (number of characters) relative to the source text is approximately equal to the ratio specified in the control token prepended to your generated simplification. The control token has the following format: <METRIC=VALUE>. 
SOURCE TEXT: Physical abuse is abuse involving contact intended to cause feelings of intimidation , injury , or other physical suffering or bodily harm .

EXPLANATION: The <CHAR_COMPRESSION=0.74> token specifies that the character-level compression rate should be around 0.74. Values less than 1 indicate text reduction. Values greater than 1 indicate text expansion.<|eot_id|><|start_header_id|>assistant<|end_header_id|>

<CHAR_COMPRESSION=0.74><|eot_id|>
>>> Reference:
Physical abuse is a form of abuse which causes feelings of pain , injury , or other physical suffering . <|eot_id|>
>>> Prediction:
The definition of physical abuse is abuse involving contact intended to cause feelings of intimidation, injury, or other physical suffering. 
================================================================================

>>> [Step 200] Prompt:
<|begin_of_text|><|start_header_id|>system<|end_header_id|>

Cutting Knowledge Date: December 2023
Today Date: 26 Jul 2024

You are a helpful expert in text simplification. You generate a simplified version of the text input by the user. You simplify the text according to the instructions given by the user. When asked to simplify a text, generate only the requested simplification, without any additional comments, notes or explanations.<|eot_id|><|start_header_id|>user<|end_header_id|>

INSTRUCTION: Simplify the following text such that the length of the output text (number of characters) relative to the source text is approximately equal to the ratio specified in the control token prepended to your generated simplification. The control token has the following format: <METRIC=VALUE>. 
SOURCE TEXT: If a '' hurricane season '' were to be demarcated in the South Atlantic , it would most likely be the opposite of the North Atlantic season , from November to the end of April with mid-March being the peak when the oceans are warmest in the Southern Hemisphere .

EXPLANATION: The <CHAR_COMPRESSION=0.27> token specifies that the character-level compression rate should be around 0.27. Values less than 1 indicate text reduction. Values greater than 1 indicate text expansion.<|eot_id|><|start_header_id|>assistant<|end_header_id|>

<CHAR_COMPRESSION=0.27><|eot_id|>
>>> Reference:
This was also the first South Atlantic tropical cyclone ever observed . <|eot_id|>
>>> Prediction:
The South Atlantic hurricane season is from November to April. 
================================================================================

>>> [Step 200] Prompt:
<|begin_of_text|><|start_header_id|>system<|end_header_id|>

Cutting Knowledge Date: December 2023
Today Date: 26 Jul 2024

You are a helpful assistant. You are very good at simplifying texts. When you receive a text for simplification, you simplify it according to the instructions given by the user. Generate only the simplification, without any comments or notes.<|eot_id|><|start_header_id|>user<|end_header_id|>

INSTRUCTION: Simplify the following text such that the length of the output text (number of characters) relative to the source text is approximately equal to the ratio specified in the control token prepended to your generated simplification. The control token has the following format: <METRIC=VALUE>. 
SOURCE TEXT: The county was named for the Delaware Indians resettled in what was then Indian Territory in the 1830s .

EXPLANATION: The <CHAR_COMPRESSION=0.24> token specifies that the character-level compression rate should be around 0.24. Values less than 1 indicate text reduction. Values greater than 1 indicate text expansion.<|eot_id|><|start_header_id|>assistant<|end_header_id|>

<CHAR_COMPRESSION=0.24><|eot_id|>
>>> Reference:
Its county seat is Jay . <|eot_id|>
>>> Prediction:
It was named for the Delaware Indians. 
================================================================================

>>> [Step 200] Prompt:
<|begin_of_text|><|start_header_id|>system<|end_header_id|>

Cutting Knowledge Date: December 2023
Today Date: 26 Jul 2024

You are a helpful text simplification assistant. You are not only an expert in simplifying texts for different readerships, but you are also very good at adapting texts according to the exact needs of the user. You output only the simplified text, no further notes or comments allowed.<|eot_id|><|start_header_id|>user<|end_header_id|>

INSTRUCTION: Simplify the following text such that the length of the output text (number of characters) relative to the source text is approximately equal to the ratio specified in the control token prepended to your generated simplification. The control token has the following format: <METRIC=VALUE>. 
SOURCE TEXT: Saint-Lambert-sur-Dives , commonly called Saint-Lambert , is a commune in the Calvados department in the Basse-Normandie region in northwestern France .

EXPLANATION: The <CHAR_COMPRESSION=0.9> token specifies that the character-level compression rate should be around 0.9. Values less than 1 indicate text reduction. Values greater than 1 indicate text expansion.<|eot_id|><|start_header_id|>assistant<|end_header_id|>

<CHAR_COMPRESSION=0.9><|eot_id|>
>>> Reference:
Saint-Lambert , Calvados is a commune . It is found in the region Basse-Normandie in the Calvados department in the northwest of France . <|eot_id|>
>>> Prediction:
The town is part of the canton of Évreux -3, and the arrondissement of Lisieux. 
================================================================================
{'loss': 0.8671, 'grad_norm': 1.0960949659347534, 'learning_rate': 2.228788903042877e-05, 'epoch': 2.15}
{'eval_loss': 1.021426796913147, 'eval_runtime': 14.0185, 'eval_samples_per_second': 13.054, 'eval_steps_per_second': 3.281, 'epoch': 2.15}
{'loss': 0.9618, 'grad_norm': 1.574945330619812, 'learning_rate': 1.7213115140513686e-05, 'epoch': 2.26}
{'eval_loss': 1.0211119651794434, 'eval_runtime': 14.02, 'eval_samples_per_second': 13.053, 'eval_steps_per_second': 3.281, 'epoch': 2.26}

>>> [Step 220] Prompt:
<|begin_of_text|><|start_header_id|>system<|end_header_id|>

Cutting Knowledge Date: December 2023
Today Date: 26 Jul 2024

You are an expert in text simplification. When you receive a text for simplification, you generate a simplified version of that text. You carefully study the simplification criteria specified by the user and adapt the text accordingly. Please generate only the simplified text, no other notes or explanations allowed.<|eot_id|><|start_header_id|>user<|end_header_id|>

INSTRUCTION: Simplify the following text such that the length of the output text (number of characters) relative to the source text is approximately equal to the ratio specified in the control token prepended to your generated simplification. The control token has the following format: <METRIC=VALUE>. 
SOURCE TEXT: The state is a political and geopolitical entity ; the nation is a cultural and\/or ethnic entity .

EXPLANATION: The <CHAR_COMPRESSION=0.83> token specifies that the character-level compression rate should be around 0.83. Values less than 1 indicate text reduction. Values greater than 1 indicate text expansion.<|eot_id|><|start_header_id|>assistant<|end_header_id|>

<CHAR_COMPRESSION=0.83><|eot_id|>
>>> Reference:
The state is a political entity ; the nation is a cultural and\/or ethnic entity . <|eot_id|>
>>> Prediction:
The state is a political entity, and the nation is a cultural and\/or ethnic entity. 
================================================================================

>>> [Step 220] Prompt:
<|begin_of_text|><|start_header_id|>system<|end_header_id|>

Cutting Knowledge Date: December 2023
Today Date: 26 Jul 2024

You are a helpful assistant. You are an expert in controlled text simplification. When you receive a text, you simplify it by rewriting it in a manner that is easier to read. Your simplification is guided by the simplification criteria specified by the user. You generate only the simplification result, without any additional comments or explanations.<|eot_id|><|start_header_id|>user<|end_header_id|>

INSTRUCTION: Simplify the following text such that the length of the output text (number of characters) relative to the source text is approximately equal to the ratio specified in the control token prepended to your generated simplification. The control token has the following format: <METRIC=VALUE>. 
SOURCE TEXT: As with a terrestrial mammal breathing out on a cold day , a small cloud of ` steam ' appears .

EXPLANATION: The <CHAR_COMPRESSION=0.35> token specifies that the character-level compression rate should be around 0.35. Values less than 1 indicate text reduction. Values greater than 1 indicate text expansion.<|eot_id|><|start_header_id|>assistant<|end_header_id|>

<CHAR_COMPRESSION=0.35><|eot_id|>
>>> Reference:
Fin Whale , Balaenoptera physalus <|eot_id|>
>>> Prediction:
The steam is made by the air coming out of the whale's lungs. 
================================================================================

>>> [Step 220] Prompt:
<|begin_of_text|><|start_header_id|>system<|end_header_id|>

Cutting Knowledge Date: December 2023
Today Date: 26 Jul 2024

You are an expert in text simplification. When you receive a text for simplification, you generate a simplified version of that text. You carefully study the simplification criteria specified by the user and adapt the text accordingly. Please generate only the simplified text, no other notes or explanations allowed.<|eot_id|><|start_header_id|>user<|end_header_id|>

INSTRUCTION: Simplify the following text such that the length of the output text (number of characters) relative to the source text is approximately equal to the ratio specified in the control token prepended to your generated simplification. The control token has the following format: <METRIC=VALUE>. 
SOURCE TEXT: The tarantula , the trickster character , spun a black cord and , attaching it to the ball , crawled away fast to the east , pulling on the cord with all his strength .

EXPLANATION: The <CHAR_COMPRESSION=0.94> token specifies that the character-level compression rate should be around 0.94. Values less than 1 indicate text reduction. Values greater than 1 indicate text expansion.<|eot_id|><|start_header_id|>assistant<|end_header_id|>

<CHAR_COMPRESSION=0.94><|eot_id|>
>>> Reference:
The tarantuala , the trickster , spun a black chord and attached it to the ball , crawling away fast to the east and pulling the chord with all his strength . <|eot_id|>
>>> Prediction:
In the story, the tarantula, the trickster character, spun a black cord and, attaching it to the ball, crawled away fast to the east, pulling on the cord with all his strength. 
================================================================================

>>> [Step 220] Prompt:
<|begin_of_text|><|start_header_id|>system<|end_header_id|>

Cutting Knowledge Date: December 2023
Today Date: 26 Jul 2024

You are a helpful expert in text simplification. You generate a simplified version of the text input by the user. You simplify the text according to the instructions given by the user. When asked to simplify a text, generate only the requested simplification, without any additional comments, notes or explanations.<|eot_id|><|start_header_id|>user<|end_header_id|>

INSTRUCTION: Simplify the following text such that the length of the output text (number of characters) relative to the source text is approximately equal to the ratio specified in the control token prepended to your generated simplification. The control token has the following format: <METRIC=VALUE>. 
SOURCE TEXT: An International Standard Serial Number -LRB- ISSN -RRB- is a unique eight-digit number used to identify a print or electronic periodical publication .

EXPLANATION: The <CHAR_COMPRESSION=0.96> token specifies that the character-level compression rate should be around 0.96. Values less than 1 indicate text reduction. Values greater than 1 indicate text expansion.<|eot_id|><|start_header_id|>assistant<|end_header_id|>

<CHAR_COMPRESSION=0.96><|eot_id|>
>>> Reference:
An International Standard Serial Number -LRB- ISSN -RRB- is an eight-digit number used to identify a print or electronic periodical publication . <|eot_id|>
>>> Prediction:
The International Standard Serial Number -LRB- ISSN -RRB- is a unique eight-digit number used to identify a print or electronic periodical publication. 
================================================================================
{'loss': 0.9767, 'grad_norm': 1.25872004032135, 'learning_rate': 1.2672338919401866e-05, 'epoch': 2.37}
{'eval_loss': 1.020743489265442, 'eval_runtime': 14.0316, 'eval_samples_per_second': 13.042, 'eval_steps_per_second': 3.278, 'epoch': 2.37}
{'train_runtime': 1320.5083, 'train_samples_per_second': 3.346, 'train_steps_per_second': 0.209, 'train_loss': 1.2044611714103006, 'epoch': 2.37}
Evaluation results: {'eval_loss': 1.0207103490829468, 'eval_runtime': 14.0332, 'eval_samples_per_second': 13.04, 'eval_steps_per_second': 3.278, 'epoch': 2.3685636856368566}
