Fri May 30 13:21:59 2025       
+-----------------------------------------------------------------------------------------+
| NVIDIA-SMI 560.35.05              Driver Version: 560.35.05      CUDA Version: 12.6     |
|-----------------------------------------+------------------------+----------------------+
| GPU  Name                 Persistence-M | Bus-Id          Disp.A | Volatile Uncorr. ECC |
| Fan  Temp   Perf          Pwr:Usage/Cap |           Memory-Usage | GPU-Util  Compute M. |
|                                         |                        |               MIG M. |
|=========================================+========================+======================|
|   0  NVIDIA A100-SXM4-80GB          Off |   00000000:CB:00.0 Off |                    0 |
| N/A   30C    P0             62W /  400W |       1MiB /  81920MiB |      0%      Default |
|                                         |                        |             Disabled |
+-----------------------------------------+------------------------+----------------------+
                                                                                         
+-----------------------------------------------------------------------------------------+
| Processes:                                                                              |
|  GPU   GI   CI        PID   Type   Process name                              GPU Memory |
|        ID   ID                                                               Usage      |
|=========================================================================================|
|  No running processes found                                                             |
+-----------------------------------------------------------------------------------------+
Script started: Fri May 30 13:21:59 CEST 2025
Running inference 1 with seed 37...
Loading from models/CHAR_COMPRESSION-WikiLarge_ori_splitwise-token_explanation-Ministral-3b-instruct-20250529...
Inference args:
Namespace(use_vllm=False, seed=37, model_path='models/CHAR_COMPRESSION-WikiLarge_ori_splitwise-token_explanation-Ministral-3b-instruct-20250529', model_name=None, dataset_name='WikiLarge_ori_splitwise', model_class='auto', model_family='base', max_length=512, batch_size=4, slice_test=-1, output_file='output/sft_inference/CHAR_COMPRESSION-WikiLarge_ori_splitwise-token_explanation-Ministral-3b-instruct-20250529/output_1.json', device='cuda', peft_path=None, control_tokens='data/prompts/control_tokens.json', system_prompts='data/prompts/system_prompts.json', user_prompts='data/prompts/user_prompts.json', metric_mapping='data/metric_mapping.json', metric_name='CHAR_COMPRESSION', user_prompt_id='token_explanation')

test:	 Inspect the dataset format:
 {'global_id': ['wikilarge_ori_220768'], 'source_text': ['Smaller riverboats can reach higher as far as Achual Point .\n'], 'source_metrics': [{'FRE': 78.25, 'ARI': 7.1, 'FKGL': 4.8, 'Dale-Chall': 10.45, 'char_count': 61, 'alphanum_count': 49, 'word_count': 11, 'sentence_count': 1}], 'metadata': [{'dataset': 'wikilarge_ori', 'experiment_split': '', 'domain': 'general', 'language': 'en', 'annotation': 'automatic', 'level': 'sentence'}], 'simplification_text': ['Smaller riverboats can reach 780 km -LRB- 486 mi -RRB- higher as far as Actual Point .\n'], 'target_metrics': [{'FRE': 72.16, 'ARI': 7.2, 'FKGL': 7.2, 'Dale-Chall': 14.3, 'char_count': 87, 'alphanum_count': 59, 'word_count': 17, 'sentence_count': 1, 'char_compression_rate': 1.43, 'word_compression_rate': 1.55, 'sentence_compression_rate': 1.0, 'BLEU': 31.46660996956415, 'BERTScore': 0.8939859867095947}], 'simplification_version': [1], 'grade_level': [-1], 'simplification_dimensions': [{'linguistic': {'lexical': False, 'syntactic': False}}]}

--- Processing batch:
Smaller riverboats can reach higher as far as Achual Point....
Each square in the graticube is known as a '-LRB- major '' division....
It was a type of fighter....
They have sold nearly 100 million records worldwide....

--- Processing batch:
They are most often planted from large cutting which roots quickly....
The band released their first album, All Killer No Filling in 2001....
The Monsters...
She was found eight days later in a lagoon on Condobomon Road near Forbes....

--- Processing batch:
Other rules are the same as pallapingo....
The H1N1 form of swine flu is one of the descendants of the strain that caused the 1918 flu disaster...
The temperature in Labuna, which lies in the heart of the tropical islands, rarely changes during th...
Although he plays for Spain, he currently resides in Latvia....

--- Processing batch:
Cbe -LRB- born 2 February 1944 -RRB- is a British conductor....
Hans-J ürgen Doren -LRB- born 1951 -RRB-, football player and coach...
After 1902, Burnham was employed by the East Africa Syndicate....
Borough council, a form of local government...

--- Processing batch:
It is found in the region Ashfield in Stirling County, Scotland....
He performed with, among others, the band '' '' '' '' '' '' '' '' ''....
He is not considered inactive, but simply has not been in any shows for a time....
Carl Dóniz I G G O 10 years Leader of the Reichmen....

--- Processing batch:
An express version was later built in the form of the Class 166 Terry-LRB-LRB-RRB- trains....
The latter device can then be designed and used in less stringent environments....
The common distance of the points of a circle from its center is called its radius....
'' Luk tru da senta vska '' sed haa royal mata in ansa tu haa kuespan....

--- Processing batch:
The stadium plays host to the home matches of Scotland Premier League club Motherwell....
The stadium plays host to the home matches of Scotland Premier League club Motherwell....
The total area is 55.73 km, and the population density is 292 inhabitants per km....
Matthew groups Jesus'teachings into five discories, of which the Sermon on the Tower is the first....

--- Processing batch:
The band has had 16 top ten singles on the Billboard rock charts, eight of which peaked at # 1....
After his apprenticeship he worked as retail salesman in his father's draper's shop....
The PQ was defeated by the Quebec Liberal Party in the 1985 election....
Truls Olaf Otterbech MÃ rk -RRB- is a Swedish cellist....

--- Processing batch:
On brass instruments the mouthpiece is the part of the instrument which is placed upon the player's ...
Bad Blood 1997 was originally titled and took place on October 5....
They were parents of three children : Lady Margaret Clifford -LRB- 1540 - September 28, 1596 -RRB-....
It is found in the region Aquitaine in the Gironde department in the west of France....

--- Processing batch:
Each entry has a datum -LRB- a nugget of data -RRB- which is a copy of the datum in some backing sto...
The first time the Piccadilly line was used was on June 28, 1903....
Jeu de paume was originally a French precursor of lawn tennis played without racquets....
Tekken 6 is a fighting game developed and produced by Namco Bandai and the eighth game in the Tekken...

--- Processing batch:
Byzantion later conquered Chalcedon, across the Bosporus on the Asiatic side....
The city is also a center of sugar production and industry....
Foods considered street foods are often, though not exclusively, finger foods....
The area was created on 1 April 1974....

--- Processing batch:
Kingdom Hearts : Chain of Memories takes place immediately after the ending of the first game, Kingd...
Mufasa then teaches Simba about the stars....
It is one of eight first level national subdivisions, called Regions in Mali....
The name '' desert cat '' is reserved for Felis silvetries lybica, the African wildcat....

--- Processing batch:
The current archbishop is the Most Reverend Rowan Williams....
In the usual topology on Rn the basic open sets are the open balls....
The station is located on the A24 Balham Hill Road in the London Borough of Wandsworth, and is in Tr...
In 1987 he was elected to the House of Commons....

--- Processing batch:
When Miller's contract was expired at the end of that season, he moved to Celtic....
In September 1926, Dempsey fought Irish-American former U.S. Marine Gennie Turner in Philadelphia....
Fortuna - goddess of luck....
The standard atmosphere -LRB- atm -RRB- is an established constant....

--- Processing batch:
It is a popular place for people to play video games....
Jeanne Rij-Rousseau -LRB- June 10, 1870 -- October 22, 1956 -RRB- was a French Cubist painter and an...
It is found in the region Pays de la Loire in the Sarthe department in the west of France....
Clara Josephine Wicker was born in Leipzig on 13 September 1819 to Richard and Marianne Wicker....

--- Processing batch:
Abbey was a television personality who worked on television shows and plays Lady Abbon....
After his father went bankrupt in 1926, the family moved to Winnipeg, but were unable to stay there....
Matteo Paro -LRB- born 17 March 1983 -RRB- is an Italian football player. He plays for Vicena....
On 28 April 2006, eHow was sold and wikiHow was launched as an independent site on its own www.wikih...

--- Processing batch:
Samovar & Porter -LRB- 1994 -RRB-, p. 84 Syrians did not gather in urban enclades....
The study of perception gave rise to the Gestalt school of psychology....
Today, other technologies can perform the functions of magnetic tape....
By Topic Religion January 11 -- Pope Miltiades'reign ends....

--- Processing batch:
It is now the site of Meher Baba's tomb-shrine and facilities and accommodations for pilgrims....
At landfall, hurricane-force winds extended outward 120 miles -LRB- 190 km -RRB- from the center and...
Hafnium -LRB- -RRB- is a chemical element....
The three primary macronutrients : nitrogen -LRB- N -RRB-, phosphorus -LRB- P -RRB-, and potassium -...

--- Processing batch:
Suriname is situated between French Guiana to the east and Guyana to the west....
The area is called '' sabana ''....
Hancock, Michigan, as of 2005, still incorporates bi-lingual street signs written in both English an...
Facing that Diek will destroy the galaxy, Clank asks Ratchet to help him find the famous superhero C...

--- Processing batch:
Today, many of the Lutheran chorales are familiar as hymns still used in Protestant churches, sung i...
The poem described how a Christian owes his loyalties to both his homeland and the heavenly kingdom....
She performed for President Reagan in 1988's Great Performances at the White House series, which air...
The highest grades of matcha have more intense sweetness and deep flavour than the standard or coars...

--- Processing batch:
Longvilliers -LRB- until 1997 Longvillers -RRB- is a commune....
Woodstock is included in the riding of Oxford....
Brighton, Victoria, a suburb of Melbourne...
The Great Barrier Reef can be seen from outer space and is the world's largest single structure made...

--- Processing batch:
The Rainbow jersey is the distinctive jersey worn by the reigning world champion in a bicycle racing...
Kellner served as chief justice inspector and administrationist of the Laubach courtthouse until 194...
To cope with life in the suffocating depths, vampire squid have developed several revolutionary adap...
In 1990, she was the only female entertainer allowed to perform in Saudi Arabia....

--- Processing batch:
Egypt is annexed to the Roman Republic....
Hip dysplasia is a serious issue for the breed....
Brands associated with teddy bears that enjoyed strong popularity in the 1980s and 1990s are Eddie R...
Some of the Lesbia and Gabrielle are a couple and have embraced them as role models and gay icons....

--- Processing batch:
It is not used in the United Kingdom....
The Quokka -LRB- setonix brachyurus -RRB-, the only member of the genus Setonix, is a small macropod...
The name of the Croatian people is called the Croatian language....
He was the chair of a commission that was made by the now social democratic-green government....

--- Processing batch:
The Frisians are an ethnic group of the coastal parts of the Netherlands, Denmark and Germany....
The lake is between the provinces of East Azarbaijan and West Azarbaijan, west of the southern porti...
Naiad was discovered about 1989....
In public saunas it is more common that men and women go to the sauna separately, although people of...

--- Processing batch:
The group's original lineup was Curt Kirkwood -LRB- guitar/vocals -RRB-, his brother Cris Kirkwood -...
Afterwards Sparks transferred it on heavy cotton material, then asked his wife Grace and her sister ...
Broda was born in Brandon, Manitola in 1936....
The name is a name from the name of the flower....

--- Processing batch:
Valea Moldovei is a commune....
Graham attended Wheaton College, Stanford University, and the National Institute of Cultural Researc...
She was also an important factor in her life....
A more cryptic relative of the Weady Seatrab is the Leafy Seatrab....

--- Processing batch:
It was a city in the district of Locarno in the canton of Ticino in Switzerland....
The body color varies from medium brown to gold-ish to beige-white, and occasionally, is marked with...
After that, in what is sometimes called the Post-Vulgate Merlin, Excalibur was given to Arthur by th...
Gorenlitz is a city on the absolute eastmost edge of Germany on the Lusatian Neisse River, in the Bu...

--- Processing batch:
Alessandro -LRB- born 8 November 1942 -RRB- is an Italian football player....
It is found in the region Basse-Normandie in the Calvados department in the northwest of France....
Located in northeastern Spain, the region consists of three provinces from north to south : Huesca, ...
The company is called '' Big Dogs ''....

--- Processing batch:
The politics of the force were intertwined with Jihad, the religious war or holy war of Muhammad 140...
It can be distinguishing from other members of the genus by the number of claws on the fore and hind...
The show's 270 episodes have been successfully syndinated worldwide, and has earned 28 Emmy Awards f...
His fiction works are considered part of the Romantic movement and, more specifically, dark romantic...

--- Processing batch:
The city was often referred to as the "Lost City of the Sun" due to its sunset skyline....
Gable also earned an Academy Award nomination when he portrayed Fletcher Christian in 1935's Mutiny ...
Frank Tracy Griswold III -LRB- born 1938 -RRB- was the 25th Presisting Bellman and Primate of the Ep...
The aluminium ore boya is composed mostly of aluminium hydroxides....

--- Processing batch:
When he gets a job at a factory he tells his daughter that it's absurd to kill him because it is sma...
Carteret County is a member of the regional Eastern Carolina Council of Governments....
Epauvillers is a village and former municipality in the district of Franches-Montagnes in the canton...
In general usage, the word '' electricity '' is sufficient to refer to a number of physical effects....

--- Processing batch:
Mary Quant Obe FCSD -LRB- born 11 February 1934 -RRB- is a British fashion designer and fashion icon...
BookCrossing.com users can ` go hunting ', where a member will go to the website to see a list of bo...
Jean de Meun completes the French allegorical work of fiction, Roman de la Rose....
Richard A. Peddie -LRB- born on January, 1947 in Windsor, Ontario -RRB- is the President and CEO of ...

--- Processing batch:
Other pages...
Typically a device can pull about 7 to 8 watt-hours of electricity....
The character was created in 1998....
This is called the process of making sense of the world....

--- Processing batch:
The conference papers were published the next year in a bookMicroeconomic Foundations of Employment ...
Focal minor planet designations are number-name combinations overseen by the Little Planet Center, a...
Located close to the Tinguirica River -LRB- a tributary of the Rapel -RRB- in a fertile valley, San ...
Railway Gazette International is a monthly business journal covering the railway, metro, light rail ...

--- Processing batch:
It includes the ceremonial countries of Essex, Hertfordshire, Bedfordshire, Cornwall, Norfolk and Su...
His castmates included the following -LRB- 2004 -RRB-...
Its remnants moved across southern Spain, dumping rain on the drought-ridden region, and moved into ...
The Spanish conquest of Guatemala is completed....

--- Processing batch:
Body Jewellery Shop - common body piercings...
The summit of the Khyber Pass is inside Pakistan at Landi Kotal and it cuts through the northeastern...
Blues can be subdivided into several subgenres, including country and urban blues....
The Great Seal of the State of Colorado is an adaptation of the Territorial Seal which was adopted b...

--- Processing batch:
After some exploration Philip decided to go on to Port Jackson, and on 26 January the marines and co...
The seafood is often cooked in a large seaweed plate called a sashimi plate....
The Southern Railway made great use of steam locomotive names for publicity, and the carrying of pup...
The BZIE is not a party that is in favor of a referendum about the Lisbon Treaty but against an Euro...

--- Processing batch:
In 1976, Principal Conductor from 1976 to 1988, the Opera Company continued to play classical and mo...
Bersirc is an open source Internet Relay Chat client for the Microsoft Windows operating system....
The Rwanda national football team is called Amavubi -RRB- and is controlled by the FÃ dÃ ration Rwan...
Prunk is a member of Institute of European History in London, and a Senior Fellow of the Center for ...

--- Processing batch:
These bound tablets were then usually placed beneath the ground : either buried in graves or tombs, ...
James became the number one contender for the Women's Title on December 12 by defeating Victoria in ...
The sound of singing is often done in a group of other musicians, such as in a choir of singers with...
The television station is called National Broadcasting Network....

--- Processing batch:
At a dinner party attended by the Dearly couple, Cruella de Lil is expressing her dislike for animal...
The internal styles are also known as WÃ n '' dÄngquÃ n, named for their association with the Taoist...
In return, Roaldsworth became a member of Charles's group, and undertook to defend the northern regi...
Gastric dumping syndrome, or rapid gastric emptying is a condition where ingested foods bypass the s...

--- Processing batch:
Sylvain Fernier -LRB- born March 26, 1977 -RRB- is a former Canadian professional wrestler, who is b...
The Peninsula is home to 257,223 people, which is about 51 % of Newfoundland's population in 2209....
In telecommunications, a Hamming code is a linear error-correcting code named after its creator, Ric...
1943 - World War II : Battle of Tarawa -RRB- starts and loses to the Japanese shore guns and machine...

--- Processing batch:
Delgadillo's Snow Cap Drive-In is a historic eatery and roadside attraction located on Route 66 in S...
The Tribes of Judah and Benjamin stayed loyal to Rehoboam....
Asclepias incarnata, with common names such as : Swamp Milkweed, rose Milkweed, Swamp Silkweed, and ...
Modern science has shown that itch has several similarities to pain, but it has different behavioral...

--- Processing batch:
The fossils were recovered from the lagerstÃ tte of the Yixian Formation in the Liaingo province of ...
It is found in the region Lombardy in the Vatican City....
Sean Hannity -LRB- born 30 December 1961 -RRB- is an American radio and television host, author, and...
Each time You Dispose of or Publicly Perform the Work or a Collection, the licitor offers to the rec...

--- Processing batch:
She made her debut as a leading actress in Little Secrets -LRB- 2002 -RRB- and became well-known aft...
The most common nucleic acids are diodromes -LRB- DNA -RRB- and ribonucleic acid -LRB- RNA -RRB-....
Another large educational establishment in Aylesburg is the Aylesburg Music Center....
The University is a university in Texas....

--- Processing batch:
As time went by, Aria became lost in the history of the dragon king war and died....
The Apostotic Tradition, attributed to the theologian Hallel psalms with Alleluia as the refrain in ...
Hungarians, who are a sizeable minority in Transsylvania, constimate a majority in the countries of ...
Building buildings in early Gaborone include Assembly buildings, government offices, a power station...

--- Processing batch:
Robert Cade, Dana Shires, Harry James Free, and Alejandro de Quencher, were the medical researchers,...
It was an anthology of short stories, including by Edgar Allan Poe, tied together by the adventures ...
The early medieval Rustamid dynasty in Algeria was Ibadi, and refugees from its capital Tahert found...
The 1648-1648...

--- Processing batch:
Michael Hordy -LRB- born 10 October 1956 -RRB- is a retired Canadian ice hockey player who played el...
On June 23, 2010, Eager was traded to the Atlanta Thrashers along with Dustin Byfuglien, Brent Sopel...
He continued making music under the Girl Talk alias while studying biomedical engineering at Case We...
Both IBM Lotus and Microsoft have introduced a system that allows employees to use a single interfac...

--- Processing batch:
If the reason for its protection no longer applies, a reasonable period has elapsed, and there is no...
William Moseley, Anna Popplewell, George Henley and Skandar Keynes play Peter, Susan, Lucy and Edmun...
The Encyclopedia Britannica is an American company....
The potential energy and thus the electric potential is only defined up to an additive constant : on...

--- Processing batch:
The WebKit engine provides a set of classes to display web content in windows, and implements browse...
Robinson also openly criticized segregated hotels and restaurants that served the Dodger organizatio...
The story is based on the life of Elizabeth II of England....
Predictions saved to output/sft_inference/CHAR_COMPRESSION-WikiLarge_ori_splitwise-token_explanation-Ministral-3b-instruct-20250529/output_1.json
Inference 2 completed.
Running inference 2 with seed 15...
Loading from models/CHAR_COMPRESSION-WikiLarge_ori_splitwise-token_explanation-Ministral-3b-instruct-20250529...
Inference args:
Namespace(use_vllm=False, seed=15, model_path='models/CHAR_COMPRESSION-WikiLarge_ori_splitwise-token_explanation-Ministral-3b-instruct-20250529', model_name=None, dataset_name='WikiLarge_ori_splitwise', model_class='auto', model_family='base', max_length=512, batch_size=4, slice_test=-1, output_file='output/sft_inference/CHAR_COMPRESSION-WikiLarge_ori_splitwise-token_explanation-Ministral-3b-instruct-20250529/output_2.json', device='cuda', peft_path=None, control_tokens='data/prompts/control_tokens.json', system_prompts='data/prompts/system_prompts.json', user_prompts='data/prompts/user_prompts.json', metric_mapping='data/metric_mapping.json', metric_name='CHAR_COMPRESSION', user_prompt_id='token_explanation')

test:	 Inspect the dataset format:
 {'global_id': ['wikilarge_ori_220768'], 'source_text': ['Smaller riverboats can reach higher as far as Achual Point .\n'], 'source_metrics': [{'FRE': 78.25, 'ARI': 7.1, 'FKGL': 4.8, 'Dale-Chall': 10.45, 'char_count': 61, 'alphanum_count': 49, 'word_count': 11, 'sentence_count': 1}], 'metadata': [{'dataset': 'wikilarge_ori', 'experiment_split': '', 'domain': 'general', 'language': 'en', 'annotation': 'automatic', 'level': 'sentence'}], 'simplification_text': ['Smaller riverboats can reach 780 km -LRB- 486 mi -RRB- higher as far as Actual Point .\n'], 'target_metrics': [{'FRE': 72.16, 'ARI': 7.2, 'FKGL': 7.2, 'Dale-Chall': 14.3, 'char_count': 87, 'alphanum_count': 59, 'word_count': 17, 'sentence_count': 1, 'char_compression_rate': 1.43, 'word_compression_rate': 1.55, 'sentence_compression_rate': 1.0, 'BLEU': 31.46660996956415, 'BERTScore': 0.8939859867095947}], 'simplification_version': [1], 'grade_level': [-1], 'simplification_dimensions': [{'linguistic': {'lexical': False, 'syntactic': False}}]}

--- Processing batch:
Smaller riverboats can reach higher as far as Achual Point....
Each square in the graticube is known as a '-LRB- major '' division....
It was designed by the Soviet Union....
They have sold nearly 100 million records worldwide....

--- Processing batch:
They are most often planted from large cutting which roots quickly....
The band released their first album, All Killer No Filling in 2001....
The Monsters...
She was found eight days later in a lagoon on Condobonal Road near Forbes....

--- Processing batch:
Other rules are the same as pallapingo....
The H1N1 form of swine flu is one of the descendants of the strain that caused the 1918 flu disaster...
The temperature in Labuna, which lies in the heart of the tropical islands, rarely changes during th...
Although he plays for Spain, he currently resides in Latvia....

--- Processing batch:
Cbe -LRB- born 2 February 1944 -RRB- is a British conductor....
Hans-J ürgen Doren -LRB- born 1951 -RRB-, football player and coach...
After 1902, Burnham was employed by the East Africa Syndicate....
Borough council, a form of local government...

--- Processing batch:
It is found in the region Ashfield in Stirling County, Scotland....
He performed with, among others, Elf, Rainbow, Black sabbath, Heaven and Death, and his own band Dio...
He is not considered inactive, but simply has not been in any shows for a time....
Carl Dóniz I G G O 10 years Leader of the Reichmen....

--- Processing batch:
An express version was later built in the form of the Class 166 Terry-LRB-LRB-RRB- trains....
The latter device can then be designed and used in less stringent environments....
The common distance of the points of a circle from its center is called its radius....
'' Luk tru da senta vska '' sed haa royal mata in ansa tu haa kuespan....

--- Processing batch:
The stadium plays host to the home matches of Scotland Premier League club Motherwell....
The stadium plays host to the home matches of Scotland Premier League club Motherwell....
The total area is 55.73 km, and the population density is 292 inhabitants per km....
Matthew groups Jesus'teachings into five discories, of which the Sermon on the Tower is the first....

--- Processing batch:
The band has had 16 top ten singles on the Billboard rock charts, eight of which peaked at # 1....
After his apprenticeship he worked as retail salesman in his father's draper's shop....
The PQ was defeated by the Quebec Liberal Party in the 1985 election....
Truls Olaf Otterbech MÃ rk -RRB- is a Swedish cellist....

--- Processing batch:
On brass instruments the mouthpiece is the part of the instrument which is placed upon the player's ...
Bad Blood 1997 was originally titled and took place on October 5....
They were parents of three children : Lady Margaret Clifford -LRB- 1540 - September 28, 1596 -RRB-....
It is found in the region Aquitaine in the Gironde department in the northwest of France....

--- Processing batch:
Each entry has a datum -LRB- a nugget of data -RRB- which is a copy of the datum in some backing sto...
The first time the Piccadilly line was used was on June 28, 1903....
Jeu de paume was originally a French precursor of lawn tennis played without racquets....
Tekken 6 is a fighting game developed and produced by Namco Bandai and the eighth game in the Tekken...

--- Processing batch:
Byzantion later conquered Chalcedon, across the Bosporus on the Asiatic side....
The city is also a center of sugar production and industry....
Foods considered street foods are often, though not exclusively, finger foods....
The area was created on 1 April 1974....

--- Processing batch:
Kingdom Hearts : Chain of Memories takes place immediately after the ending of the first game, Kingd...
Mufasa then teaches Simba about the stars....
It is one of eight first level national subdivisions, called Regions in Mali....
The name '' desert cat '' is reserved for Felis silvetries lybica, the African wildcat....

--- Processing batch:
The current archbishop is the Most Reverend Rowan Williams....
In the usual topology on Rn the basic open sets are the open balls....
The station is located on the A24 Balham Hill Road in the London Borough of Wandsworth, and is in Tr...
In 1987 he was elected to the House of Commons....

--- Processing batch:
When Miller's contract was expired at the end of that season, he moved to Celtic....
In September 1926, Dempsey fought Irish-American former U.S. Marine Gennie Turner in Philadelphia....
Fortuna - goddess of luck....
The standard atmosphere -LRB- atm -RRB- is an established constant....

--- Processing batch:
It is a popular place for people to play video games....
Jeanne Rij-Rousseau -LRB- June 10, 1870 -- October 22, 1956 -RRB- was a French Cubist painter and an...
It is found in the region Pays de la Loire in the Sarthe department in the west of France....
Clara Josephine Wicker was born in Leipzig on 13 September 1819 to Richard and Marianne Wicker....

--- Processing batch:
Abbey was a television personality who worked on television shows and plays Lady Abbon....
After his father went bankrupt in 1926, the family moved to Winnipeg, but were unable to stay there....
Matteo Paro -LRB- born 17 March 1983 -RRB- is an Italian football player. He plays for Vicena....
On 28 April 2006, eHow was sold and wikiHow was launched on its own website....

--- Processing batch:
Samovar & Porter -LRB- 1994 -RRB-, p. 84 Syrians did not gather in urban enclades....
The study of perception gave rise to the Gestalt school of psychology....
Today, other technologies can perform the functions of magnetic tape....
By Topic Religion January 11 -- Pope Miltiades'reign ends....

--- Processing batch:
It is now the site of Meher Baba's tomb-shrine and facilities and accommodations for pilgrims....
At landfall, hurricane-force winds extended outward 120 miles -LRB- 190 km -RRB- from the center and...
Hafnium -LRB- -RRB- is a chemical element....
The three primary macronutrients : nitrogen -LRB- N -RRB-, phosphorus -LRB- P -RRB-, and potassium -...

--- Processing batch:
Suriname is situated between French Guiana to the east and Guyana to the west....
The area is called '' sabana ''....
Hancock, Michigan, as of 2005, still incorporates bi-lingual street signs written in both English an...
Facing that Diek will destroy the galaxy, Clank asks Ratchet to help him find the famous superhero C...

--- Processing batch:
Today, many of the Lutheran chorales are familiar as hymns still used in Protestant churches, sung i...
The poem described how a Christian owes his loyalties to both his homeland and the heavenly kingdom....
She performed for President Reagan in 1988's Great Performances at the White House series, which air...
The highest grades of matcha have more intense sweetness and deep flavour than the standard or coars...

--- Processing batch:
Longvilliers -LRB- until 1997 Longvillers -RRB- is a commune....
Woodstock is included in the riding of Oxford....
Brighton, Victoria, a suburb of Melbourne...
The Great Barrier Reef can be seen from outer space and is the world's largest single structure made...

--- Processing batch:
The Rainbow jersey is the distinctive jersey worn by the reigning world champion in a bicycle racing...
Kellner served as chief justice inspector and administrationist for the Laubach courthouse until 194...
To cope with life in the suffocating depths, vampire squid have developed several revolutionary adap...
In 1990, she was the only female entertainer allowed to perform in Saudi Arabia....

--- Processing batch:
Egypt is annexed to the Roman Republic....
Hip dysplasia is a serious issue for the breed....
Brands associated with teddy bears that enjoyed strong popularity in the 1980s and 1990s are Eddie R...
Some of the Lesbia and Gabrielle are a couple and have embraced them as role models and gay icons....

--- Processing batch:
It is not used in the United Kingdom....
The Quokka -LRB- setonix brachyurus -RRB-, the only member of the genus Setonix, is a small macropod...
The name of the Croatian people is called the Croatian language....
He was the chair of a commission that was made by the now social democratic-green government....

--- Processing batch:
The Frisians are an ethnic group of the coastal parts of the Netherlands, Denmark and Germany....
The lake is between the provinces of East Azarbaijan and West Azarbaijan, west of the southern porti...
Naiad was discovered sometime before mid-September, 1989 from the images taken by the Voyager 2 prob...
In public saunas it is more common that men and women go to the sauna separately, although people of...

--- Processing batch:
The group's original lineup was Curt Kirkwood -LRB- guitar/vocals -RRB-, his brother Cris Kirkwood -...
Afterwards Sparks transferred it on heavy cotton material, then asked his wife Grace and her sister ...
Broda was born in Brandon, Manitola in the United Kingdom....
The name is a name from the name of the flower....

--- Processing batch:
Valea Moldovei is a commune....
Graham attended Wheaton College, Stanford University, and the National Institute of Cultural Researc...
She was also an important factor in her life....
A more cryptic relative of the Weady Seatrab is the Leafy Seatrab....

--- Processing batch:
It was a city in the district of Locarno in the canton of Ticino in Switzerland....
The body color varies from medium brown to gold-ish to beige-white, and occasionally, is marked with...
After that, in what is sometimes called the Post-Vulgate Merlin, Excalibur was given to Arthur by th...
Gorenlitz is a city on the absolute eastmost edge of Germany on the Lusatian Neisse River, in the Bu...

--- Processing batch:
Alessandro -LRB- born 8 November 1942 -RRB- is an Italian football player....
It is found in the region Basse-Normandie in the Calvados department in the northwest of France....
Located in northeastern Spain, the region consists of three provinces from north to south : Huesca, ...
The company is called '' Big Dogs ''....

--- Processing batch:
The politics of the force were intertwined with Jihad, the religious war or holy war of Muhammad 140...
It can be distinguishing from other members of the genus by the number of claws on the fore and hind...
The show's 270 episodes have been successfully syndinated worldwide, and has earned 28 Emmy Awards f...
His fiction works are considered part of the Romantic movement and, more specifically, dark romantic...

--- Processing batch:
The city was often referred to as the "Lost City of the Sun" due to its sunset skyline....
Gable also earned an Academy Award nomination when he portrayed Fletcher Christian in 1935's Mutiny ...
Frank Tracy Griswold III -LRB- born 1938 -RRB- was the 25th Presisting Bellman and Primate of the Ep...
The aluminium ore boya is composed mostly of aluminium hydroxides....

--- Processing batch:
When he gets a job at a factory, Fern Arable tells him that it's absurd to kill him because it is sm...
Carteret County is a member of the regional Eastern Carolina Council of Governments....
It is found in the region Franches-Montagnes in the canton of Jura in Switzerland....
In general usage, the word '' electricity '' is sufficient to refer to a number of physical effects....

--- Processing batch:
Mary Quant Obe FCSD -LRB- born 11 February 1934 -RRB- is a British fashion designer and fashion icon...
BookCrossing.com users can ` go hunting ', where a member will go to the website to see a list of bo...
Jean de Meun completes the French allegorical work of fiction, Roman de la Rose....
Richard A. Peddie -LRB- born on January, 1947 in Windsor, Ontario -RRB- is the President and CEO of ...

--- Processing batch:
Other pages...
Typically a device can pull about 7 to 8 watt-hours of electricity....
The character was created in 1998....
This is called the process of making sense of the world....

--- Processing batch:
The conference papers were published the next year in a bookMicroeconomic Foundations of Employment ...
Focal Magnitude...
Located close to the Tinguirica River -LRB- a tributary of the Rapel -RRB- in a fertile valley, San ...
Railway Gazette International is a monthly business journal covering the railway, metro, light rail ...

--- Processing batch:
It includes the ceremonial countries of Essex, Hertfordshire, Bedfordshire, Cornwall, Norfolk and Su...
His castmates included the following -LRB- 2004 -RRB-...
Its remnants moved across southern Spain, dumping rain on the drought-ridden region, and moved into ...
The Spanish conquest of Guatemala is completed....

--- Processing batch:
Body Jewellery Shop - common body piercings...
The summit of the Khyber Pass is inside Pakistan at Landi Kotal and it cuts through the northeastern...
Blues can be subdivided into several subgenres, including country and urban blues....
The Great Seal of the State of Colorado is an adaptation of the Territorial Seal which was adopted b...

--- Processing batch:
After some exploration Philip decided to go on to Port Jackson, and on 26 January the marines and co...
The seafood is often cooked in a large seaweed plate called a sashimi plate....
The Southern Railway made great use of steam locomotive names for publicity, and the carrying of pup...
The BZIE is not a party that is in favor of a referendum about the Lisbon Treaty but against an Euro...

--- Processing batch:
In 1976, Principal Conductor from 1976 to 1988, the Opera Company continued to play classical music ...
Bersirc is an open source Internet Relay Chat client for the Microsoft Windows operating system....
The Rwanda national football team is called Amavubi -RRB- and is based in Rundana....
Prunk is a member of Institute of European History in London, and a Senior Fellow of the Center for ...

--- Processing batch:
These bound tablets were then usually placed below the ground : either buried in graves or tombs, th...
James became the number one contender for the Women's Title on December 12 by defeating Victoria in ...
The sound of singing is often done in a group of other musicians, such as in a choir of singers with...
The television station is called National Broadcasting Network....

--- Processing batch:
At a dinner party attended by the Dearly couple, Cruella de Lil is expressing her dislike for animal...
The internal styles are also known as WÃ n '' dÄngquÃ n, named for their association with the Taoist...
In return, Roaldsworth became a member of Charles's group, and undertook to defend the northern regi...
Gastric dumping syndrome, or rapid gastric emptying is a condition where ingested foods bypass the s...

--- Processing batch:
Sylvain Fernier -LRB- born March 26, 1977 -RRB- is a former Canadian professional wrestler, who is b...
The Peninsula is home to 257,223 people, which is about 51 % of Newfoundland's population in 2209....
In telecommunications, a Hamming code is a linear error-correcting code named after its creator, Ric...
1943 - World War II : Battle of Tarawa -RRB- starts and loses to the Japanese shore guns and machine...

--- Processing batch:
Delgadillo's Snow Cap Drive-In is a historic eatery and roadside attraction located on Route 66 in S...
The Tribes of Judah and Benjamin stayed loyal to Rehoboam....
Asclepias incarnata, with common names such as : Swamp Milkweed, rose Milkweed, Swamp Silkweed, and ...
Modern science has shown that itch has several similarities to pain, but it has different behavioral...

--- Processing batch:
The fossils were recovered from the lagerstÃ tte of the Yixian Formation in the Liaingo province of ...
It is found in the region Lombardy in the Vatican City....
Sean Hannity -LRB- born 30 December 1961 -RRB- is an American radio and television host, author, and...
Each time You Dispose of or Publicly Perform the Work or a Collection, the licitor offers to the rec...

--- Processing batch:
She made her debut as a leading actress in Little Secrets -LRB- 2002 -RRB- and became well-known aft...
The most common nucleic acids are diodromes -LRB- DNA -RRB- and ribonucleic acid -LRB- RNA -RRB-....
Another large educational establishment in Aylesburg is the Aylesburg Music Center....
The University is a university in Texas....

--- Processing batch:
As time went by, Aria became lost in the history of the dragon king war and died....
The Apostotic Tradition, attributed to the theologian Hail psalms with Alleluia as the refrain in ea...
Hungarians are a group of people who are native to the region that is called the Hungarian language....
Building buildings in early Gaborone include Assembly buildings, government offices, a power station...

--- Processing batch:
Robert Cade, Dana Shires, Harry James Free, and Alejandro de Quencher, were the medical researchers,...
It was an anthology of short stories, including by Edgar Allan Poe, tied together by the adventures ...
The early medieval Rustamid dynasty in Algeria was Ibadi, and refugees from its capital Tahert found...
The 1648-1648...

--- Processing batch:
Michael Hordy -LRB- born 10 October 1956 -RRB- is a retired Canadian ice hockey player who played el...
On June 23, 2010, Eager was traded to the Atlanta Thrashers along with Dustin Byfuglien, Brent Sopel...
He continued making music under the Girl Talk alias while studying biomedical engineering at Case We...
Both IBM Lotus and Microsoft have introduced a system that allows employees to use a single interfac...

--- Processing batch:
If the reason for its protection no longer applies, a reasonable period has elapsed, and there is no...
William Moseley, Anna Popplewell, George Henley and Skandar Keynes play Peter, Susan, Lucy and Edmun...
The Encyclopedia Britannica is an American company....
The potential energy and thus the electric potential is only defined up to an additive constant : on...

--- Processing batch:
The WebKit engine provides a set of classes to display web content in windows, and implements browse...
Robinson also openly criticized segregated hotels and restaurants that served the Dodger organizatio...
The story is based on the life of Elizabeth II of England....
Predictions saved to output/sft_inference/CHAR_COMPRESSION-WikiLarge_ori_splitwise-token_explanation-Ministral-3b-instruct-20250529/output_2.json
Inference 3 completed.
Running inference 3 with seed 96...
Loading from models/CHAR_COMPRESSION-WikiLarge_ori_splitwise-token_explanation-Ministral-3b-instruct-20250529...
Inference args:
Namespace(use_vllm=False, seed=96, model_path='models/CHAR_COMPRESSION-WikiLarge_ori_splitwise-token_explanation-Ministral-3b-instruct-20250529', model_name=None, dataset_name='WikiLarge_ori_splitwise', model_class='auto', model_family='base', max_length=512, batch_size=4, slice_test=-1, output_file='output/sft_inference/CHAR_COMPRESSION-WikiLarge_ori_splitwise-token_explanation-Ministral-3b-instruct-20250529/output_3.json', device='cuda', peft_path=None, control_tokens='data/prompts/control_tokens.json', system_prompts='data/prompts/system_prompts.json', user_prompts='data/prompts/user_prompts.json', metric_mapping='data/metric_mapping.json', metric_name='CHAR_COMPRESSION', user_prompt_id='token_explanation')

test:	 Inspect the dataset format:
 {'global_id': ['wikilarge_ori_220768'], 'source_text': ['Smaller riverboats can reach higher as far as Achual Point .\n'], 'source_metrics': [{'FRE': 78.25, 'ARI': 7.1, 'FKGL': 4.8, 'Dale-Chall': 10.45, 'char_count': 61, 'alphanum_count': 49, 'word_count': 11, 'sentence_count': 1}], 'metadata': [{'dataset': 'wikilarge_ori', 'experiment_split': '', 'domain': 'general', 'language': 'en', 'annotation': 'automatic', 'level': 'sentence'}], 'simplification_text': ['Smaller riverboats can reach 780 km -LRB- 486 mi -RRB- higher as far as Actual Point .\n'], 'target_metrics': [{'FRE': 72.16, 'ARI': 7.2, 'FKGL': 7.2, 'Dale-Chall': 14.3, 'char_count': 87, 'alphanum_count': 59, 'word_count': 17, 'sentence_count': 1, 'char_compression_rate': 1.43, 'word_compression_rate': 1.55, 'sentence_compression_rate': 1.0, 'BLEU': 31.46660996956415, 'BERTScore': 0.8939859867095947}], 'simplification_version': [1], 'grade_level': [-1], 'simplification_dimensions': [{'linguistic': {'lexical': False, 'syntactic': False}}]}

--- Processing batch:
Smaller riverboats can reach higher as far as Achual Point....
Each square in the graticube is known as a '-LRB- major '' division....
It was a type of fighter....
They have sold nearly 100 million records worldwide....

--- Processing batch:
They are most often planted from large cutting which roots quickly....
The band released their first album, All Killer No Filling in 2001....
The Monsters...
She was found eight days later in a lagoon on Condobonal Road near Forbes....

--- Processing batch:
Other rules are the same as pallapingo....
The H1N1 form of swine flu is one of the descendants of the strain that caused the 1918 flu disaster...
The temperature in Labuna, which lies in the heart of the tropical islands, rarely changes during th...
Although he plays for Spain, he currently resides in Latvia....

--- Processing batch:
Cbe -LRB- born 2 February 1944 -RRB- is a British conductor....
Hans-J ürgen Doren -LRB- born 1951 -RRB-, football player and coach...
After 1902, Burnham was employed by the East Africa Syndicate....
Borough council, a form of local government...

--- Processing batch:
It is found in the region Ashfield in Stirling County in the United Kingdom....
He performed with, among others, the band '' '' '' '' '' '' '' '' ''....
He is not considered inactive, but simply has not been in any shows for a time....
Carl Dóniz I G G O 10 years Leader of the Reichmen....

--- Processing batch:
An express version was later built in the form of the Class 166 Terry-LRB-LRB-RRB- trains....
The latter device can then be designed and used in less stringent environments....
The common distance of the points of a circle from its center is called its radius....
'' Luk tru da senta vska '' sed haa royal mata in ansa tu haa kuespan....

--- Processing batch:
The stadium plays host to the home matches of Scotland Premier League club Motherwell....
The stadium plays host to the home matches of Scotland Premier League club Motherwell....
The total area is 55.73 km, and the population density is 292 inhabitants per km....
Matthew groups Jesus'teachings into five discories, of which the Sermon on the Wall is the first....

--- Processing batch:
The band has had 16 top ten singles on the Billboard rock charts, eight of which peaked at # 1....
After his apprenticeship he worked as retail salesman in his father's draper's shop....
The PQ was defeated by the Quebec Liberal Party in the 1985 election....
Truls Olaf Otterbech MÃ rk -RRB- is a Swedish cellist....

--- Processing batch:
On brass instruments the mouthpiece is the part of the instrument which is placed upon the player's ...
Bad Blood 1997 was originally called and took place on October 5....
They were parents of three children : Lady Margaret Clifford -LRB- 1540 - September 28, 1596 -RRB-....
It is found in the region Aquitaine in the Gironde department in the west of France....

--- Processing batch:
Each entry has a datum -LRB- a nugget of data -RRB- which is a copy of the datum in some backing sto...
The first time the Piccadilly line was used was on June 28, 1903....
Jeu de paume was originally a French precursor of lawn tennis played without racquets....
Tekken 6 is a fighting game developed and produced by Namco Bandai and the eighth game in the Tekken...

--- Processing batch:
Byzantion later conquered Chalcedon, across the Bosporus on the Asiatic side....
The city is also a center of sugar production and industry....
Foods considered street foods are often, though not exclusively, finger foods....
The area was created on 1 April 1974....

--- Processing batch:
Kingdom Hearts : Chain of Memories takes place immediately after the ending of the first game, Kingd...
Mufasa then teaches Simba about the stars....
It is one of eight first level national subdivisions, called Regions in Mali....
The name '' desert cat '' is reserved for Felis silvetries lybica, the African wildcat....

--- Processing batch:
The current archbishop is the Most Reverend Rowan Williams....
In the usual topology on Rn the basic open sets are the open balls....
The station is located on the A24 Balham High Road in the London Borough of Wandsworth, and is in Tr...
In 1987 he was elected to the House of Commons....

--- Processing batch:
When Miller's contract was expired at the end of that season, he moved to Celtic....
In September 1926, Dempsey fought Irish-American former U.S. Marine Gennie Turner in Philadelphia....
Fortuna - goddess of luck....
The standard atmosphere -LRB- atm -RRB- is an established constant....

--- Processing batch:
It is a city in the Philippines....
Jeanne Rij-Rousseau -LRB- June 10, 1870 -- October 22, 1956 -RRB- was a French Cubist painter and an...
It is found in the region Pays de la Loire in the Sarthe department in the west of France....
Clara Josephine Wicker was born in Leipzig on 13 September 1819 to Richard and Marianne Wicker....

--- Processing batch:
Abbey was a television personality who worked on television shows and plays Lady Abbon....
After his father went bankrupt in 1926, the family moved to Winnipeg, but were unable to stay there....
Matteo Paro -LRB- born 17 March 1983 -RRB- is an Italian football player. He plays for Vicena....
On 28 April 2006, eHow was sold and wikiHow was launched on its own website....

--- Processing batch:
Samovar & Porter -LRB- 1994 -RRB-, p. 84 Syrians did not gather in urban enclades....
The study of perception gave rise to the Gestalt school of psychology....
Today, other technologies can perform the functions of magnetic tape....
By Topic Religion January 11 -- Pope Miltiades'reign ends....

--- Processing batch:
It is now the site of Meher Baba's tomb-shrine and facilities and accommodations for pilgrims....
At landfall, hurricane-force winds extended outward 120 miles -LRB- 190 km -RRB- from the center and...
Hafnium -LRB- -RRB- is a chemical element....
The three primary macronutrients : nitrogen -LRB- N -RRB-, phosphorus -LRB- P -RRB-, and potassium -...

--- Processing batch:
Suriname is situated between French Guiana to the east and Guyana to the west....
The area is called '' sabana ''....
Hancock, Michigan, as of 2005, still incorporates bi-lingual street signs written in both English an...
Facing that Diek will destroy the galaxy, Clank asks Ratchet to help him find the famous superhero C...

--- Processing batch:
Today, many of the Lutheran chorales are familiar as hymns still used in Protestant churches, sung i...
The poem described how a Christian owes his loyalties to both his homeland and the heavenly kingdom....
She performed for President Reagan in 1988's Great Performances at the White House series, which air...
The highest grades of matcha have more intense sweetness and deep flavour than the standard or coars...

--- Processing batch:
Longvilliers -LRB- until 1997 Longvillers -RRB- is a commune....
Woodstock is included in the riding of Oxford....
Brighton, Victoria, a suburb of Melbourne...
The Great Barrier Reef can be seen from outer space and is the world's largest single structure made...

--- Processing batch:
The Rainbow jersey is the distinctive jersey worn by the reigning world champion in a bicycle racing...
Kellner served as chief justice inspector and administrationist for the Laubach courthouse until 194...
To cope with life in the suffocating depths, vampire squid have developed several revolutionary adap...
In 1990, she was the only female entertainer allowed to perform in Saudi Arabia....

--- Processing batch:
Egypt is annexed to the Roman Republic....
Hip dysplasia is a serious issue for the breed....
Brands associated with teddy bears that enjoyed strong popularity in the 1980s and 1990s are Eddie R...
Some of the Lesbia and Gabrielle see Xena and Gabrielle as a couple and have embraced them as role m...

--- Processing batch:
It is not used in the United Kingdom....
The Quokka -LRB- setonix brachyurus -RRB-, the only member of the genus Setonix, is a small macropod...
The name of the Croatian people is called the Croatian language....
He was the chair of a commission that was made by the now social democratic-green government....

--- Processing batch:
The Frisians are an ethnic group of the coastal parts of the Netherlands, Denmark and Germany....
The lake is between the provinces of East Azarbaijan and West Azarbaijan, west of the southern porti...
Naiad was discovered sometime before mid-September, 1989 from the images taken by the Voyager 2 prob...
In public saunas it is more common that men and women go to the sauna separately, although people of...

--- Processing batch:
The group's original lineup was Curt Kirkwood -LRB- guitar/vocals -RRB-, his brother Cris Kirkwood -...
Afterwards Sparks transferred it on heavy cotton material, then asked his wife Grace and her sister ...
Broda was born in Brandon, Manitola in 1936....
The name is a name from the name of the flower....

--- Processing batch:
Valea Moldovei is a commune....
Graham attended Wheaton College, University of Illinois, in 1939....
She was also an important factor in her life....
A more cryptic relation of the Weady Seatrab is the Leafy Seatrab....

--- Processing batch:
It was a city in the district of Locarno in the canton of Ticino in Switzerland....
The body color varies from medium brown to gold-ish to beige-white, and occasionally, is marked with...
After that, in what is sometimes called the Post-Vulgate Merlin, Excalibur was given to Arthur by th...
Gorenlitz is a city on the absolute eastmost edge of Germany on the Lusatian Neisse River, in the Bu...

--- Processing batch:
Alessandro -LRB- born 8 November 1942 -RRB- is an Italian football player....
It is found in the region Basse-Normandie in the Calvados department in the northwest of France....
Located in northeastern Spain, the region consists of three provinces from north to south : Huesca, ...
The company is called '' Big Dogs ''....

--- Processing batch:
The politics of the force were intertwined with Jihad, the religious war or holy war of Muhammad 140...
It can be distinguishing from other members of the genus by the number of claws on the fore and hind...
The show's 270 episodes have been successfully syndinated worldwide, and has earned 28 Emmy Awards f...
His fiction works are considered part of the Romantic movement and, more specifically, dark romantic...

--- Processing batch:
The city was often referred to as the "Lost City of the Sun" due to its sunset sky....
Gable also earned an Academy Award nomination when he portrayed Fletcher Christian in 1935's Mutiny ...
Frank Tracy Griswold III -LRB- born 1938 -RRB- was the 25th Presisting Bellman and Primate of the Ep...
The aluminium ore boya is composed mostly of aluminium hydroxides....

--- Processing batch:
When he gets a job at a factory he tells his daughter that it's absurd to kill him because it is sma...
Carteret County is a member of the regional Eastern Carolina Council of Governments....
It is found in the region Franches-Montagnes in the canton of Jura in Switzerland....
In general usage, the word '' electricity '' is sufficient to refer to a number of physical effects....

--- Processing batch:
Mary Quant OFE FCSD -LRB- born 11 February 1934 -RRB- is a British fashion designer and fashion icon...
BookCrossing.com users can ` go hunting ', where a member will go to the website to see a list of bo...
Jean de Meun completes the French allegorical work of fiction, Roman de la Rose....
Richard A. Peddie -LRB- born on January, 1947 in Windsor, Ontario -RRB- is the President and CEO of ...

--- Processing batch:
Other pages...
Typically a device can pull about 7 to 8 watt-hours of electricity....
The character was created in 1998....
This is called the process of making sense of the world....

--- Processing batch:
The conference papers were published the next year in a bookMicroeconomic Foundations of Employment ...
Focal Magnitude...
Located close to the Tinguirica River -LRB- a tributary of the Rapel -RRB- in a fertile valley, San ...
Railway Gazette International is a monthly business journal covering the railway, metro, light rail ...

--- Processing batch:
It includes the ceremonial countries of Essex, Hertfordshire, Bedfordshire, Cornwall, Norfolk and Su...
His castmates included the following -LRB- 2004 -RRB-...
Its remnants moved across southern Spain, dumping rain on the drought-ridden region, and moved into ...
The Spanish conquest of Guatemala is done....

--- Processing batch:
Body Jewellery Shop - common body piercings...
The summit of the Khyber Pass is inside Pakistan at Landi Kotal and it cuts through the northeastern...
Blues can be subdivided into several subgenres, including country and urban blues....
The Great Seal of the State of Colorado is an adaptation of the Territorial Seal which was adopted b...

--- Processing batch:
After some exploration Philip decided to go on to Port Jackson, and on 26 January the marines and co...
The seafood is often cooked in a large seaweed plate called a sashimi plate....
The Southern Railway made great use of steam locomotive names for publicity, and the carrying of pup...
The BZIE is not a party that is in favor of a referendum about the Lisbon Treaty but against an Euro...

--- Processing batch:
In 1976, Principal Conductor from 1976 to 1988, the Opera Company continued to play classical music ...
Bersirc is an open source Internet Relay Chat client for the Microsoft Windows operating system....
The Rwanda national football team is called Amavubi -RRB- and is controlled by the FÃ dÃ ration Rwan...
Prunk is a member of Institute of European History in London, and a Senior Fellow of the Center for ...

--- Processing batch:
These bound tablets were then usually placed beneath the ground : either buried in graves or tombs, ...
James became the number one contender for the Women's Title on December 12 by defeating Victoria in ...
The sound of singing is often done in a group of other musicians, such as in a choir of singers with...
The television station is called National Broadcasting Network....

--- Processing batch:
At a dinner party attended by the Dearly couple, Cruella de Lil is expressing her dislike for animal...
The internal styles are also known as WÃ n '' dÄngquÃ n, named for their association with the Taoist...
In return, Roaldsworth became a member of Charles's group, and undertook to defend the northern regi...
Gastric dumping syndrome, or rapid gastric emptying is a condition where ingested foods bypass the s...

--- Processing batch:
Sylvain Fernier -LRB- born March 26, 1977 -RRB- is a former Canadian professional wrestler, who is b...
The Peninsula is home to 257,223 people, which is about 51 % of Newfoundland's population in 2209....
In telecommunications, a Hamming code is a linear error-correcting code named after its creator, Ric...
1943 - World War II : Battle of Tarawa -RRB- starts and loses to the Japanese shore guns and machine...

--- Processing batch:
Delgadillo's Snow Cap Drive-In is a historic eatery and roadside attraction located on Route 66 in S...
The Tribes of Judah and Benjamin stayed loyal to Rehoboam....
Asclepias incarnata, with common names such as : Swamp Milkweed, rose Milkweed, Swamp Silkweed, and ...
Modern science has shown that itch has several similarities to pain, but it has different behavioral...

--- Processing batch:
The fossils were recovered from the lagerstÃ tte of the Yixian Formation in the Liaingo province of ...
It is found in the region Lombardy in the Vatican City....
Sean Hannity -LRB- born 30 December 1961 -RRB- is an American radio and television host, author, and...
Each time You Dispose of or Publicly Perform the Work or a Collection, the licitor offers to the rec...

--- Processing batch:
She made her debut as a leading actress in Little Secrets -LRB- 2002 -RRB- and became well-known aft...
The most common nucleic acids are diodromes -LRB- DNA -RRB- and ribonucleic acid -LRB- RNA -RRB-....
Another large educational establishment in Aylesburg is the Aylesburg Music Center....
The University is a university in Texas....

--- Processing batch:
As time went by, Aria became lost in the history of the dragon king war and died....
The Apostotic Tradition, attributed to the theologian Hallel psalms with Alleluia as the refrain in ...
Hungarians, who are a sizeable minority in Transsylvania, constimate a majority in the countries of ...
Building buildings in early Gaborone include Assembly buildings, government offices, a power station...

--- Processing batch:
Robert Cade, Dana Shires, Harry James Free, and Alejandro de Quencher, were the medical researchers,...
It was an anthology of short stories, including by Edgar Allan Poe, tied together by the adventures ...
The early medieval Rustamid dynasty in Algeria was Ibadi, and refugees from its capital Tahert found...
The 1648-1648...

--- Processing batch:
Michael Hordy -LRB- born 10 October 1956 -RRB- is a retired Canadian ice hockey player who played el...
On June 23, 2010, Eager was traded to the Atlanta Thrashers along with Dustin Byfuglien, Brent Sopel...
He continued making music under the Girl Talk alias while studying biomedical engineering at Case We...
Both IBM Lotus and Microsoft have introduced a system that allows employees to use a single interfac...

--- Processing batch:
If the reason for its protection no longer applies, a reasonable period has elapsed, and there is no...
William Moseley, Anna Popplewell, George Henley and Skandar Keynes play Peter, Susan, Lucy and Edmun...
The Encyclopedia Britannica is an American company....
The potential energy and thus the electric potential is only defined up to an additive constant : on...

--- Processing batch:
The WebKit engine provides a set of classes to display web content in windows, and implements browse...
Robinson also openly criticized segregated hotels and restaurants that served the Dodger organizatio...
The story is based on the life of Elizabeth II of England....
Predictions saved to output/sft_inference/CHAR_COMPRESSION-WikiLarge_ori_splitwise-token_explanation-Ministral-3b-instruct-20250529/output_3.json
Inference 4 completed.
Running inference 4 with seed 2...
Loading from models/CHAR_COMPRESSION-WikiLarge_ori_splitwise-token_explanation-Ministral-3b-instruct-20250529...
Inference args:
Namespace(use_vllm=False, seed=2, model_path='models/CHAR_COMPRESSION-WikiLarge_ori_splitwise-token_explanation-Ministral-3b-instruct-20250529', model_name=None, dataset_name='WikiLarge_ori_splitwise', model_class='auto', model_family='base', max_length=512, batch_size=4, slice_test=-1, output_file='output/sft_inference/CHAR_COMPRESSION-WikiLarge_ori_splitwise-token_explanation-Ministral-3b-instruct-20250529/output_4.json', device='cuda', peft_path=None, control_tokens='data/prompts/control_tokens.json', system_prompts='data/prompts/system_prompts.json', user_prompts='data/prompts/user_prompts.json', metric_mapping='data/metric_mapping.json', metric_name='CHAR_COMPRESSION', user_prompt_id='token_explanation')

test:	 Inspect the dataset format:
 {'global_id': ['wikilarge_ori_220768'], 'source_text': ['Smaller riverboats can reach higher as far as Achual Point .\n'], 'source_metrics': [{'FRE': 78.25, 'ARI': 7.1, 'FKGL': 4.8, 'Dale-Chall': 10.45, 'char_count': 61, 'alphanum_count': 49, 'word_count': 11, 'sentence_count': 1}], 'metadata': [{'dataset': 'wikilarge_ori', 'experiment_split': '', 'domain': 'general', 'language': 'en', 'annotation': 'automatic', 'level': 'sentence'}], 'simplification_text': ['Smaller riverboats can reach 780 km -LRB- 486 mi -RRB- higher as far as Actual Point .\n'], 'target_metrics': [{'FRE': 72.16, 'ARI': 7.2, 'FKGL': 7.2, 'Dale-Chall': 14.3, 'char_count': 87, 'alphanum_count': 59, 'word_count': 17, 'sentence_count': 1, 'char_compression_rate': 1.43, 'word_compression_rate': 1.55, 'sentence_compression_rate': 1.0, 'BLEU': 31.46660996956415, 'BERTScore': 0.8939859867095947}], 'simplification_version': [1], 'grade_level': [-1], 'simplification_dimensions': [{'linguistic': {'lexical': False, 'syntactic': False}}]}

--- Processing batch:
Smaller riverboats can reach higher as far as Achual Point....
Each square in the graticube is known as a '-LRB- major '' division....
It was a type of fighter....
They have sold nearly 100 million records worldwide....

--- Processing batch:
They are most often planted from large cutting which roots quickly....
The band released their first album, All Killer No Filling in 2001....
The Monsters...
She was found eight days later in a lagoon on Condobonal Road near Forbes....

--- Processing batch:
Other rules are the same as pallapingo....
The H1N1 form of swine flu is one of the descendants of the strain that caused the 1918 flu disaster...
The temperature in Labuna, which lies in the heart of the tropical islands, rarely changes during th...
Although he plays for Spain, he currently resides in Latvia....

--- Processing batch:
Cbe -LRB- born 2 February 1944 -RRB- is a British conductor....
Hans-J ürgen Doren -LRB- born 1951 -RRB-, football player and coach...
After 1902, Burnham was employed by the East Africa Syndicate....
Borough council, a form of local government...

--- Processing batch:
It is found in the region Ashfield in Stirling County, Scotland....
He performed with, among others, Elf, Rainbow, Black sabbath, Heaven and Death, and his own band Dio...
He is not considered inactive, but simply has not been in any shows for a time....
Carl Dóniz I G G O 10 years Leader of the Reichmen....

--- Processing batch:
An express version was later built in the form of the Class 166 Terry-LRB-LRB-RRB- trains....
The latter device can then be designed and used in less stringent environments....
The common distance of the points of a circle from its center is called its radius....
'' Luk tru da senta vska '' sed haa royal mata in ansa tu haa kuespan....

--- Processing batch:
The stadium plays host to the home matches of Scotland Premier League club Motherwell....
The stadium plays host to the home matches of Scotland Premier League club Motherwell....
The total area is 55.73 km, and the population density is 292 inhabitants per km....
Matthew groups Jesus'teachings into five discories, of which the Sermon on the Tower is the first....

--- Processing batch:
The band has had 16 top ten singles on the Billboard rock charts, eight of which peaked at # 1....
After his apprenticeship he worked as retail salesman in his father's draper's shop....
The PQ was defeated by the Quebec Liberal Party in the 1985 election....
Truls Olaf Otterbech MÃ rk -RRB- is a Swedish cellist....

--- Processing batch:
On brass instruments the mouthpiece is the part of the instrument which is placed upon the player's ...
Bad Blood 1997 was originally titled and took place on October 5....
They were parents of three children : Lady Margaret Cliffford -LRB- 1540 - September 28, 1596 -RRB-....
It is found in the region Aquitaine in the Gironde department in the west of France....

--- Processing batch:
Each entry has a datum -LRB- a nugget of data -RRB- which is a copy of the datum in some backing sto...
The first time the Piccadilly line was used was on June 28, 1903....
Jeu de paume was originally a French precursor of lawn tennis played without racquets....
Tekken 6 is a fighting game developed and produced by Namco Bandai and the eighth game in the Tekken...

--- Processing batch:
Byzantion later conquered Chalcedon, across the Bosporus on the Asiatic side....
The city is also a center of sugar production and industry....
Foods considered street foods are often, though not exclusively, finger foods....
The area was created on 1 April 1974....

--- Processing batch:
Kingdom Hearts : Chain of Memories takes place immediately after the ending of the first game, Kingd...
Mufasa then teaches Simba about the stars....
It is one of eight first level national subdivisions, called Regions in Mali....
The name '' desert cat '' is reserved for Felis silvetries lybica, the African wildcat....

--- Processing batch:
The current archbishop is the Most Reverend Rowan Williams....
In the usual topology on Rn the basic open sets are the open balls....
The station is located on the A24 Balham Hill Road in the London Borough of Wandsworth, and is in Tr...
In 1987 he was elected to the House of Commons....

--- Processing batch:
When Miller's contract was expired at the end of that season, he transferred to Celtic....
In September 1926, Dempsey fought Irish-American former U.S. Marine Gennie Turner in Philadelphia....
Fortuna - goddess of luck....
The standard atmosphere -LRB- atm -RRB- is an established constant....

--- Processing batch:
It is a city in the Philippines....
Jeanne Rij-Rousseau -LRB- June 10, 1870 -- October 22, 1956 -RRB- was a French Cubist painter and an...
It is found in the region Pays de la Loire in the Sarthe department in the west of France....
Clara Josephine Wicker was born in Leipzig on 13 September 1819 to Richard and Marianne Wicker....

--- Processing batch:
Abbey was a television personality who worked on several TV spots, and played Lady Abbon on Mister R...
After his father went bankrupt in 1926, the family moved to Winnipeg, but were unable to stay there....
Matteo Paro -LRB- born 17 March 1983 -RRB- is an Italian football player. He plays for Vicena....
On 28 April 2006, eHow was sold and wikiHow was launched on its own website....

--- Processing batch:
Samovar & Porter -LRB- 1994 -RRB-, p. 84 Syrians did not gather in urban enclades....
The study of perception gave rise to the Gestalt school of psychology....
Today, other technologies can perform the functions of magnetic tape....
By Topic Religion January 11 -- Pope Miltiades'reign ends....

--- Processing batch:
It is now the site of Meher Baba's tomb-shrine and facilities and accommodations for pilgrims....
At landfall, hurricane-force winds extended outward 120 miles -LRB- 190 km -RRB- from the center and...
Hafnium -LRB- -RRB- is a chemical element....
The three primary macronutrients : nitrogen -LRB- N -RRB-, phosphorus -LRB- P -RRB-, and potassium -...

--- Processing batch:
Suriname is situated between French Guiana to the east and Guyana to the west....
The area is called '' sabana ''....
Hancock, Michigan, as of 2005, still incorporates bi-lingual street signs written in both English an...
Facing that Diek will destroy the galaxy, Clank asks Ratchet to help him find the famous superhero C...

--- Processing batch:
Today, many of the Lutheran chorales are familiar as hymns still used in Protestant churches, sung i...
The poem described how a Christian owes his loyalties to both his homeland and the heavenly kingdom....
She performed for President Reagan in 1988's Great Performances at the White House series, which air...
The highest grades of matcha have more intense sweetness and deep flavour than the standard or coars...

--- Processing batch:
Longvilliers -LRB- until 1997 Longvillers -RRB- is a commune....
Woodstock is included in the riding of Oxford....
Brighton, Victoria, a suburb of Melbourne...
The Great Barrier Reef can be seen from outer space and is the world's largest single structure made...

--- Processing batch:
The Rainbow jersey is the distinctive jersey worn by the reigning world champion in a bicycle racing...
Kellner served as chief justice inspector and administration officer of the Laubach courtthouse unti...
To cope with life in the suffocating depths, vampire squid have developed several revolutionary adap...
In 1990, she was the only female entertainer allowed to perform in Saudi Arabia....

--- Processing batch:
Egypt is annexed to the Roman Republic....
Hip dysplasia is a serious issue for the breed....
Brands associated with teddy bears that enjoyed strong popularity in the 1980s and 1990s are Eddie R...
Some of the Lesbia and Gabrielle see Xena and Gabrielle as a couple and have embraced them as role m...

--- Processing batch:
It is not used in the United Kingdom....
The Quokka -LRB- setonix brachyurus -RRB-, the only member of the genus Setonix, is a small macropod...
The name of the Croatian people is called the Croatian language....
He was the chair of a commission that was made by the now social democratic-green government....

--- Processing batch:
The Frisians are an ethnic group of the coastal parts of the Netherlands, Denmark and Germany....
The lake is between the provinces of East Azarbaijan and West Azarbaijan, west of the southern porti...
Naiad was discovered sometime before mid-September, 1989 from the images taken by the Voyager 2 prob...
In public saunas it is more common that men and women go to the sauna separately, although people of...

--- Processing batch:
The group's original lineup was Curt Kirkwood -LRB- guitar/vocals -RRB-, his brother Cris Kirkwood -...
Afterwards Sparks transferred it on heavy cotton material, then asked his wife Grace and her sister ...
Broda was born in Brandon, Manitola in 1936....
The name is a name from the name of the flower....

--- Processing batch:
Valea Moldovei is a commune....
Graham attended Wheaton College, Stanford University, and the National Institute of Cultural Researc...
She was also an important factor in her life....
A more cryptic relative of the Weady Seatrab is the Leafy Seatrab....

--- Processing batch:
It was a city in the district of Locarno in the canton of Ticino in Switzerland....
The body color varies from medium brown to gold-ish to beige-white, and occasionally, is marked with...
After that, in what is sometimes called the Post-Vulgate Merlin, Excalibur was given to Arthur by th...
Gorenlitz is a city on the absolute eastmost edge of Germany on the Lusatian Neisse River, in the Bu...

--- Processing batch:
Alessandro -LRB- born 8 November 1942 -RRB- is an Italian football player....
It is found in the region Basse-Normandie in the Calvados department in the northwest of France....
Located in northeastern Spain, the region consists of three provinces from north to south : Huesca, ...
The company is called '' Big Dogs ''....

--- Processing batch:
The politics of the force were intertwined with Jihad, the religious war or holy war of Muhammad 140...
It can be distinguishing from other members of the genus by the number of claws on the fore and hind...
The show's 270 episodes have been successfully syndinated worldwide, and has earned 28 Emmy Awards f...
His fiction works are considered part of the Romantic movement and, more specifically, dark romantic...

--- Processing batch:
The city was often referred to as the "Lost City of the Sun" due to its sunset skyline....
Gable also earned an Academy Award nomination when he portrayed Fletcher Christian in 1935's Mutiny ...
Frank Tracy Griswold III -LRB- born 1938 -RRB- was the 25th Presisting Bellman and Primate of the Ep...
The aluminium ore boya is composed mostly of aluminium hydroxides....

--- Processing batch:
When he gets a job at a factory, Fern Arable tells him that it's absurd to kill him because it is sm...
Carteret County is a member of the regional Eastern Carolina Council of Governments....
It is found in the region Franches-Montagnes in the canton of Jura in Switzerland....
In general usage, the word '' electricity '' is sufficient to refer to a number of physical effects....

--- Processing batch:
Mary Quant OFE FCSD -LRB- born 11 February 1934 -RRB- is a British fashion designer and fashion icon...
BookCrossing.com users can ` go hunting ', where a member will go to the website to see a list of bo...
Jean de Meun completes the French allegorical work of fiction, Roman de la Rose....
Richard A. Peddie -LRB- born on January, 1947 in Windsor, Ontario -RRB- is the President and CEO of ...

--- Processing batch:
Other pages...
It can pull about 7 to 8 watt-hours of electricity....
The character was created in 1998....
This is called the process of making sense of the world....

--- Processing batch:
The conference papers were published the next year in a bookMicroeconomic Foundations of Employment ...
Focal Magnitude...
Located close to the Tinguirica River -LRB- a tributary of the Rapel -RRB- in a fertile valley, San ...
Railway Gazette International is a monthly business journal covering the railway, metro, light rail ...

--- Processing batch:
It includes the ceremonial countries of Essex, Hertfordshire, Bedfordshire, Cornwall, Norfolk and Su...
His castmates included future girlfriend and pop superstar Britney Spears, future tourmate Christina...
Its remnants moved across southern Spain, dumping rain on the drought-ridden region, and moved into ...
The Spanish conquest of Guatemala is completed....

--- Processing batch:
Body Jewellery Shop - common body piercings...
The summit of the Khyber Pass is inside Pakistan at Landi Kotal and it cuts through the northeastern...
Blues can be subdivided into several subgenres, including country and urban blues....
The Great Seal of the State of Colorado is an adaptation of the Territorial Seal which was adopted b...

--- Processing batch:
After some exploration Philip decided to go on to Port Jackson, and on 26 January the marines and co...
The seafood is often cooked in a large seaweed plate called a sashimi plate....
The Southern Railway made great use of steam locomotive names for publicity, and the carrying of pup...
The BZIE is not a party that is in favor of a referendum about the Lisbon Treaty but against an Euro...

--- Processing batch:
In 1976, Principal Conductor from 1976 to 1988, the Opera Company continued to play classical music ...
Bersirc is an open source Internet Relay Chat client for the Microsoft Windows operating system....
The Rwanda national football team is called Amavubi -RRB- and is controlled by the FÃ dÃ ration Rwan...
Prunk is a member of Institute of European History in London, and a Senior Fellow of the Center for ...

--- Processing batch:
These bound tablets were then usually placed beneath the ground : either buried in graves or tombs, ...
James became the number one contender for the Women's Title on December 12 by defeating Victoria in ...
The sound of singing is often done in a group of other musicians, such as in a choir of singers with...
The television station is called National Broadcasting Network....

--- Processing batch:
At a dinner party attended by the Dearly couple, Cruella de Lil is expressing her dislike for animal...
The internal styles are also known as WÃ n '' dÄngquÃ n, named for their association with the Taoist...
In return, Roaldsworth became a member of Charles's group, and undertook to defend the northern regi...
Gastric dumping syndrome, or rapid gastric emptying is a condition where ingested foods bypass the s...

--- Processing batch:
Sylvain Fernier -LRB- born March 26, 1977 -RRB- is a former Canadian professional wrestler, who is b...
The Peninsula is home to 257,223 people, which is about 51 % of Newfoundland's population in 2209....
In telecommunications, a Hamming code is a linear error-correcting code named after its creator, Ric...
1943 - World War II : Battle of Tarawa -RRB- starts and loses to the Japanese shore guns and machine...

--- Processing batch:
Delgadillo's Snow Cap Drive-In is a historic eatery and roadside attraction located on Route 66 in S...
The Tribes of Judah and Benjamin stayed loyal to Rehoboam....
Asclepias incarnata, with common names such as : Swamp Milkweed, rose Milkweed, Swamp Silkweed, and ...
Modern science has shown that itch has several similarities to pain, but it has different behavioral...

--- Processing batch:
The fossils were recovered from the lagerstÃ tte of the Yixian Formation in the Liaingo province of ...
It is found in the region Lombardy in the Vatican City....
Sean Hannity -LRB- born 30 December 1961 -RRB- is an American radio and television host, author, and...
Each time You Dispose of or Publicly Perform the Work or a Collection, the licitor offers to the rec...

--- Processing batch:
She made her debut as a leading actress in Little Secrets -LRB- 2002 -RRB- and became well-known aft...
The most common nucleic acids are diodromes -LRB- DNA -RRB- and ribonucleic acid -LRB- RNA -RRB-....
Another large educational establishment in Aylesburg is the Aylesburg Music Center....
The University is a university in Texas....

--- Processing batch:
As time went by, Aria became lost in the history of the dragon king war and died....
The Apostotic Tradition, attributed to the theologian Hail psalms with Alleluia as the refrain in ea...
Hungarians, who are a sizeable minority in Transsylvania, constimate a majority in the countries of ...
Building buildings in early Gaborone include Assembly buildings, government offices, a power station...

--- Processing batch:
Robert Cade, Dana Shires, Harry James Free, and Alejandro de Quencher, were the medical researchers,...
It was an anthology of short stories about the moon....
The early medieval Rustamid dynasty in Algeria was Ibadi, and refugees from its capital Tahert found...
The 1648-1648...

--- Processing batch:
Michael Hordy -LRB- born 10 October 1956 -RRB- is a retired Canadian ice hockey player who played el...
On June 23, 2010, Eager was traded to the Atlanta Thrashers along with Dustin Byfuglien, Brent Sopel...
He continued making music under the Girl Talk alias while studying biomedical engineering at Case We...
Both IBM Lotus and Microsoft have introduced a system that allows employees to use a single interfac...

--- Processing batch:
If the reason for its protection no longer applies, a reasonable period has elapsed, and there is no...
William Moseley, Anna Popplewell, George Henley and Skandar Keynes play Peter, Susan, Lucy and Edmun...
The Encyclopedia Britannica is an American company....
The potential energy and thus the electric potential is only defined up to an additive constant : on...

--- Processing batch:
The WebKit engine provides a set of classes to display web content in windows, and implements browse...
Robinson also openly criticized segregated hotels and restaurants that served the Dodger organizatio...
The story is based on the life of Elizabeth II of England....
Predictions saved to output/sft_inference/CHAR_COMPRESSION-WikiLarge_ori_splitwise-token_explanation-Ministral-3b-instruct-20250529/output_4.json
Inference 5 completed.
Running inference 5 with seed 28...
Loading from models/CHAR_COMPRESSION-WikiLarge_ori_splitwise-token_explanation-Ministral-3b-instruct-20250529...
Inference args:
Namespace(use_vllm=False, seed=28, model_path='models/CHAR_COMPRESSION-WikiLarge_ori_splitwise-token_explanation-Ministral-3b-instruct-20250529', model_name=None, dataset_name='WikiLarge_ori_splitwise', model_class='auto', model_family='base', max_length=512, batch_size=4, slice_test=-1, output_file='output/sft_inference/CHAR_COMPRESSION-WikiLarge_ori_splitwise-token_explanation-Ministral-3b-instruct-20250529/output_5.json', device='cuda', peft_path=None, control_tokens='data/prompts/control_tokens.json', system_prompts='data/prompts/system_prompts.json', user_prompts='data/prompts/user_prompts.json', metric_mapping='data/metric_mapping.json', metric_name='CHAR_COMPRESSION', user_prompt_id='token_explanation')

test:	 Inspect the dataset format:
 {'global_id': ['wikilarge_ori_220768'], 'source_text': ['Smaller riverboats can reach higher as far as Achual Point .\n'], 'source_metrics': [{'FRE': 78.25, 'ARI': 7.1, 'FKGL': 4.8, 'Dale-Chall': 10.45, 'char_count': 61, 'alphanum_count': 49, 'word_count': 11, 'sentence_count': 1}], 'metadata': [{'dataset': 'wikilarge_ori', 'experiment_split': '', 'domain': 'general', 'language': 'en', 'annotation': 'automatic', 'level': 'sentence'}], 'simplification_text': ['Smaller riverboats can reach 780 km -LRB- 486 mi -RRB- higher as far as Actual Point .\n'], 'target_metrics': [{'FRE': 72.16, 'ARI': 7.2, 'FKGL': 7.2, 'Dale-Chall': 14.3, 'char_count': 87, 'alphanum_count': 59, 'word_count': 17, 'sentence_count': 1, 'char_compression_rate': 1.43, 'word_compression_rate': 1.55, 'sentence_compression_rate': 1.0, 'BLEU': 31.46660996956415, 'BERTScore': 0.8939859867095947}], 'simplification_version': [1], 'grade_level': [-1], 'simplification_dimensions': [{'linguistic': {'lexical': False, 'syntactic': False}}]}

--- Processing batch:
Smaller riverboats can reach higher as far as Achual Point....
Each square in the graticube is known as a '-LRB- major '' division....
It was a type of fighter....
They have sold nearly 100 million records worldwide....

--- Processing batch:
They are most often planted from large cutting which roots quickly....
The band released their first album, All Killer No Filling in 2001....
The Monsters...
She was found eight days later in a lagoon on Condobonal Road near Forbes....

--- Processing batch:
Other rules are the same as pallapingo....
The H1N1 form of swine flu is one of the descendants of the strain that caused the 1918 flu disaster...
The temperature in Labuna, which lies in the heart of the tropical islands, rarely changes during th...
Although he plays for Spain, he currently resides in Latvia....

--- Processing batch:
Cbe -LRB- born 2 February 1944 -RRB- is a British conductor....
Hans-J ürgen Doren -LRB- born 1951 -RRB-, football player and coach...
After 1902, Burnham was employed by the East Africa Syndicate....
Borough council, a form of local government...

--- Processing batch:
It is found in the region Ashfield in Stirling County, Scotland....
He performed with, among others, the band '' '' '' '' '' '' '' '' ''....
He is not considered inactive, but simply has not been in any shows for a time....
Carl Dóniz I G G O 10 years Leader of the Reichmen....

--- Processing batch:
An express version was later built in the form of the Class 166 Terry-LRB-LRB-RRB- trains....
The latter device can then be designed and used in less stringent environments....
The common distance of the points of a circle from its center is called its radius....
'' Luk tru da senta vska '' sed haa royal mata in ansa tu haa kuespan....

--- Processing batch:
The stadium plays host to the home matches of Scotland Premier League club Motherwell....
The stadium plays host to the home matches of Scotland Premier League club Motherwell....
The total area is 55.73 km, and the population density is 292 inhabitants per km....
Matthew groups Jesus'teachings into five discories, of which the Sermon on the Wall is the first....

--- Processing batch:
The band has had 16 top ten singles on the Billboard rock charts, eight of which peaked at # 1....
After his apprenticeship he worked as retail salesman in his father's draper's shop....
The PQ was defeated by the Quebec Liberal Party in the 1985 election....
Truls Olaf Otterbech MÃ rk -RRB- is a Swedish cellist....

--- Processing batch:
On brass instruments the mouthpiece is the part of the instrument which is placed upon the player's ...
Bad Blood 1997 was originally titled and took place on October 5....
They were parents of three children : Lady Margaret Clifford -LRB- 1540 - September 28, 1596 -RRB-....
It is found in the region Aquitaine in the Gironde department in the west of France....

--- Processing batch:
Each entry has a datum -LRB- a nugget of data -RRB- which is a copy of the datum in some backing sto...
The first time the Piccadilly line was used was on June 28, 1903....
Jeu de paume was originally a French precursor of lawn tennis played without racquets....
Tekken 6 is a fighting game developed and produced by Namco Bandai and the eighth game in the Tekken...

--- Processing batch:
Byzantion later conquered Chalcedon, across the Bosporus on the Asiatic side....
The city is also a center of sugar production and industry....
Foods considered street foods are often, though not exclusively, finger foods....
The area was created on 1 April 1974....

--- Processing batch:
Kingdom Hearts : Chain of Memories takes place immediately after the ending of the first game, Kingd...
Mufasa then teaches Simba about the stars....
It is one of eight first level national subdivisions, called Regions in Mali....
The name '' desert cat '' is reserved for Felis silvetries lybica, the African wildcat....

--- Processing batch:
The current archbishop is the Most Reverend Rowan Williams....
In the usual topology on Rn the basic open sets are the open balls....
The station is located on the A24 Balham Hill Road in the London Borough of Wandsworth, and is in Tr...
In 1987 he was elected to the House of Commons....

--- Processing batch:
When Miller's contract was expired at the end of that season, he moved to Celtic....
In September 1926, Dempsey fought Irish-American former U.S. Marine Genius Turner in Philadelphia....
Fortuna - goddess of luck....
The standard atmosphere -LRB- atm -RRB- is an established constant....

--- Processing batch:
It is a city in the Philippines....
Jeanne Rij-Rousseau -LRB- June 10, 1870 -- October 22, 1956 -RRB- was a French Cubist painter and an...
It is found in the region Pays de la Loire in the Sarthe department in the west of France....
Clara Josephine Wicker was born in Leipzig on 13 September 1819 to Richard and Marianne Wicker....

--- Processing batch:
Abbey was a television personality who worked on television shows and plays Lady Abbon....
After his father went bankrupt in 1926, the family moved to Winnipeg, but were unable to stay there....
Matteo Paro -LRB- born 17 March 1983 -RRB- is an Italian football player. He plays for Vicena....
On 28 April 2006, eHow was sold and wikiHow was launched on its own website....

--- Processing batch:
Samovar & Porter -LRB- 1994 -RRB-, p. 84 Syrians did not gather in urban enclades....
The study of perception gave rise to the Gestalt school of psychology....
Today, other technologies can perform the functions of magnetic tape....
By Topic Religion January 11 -- Pope Miltiades'reign ends....

--- Processing batch:
It is now the site of Meher Baba's tomb-shrine and facilities and accommodations for pilgrims....
At landfall, hurricane-force winds extended outward 120 miles -LRB- 190 km -RRB- from the center and...
Hafnium -LRB- -RRB- is a chemical element....
The three primary macronutrients : nitrogen -LRB- N -RRB-, phosphorus -LRB- P -RRB-, and potassium -...

--- Processing batch:
Suriname is situated between French Guiana to the east and Guyana to the west....
The area is called '' sabana ''....
Hancock, Michigan, as of 2005, still incorporates bi-lingual street signs written in both English an...
Facing that Diek will destroy the galaxy, Clank asks Ratchet to help him find the famous superhero C...

--- Processing batch:
Today, many of the Lutheran chorales are familiar as hymns still used in Protestant churches, sung i...
The poem described how a Christian owes his loyalties to both his homeland and the heavenly kingdom....
She performed for President Reagan in 1988's Great Performances at the White House series, which air...
The highest grades of matcha have more intense sweetness and deep flavour than the standard or coars...

--- Processing batch:
Longvilliers -LRB- until 1997 Longvillers -RRB- is a commune....
Woodstock is included in the riding of Oxford....
Brighton, Victoria, a suburb of Melbourne...
The Great Barrier Reef can be seen from outer space and is the world's largest single structure made...

--- Processing batch:
The Rainbow jersey is the distinctive jersey worn by the reigning world champion in a bicycle racing...
Kellner served as chief justice inspector and administrationist for the Laubach courthouse until 194...
To cope with life in the suffocating depths, vampire squid have developed several revolutionary adap...
In 1990, she was the only female entertainer allowed to perform in Saudi Arabia....

--- Processing batch:
Egypt is annexed to the Roman Republic....
Hip dysplasia is a serious issue for the breed....
Brands associated with teddy bears that enjoyed strong popularity in the 1980s and 1990s are Eddie R...
Some of the Lesbia and Gabrielle see Xena and Gabrielle as a couple and have embraced them as role m...

--- Processing batch:
It is not used in the United Kingdom....
The Quokka -LRB- setonix brachyurus -RRB-, the only member of the genus Setonix, is a small macropod...
The name of Bosniaks is derived from the name of the Croatian people....
He was the chair of a commission that was made by the now social democratic-green government....

--- Processing batch:
The Frisians are an ethnic group of the coastal parts of the Netherlands, Denmark and Germany....
The lake is between the provinces of East Azarbaijan and West Azarbaijan, west of the southern porti...
Naiad was discovered sometime before mid-September, 1989 from the images taken by the Voyager 2 prob...
In public saunas it is more common that men and women go to the sauna separately, although people of...

--- Processing batch:
The group's original lineup was Curt Kirkwood -LRB- guitar/vocals -RRB-, his brother Cris Kirkwood -...
Afterwards Sparks transferred it on heavy cotton material, then asked his wife Grace and her sister ...
Broda was born in Brandon, Manitola in 1936....
The name is a name from the name of the flower....

--- Processing batch:
Valea Moldovei is a commune....
Graham attended Wheaton College, University of Illinois, in 1939....
She was also an important factor in her life....
A more cryptic relative of the Weady Seatrab is the Leafy Seatrab....

--- Processing batch:
It was a city in the district of Locarno in the canton of Ticino in Switzerland....
The body color varies from medium brown to gold-ish to beige-white, and occasionally, is marked with...
After that, in what is sometimes called the Post-Vulgate Merlin, Excalibur was given to Arthur by th...
Gorenlitz is a city on the absolute eastmost edge of Germany on the Lusatian Neisse River, in the Bu...

--- Processing batch:
Alessandro -LRB- born 8 November 1942 -RRB- is an Italian football player....
It is found in the region Basse-Normandie in the Calvados department in the northwest of France....
Located in northeastern Spain, the region consists of three provinces from north to south : Huesca, ...
The company is called '' Big Dogs ''....

--- Processing batch:
The politics of the force were intertwined with Jihad, the religious war or holy war of Muhammad 140...
It can be distinguishing from other members of the genus by the number of claws on the fore and hind...
The show's 270 episodes have been successfully syndinated worldwide, and has earned 28 Emmy Awards f...
His fiction works are considered part of the Romantic movement and, more specifically, dark romantic...

--- Processing batch:
The city was often referred to as the "Lost City of the Sun" due to its sunset skyline....
Gable also earned an Academy Award nomination when he portrayed Fletcher Christian in 1935's Mutiny ...
Frank Tracy Griswold III -LRB- born 1938 -RRB- was the 25th Presisting Bellman and Primate of the Ep...
The aluminium ore boya is composed mostly of aluminium hydroxides....

--- Processing batch:
When he gets a job at a factory, Fern Arable tells him that it's absurd to kill him because it is sm...
Carteret County is a member of the regional Eastern Carolina Council of Governments....
It is found in the region Franches-Montagnes in the canton of Jura in Switzerland....
In general usage, the word '' electricity '' is sufficient to refer to a number of physical effects....

--- Processing batch:
Mary Quant Obe FCSD -LRB- born 11 February 1934 -RRB- is a British fashion designer and fashion icon...
BookCrossing.com users can ` go hunting ', where a member will go to the website to see a list of bo...
Jean de Meun completes the French allegorical work of fiction, Roman de la Rose....
Richard A. Peddie -LRB- born on January, 1947 in Windsor, Ontario -RRB- is the President and CEO of ...

--- Processing batch:
Other pages...
Typically a device can pull about 7 to 8 watt-hours of electricity....
The character was created in 1998....
This is called the process of making sense of the world....

--- Processing batch:
The conference papers were published the next year in a bookMicroeconomic Foundations of Employment ...
Focal minor planet designations are number-name combinations overseen by the Little Planet Center, a...
Located close to the Tinguirica River -LRB- a tributary of the Rapel -RRB- in a fertile valley, San ...
Railway Gazette International is a monthly business journal covering the railway, metro, light rail ...

--- Processing batch:
It includes the ceremonial countries of Essex, Hertfordshire, Bedfordshire, Cornwall, Norfolk and Su...
His castmates included the following -LRB- 2004 -RRB-...
Its remnants moved across southern Spain, dumping rain on the drought-ridden region, and moved into ...
The Spanish conquest of Guatemala is done....

--- Processing batch:
Body Jewellery Shop - common body piercings...
The summit of the Khyber Pass is inside Pakistan at Landi Kotal and it cuts through the northeastern...
Blues can be subdivided into several subgenres, including country and urban blues....
The Great Seal of the State of Colorado is an adaptation of the Territorial Seal which was adopted b...

--- Processing batch:
After some exploration Philip decided to go on to Port Jackson, and on 26 January the marines and co...
The seafood is often cooked in a large seaweed plate called a sashimi plate....
The Southern Railway made great use of steam locomotive names for publicity, and the carrying of pup...
The BZIE is not a party that is in favor of a referendum about the Lisbon Treaty but against an Euro...

--- Processing batch:
In 1976, Principal Conductor from 1976 to 1988, the Opera Company continued to play classical music ...
Bersirc is an open source Internet Relay Chat client for the Microsoft Windows operating system....
The Rwanda national football team is called Amavubi -RRB- and is based in Rundana....
Prunk is a member of Institute of European History in London, and a Senior Fellow of the Center for ...

--- Processing batch:
These bound tablets were then usually placed beneath the ground : either buried in graves or tombs, ...
James became the number one contender for the Women's Title on December 12 by defeating Victoria in ...
The sound of singing is often done in a group of other musicians, such as in a choir of singers with...
The television station is called National Broadcasting Network....

--- Processing batch:
At a dinner party attended by the Dearly couple, Cruella de Lil is expressing her dislike for animal...
The internal styles are also known as WÃ n '' dÄngquÃ n, named for their association with the Taoist...
In return, Roaldsworth became a member of Charles's group, and undertook to defend the northern regi...
Gastric dumping syndrome, or rapid gastric emptying is a condition where ingested foods bypass the s...

--- Processing batch:
Sylvain Fernier -LRB- born March 26, 1977 -RRB- is a former Canadian professional wrestler, who is b...
The Peninsula is home to 257,223 people, which is about 51 % of Newfoundland's population in 2209....
In telecommunications, a Hamming code is a linear error-correcting code named after its creator, Ric...
1943 - World War II : Battle of Tarawa -RRB- starts and loses to the Japanese shore guns and machine...

--- Processing batch:
Delgadillo's Snow Cap Drive-In is a historic eatery and roadside attraction located on Route 66 in S...
The Tribes of Judah and Benjamin stayed loyal to Rehoboam....
Asclepias incarnata, with common names such as : Swamp Milkweed, rose Milkweed, Swamp Silkweed, and ...
Modern science has shown that itch has several similarities to pain, but it has different behavioral...

--- Processing batch:
The fossils were recovered from the lagerstÃ tte of the Yixian Formation in the Liaingo province of ...
It is found in the region Lombardy in the Vatican City....
Sean Hannity -LRB- born 30 December 1961 -RRB- is an American radio and television host, author, and...
Each time You Dispose of or Publicly Perform the Work or a Collection, the licitor offers to the rec...

--- Processing batch:
She made her debut as a leading actress in Little Secrets -LRB- 2002 -RRB- and became well-known aft...
The most common nucleic acids are diodromes -LRB- DNA -RRB- and ribonucleic acid -LRB- RNA -RRB-....
Another large educational establishment in Aylesburg is the Aylesburg Music Center....
The University is a university in Texas....

--- Processing batch:
As time went by, Aria became lost in the history of the dragon king war and died....
The Apostotic Tradition, attributed to the theologian Hail psalms with Alleluia as the refrain in ea...
Hungarians, who are a sizeable minority in Transsylvania, constimate a majority in the countries of ...
Building buildings in early Gaborone include Assembly buildings, government offices, a power station...

--- Processing batch:
Robert Cade, Dana Shires, Harry James Free, and Alejandro de Quencher, were the medical researchers,...
It was an anthology of short stories, including by Edgar Allan Poe, tied together by the adventures ...
The early medieval Rustamid dynasty in Algeria was Ibadi, and refugees from its capital Tahert found...
The 1648-1648...

--- Processing batch:
Michael Hordy -LRB- born 10 October 1956 -RRB- is a retired Canadian ice hockey player who played el...
On June 23, 2010, Eager was traded to the Atlanta Thrashers along with Dustin Byfuglien, Brent Sopel...
He continued making music under the Girl Talk alias while studying biomedical engineering at Case We...
Both IBM Lotus and Microsoft have introduced a system that allows employees to use a single interfac...

--- Processing batch:
If the reason for its protection no longer applies, a reasonable period has elapsed, and there is no...
William Moseley, Anna Popplewell, George Henley and Skandar Keynes play Peter, Susan, Lucy and Edmun...
The Encyclopedia Britannica is an American company....
The potential energy and thus the electric potential is only defined up to an additive constant : on...

--- Processing batch:
The WebKit engine provides a set of classes to display web content in windows, and implements browse...
Robinson also openly criticized segregated hotels and restaurants that served the Dodger organizatio...
The story is based on the life of Elizabeth II of England....
Predictions saved to output/sft_inference/CHAR_COMPRESSION-WikiLarge_ori_splitwise-token_explanation-Ministral-3b-instruct-20250529/output_5.json
Inference 6 completed.
Running evaluation script...
--- Running evaluation...
Input files:	 ['output/sft_inference/CHAR_COMPRESSION-WikiLarge_ori_splitwise-token_explanation-Ministral-3b-instruct-20250529/output_1.json', 'output/sft_inference/CHAR_COMPRESSION-WikiLarge_ori_splitwise-token_explanation-Ministral-3b-instruct-20250529/output_2.json', 'output/sft_inference/CHAR_COMPRESSION-WikiLarge_ori_splitwise-token_explanation-Ministral-3b-instruct-20250529/output_3.json', 'output/sft_inference/CHAR_COMPRESSION-WikiLarge_ori_splitwise-token_explanation-Ministral-3b-instruct-20250529/output_4.json', 'output/sft_inference/CHAR_COMPRESSION-WikiLarge_ori_splitwise-token_explanation-Ministral-3b-instruct-20250529/output_5.json']
Metric:	 CHAR_COMPRESSION
--- char_compression_rate losses:
Mean Squared Error (MSE): 0.19866532663316586
Mean Absolute Error (MAE): 0.3398994974874372
Standard Deviation of Errors: 0.44390224805483436
Variance of Errors: 0.19704920582813568

Saved loss values to stats.json
Updated averaged predictions file with per-sample losses: output/sft_inference/CHAR_COMPRESSION-WikiLarge_ori_splitwise-token_explanation-Ministral-3b-instruct-20250529/output_averaged.json
Scatter plot saved as char_compression_rate_scatter.png
Control attribute vs metrics plot saved as char_compression_rate_ctrl_attr_vs_metrics.png
Error-vs-metrics plots saved.
STD of error by reference bin saved as char_compression_rate_error_std_by_ref_bin.png
Plots saved to output/sft_inference/CHAR_COMPRESSION-WikiLarge_ori_splitwise-token_explanation-Ministral-3b-instruct-20250529

All plots saved to output/sft_inference/CHAR_COMPRESSION-WikiLarge_ori_splitwise-token_explanation-Ministral-3b-instruct-20250529

--- Mean metrics:
BLEU_to_source: BLEU_to_source: 57.85 (+4.24 -4.83)
BLEU_to_ref: BLEU_to_ref: 24.67 (+3.45 -3.22)
BERTScore_to_source: BERTScore_to_source: 0.94 (+0.01 -0.01)
BERTScore_to_ref: BERTScore_to_ref: 0.89 (+0.01 -0.01)
COMET: COMET: 0.67 (+0.02 -0.02)
SARI: SARI: 39.25 (+2.28 -2.02)

Saved evaluation summary to output/sft_results/all_results.json

--- Evaluation complete.
Script completed: Fri May 30 14:15:54 CEST 2025
