Sun Jun  1 19:45:52 2025       
+-----------------------------------------------------------------------------------------+
| NVIDIA-SMI 560.35.05              Driver Version: 560.35.05      CUDA Version: 12.6     |
|-----------------------------------------+------------------------+----------------------+
| GPU  Name                 Persistence-M | Bus-Id          Disp.A | Volatile Uncorr. ECC |
| Fan  Temp   Perf          Pwr:Usage/Cap |           Memory-Usage | GPU-Util  Compute M. |
|                                         |                        |               MIG M. |
|=========================================+========================+======================|
|   0  NVIDIA A100-SXM4-80GB          Off |   00000000:0B:00.0 Off |                    0 |
| N/A   28C    P0             61W /  400W |       1MiB /  81920MiB |      0%      Default |
|                                         |                        |             Disabled |
+-----------------------------------------+------------------------+----------------------+
                                                                                         
+-----------------------------------------------------------------------------------------+
| Processes:                                                                              |
|  GPU   GI   CI        PID   Type   Process name                              GPU Memory |
|        ID   ID                                                               Usage      |
|=========================================================================================|
|  No running processes found                                                             |
+-----------------------------------------------------------------------------------------+
Script started: Sun Jun  1 19:45:53 CEST 2025
Running inference 1 with seed 37...
Loading from models/CHAR_COMPRESSION-Med-EASi-token_explanation-Llama-3.2-3B-Instruct-20250527...
Inference args:
Namespace(use_vllm=False, seed=37, model_path='models/CHAR_COMPRESSION-Med-EASi-token_explanation-Llama-3.2-3B-Instruct-20250527', model_name=None, dataset_name='Med-EASi', model_class='auto', model_family='base', max_length=512, batch_size=4, slice_test=-1, output_file='output/sft_inference/CHAR_COMPRESSION-Med-EASi-token_explanation-Llama-3.2-3B-Instruct-20250527/output_1.json', device='cuda', peft_path=None, control_tokens='data/prompts/control_tokens.json', system_prompts='data/prompts/system_prompts.json', user_prompts='data/prompts/user_prompts.json', metric_mapping='data/metric_mapping.json', metric_name='CHAR_COMPRESSION', user_prompt_id='token_explanation')

test:	 Inspect the dataset format:
 {'global_id': ['medeasi_001354'], 'source_text': ['Malthus was not the first to outline the problems he perceived.'], 'source_metrics': [{'FRE': 85.69, 'ARI': 6.8, 'FKGL': 4.0, 'Dale-Chall': 8.49, 'char_count': 63, 'alphanum_count': 52, 'word_count': 12, 'sentence_count': 1}], 'metadata': [{'dataset': 'medeasi', 'experiment_split': '', 'domain': 'medical', 'language': 'en', 'annotation': 'human', 'level': 'sentence'}], 'simplification_text': ['Malthus said this would not work, and it would only lead to increased numbers of the poor.'], 'target_metrics': [{'FRE': 88.06, 'ARI': 7.6, 'FKGL': 5.2, 'Dale-Chall': 7.27, 'char_count': 90, 'alphanum_count': 72, 'word_count': 19, 'sentence_count': 1, 'char_compression_rate': 1.43, 'word_compression_rate': 1.58, 'sentence_compression_rate': 1.0, 'BLEU': 3.0272532566104675, 'BERTScore': 0.9067994952201843}], 'simplification_version': [1], 'grade_level': [-1], 'simplification_dimensions': [{'linguistic': {'lexical': False, 'syntactic': False}}]}

--- Processing batch:
The first person to outline the problems he perceived was Malthus....
The Joubert syndrome is one such disease....
The common cold is a viral infection of the upper respiratory tract....
The shanty towns have high rates of crime, suicide, drug use and disease....

--- Processing batch:
The death of Seidl in 1898 from food poisoning at the age of 47 was widely mourned....
The disorder affects about 0.3-0.7 % of people at some point in their lives, or 24 million people wo...
The glans penis is the expanded cap of the corpus spongiosum....
The pain creates a withdrawal reflex, while itch leads to a scratch reflex....

--- Processing batch:
The syndrome is named after John Hilton Edwards, who first described the syndrome in 1960....
The electric fish use electric fields to detect buried prey....
The small feedings reduce the osmotic load....
The testes have two main functions: to produce hormones and to produce sperm....

--- Processing batch:
The wheezing may be worse at night (nocturnal wheezing)....
The Galtonian theory of inheritance says that extreme characteristics ( e.g., height ) in parents ar...
The risk of hardening of the arteries is lower in people with Down syndrome....
The affected knees are much more swollen than painful; they are often hot but rarely red....

--- Processing batch:
The disease usually kills people 13 to 15 years after symptoms begin....
The most common form of acne is called acne vulgaris, meaning `` common acne ''....
The following medications may slow the progression of the disease: Pirfenidone or nintedanib....
The north pole feels a force in the direction of the H-field while the force on the south pole is op...

--- Processing batch:
The same year, she was arrested for possessing narcotics in her New York apartment....
The ESR (erythrocyte sedimentation rate) is a blood test that measures how quickly red blood cells s...
The involuntary movement of the eye is often called `` dancing eyes ''....
The king died of a stroke at Sheen on 21 June 1377....

--- Processing batch:
The underwear is worn for a variety of reasons....
The symptoms usually last 7 to 10 days, but some people may have symptoms for up to 3 weeks....
The doctors believed the herbs would counter the `` evil '' smells of the plague and prevent them fr...
The symptoms of a heart attack may include shortness of breath, nausea, feeling faint, a cold sweat,...

--- Processing batch:
The recommended dosage is 0.05 mg/kg body weight sc once/ day....
The PET scan also commonly is done to assess the extent of disease as well as the lymph nodes....
The appendix is a small, tube-like structure attached to the large intestine....
The symptoms of dengue fever are a fever, headache, pain in the muscles and joints, and a severe pai...

--- Processing batch:
The ants will eventually die of exhaustion....
The diagnosis of anaphylaxis is based on the signs and symptoms of the person....
The Hashimoto thyroiditis was first described by the Japanese physician Hakaru Hashimoto in 1912....
The treatment of croup is usually done at home....

--- Processing batch:
The Ipratropium nasal spray may reduce the symptoms of a runny nose but has little effect on stuffin...
The [ 4+2 ] cycloaddition is a [ 4+2 ] cycloaddition....
The bacteria that cause gonorrhea are resistant to many of the antibiotics used to treat this condit...
The pupils dilate (mydriasis), and the person may sweat (diaphoresis). The heart rate and blood pres...

--- Processing batch:
The sit-skis are designed for wheelchair users or other skiers with a form of paraplegia....
The following are some of the symptoms of diarrhea: Diarrhea is a common symptom of many diseases....
The cornea is the clear, dome-shaped surface at the front of the eye....
The risk of getting a cold is higher in people who have a weakened immune system....

--- Processing batch:
The most common cause of strabismus is a refractive error (a problem with the shape of the eye)....
The warts are usually round, firm, and light gray, yellow, brown, or gray-black nodules 2 to 10 mm i...
The treatment is determined by where the disease is acquired, the species of Leishmania, and the typ...
The Lipscomb family lived in Cambridge, Massachusetts until his death in 2011 from pneumonia....

--- Processing batch:
The symptoms of food allergies vary by allergen, mechanism, and patient age....
The risk, however, varies depending on the degree of hyperuricemia....
The skin of the breast may look like the skin of an orange (peau d'orange), and the breast may swell...
The antibiotics are prescribed for strep throat at a higher rate than would be expected from its pre...

--- Processing batch:
The urinary tract infection occurs four times more frequently in females than males....
The disease affects the lungs, and people with EP have difficulty breathing....
The inflammation of the kidneys is called nephritis....
The keratin is the key structural material making up the outer layer of human skin....

--- Processing batch:
The mother may not bond with her infant, resulting in emotional, social, and cognitive problems in t...
The blood vessels are blocked or narrowed with blood clots....
The symptoms of sarcoidosis are usually mild and may be similar to those of other diseases....
The food waste produced by processing can be difficult to reduce without affecting the quality of th...

--- Processing batch:
The symptoms of dengue fever are fever (usually low-grade), fatigue, malaise, weight loss, and sweat...
The first symptoms are weight gain and swelling of the legs (edema)....
The binge eating disorder is characterized by a cycle of binge eating followed by feelings of guilt,...
The disease is spread by eating food or drinking water contaminated with infected feces....

--- Processing batch:
The bacteria that cause infections are called pathogens....
The recessive gene disorders confer an advantage in certain environments when only one copy of the g...
The doctor said that if they lived in a warmer climate, it would aid her recovery....
The Asian longhorned beetle can destroy an entire orchard in a single growing season....

--- Processing batch:
The innate immune system is the first line of defense against infection....
The Taung skull is in the University of Witwatersrand....
The pulmonary hypertension (PH or PHTN) is a condition of increased blood pressure within the arteri...
The Real Shapeshifters Website Dedicated to the study of shapeshifting phenomena ( realshapeshifters...

--- Processing batch:
The hands of people who have cholera or have been in contact with cholera patients or their clothing...
The function of T cells and B cells is to recognize specific non-self antigens, during a process kno...
The disease is usually mild and may be mistaken for a viral gastroenteritis. The person may have a f...
The ganglion is a mass of nerve cells....

--- Processing batch:
The measles epidemic and food shortages during 1900 reduced the population of the area by one-third....
The onset is often sudden, with fever, severe joint pain, and limited movement....
The epidural hematoma (EDH) is a rapidly accumulating hematoma between the dura mater and the craniu...
The Jews were not allowed to use any public transportation, besides the ferry, and were able to shop...

--- Processing batch:
The risk of getting Hepatitis C from tattooing is two to three times higher than the general populat...
The peat forms when plant material does not fully decay in acidic and anaerobic conditions....
The ship sailed southwards but, reaching thick ice at around 60°S, turned northeast towards the Kerg...
The stools are hard and uncomfortable to pass....

--- Processing batch:
The cheletropic reaction is a type of cycloaddition....
The syndrome usually develops in early childhood or adolescence....
The fever is usually very high, up to 40° C, and is often accompanied by inflammation of the lining ...
The film was directed by John Landis....

--- Processing batch:
The Grignard reagents react with a variety of carbonyl derivatives....
The venom from stinging or biting insects such as Hymenoptera (ants, bees, and wasps) or Triatominae...
The test for Hepatitis C is a blood test....
The infection ranges from being asymptomatic (in 5 to 50 % of cases) to a hemorrhagic fever with a c...

--- Processing batch:
The most common form is migraine with aura, which is a type of migraine that is accompanied by a vis...
The Orb changed the title to `` A Huge Ever Growing Pulsating Brain That Rules From the Centre of th...
The Cambrian explosion was a period of rapid evolution of life on Earth....
The woman could, apparently, recall random dot patterns with such fidelity as to combine two pattern...

--- Processing batch:
The doctor can usually diagnose mallet finger by examining the finger....
The hepatitis E virus causes different histological patterns that depend on the host's background....
The leper colony was established in 1970....
The Nobel Prize in Literature was awarded to Oscar Hijuelos in 1999....

--- Processing batch:
The West Highland Line was built across Rannoch Moor in western Scotland, its builders had to float ...
The schizophrenia is a major cause of disability, with active psychosis ranked as the third-most-dis...
The mouthwash and gels containing Sodium Nitrate are used in treatment of dentine hypersensitivity....
The Yankees were in the middle of the season when tragedy struck....

--- Processing batch:
The symptoms of varicose veins include a sense of fullness, heaviness, aching, cramps, pain, tiredne...
The symptoms of hemorrhoids include a feeling of discomfort or itching in the rectum, a cloudy disch...
The SARS outbreak in 2003 was caused by a virus that was spread by people who had been in contact wi...
The theory states that animals react to threats with a general discharge of the sympathetic nervous ...

--- Processing batch:
The Ascaris lumbricoides is the largest intestinal roundworm and is the most common helminth infecti...
The chest or abdomen may feel tight, and the person may feel weak, dizzy, or faint. The feet and leg...
The underwater (hydrostatic) weighing is the most accurate method for measuring percentage of body f...
The self-help groups may provide resources for personality disorders....

--- Processing batch:
The SN1 reaction is often known as the dissociative mechanism....
The symptoms of rheumatoid arthritis may be mild or severe....
The conjunctiva is a thin membrane that lines the eyelid and covers the front of the eye....
The account Morrell wrote is a bit different from the actual events....

--- Processing batch:
The diagnosis of gout is based upon the identification of monosodium urate crystals in synovial flui...
The actor is also involved in charity work by helping to raise money to help find a cure for Cystic ...
The term neurosis is used to describe a group of disorders that cause chronic distress but do not in...
The doctor may feel a lump or a thickening in the breast....

--- Processing batch:
The early and late stages are usually separated by an asymptomatic interval....
The liver may swell and the skin may turn yellow (jaundice)....
The bacterial meningitis is a serious infection of the membranes (meninges) that cover the brain and...
The infection may cause a burning or sharp pain during ejaculation....

--- Processing batch:
The United States has repeatedly described Armenia as a major source of illegal transport of women f...
The diagnosis of abdominal migraines is controversial....
The chest tightness tends to return and persist through midweek and occasionally to the end of the w...
The silent stroke does not cause symptoms, but it still causes damage to the brain and increases the...

--- Processing batch:
The fever usually lasts about 7 to 10 days....
The caste system of insects enables eusociality, the division of labor between non-breeding and bree...
The American military governor said `` that execution by the garotte is far less inhumane and revolt...
The symptoms of schizophrenia include hallucinations, delusions, and a disconnection from reality....

--- Processing batch:
The same disease, such as some forms of cancer, may be caused by an inherited genetic condition in s...
The person may have a rash, hives, or itching....
The penis is a highly sensitive organ....
The gene is turned off in the mouse, and any differences from normal behavior or physiology are obse...

--- Processing batch:
The doctor will ask questions about the pain, such as:...
The eye pain is caused by disorders that affect the cornea, other parts of the eye, or the nerves th...
The historian said, `` it was quinine's efficacy that gave colonists fresh opportunities to swarm in...
The excretion is the process by which waste products of metabolism and other non-useful materials ar...

--- Processing batch:
The symptoms of systemic inflammation (such as fever, night sweats, fatigue, loss of appetite, weigh...
The gene is turned off in the mouse, and any differences from normal behavior or physiology are obse...
The anal cancer is usually a squamous cell carcinoma that arises near the squamocolumnar junction, o...
The disease can be divided into four stages: primary, secondary, latent, and tertiary....

--- Processing batch:
The bruises may be serious and lead to other more life-threatening forms of hematoma, such as when a...
The symptoms of schizophrenia usually begin in late adolescence or early adulthood....
The bleeding can occur internally, where blood leaks from blood vessels inside the body, or external...
The use of cigarettes is especially high in individuals diagnosed with schizophrenia, with estimates...

--- Processing batch:
The height of an individual will measure around a midpoint that is two thirds of the parents' deviat...
The tetanus toxin is a neurotoxin produced by the Gram-positive, rod-shaped, obligate anaerobic bact...
The virus is usually only after a virus enters a host that it can gain access to possible susceptibl...
The fertilized egg (zygote) usually implants in the lining of the uterus (endometrium)....

--- Processing batch:
The bacteria must be isolated, cultured, described, and deposited in a bacteriology culture collecti...
The cycloaddition of two molecules of a diene (a molecule with two double bonds) to form a new doubl...
The thalassemias are a group of genetic disorders that affect hemoglobin....
The gamma-lactone is a cyclic ester....

--- Processing batch:
The person who does this is called a tetrachromat....
The symptoms of depression and anxiety disorders are similar....
The pulmonary arteries are the arteries that carry blood from the heart to the lungs....
The American Heart Association says that lifestyle changes have been shown to be effective in reduci...

--- Processing batch:
The risk factors include poverty, malnutrition, deforestation, lack of sanitation and urbanization....
The blockage of the urethra causes hesitancy, dribbling, or urinary retention; UTIs may develop....
The transmission risk is significantly reduced during non-penetrative sex....
The doctor usually diagnoses sinus infections by examining the nose and sinuses....

--- Processing batch:
The 2012 Summer Paralympics and Olympics in London were complemented by the Youth Games, which give ...
The risk of developing a serious infection is higher in people who are undernourished or have a weak...
The treatment of cerebrovascular disease may include medication, lifestyle changes and/or surgery, d...
The concept of pansexuality rejects the gender binary, the `` notion of two genders and indeed of sp...

--- Processing batch:
The doctor asks questions about the following: Whether the discharge is from one or both breasts; Wh...
The subcortical vascular dementia caused by small- vessel ischemic damage (which includes multiple l...
The first high-resolution structure was the light-harvesting complex, the nicotinic acetylcholine re...
The disease was described by Sir William Osler, who said, `` In the history of medicine, there are f...

--- Processing batch:
The doctor asks about all possible causes of peripheral neuropathy, including chronic heavy metal ex...
The Fitz-Hugh-Curtis syndrome is a form of gonococcal (or chlamydial) perihepatitis....
The bile ducts drain bile from the liver into the small intestine....
The errors create large structural changes in DNA sequence - duplications, inversions, deletions of ...

--- Processing batch:
The most common cause of osteomyelitis is a bacterial infection....
The term `` metabolic syndrome '' was used by Haller in 1977 for associations of obesity, diabetes m...
The MRI coupled with magnetic resonance cholangiopancreatography (MRCP) is now frequently used for d...
The symptoms of a concussion may last for a few days to weeks....

--- Processing batch:
The physiological adaptations permit the organism to perform special functions such as making venom,...
The caffeine has pressor and mild diuretic effects when administered to people who are not used to i...
The three mechanisms are: Randomness coming from the environment (for example, Brownian motion, but ...
The tonsillopharyngitis is usually caused by a virus....

--- Processing batch:
The heart may become enlarged (hypertrophied), and the heart muscle may become scarred (fibrotic)....
The exact cause of sarcopenia is unknown, but it may be due to a combination of the gradual failure ...
The person with BDD is preoccupied with a perceived defect in their physical appearance....
The INAH 3 nucleus of the anterior hypothalamus of homosexual men was smaller than that of heterosex...
Predictions saved to output/sft_inference/CHAR_COMPRESSION-Med-EASi-token_explanation-Llama-3.2-3B-Instruct-20250527/output_1.json
Inference 2 completed.
Running inference 2 with seed 15...
Loading from models/CHAR_COMPRESSION-Med-EASi-token_explanation-Llama-3.2-3B-Instruct-20250527...
Inference args:
Namespace(use_vllm=False, seed=15, model_path='models/CHAR_COMPRESSION-Med-EASi-token_explanation-Llama-3.2-3B-Instruct-20250527', model_name=None, dataset_name='Med-EASi', model_class='auto', model_family='base', max_length=512, batch_size=4, slice_test=-1, output_file='output/sft_inference/CHAR_COMPRESSION-Med-EASi-token_explanation-Llama-3.2-3B-Instruct-20250527/output_2.json', device='cuda', peft_path=None, control_tokens='data/prompts/control_tokens.json', system_prompts='data/prompts/system_prompts.json', user_prompts='data/prompts/user_prompts.json', metric_mapping='data/metric_mapping.json', metric_name='CHAR_COMPRESSION', user_prompt_id='token_explanation')

test:	 Inspect the dataset format:
 {'global_id': ['medeasi_001354'], 'source_text': ['Malthus was not the first to outline the problems he perceived.'], 'source_metrics': [{'FRE': 85.69, 'ARI': 6.8, 'FKGL': 4.0, 'Dale-Chall': 8.49, 'char_count': 63, 'alphanum_count': 52, 'word_count': 12, 'sentence_count': 1}], 'metadata': [{'dataset': 'medeasi', 'experiment_split': '', 'domain': 'medical', 'language': 'en', 'annotation': 'human', 'level': 'sentence'}], 'simplification_text': ['Malthus said this would not work, and it would only lead to increased numbers of the poor.'], 'target_metrics': [{'FRE': 88.06, 'ARI': 7.6, 'FKGL': 5.2, 'Dale-Chall': 7.27, 'char_count': 90, 'alphanum_count': 72, 'word_count': 19, 'sentence_count': 1, 'char_compression_rate': 1.43, 'word_compression_rate': 1.58, 'sentence_compression_rate': 1.0, 'BLEU': 3.0272532566104675, 'BERTScore': 0.9067994952201843}], 'simplification_version': [1], 'grade_level': [-1], 'simplification_dimensions': [{'linguistic': {'lexical': False, 'syntactic': False}}]}

--- Processing batch:
The first person to outline the problems he perceived was Malthus....
The Joubert syndrome is one such disease....
The common cold is a viral infection of the upper respiratory tract....
The shanty towns have high rates of crime, suicide, drug use and disease....

--- Processing batch:
The death of Seidl in 1898 from food poisoning at the age of 47 was widely mourned....
The disorder affects about 0.3-0.7 % of people at some point in their lives, or 24 million people wo...
The glans penis is the expanded cap of the corpus spongiosum....
The pain creates a withdrawal reflex, while itch leads to a scratch reflex....

--- Processing batch:
The syndrome is named after John Hilton Edwards, who first described the syndrome in 1960....
The electric fish use electric fields to detect buried prey....
The small feedings reduce the osmotic load....
The testes have two main functions: to produce hormones and to produce sperm....

--- Processing batch:
The wheezing may be worse at night (nocturnal wheezing)....
The Galtonian theory of inheritance says that extreme characteristics ( e.g., height ) in parents ar...
The risk of hardening of the arteries is lower in people with Down syndrome....
The affected knees are much more swollen than painful; they are often hot but rarely red....

--- Processing batch:
The disease usually kills people 13 to 15 years after symptoms begin....
The most common form of acne is called acne vulgaris, meaning `` common acne ''....
The following medications may slow the progression of the disease: Pirfenidone or nintedanib....
The north pole feels a force in the direction of the H-field while the force on the south pole is op...

--- Processing batch:
The same year, she was arrested for possessing narcotics in her New York apartment....
The ESR (erythrocyte sedimentation rate) is a blood test that measures how quickly red blood cells s...
The involuntary movement of the eye is often called `` dancing eyes ''....
The king died of a stroke at Sheen on 21 June 1377....

--- Processing batch:
The underwear is worn for a variety of reasons....
The symptoms usually last 7 to 10 days, but some people may have symptoms for up to 3 weeks....
The doctors believed the herbs would counter the `` evil '' smells of the plague and prevent them fr...
The symptoms of a heart attack may include shortness of breath, nausea, feeling faint, a cold sweat,...

--- Processing batch:
The recommended dosage is 0.05 mg/kg body weight sc once/ day....
The PET scan also commonly is done to assess the extent of disease as well as the lymph nodes....
The appendix is a small, tube-like structure attached to the large intestine....
The symptoms of dengue fever are a fever, a headache, and a pain in the throat. In children, the pai...

--- Processing batch:
The ants will eventually die of exhaustion....
The diagnosis of anaphylaxis is based on the signs and symptoms of the person....
The Hashimoto thyroiditis was first described by the Japanese physician Hakaru Hashimoto in 1912....
The risk of needing a breathing tube is less than 0.2 % of children....

--- Processing batch:
The ipratropium nasal spray may reduce the symptoms of a runny nose but has little effect on stuffin...
The [ 4+2 ] cycloaddition is a [ 4+2 ] cycloaddition....
The bacteria that cause gonorrhea are resistant to many of the antibiotics used to treat this condit...
The pupils dilate (mydriasis), and the person may sweat (diaphoresis). The heart rate and blood pres...

--- Processing batch:
The sit-skis are designed for wheelchair users or other skiers with a form of paraplegia....
The following are some of the symptoms of diarrhea: Diarrhea is a common symptom of many diseases....
The cornea is the clear, dome-shaped surface at the front of the eye....
The risk of getting a cold is higher in people who have a weakened immune system....

--- Processing batch:
The most common cause of strabismus is a refractive error (a problem with the shape of the eye)....
The warts are usually round, firm, and light gray, yellow, brown, or gray-black nodules 2 to 10 mm i...
The treatment is determined by where the disease is acquired, the species of Leishmania, and the typ...
The Lipscomb family lived in Cambridge, Massachusetts until his death in 2011 from pneumonia....

--- Processing batch:
The symptoms of food allergies vary by allergen, mechanism, and patient age....
The risk, however, varies depending on the degree of hyperuricemia....
The skin of the breast may look like the skin of an orange (peau d'orange), and the breast may swell...
The antibiotics are prescribed for strep throat at a higher rate than would be expected from its pre...

--- Processing batch:
The urinary tract infection occurs four times more frequently in females than males....
The disease affects the lungs, and people with EP have difficulty breathing....
The inflammation of the kidneys is called nephritis....
The keratin is the key structural material making up the outer layer of human skin....

--- Processing batch:
The mother may not bond with her infant, resulting in emotional, social, and cognitive problems in t...
The blood vessels are blocked or narrowed with blood clots....
The symptoms of sarcoidosis are usually mild and may be similar to those of other diseases....
The food waste produced by processing can be difficult to reduce without affecting the quality of th...

--- Processing batch:
The symptoms of dengue fever are fever (usually low-grade), fatigue, malaise, weight loss, and sweat...
The first symptoms are weight gain and swelling of the legs (edema)....
The binge eating disorder is characterized by a cycle of binge eating followed by feelings of guilt,...
The disease is spread by eating food or drinking water contaminated with infected feces....

--- Processing batch:
The bacteria that cause infections are called pathogens....
The recessive gene disorders confer an advantage in certain environments when only one copy of the g...
The doctor said that if they lived in a warmer climate, it would aid her recovery....
The Asian longhorned beetle can destroy an entire orchard in a single growing season....

--- Processing batch:
The innate immune system is the first line of defense against infection....
The Taung skull is in the University of Witwatersrand....
The pulmonary hypertension (PH or PHTN) is a condition of increased blood pressure within the arteri...
The Real Shapeshifters Website Dedicated to the study of shapeshifting phenomena ( realshapeshifters...

--- Processing batch:
The hands of people who have cholera or have been in contact with cholera patients or their clothing...
The function of T cells and B cells is to recognize specific non-self antigens, during a process kno...
The disease is usually mild and may be mistaken for a viral gastroenteritis. The person may have a f...
The ganglion is a mass of nerve cells....

--- Processing batch:
The measles epidemic and food shortages during 1900 reduced the population of the area by one-third....
The onset is often sudden, with fever, severe joint pain, and limited movement....
The epidural hematoma (EDH) is a rapidly accumulating hematoma between the dura mater and the craniu...
The Jews were not allowed to use any public transportation, besides the ferry, and were able to shop...

--- Processing batch:
The risk of getting Hepatitis C from tattooing is two to three times higher than the general populat...
The peat forms when plant material does not fully decay in acidic and anaerobic conditions....
The ship was then taken southwards but, reaching thick ice at around 60°S, turned northeast towards ...
The stools are hard and uncomfortable to pass....

--- Processing batch:
The cheletropic reaction is a type of cycloaddition....
The syndrome usually develops in early childhood or adolescence....
The fever is usually very high, up to 40° C, and is often accompanied by inflammation of the lining ...
The film was directed by John Landis....

--- Processing batch:
The Grignard reagents react with a variety of carbonyl derivatives....
The venom from stinging or biting insects such as Hymenoptera (ants, bees, and wasps) or Triatominae...
The test for Hepatitis C is a blood test....
The infection ranges from being asymptomatic (in 5 to 50 % of cases) to a hemorrhagic fever with a c...

--- Processing batch:
The most common form is migraine with aura, which is a type of migraine that is inherited in an auto...
The Orb changed the title to `` A Huge Ever Growing Pulsating Brain That Rules From the Centre of th...
The Cambrian explosion was a period of rapid evolution of life on Earth....
The woman could, apparently, recall random dot patterns with such fidelity as to combine two pattern...

--- Processing batch:
The doctor can usually diagnose mallet finger by examining the finger....
The different types of hepatitis are: Hepatitis A Hepatitis B Hepatitis C Hepatitis D Hepatitis E He...
The leper colony was established in 1970....
The Nobel Prize in Literature was awarded to Oscar Hijuelos in 1999....

--- Processing batch:
The West Highland Line was built across Rannoch Moor in western Scotland, its builders had to float ...
The schizophrenia is a major cause of disability, with active psychosis ranked as the third-most-dis...
The mouthwash and gels containing Sodium Nitrate are used in treatment of dentine hypersensitivity....
The Yankees had a great season in 1921....

--- Processing batch:
The symptoms of varicose veins include a sense of fullness, heaviness, aching, cramps, pain, tiredne...
The symptoms of hemorrhoids include a feeling of discomfort or itching in the rectum, a cloudy disch...
The SARS outbreak in 2003 was caused by a virus that was spread by people who had been in contact wi...
The theory states that animals react to threats with a general discharge of the sympathetic nervous ...

--- Processing batch:
The Ascaris lumbricoides is the largest intestinal roundworm and is the most common helminth infecti...
The chest or abdomen may feel tight, and the person may feel weak, dizzy, or faint. The feet and leg...
The underwater (hydrostatic) weighing is the most accurate method for measuring percentage of body f...
The self-help groups may provide resources for personality disorders....

--- Processing batch:
The SN1 reaction is often known as the dissociative mechanism....
The symptoms of rheumatoid arthritis may be mild or severe....
The conjunctiva is a thin membrane that lines the eyelid and covers the front of the eye....
The anchorage is said to be about 60 miles ( 97 km ) south-west of the island's coastline....

--- Processing batch:
The diagnosis of gout is based upon the identification of monosodium urate crystals in synovial flui...
The actor is also involved in charity work by helping to raise money to help find a cure for Cystic ...
The term neurosis is a class of functional mental disorders involving chronic distress but neither d...
The doctor may feel a lump or a thickening in the breast....

--- Processing batch:
The early and late stages are usually separated by an asymptomatic interval....
The liver may swell and the skin may turn yellow (jaundice)....
The bacterial meningitis is a serious infection of the membranes (meninges) that cover the brain and...
The infection may cause a burning or sharp pain during ejaculation....

--- Processing batch:
The United States has repeatedly described Armenia as a major source of illegal transport of women f...
The diagnosis of abdominal migraines is controversial....
The chest tightness tends to return and persist through midweek and occasionally to the end of the w...
The silent stroke does not cause symptoms, but it still causes damage to the brain and increases the...

--- Processing batch:
The fever usually lasts about 7 to 10 days....
The caste system of insects enables eusociality, the division of labor between non-breeding and bree...
The American military governor said `` that execution by the garotte is far less inhumane and revolt...
The symptoms of schizophrenia include hallucinations, delusions, and a disconnection from reality....

--- Processing batch:
The same disease, such as some forms of cancer, may be caused by an inherited genetic condition in s...
The person may have a runny nose, sneeze, or feel a sense of impending doom....
The penis is a highly sensitive organ....
The gene is turned off in the mouse, and any differences from normal behavior or physiology are obse...

--- Processing batch:
The doctor will ask questions about the pain, such as:...
The eye pain is caused by disorders that affect the cornea, other parts of the eye, or the nerves th...
The historian said, `` it was quinine's efficacy that gave colonists fresh opportunities to swarm in...
The excretion is the process by which waste products of metabolism and other non-useful materials ar...

--- Processing batch:
The symptoms of systemic inflammation (such as fever, night sweats, fatigue, loss of appetite, weigh...
The gene is turned off in the mouse, and any differences from normal behavior or physiology are obse...
The anal cancer is usually a squamous cell carcinoma that arises near the squamocolumnar junction, o...
The disease can be divided into four stages: primary, secondary, latent, and tertiary....

--- Processing batch:
The bruises may be serious and lead to other more life-threatening forms of hematoma, such as when a...
The symptoms of schizophrenia usually begin in late adolescence or early adulthood....
The bleeding can occur internally, where blood leaks from blood vessels inside the body, or external...
The use of cigarettes is especially high in individuals diagnosed with schizophrenia, with estimates...

--- Processing batch:
The coefficient for height is about 2/3: the height of an individual will measure around a midpoint ...
The tetanus toxin is a neurotoxin produced by the Gram-positive, rod-shaped, obligate anaerobic bact...
The virus is usually only after a virus enters a host that it can gain access to possible susceptibl...
The fertilized egg implants into the Fallopian tube instead of the uterus, creating an ectopic pregn...

--- Processing batch:
The bacteria must be isolated, cultured, described, and deposited in a bacteriology culture collecti...
The cycloaddition of two molecules of the same type (called a Diels-Alder reaction) is a [4+2] cyclo...
The thalassemias are a group of genetic disorders that affect hemoglobin....
The 4-substituted-gamma-lactones are converted to butyrolactones....

--- Processing batch:
The person who does this is called a tetrachromat....
The symptoms of depression and anxiety disorders are similar....
The pulmonary arteries are the arteries that carry blood from the heart to the lungs....
The American Heart Association says that lifestyle changes have been shown to be effective in reduci...

--- Processing batch:
The risk factors include poverty, malnutrition, deforestation, lack of sanitation and urbanization....
The blockage of the urethra causes hesitancy, dribbling, or urinary retention; UTIs may develop....
The transmission risk is significantly reduced during non-penetrative sex....
The doctor usually diagnoses sinus infections by examining the nose and sinuses....

--- Processing batch:
The 2012 Summer Paralympics and Olympics in London were complemented by the Youth Games, which give ...
The risk of developing a serious infection is higher in people who are undernourished or have a weak...
The treatment of cerebrovascular disease may include medication, lifestyle changes and/or surgery, d...
The concept of pansexuality rejects the gender binary, the `` notion of two genders and indeed of sp...

--- Processing batch:
The doctor asks questions about the following: Whether the discharge is from one or both breasts; Wh...
The subcortical vascular dementia caused by small- vessel ischemic damage (which includes multiple l...
The first high-resolution structure was the light-harvesting complex, the nicotinic acetylcholine re...
The disease was described by Sir William Osler, who said, `` In the history of medicine, there are f...

--- Processing batch:
The doctor asks about all possible causes of peripheral neuropathy, including chronic heavy metal ex...
The Fitz-Hugh-Curtis syndrome is a form of gonococcal (or chlamydial) perihepatitis....
The bile ducts drain bile from the liver into the small intestine....
The errors create large structural changes in DNA sequence - duplications, inversions, deletions of ...

--- Processing batch:
The most common cause of osteomyelitis is a bacterial infection....
The term `` metabolic syndrome '' was used by Haller in 1977 for associations of obesity, diabetes m...
The MRI coupled with magnetic resonance cholangiopancreatography (MRCP) is now frequently used for d...
The symptoms of a concussion may last for a few days to weeks....

--- Processing batch:
The physiological adaptations permit the organism to perform special functions such as making venom,...
The caffeine has pressor and mild diuretic effects when administered to people who are not used to i...
The three mechanisms are: Randomness coming from the environment (for example, Brownian motion, but ...
The tonsillopharyngitis is usually caused by a virus....

--- Processing batch:
The heart may become enlarged (hypertrophied), and the heart muscle may become scarred (fibrotic)....
The exact cause of sarcopenia is unknown, but it may be due to a combination of the gradual failure ...
The person with BDD is preoccupied with a perceived defect in their physical appearance....
The INAH 3 nucleus of the anterior hypothalamus of homosexual men was smaller than that of heterosex...
Predictions saved to output/sft_inference/CHAR_COMPRESSION-Med-EASi-token_explanation-Llama-3.2-3B-Instruct-20250527/output_2.json
Inference 3 completed.
Running inference 3 with seed 96...
Loading from models/CHAR_COMPRESSION-Med-EASi-token_explanation-Llama-3.2-3B-Instruct-20250527...
Inference args:
Namespace(use_vllm=False, seed=96, model_path='models/CHAR_COMPRESSION-Med-EASi-token_explanation-Llama-3.2-3B-Instruct-20250527', model_name=None, dataset_name='Med-EASi', model_class='auto', model_family='base', max_length=512, batch_size=4, slice_test=-1, output_file='output/sft_inference/CHAR_COMPRESSION-Med-EASi-token_explanation-Llama-3.2-3B-Instruct-20250527/output_3.json', device='cuda', peft_path=None, control_tokens='data/prompts/control_tokens.json', system_prompts='data/prompts/system_prompts.json', user_prompts='data/prompts/user_prompts.json', metric_mapping='data/metric_mapping.json', metric_name='CHAR_COMPRESSION', user_prompt_id='token_explanation')

test:	 Inspect the dataset format:
 {'global_id': ['medeasi_001354'], 'source_text': ['Malthus was not the first to outline the problems he perceived.'], 'source_metrics': [{'FRE': 85.69, 'ARI': 6.8, 'FKGL': 4.0, 'Dale-Chall': 8.49, 'char_count': 63, 'alphanum_count': 52, 'word_count': 12, 'sentence_count': 1}], 'metadata': [{'dataset': 'medeasi', 'experiment_split': '', 'domain': 'medical', 'language': 'en', 'annotation': 'human', 'level': 'sentence'}], 'simplification_text': ['Malthus said this would not work, and it would only lead to increased numbers of the poor.'], 'target_metrics': [{'FRE': 88.06, 'ARI': 7.6, 'FKGL': 5.2, 'Dale-Chall': 7.27, 'char_count': 90, 'alphanum_count': 72, 'word_count': 19, 'sentence_count': 1, 'char_compression_rate': 1.43, 'word_compression_rate': 1.58, 'sentence_compression_rate': 1.0, 'BLEU': 3.0272532566104675, 'BERTScore': 0.9067994952201843}], 'simplification_version': [1], 'grade_level': [-1], 'simplification_dimensions': [{'linguistic': {'lexical': False, 'syntactic': False}}]}

--- Processing batch:
The first person to outline the problems he perceived was Malthus....
The Joubert syndrome is one such disease....
The common cold is a viral infection of the upper respiratory tract....
The shanty towns have high rates of crime, suicide, drug use and disease....

--- Processing batch:
The death of Seidl in 1898 from food poisoning at the age of 47 was widely mourned....
The disorder affects about 0.3-0.7 % of people at some point in their life, or 24 million people wor...
The glans penis is the expanded cap of the corpus spongiosum....
The pain creates a withdrawal reflex, while itch leads to a scratch reflex....

--- Processing batch:
The syndrome is named after John Hilton Edwards, who first described the syndrome in 1960....
The electric fish use electric fields to detect buried prey....
The small feedings reduce the osmotic load....
The testes have two main functions: to produce hormones and to produce sperm....

--- Processing batch:
The wheezing may be worse at night (nocturnal wheezing)....
The Galtonian theory of inheritance says that extreme characteristics ( e.g., height ) in parents ar...
The risk of hardening of the arteries is lower in people with Down syndrome....
The affected knees are much more swollen than painful; they are often hot but rarely red....

--- Processing batch:
The disease usually kills people 13 to 15 years after symptoms begin....
The most common form of acne is called acne vulgaris, meaning `` common acne ''....
The following medications may slow the progression of the disease: Pirfenidone or nintedanib....
The north pole feels a force in the direction of the H-field while the force on the south pole is op...

--- Processing batch:
The same year, she was arrested for possessing narcotics in her New York apartment....
The ESR (erythrocyte sedimentation rate) is a blood test that measures how quickly red blood cells s...
The involuntary movement of the eye is often called `` dancing eyes ''....
The king died of a stroke at Sheen on 21 June 1377....

--- Processing batch:
The underwear is worn for a variety of reasons....
The symptoms usually last 7 to 10 days, but some people may have symptoms for up to 3 weeks....
The doctors believed the herbs would counter the `` evil '' smells of the plague and prevent them fr...
The symptoms of a heart attack may include shortness of breath, nausea, feeling faint, a cold sweat,...

--- Processing batch:
The recommended dosage is 0.05 mg/kg body weight sc once/ day....
The PET scan also commonly is done to assess the extent of disease as well as the lymph nodes....
The appendix is a small, tube-like structure attached to the large intestine....
The symptoms of dengue fever are a fever, a headache, and a pain in the throat. In children, the pai...

--- Processing batch:
The ants will eventually die of exhaustion....
The diagnosis of anaphylaxis is based on the signs and symptoms of the person....
The Hashimoto thyroiditis was first described by the Japanese physician Hakaru Hashimoto in 1912....
The treatment of croup is usually done at home....

--- Processing batch:
The Ipratropium nasal spray may reduce the symptoms of a runny nose but has little effect on stuffin...
The [ 4+2 ] cycloaddition is a [ 4+2 ] cycloaddition....
The bacteria that cause gonorrhea are resistant to many of the antibiotics used to treat this condit...
The pupils dilate (mydriasis), and the person may sweat (diaphoresis). The heart rate and blood pres...

--- Processing batch:
The sit-skis are designed for wheelchair users or other skiers with a form of paraplegia....
The following are some of the common symptoms of diarrhea: Diarrhea is a common symptom of many dise...
The cornea is the clear, dome-shaped surface at the front of the eye....
The risk of getting pneumonia is higher in people who have a weakened immune system....

--- Processing batch:
The most common cause of strabismus is a refractive error (a problem with the shape of the eye)....
The warts are usually round, firm, and light gray, yellow, brown, or gray-black nodules 2 to 10 mm i...
The treatment is determined by where the disease is acquired, the species of Leishmania, and the typ...
The Lipscomb family lived in Cambridge, Massachusetts until his death in 2011 from pneumonia....

--- Processing batch:
The symptoms of food allergies vary by allergen, mechanism, and patient age....
The risk, however, varies depending on the degree of hyperuricemia....
The skin of the breast may look like the skin of an orange (peau d'orange), and the breast may swell...
The antibiotics are prescribed for strep throat at a higher rate than would be expected from its pre...

--- Processing batch:
The urinary tract infection occurs four times more frequently in females than males....
The disease affects the lungs, and people with EP have difficulty breathing....
The inflammation of the kidneys is called nephritis....
The keratin is the key structural material making up the outer layer of human skin....

--- Processing batch:
The mother may not bond with her infant, resulting in emotional, social, and cognitive problems in t...
The blood vessels are blocked or narrowed with blood clots....
The symptoms of sarcoidosis are usually mild and may be similar to those of other diseases....
The food waste produced by processing can be difficult to reduce without affecting the quality of th...

--- Processing batch:
The symptoms of dengue fever are fever (usually low-grade), fatigue, malaise, weight loss, and sweat...
The first symptoms are weight gain and swelling of the legs (edema)....
The binge eating disorder is characterized by a cycle of binge eating followed by feelings of guilt,...
The disease is spread by eating food or drinking water contaminated with infected feces....

--- Processing batch:
The bacteria that cause infections are called pathogens....
The recessive gene disorders confer an advantage in certain environments when only one copy of the g...
The doctor said that if they lived in a warmer climate, it would aid her recovery....
The Asian longhorned beetle can destroy an entire orchard in a single growing season....

--- Processing batch:
The innate immune system is the first line of defense against infection....
The Taung skull is in the University of Witwatersrand....
The pulmonary hypertension (PH or PHTN) is a condition of increased blood pressure within the arteri...
The Real Shapeshifters Website Dedicated to the study of shapeshifting phenomena ( realshapeshifters...

--- Processing batch:
The hands of people who have cholera or have been in contact with cholera patients or their clothing...
The function of T cells and B cells is to recognize specific non-self antigens, during a process kno...
The disease is usually mild and may be mistaken for a viral gastroenteritis. The person may have a f...
The ganglion is a mass of nerve cells....

--- Processing batch:
The measles epidemic and food shortages during 1900 reduced the population of the area by one-third....
The onset is often sudden, with fever, severe joint pain, and limited movement....
The epidural hematoma (EDH) is a rapidly accumulating hematoma between the dura mater and the craniu...
The Jews were not allowed to use any public transportation, besides the ferry, and were able to shop...

--- Processing batch:
The risk of getting Hepatitis C from tattooing is two to three times higher than the general populat...
The peat forms when plant material does not fully decay in acidic and anaerobic conditions....
The ship sailed southwards but, reaching thick ice at around 60°S, turned northeast towards the Kerg...
The stools are hard and uncomfortable to pass....

--- Processing batch:
The cheletropic reaction is a type of cycloaddition....
The syndrome usually develops in early childhood or adolescence....
The fever is usually very high, up to 40° C, and is often accompanied by inflammation of the lining ...
The film was released in 1976....

--- Processing batch:
The Grignard reagent reacts with a variety of carbonyl derivatives....
The venom from stinging or biting insects such as Hymenoptera (ants, bees, and wasps) or Triatominae...
The test for Hepatitis C is a blood test....
The infection ranges from being asymptomatic (in 5 to 50 % of cases) to a hemorrhagic fever with a c...

--- Processing batch:
The most common form is migraine with aura, which is a type of migraine that is accompanied by a vis...
The Orb changed the title to `` A Huge Ever Growing Pulsating Brain That Rules From the Centre of th...
The Cambrian explosion was a period of rapid evolution of life on Earth....
The woman could, apparently, recall random dot patterns with such fidelity as to combine two pattern...

--- Processing batch:
The doctor can usually diagnose mallet finger by examining the finger....
The different types of hepatitis are: Hepatitis A Hepatitis B Hepatitis C Hepatitis D Hepatitis E He...
The leper colony was established in 1970....
The Nobel Prize in Literature was awarded to Oscar Hijuelos in 1999....

--- Processing batch:
The West Highland Line was built across Rannoch Moor in western Scotland, its builders had to float ...
The schizophrenia is a major cause of disability, with active psychosis ranked as the third-most-dis...
The mouthwash and gels containing Sodium Nitrate are used in treatment of dentine hypersensitivity....
The Yankees were in the middle of the season when tragedy struck....

--- Processing batch:
The symptoms of varicose veins include a sense of fullness, heaviness, aching, cramps, pain, tiredne...
The symptoms of hemorrhoids include a feeling of discomfort or itching in the rectum, a cloudy disch...
The SARS outbreak in 2003 was caused by a virus that was spread by people who had been in contact wi...
The theory states that animals react to threats with a general discharge of the sympathetic nervous ...

--- Processing batch:
The Ascaris lumbricoides is the largest intestinal roundworm and is the most common helminth infecti...
The chest or abdomen may feel tight, and the person may feel weak, dizzy, or faint. The feet and leg...
The underwater (hydrostatic) weighing is the most accurate method for measuring percentage of body f...
The self-help groups may provide resources for personality disorders....

--- Processing batch:
The SN1 reaction is often known as the dissociative mechanism....
The symptoms of rheumatoid arthritis may be mild or severe....
The conjunctiva is a thin membrane that lines the eyelid and covers the front of the eye....
The account Morrell wrote is a bit different from the actual events....

--- Processing batch:
The diagnosis of gout is based upon the identification of monosodium urate crystals in synovial flui...
The actor is also involved in charity work by helping to raise money to help find a cure for Cystic ...
The term neurosis is a class of functional mental disorders involving chronic distress but neither d...
The doctor may feel a lump or a mass in the breast....

--- Processing batch:
The early and late stages are usually separated by an asymptomatic interval....
The liver may swell and the skin may turn yellow (jaundice). The person may become confused and diso...
The bacterial meningitis is a serious infection of the membranes (meninges) that cover the brain and...
The infection may cause a burning or sharp pain during ejaculation....

--- Processing batch:
The United States has repeatedly described Armenia as a major source of illegal transport of women f...
The diagnosis of abdominal migraines is controversial....
The chest tightness tends to return and persist through midweek and occasionally to the end of the w...
The silent stroke does not cause symptoms, but it still causes damage to the brain and places the pe...

--- Processing batch:
The fever usually lasts about 7 to 10 days....
The caste system of insects enables eusociality, the division of labor between non-breeding and bree...
The American military governor said `` that execution by the garotte is far less inhumane and revolt...
The symptoms of schizophrenia include hallucinations, delusions, and a disconnection from reality....

--- Processing batch:
The same disease, such as some forms of cancer, may be caused by an inherited genetic condition in s...
The person may have a rash, hives, or itching....
The penis is a highly sensitive organ....
The gene is turned off in the mouse, and any differences from normal behavior or physiology are obse...

--- Processing batch:
The doctor will ask questions about the pain, such as:...
The eye pain is caused by disorders that affect the cornea, other parts of the eye, or the nerves th...
The historian said, `` it was quinine's efficacy that gave colonists fresh opportunities to swarm in...
The excretion is the process by which waste products of metabolism and other non-useful materials ar...

--- Processing batch:
The symptoms of systemic inflammation (such as fever, night sweats, fatigue, loss of appetite, weigh...
The gene is turned off in the mouse, and any differences from normal behavior or physiology are obse...
The anal cancer is usually a squamous cell carcinoma that arises near the squamocolumnar junction, o...
The disease can be divided into four stages: primary, secondary, latent, and tertiary....

--- Processing batch:
The bruises may be serious and lead to other more life-threatening forms of hematoma, such as when a...
The symptoms of schizophrenia usually begin in late adolescence or early adulthood....
The bleeding can occur internally, where blood leaks from blood vessels inside the body, or external...
The use of cigarettes is especially high in individuals diagnosed with schizophrenia, with estimates...

--- Processing batch:
The height of an individual will measure around a midpoint that is two thirds of the parents' deviat...
The tetanus toxin is a neurotoxin produced by the Gram-positive, rod-shaped, obligate anaerobic bact...
The virus is usually only after a virus enters a host that it can gain access to possible susceptibl...
The fertilized egg (zygote) usually implants in the lining of the uterus (endometrium)....

--- Processing batch:
The bacteria must be isolated, cultured, described, and deposited in a bacteriology culture collecti...
The cycloaddition of two molecules of the same type (called a Diels-Alder reaction) is a [4+2] cyclo...
The thalassemias are a group of genetic disorders that affect hemoglobin....
The gamma-lactone is a cyclic ester....

--- Processing batch:
The person who does this is called a tetrachromat....
The symptoms of depression and anxiety disorders are similar....
The pulmonary arteries are the arteries that carry blood from the heart to the lungs....
The American Heart Association says that lifestyle changes have been shown to be effective in reduci...

--- Processing batch:
The risk factors include poverty, malnutrition, deforestation, lack of sanitation and urbanization....
The blockage of the urethra causes hesitancy, dribbling, or urinary retention; UTIs may develop....
The transmission risk is significantly reduced during non-penetrative sex....
The doctor usually diagnoses sinus infections based on the symptoms....

--- Processing batch:
The 2012 Summer Paralympics and Olympics in London were complemented by the Youth Games, which give ...
The risk of developing a serious infection is higher in people who are undernourished or have a weak...
The treatment of cerebrovascular disease may include medication, lifestyle changes and/or surgery, d...
The concept of pansexuality rejects the gender binary, the `` notion of two genders and indeed of sp...

--- Processing batch:
The doctor asks questions about the following: Whether the discharge is from one or both breasts; Wh...
The subcortical vascular dementia caused by small- vessel ischemic damage (which includes multiple l...
The first high-resolution structure was the light-harvesting complex, the nicotinic acetylcholine re...
The disease was described by Sir William Osler, who said, `` In the history of medicine, there are f...

--- Processing batch:
The doctor asks about all possible causes of peripheral neuropathy, including chronic heavy metal ex...
The Fitz-Hugh-Curtis syndrome is a form of gonococcal (or chlamydial) perihepatitis....
The bile ducts drain bile from the liver into the small intestine....
The errors create large structural changes in DNA sequence - duplications, inversions, deletions of ...

--- Processing batch:
The most common cause of osteomyelitis is a bacterial infection....
The term `` metabolic syndrome '' was used by Haller in 1977 for associations of obesity, diabetes m...
The MRI coupled with magnetic resonance cholangiopancreatography (MRCP) is now frequently used for d...
The symptoms of a concussion may last for a few days to weeks....

--- Processing batch:
The physiological adaptations permit the organism to perform special functions such as making venom,...
The caffeine has pressor and mild diuretic effects when administered to people who are not used to i...
The three mechanisms are: Randomness coming from the environment (for example, Brownian motion, but ...
The tonsillopharyngitis is usually caused by a virus....

--- Processing batch:
The heart may become enlarged (hypertrophied), and the heart muscle may become scarred (fibrotic)....
The exact cause of sarcopenia is unknown, but it may be due to a combination of the gradual failure ...
The person with BDD is preoccupied with a perceived defect in their physical appearance....
The INAH 3 nucleus of the anterior hypothalamus of homosexual men was smaller than that of heterosex...
Predictions saved to output/sft_inference/CHAR_COMPRESSION-Med-EASi-token_explanation-Llama-3.2-3B-Instruct-20250527/output_3.json
Inference 4 completed.
Running inference 4 with seed 2...
Loading from models/CHAR_COMPRESSION-Med-EASi-token_explanation-Llama-3.2-3B-Instruct-20250527...
Inference args:
Namespace(use_vllm=False, seed=2, model_path='models/CHAR_COMPRESSION-Med-EASi-token_explanation-Llama-3.2-3B-Instruct-20250527', model_name=None, dataset_name='Med-EASi', model_class='auto', model_family='base', max_length=512, batch_size=4, slice_test=-1, output_file='output/sft_inference/CHAR_COMPRESSION-Med-EASi-token_explanation-Llama-3.2-3B-Instruct-20250527/output_4.json', device='cuda', peft_path=None, control_tokens='data/prompts/control_tokens.json', system_prompts='data/prompts/system_prompts.json', user_prompts='data/prompts/user_prompts.json', metric_mapping='data/metric_mapping.json', metric_name='CHAR_COMPRESSION', user_prompt_id='token_explanation')

test:	 Inspect the dataset format:
 {'global_id': ['medeasi_001354'], 'source_text': ['Malthus was not the first to outline the problems he perceived.'], 'source_metrics': [{'FRE': 85.69, 'ARI': 6.8, 'FKGL': 4.0, 'Dale-Chall': 8.49, 'char_count': 63, 'alphanum_count': 52, 'word_count': 12, 'sentence_count': 1}], 'metadata': [{'dataset': 'medeasi', 'experiment_split': '', 'domain': 'medical', 'language': 'en', 'annotation': 'human', 'level': 'sentence'}], 'simplification_text': ['Malthus said this would not work, and it would only lead to increased numbers of the poor.'], 'target_metrics': [{'FRE': 88.06, 'ARI': 7.6, 'FKGL': 5.2, 'Dale-Chall': 7.27, 'char_count': 90, 'alphanum_count': 72, 'word_count': 19, 'sentence_count': 1, 'char_compression_rate': 1.43, 'word_compression_rate': 1.58, 'sentence_compression_rate': 1.0, 'BLEU': 3.0272532566104675, 'BERTScore': 0.9067994952201843}], 'simplification_version': [1], 'grade_level': [-1], 'simplification_dimensions': [{'linguistic': {'lexical': False, 'syntactic': False}}]}

--- Processing batch:
The first person to outline the problems he perceived was Malthus....
The Joubert syndrome is one such disease....
The common cold is a viral infection of the upper respiratory tract....
The shanty towns have high rates of crime, suicide, drug use and disease....

--- Processing batch:
The death of Seidl in 1898 from food poisoning at the age of 47 was widely mourned....
The disorder affects about 0.3-0.7 % of people at some point in their lives, or 24 million people wo...
The glans penis is the expanded cap of the corpus spongiosum....
The pain creates a withdrawal reflex, while itch leads to a scratch reflex....

--- Processing batch:
The syndrome is named after John Hilton Edwards, who first described the syndrome in 1960....
The electric fish use electric fields to detect buried prey....
The small feedings reduce the osmotic load....
The testes have two main functions: to produce hormones and to produce sperm....

--- Processing batch:
The wheezing may be worse at night (nocturnal wheezing)....
The Galtonian theory of inheritance says that extreme characteristics ( e.g., height ) in parents ar...
The risk of hardening of the arteries is lower in people with Down syndrome....
The affected knees are much more swollen than painful; they are often hot but rarely red....

--- Processing batch:
The disease usually kills people 13 to 15 years after symptoms begin....
The most common form of acne is called acne vulgaris, meaning `` common acne ''....
The following medications may slow the progression of the disease: Pirfenidone or nintedanib....
The north pole feels a force in the direction of the H-field while the force on the south pole is op...

--- Processing batch:
The same year, she was arrested for possessing narcotics in her New York apartment....
The ESR (erythrocyte sedimentation rate) is a blood test that measures how quickly red blood cells s...
The involuntary movement of the eye is often called `` dancing eyes ''....
The king died of a stroke at Sheen on 21 June 1377....

--- Processing batch:
The underwear is worn for a variety of reasons....
The symptoms usually last 7 to 10 days, but some people may have symptoms for up to 3 weeks....
The doctors believed the herbs would counter the `` evil '' smells of the plague and prevent them fr...
The symptoms of a heart attack may include shortness of breath, nausea, feeling faint, a cold sweat,...

--- Processing batch:
The recommended dosage is 0.05 mg/kg body weight sc once/ day....
The PET scan also commonly is done to assess the extent of disease as well as the lymph nodes....
The appendix is a small, tube-like structure attached to the large intestine....
The symptoms of dengue fever are a fever, a headache, and a pain in the throat. In children, the pai...

--- Processing batch:
The ants will eventually die of exhaustion....
The diagnosis of anaphylaxis is based on the signs and symptoms of the person....
The Hashimoto thyroiditis was first described by the Japanese physician Hakaru Hashimoto in 1912....
The treatment of croup is usually done at home....

--- Processing batch:
The ipratropium nasal spray may reduce the symptoms of a runny nose but has little effect on stuffin...
The [ 4+2 ] cycloaddition is a [ 4+2 ] cycloaddition....
The bacteria that cause gonorrhea are resistant to many of the antibiotics used to treat this condit...
The pupils dilate (mydriasis), and the person may sweat (diaphoresis). The heart rate and blood pres...

--- Processing batch:
The sit-skis are designed for wheelchair users or other skiers with a form of paraplegia....
The following are some of the common symptoms of diarrhea: Diarrhea is a common symptom of many dise...
The cornea is the clear, dome-shaped surface at the front of the eye....
The risk of getting pneumonia is higher in people who have a weakened immune system....

--- Processing batch:
The most common cause of strabismus is a refractive error (a problem with the shape of the eye)....
The warts are usually round, firm, and light gray, yellow, brown, or gray-black nodules 2 to 10 mm i...
The treatment is determined by where the disease is acquired, the species of Leishmania, and the typ...
The Lipscomb family lived in Cambridge, Massachusetts until his death in 2011 from pneumonia....

--- Processing batch:
The symptoms of food allergies vary by allergen, mechanism, and patient age....
The risk, however, varies depending on the degree of hyperuricemia....
The skin of the breast may look like the skin of an orange (peau d'orange), and the breast may swell...
The antibiotics are prescribed for strep throat at a higher rate than would be expected from its pre...

--- Processing batch:
The urinary tract infection occurs four times more frequently in females than males....
The disease affects the lungs, and people with EP have difficulty breathing....
The inflammation of the kidneys is called nephritis....
The keratin is the key structural material making up the outer layer of human skin....

--- Processing batch:
The mother may not bond with her infant, resulting in emotional, social, and cognitive problems in t...
The blood vessels are blocked or narrowed with blood clots....
The symptoms of sarcoidosis are usually mild and may be similar to those of other diseases....
The food waste produced by processing can be difficult to reduce without affecting the quality of th...

--- Processing batch:
The symptoms of dengue fever are fever (usually low-grade), fatigue, malaise, weight loss, and sweat...
The first symptoms are weight gain and swelling of the legs (edema)....
The binge eating disorder is characterized by a cycle of binge eating followed by feelings of guilt,...
The disease is spread by eating food or drinking water contaminated with infected feces....

--- Processing batch:
The bacteria that cause infections are called pathogens....
The recessive gene disorders confer an advantage in certain environments when only one copy of the g...
The doctor said that if they lived in a warmer climate, it would aid her recovery....
The Asian longhorned beetle can destroy an entire orchard in a single growing season....

--- Processing batch:
The innate immune system is the first line of defense against infection....
The Taung skull is in the University of Witwatersrand....
The pulmonary hypertension (PH or PHTN) is a condition of increased blood pressure within the arteri...
The Real Shapeshifters Website Dedicated to the study of shapeshifting phenomena ( realshapeshifters...

--- Processing batch:
The hands of people who have cholera or have been in contact with cholera patients or their clothing...
The function of T cells and B cells is to recognize specific non-self antigens, during a process kno...
The disease is usually mild and may be mistaken for a viral infection. Diarrhea may be mild or sever...
The ganglion is a mass of nerve cells....

--- Processing batch:
The measles epidemic and food shortages during 1900 reduced the population of the area by one-third....
The onset is often sudden, with fever, severe joint pain, and limited movement....
The epidural hematoma (EDH) is a rapidly accumulating hematoma between the dura mater and the craniu...
The Jews were not allowed to use any public transportation, besides the ferry, and were able to shop...

--- Processing batch:
The risk of getting Hepatitis C from tattooing is two to three times higher than the general populat...
The peat forms when plant material does not fully decay in acidic and anaerobic conditions....
The ship was then taken southwards but, reaching thick ice at around 60°S, turned northeast towards ...
The stools are hard and uncomfortable to pass....

--- Processing batch:
The cheletropic reaction is a type of cycloaddition....
The syndrome usually develops in early childhood or adolescence....
The fever is usually very high, up to 40° C, and is often accompanied by inflammation of the lining ...
The film was directed by John Landis....

--- Processing batch:
The Grignard reagent reacts with a variety of carbonyl derivatives....
The venom from stinging or biting insects such as Hymenoptera (ants, bees, and wasps) or Triatominae...
The test for Hepatitis C is a blood test....
The infection ranges from being asymptomatic (in 5 to 50 % of cases) to a hemorrhagic fever with a c...

--- Processing batch:
The most common form is migraine with aura, which is a type of migraine that is accompanied by a vis...
The Orb changed the title to `` A Huge Ever Growing Pulsating Brain That Rules From the Centre of th...
The Cambrian explosion was a period of rapid evolution of life on Earth....
The woman could, apparently, recall random dot patterns with such fidelity as to combine two pattern...

--- Processing batch:
The doctor can usually diagnose mallet finger by examining the finger....
The different types of hepatitis are: Hepatitis A Hepatitis B Hepatitis C Hepatitis D Hepatitis E He...
The leper colony was established in 1970....
The Nobel Prize in Literature was awarded to Oscar Hijuelos in 1999....

--- Processing batch:
The West Highland Line was built across Rannoch Moor in western Scotland, its builders had to float ...
The schizophrenia is a major cause of disability, with active psychosis ranked as the third-most-dis...
The mouthwash and gels containing Sodium Nitrate are used in treatment of dentine hypersensitivity....
The Yankees had a great season in 1921....

--- Processing batch:
The symptoms of varicose veins include a sense of fullness, heaviness, aching, cramps, pain, tiredne...
The symptoms of hemorrhoids include a feeling of discomfort or itching in the rectum, a cloudy disch...
The SARS outbreak in 2003 was caused by a virus that was spread by people who had been in contact wi...
The theory states that animals react to threats with a general discharge of the sympathetic nervous ...

--- Processing batch:
The Ascaris lumbricoides is the largest intestinal roundworm and is the most common helminth infecti...
The chest or abdomen may feel tight, and the person may feel weak, dizzy, or faint. The feet and leg...
The underwater (hydrostatic) weighing is the most accurate method for measuring percentage of body f...
The self-help groups may provide resources for personality disorders....

--- Processing batch:
The SN1 reaction is often known as the dissociative mechanism....
The symptoms of rheumatoid arthritis may be mild or severe....
The conjunctiva is a thin membrane that lines the eyelid and covers the front of the eye....
The account Morrell wrote is a bit different from the actual events....

--- Processing batch:
The diagnosis of gout is based upon the identification of monosodium urate crystals in synovial flui...
The actor is also involved in charity work by helping to raise money to help find a cure for Cystic ...
The term neurosis is a class of functional mental disorders involving chronic distress but neither d...
The doctor may feel a lump or a thickening in the breast....

--- Processing batch:
The early and late stages are usually separated by an asymptomatic interval....
The liver may swell and the skin may turn yellow (jaundice). The person may become confused and diso...
The bacterial meningitis is a serious infection of the membranes (meninges) that cover the brain and...
The infection may cause a burning or sharp pain during ejaculation....

--- Processing batch:
The United States has repeatedly described Armenia as a major source of illegal transport of women f...
The diagnosis of abdominal migraines is controversial....
The chest tightness tends to return and persist through midweek and occasionally to the end of the w...
The silent stroke does not cause symptoms, but it still causes damage to the brain and increases the...

--- Processing batch:
The fever usually lasts about 7 to 10 days....
The caste system of insects enables eusociality, the division of labor between non-breeding and bree...
The American military governor said `` that execution by the garotte is far less inhumane and revolt...
The symptoms of schizophrenia include hallucinations, delusions, and a disconnection from reality....

--- Processing batch:
The same disease, such as some forms of cancer, may be caused by an inherited genetic condition in s...
The person may have a runny nose, sneeze, or feel a sense of impending doom....
The penis is a highly sensitive organ....
The gene is turned off in the mouse, and any differences from normal behavior or physiology are obse...

--- Processing batch:
The doctor will ask questions about the pain, such as:...
The eye pain is caused by disorders that affect the cornea, other parts of the eye, or the nerves th...
The historian said, `` it was quinine's efficacy that gave colonists fresh opportunities to swarm in...
The excretion is the process by which waste products of metabolism and other non-useful materials ar...

--- Processing batch:
The symptoms of systemic inflammation (such as fever, night sweats, fatigue, loss of appetite, weigh...
The gene is turned off in the mouse, and any differences from normal behavior or physiology are obse...
The anal cancer is usually a squamous cell carcinoma that arises near the squamocolumnar junction, o...
The disease can be divided into four stages: primary, secondary, latent, and tertiary....

--- Processing batch:
The bruises may be serious and lead to other more life-threatening forms of hematoma, such as when a...
The symptoms of schizophrenia usually begin in late adolescence or early adulthood....
The bleeding can occur internally, where blood leaks from blood vessels inside the body, or external...
The use of cigarettes is especially high in individuals diagnosed with schizophrenia, with estimates...

--- Processing batch:
The coefficient for height is about 2/3: the height of an individual will measure around a midpoint ...
The tetanus toxin is a neurotoxin produced by the Gram-positive, rod-shaped, obligate anaerobic bact...
The virus is usually only after a virus enters a host that it can gain access to possible susceptibl...
The fertilized egg (zygote) usually implants in the lining of the uterus (endometrium)....

--- Processing batch:
The bacteria must be isolated, cultured, described, and deposited in a bacteriology culture collecti...
The cycloaddition of two molecules of the same type (called a Diels-Alder reaction) is a [4+2] cyclo...
The thalassemias are a group of genetic disorders that affect hemoglobin....
The 4-substituted-gamma-lactones are converted to butyrolactones....

--- Processing batch:
The person who does this is called a tetrachromat....
The symptoms of depression and anxiety disorders are similar....
The pulmonary arteries are the arteries that carry blood from the heart to the lungs....
The American Heart Association says that lifestyle changes have been shown to be effective in reduci...

--- Processing batch:
The risk factors include poverty, malnutrition, deforestation, lack of sanitation and urbanization....
The blockage of the urethra causes hesitancy, dribbling, or urinary retention; UTIs may develop....
The transmission risk is significantly reduced during non-penetrative sex....
The doctor usually diagnoses sinus infections based on the symptoms....

--- Processing batch:
The 2012 Summer Paralympics and Olympics in London were complemented by the Youth Games, which give ...
The risk of developing a serious infection is higher in people who are undernourished or have a weak...
The treatment of cerebrovascular disease may include medication, lifestyle changes and/or surgery, d...
The concept of pansexuality rejects the gender binary, the `` notion of two genders and indeed of sp...

--- Processing batch:
The doctor asks questions about the following: Whether the discharge is from one or both breasts; Wh...
The subcortical vascular dementia caused by small- vessel ischemic damage (which includes multiple l...
The first high-resolution structure was the light-harvesting complex, the nicotinic acetylcholine re...
The disease was described by Sir William Osler, who said, `` In the history of medicine, there are f...

--- Processing batch:
The doctor asks about all possible causes of peripheral neuropathy, including chronic heavy metal ex...
The Fitz-Hugh-Curtis syndrome is a form of gonococcal (or chlamydial) perihepatitis....
The bile ducts drain bile from the liver into the small intestine....
The errors create large structural changes in DNA sequence - duplications, inversions, deletions of ...

--- Processing batch:
The most common cause of osteomyelitis is a bacterial infection....
The term `` metabolic syndrome '' was used by Haller in 1977 for associations of obesity, diabetes m...
The MRI coupled with magnetic resonance cholangiopancreatography (MRCP) is now frequently used for d...
The symptoms of a concussion may last for a few days to weeks....

--- Processing batch:
The physiological adaptations permit the organism to perform special functions such as making venom,...
The caffeine has pressor and mild diuretic effects when administered to people who are not used to i...
The three mechanisms are: Randomness coming from the environment (for example, Brownian motion, but ...
The tonsillopharyngitis is usually caused by a virus....

--- Processing batch:
The heart may become enlarged (hypertrophied), and the heart muscle may become scarred (fibrotic)....
The exact cause of sarcopenia is unknown, but it may be due to a combination of the gradual failure ...
The person with BDD is preoccupied with a perceived defect in their physical appearance....
The INAH 3 nucleus of the anterior hypothalamus of homosexual men was smaller than that of heterosex...
Predictions saved to output/sft_inference/CHAR_COMPRESSION-Med-EASi-token_explanation-Llama-3.2-3B-Instruct-20250527/output_4.json
Inference 5 completed.
Running inference 5 with seed 28...
Loading from models/CHAR_COMPRESSION-Med-EASi-token_explanation-Llama-3.2-3B-Instruct-20250527...
Inference args:
Namespace(use_vllm=False, seed=28, model_path='models/CHAR_COMPRESSION-Med-EASi-token_explanation-Llama-3.2-3B-Instruct-20250527', model_name=None, dataset_name='Med-EASi', model_class='auto', model_family='base', max_length=512, batch_size=4, slice_test=-1, output_file='output/sft_inference/CHAR_COMPRESSION-Med-EASi-token_explanation-Llama-3.2-3B-Instruct-20250527/output_5.json', device='cuda', peft_path=None, control_tokens='data/prompts/control_tokens.json', system_prompts='data/prompts/system_prompts.json', user_prompts='data/prompts/user_prompts.json', metric_mapping='data/metric_mapping.json', metric_name='CHAR_COMPRESSION', user_prompt_id='token_explanation')

test:	 Inspect the dataset format:
 {'global_id': ['medeasi_001354'], 'source_text': ['Malthus was not the first to outline the problems he perceived.'], 'source_metrics': [{'FRE': 85.69, 'ARI': 6.8, 'FKGL': 4.0, 'Dale-Chall': 8.49, 'char_count': 63, 'alphanum_count': 52, 'word_count': 12, 'sentence_count': 1}], 'metadata': [{'dataset': 'medeasi', 'experiment_split': '', 'domain': 'medical', 'language': 'en', 'annotation': 'human', 'level': 'sentence'}], 'simplification_text': ['Malthus said this would not work, and it would only lead to increased numbers of the poor.'], 'target_metrics': [{'FRE': 88.06, 'ARI': 7.6, 'FKGL': 5.2, 'Dale-Chall': 7.27, 'char_count': 90, 'alphanum_count': 72, 'word_count': 19, 'sentence_count': 1, 'char_compression_rate': 1.43, 'word_compression_rate': 1.58, 'sentence_compression_rate': 1.0, 'BLEU': 3.0272532566104675, 'BERTScore': 0.9067994952201843}], 'simplification_version': [1], 'grade_level': [-1], 'simplification_dimensions': [{'linguistic': {'lexical': False, 'syntactic': False}}]}

--- Processing batch:
The first person to outline the problems he perceived was Malthus....
The Joubert syndrome is one such disease....
The common cold is a viral infection of the upper respiratory tract....
The shanty towns have high rates of crime, suicide, drug use and disease....

--- Processing batch:
The death of Seidl in 1898 from food poisoning at the age of 47 was widely mourned....
The disorder affects about 0.3-0.7 % of people at some point in their lives, or 24 million people wo...
The glans penis is the expanded cap of the corpus spongiosum....
The pain creates a withdrawal reflex, while itch leads to a scratch reflex....

--- Processing batch:
The syndrome is named after John Hilton Edwards, who first described the syndrome in 1960....
The electric fish use electric fields to detect buried prey....
The small feedings reduce the osmotic load....
The testes have two main functions: to produce hormones and to produce sperm....

--- Processing batch:
The wheezing may be worse at night (nocturnal wheezing)....
The Galtonian theory of inheritance says that extreme characteristics ( e.g., height ) in parents ar...
The risk of hardening of the arteries is lower in people with Down syndrome....
The affected knees are much more swollen than painful; they are often hot but rarely red....

--- Processing batch:
The disease usually kills people 13 to 15 years after symptoms begin....
The most common form of acne is called acne vulgaris, meaning `` common acne ''....
The following medications may slow the progression of the disease: Pirfenidone or nintedanib....
The north pole feels a force in the direction of the H-field while the force on the south pole is op...

--- Processing batch:
The same year, she was arrested for possessing narcotics in her New York apartment....
The ESR (erythrocyte sedimentation rate) is a blood test that measures how quickly red blood cells s...
The involuntary movement of the eye is often called `` dancing eyes ''....
The king died of a stroke at Sheen on 21 June 1377....

--- Processing batch:
The underwear is worn for a variety of reasons....
The symptoms usually last 7 to 10 days, but some people may have symptoms for up to 3 weeks....
The doctors believed the herbs would counter the `` evil '' smells of the plague and prevent them fr...
The symptoms of a heart attack may include shortness of breath, nausea, feeling faint, a cold sweat,...

--- Processing batch:
The recommended dosage is 0.05 mg/kg body weight sc once/ day....
The PET scan also commonly is done to assess the extent of disease as well as the lymph nodes....
The appendix is a small, tube-like structure attached to the large intestine....
The symptoms of dengue fever are a fever, a headache, and a pain in the throat. In children, the pai...

--- Processing batch:
The ants will eventually die of exhaustion....
The diagnosis of anaphylaxis is based on the signs and symptoms of the person....
The Hashimoto thyroiditis was first described by the Japanese physician Hakaru Hashimoto in 1912....
The treatment of croup is usually done at home....

--- Processing batch:
The ipratropium nasal spray may reduce the symptoms of a runny nose but has little effect on stuffin...
The [ 4+2 ] cycloaddition is a [ 4+2 ] cycloaddition....
The bacteria that cause gonorrhea are resistant to many of the antibiotics used to treat this condit...
The pupils dilate (mydriasis), and the person may sweat (diaphoresis). The heart rate and blood pres...

--- Processing batch:
The sit-skis are designed for wheelchair users or other skiers with a form of paraplegia....
The following are some of the symptoms of diarrhea: Diarrhea is a common symptom of many diseases....
The cornea is the clear, dome-shaped surface at the front of the eye....
The risk of getting a cold is highest in the winter months....

--- Processing batch:
The most common cause of strabismus is a refractive error (a problem with the shape of the eye)....
The warts are usually round, firm, and light gray, yellow, brown, or gray-black nodules 2 to 10 mm i...
The treatment is determined by where the disease is acquired, the species of Leishmania, and the typ...
The Lipscomb family lived in Cambridge, Massachusetts until his death in 2011 from pneumonia....

--- Processing batch:
The symptoms of food allergies vary by allergen, mechanism, and patient age....
The risk, however, varies depending on the degree of hyperuricemia....
The skin of the breast may look like the skin of an orange (peau d'orange), and the breast may swell...
The antibiotics are prescribed for strep throat at a higher rate than would be expected from its pre...

--- Processing batch:
The urinary tract infection occurs four times more frequently in females than males....
The disease affects the lungs, and people with EP have difficulty breathing....
The inflammation of the kidneys is called nephritis....
The keratin is the key structural material making up the outer layer of human skin....

--- Processing batch:
The mother may not bond with her infant, resulting in emotional, social, and cognitive problems in t...
The blood vessels are blocked or narrowed with blood clots....
The symptoms of sarcoidosis are usually mild and may be similar to those of other diseases....
The food waste produced by processing can be difficult to reduce without affecting the quality of th...

--- Processing batch:
The symptoms of dengue fever are fever (usually low-grade), fatigue, malaise, weight loss, and sweat...
The first symptoms are weight gain and swelling of the legs (edema)....
The binge eating disorder is characterized by a cycle of binge eating followed by feelings of guilt,...
The disease is spread by eating food or drinking water contaminated with infected feces....

--- Processing batch:
The bacteria that cause infections are called pathogens....
The recessive gene disorders confer an advantage in certain environments when only one copy of the g...
The doctor said that if they lived in a warmer climate, it would aid her recovery....
The Asian longhorned beetle can destroy an entire orchard in a single growing season....

--- Processing batch:
The innate immune system is the first line of defense against infection....
The Taung skull is in the University of Witwatersrand....
The pulmonary hypertension (PH or PHTN) is a condition of increased blood pressure within the arteri...
The Real Shapeshifters Website Dedicated to the study of shapeshifting phenomena ( realshapeshifters...

--- Processing batch:
The hands of people who have cholera or have been in contact with cholera patients or their clothing...
The function of T cells and B cells is to recognize specific non-self antigens, during a process kno...
The disease is usually mild and may be mistaken for a viral gastroenteritis. The person may have a f...
The ganglion is a mass of nerve cells....

--- Processing batch:
The measles epidemic and food shortages during 1900 reduced the population of the area by one-third....
The onset is often sudden, with fever, severe joint pain, and limited movement....
The epidural hematoma (EDH) is a rapidly accumulating hematoma between the dura mater and the craniu...
The Jews were not allowed to use any public transportation, besides the ferry, and were able to shop...

--- Processing batch:
The risk of getting Hepatitis C from tattooing is two to three times higher than the general populat...
The peat forms when plant material does not fully decay in acidic and anaerobic conditions....
The ship sailed southwards but, reaching thick ice at around 60°S, turned northeast towards the Kerg...
The stools are hard and uncomfortable to pass....

--- Processing batch:
The cheletropic reaction is a type of cycloaddition....
The syndrome usually develops in early childhood or adolescence....
The fever is usually very high, up to 40° C, and is often accompanied by inflammation of the lining ...
The film was directed by John Landis....

--- Processing batch:
The Grignard reagent reacts with a variety of carbonyl derivatives....
The venom from stinging or biting insects such as Hymenoptera (ants, bees, and wasps) or Triatominae...
The test for Hepatitis C is a blood test....
The infection ranges from being asymptomatic (in 5 to 50 % of cases) to a hemorrhagic fever with a c...

--- Processing batch:
The most common form is migraine with aura, which is a type of migraine that is accompanied by a vis...
The Orb changed the title to `` A Huge Ever Growing Pulsating Brain That Rules From the Centre of th...
The Cambrian explosion was a period of rapid evolution of life on Earth....
The woman could, apparently, recall random dot patterns with such fidelity as to combine two pattern...

--- Processing batch:
The doctor can usually diagnose mallet finger by examining the finger....
The different types of hepatitis are: Hepatitis A Hepatitis B Hepatitis C Hepatitis D Hepatitis E He...
The leper colony was established in 1970....
The Nobel Prize in Literature was awarded to Oscar Hijuelos in 1999....

--- Processing batch:
The West Highland Line was built across Rannoch Moor in western Scotland, its builders had to float ...
The schizophrenia is a major cause of disability, with active psychosis ranked as the third-most-dis...
The mouthwash and gels containing Sodium Nitrate are used in treatment of dentine hypersensitivity....
The Yankees were in the middle of the season when tragedy struck....

--- Processing batch:
The symptoms of varicose veins include a sense of fullness, heaviness, aching, cramps, pain, tiredne...
The symptoms of hemorrhoids include a feeling of discomfort or itching in the rectum, a cloudy disch...
The SARS outbreak in 2003 was caused by a virus....
The theory states that animals react to threats with a general discharge of the sympathetic nervous ...

--- Processing batch:
The Ascaris lumbricoides is the largest intestinal roundworm and is the most common helminth infecti...
The chest or abdomen may feel tight, and the person may feel weak, dizzy, or faint. The feet and leg...
The underwater (hydrostatic) weighing is the most accurate method for measuring percentage of body f...
The self-help groups may provide resources for personality disorders....

--- Processing batch:
The SN1 reaction is often known as the dissociative mechanism....
The symptoms of rheumatoid arthritis may be mild or severe....
The conjunctiva is a thin membrane that lines the eyelid and covers the front of the eye....
The anchorage is said to be about 60 miles ( 97 km ) south-west of the island's coastline....

--- Processing batch:
The diagnosis of gout is based upon the identification of monosodium urate crystals in synovial flui...
The actor is also involved in charity work by helping to raise money to help find a cure for Cystic ...
The term neurosis is used to describe a group of disorders that cause chronic distress but do not in...
The doctor may feel a lump or a thickening in the breast....

--- Processing batch:
The early and late stages are usually separated by an asymptomatic interval....
The liver may swell and the skin may turn yellow (jaundice)....
The bacterial meningitis is a serious infection of the membranes (meninges) that cover the brain and...
The infection may cause a burning or sharp pain during ejaculation....

--- Processing batch:
The United States has repeatedly described Armenia as a major source of illegal transport of women f...
The diagnosis of abdominal migraines is controversial....
The chest tightness tends to return and persist through midweek and occasionally to the end of the w...
The silent stroke does not cause symptoms, but it still causes damage to the brain and places the pe...

--- Processing batch:
The fever usually lasts about 7 to 10 days....
The caste system of insects enables eusociality, the division of labor between non-breeding and bree...
The American military governor said `` that execution by the garotte is far less inhumane and revolt...
The symptoms of schizophrenia include hallucinations, delusions, and a disconnection from reality....

--- Processing batch:
The same disease, such as some forms of cancer, may be caused by an inherited genetic condition in s...
The person may have a rash, hives, or itching....
The penis is a highly sensitive organ....
The gene is turned off in the mouse, and any differences from normal behavior or physiology are obse...

--- Processing batch:
The doctor will ask questions about the pain, such as:...
The eye pain is caused by disorders that affect the cornea, other parts of the eye, or the nerves th...
The historian said, `` it was quinine's efficacy that gave colonists fresh opportunities to swarm in...
The excretion is the process by which waste products of metabolism and other non-useful materials ar...

--- Processing batch:
The symptoms of systemic inflammation (such as fever, night sweats, fatigue, loss of appetite, weigh...
The gene is turned off in the mouse, and any differences from normal behavior or physiology are obse...
The anal cancer is usually a squamous cell carcinoma that arises near the squamocolumnar junction, o...
The disease can be divided into four stages: primary, secondary, latent, and tertiary....

--- Processing batch:
The bruises may be serious and lead to other more life-threatening forms of hematoma, such as when a...
The symptoms of schizophrenia usually begin in late adolescence or early adulthood....
The bleeding can occur internally, where blood leaks from blood vessels inside the body, or external...
The use of cigarettes is especially high in individuals diagnosed with schizophrenia, with estimates...

--- Processing batch:
The height of an individual will measure around a midpoint that is two thirds of the parents' deviat...
The tetanus toxin is a neurotoxin produced by the Gram-positive, rod-shaped, obligate anaerobic bact...
The virus is usually only after a virus enters a host that it can gain access to possible susceptibl...
The fertilized egg implants into the Fallopian tube instead of the uterus, creating an ectopic pregn...

--- Processing batch:
The bacteria must be isolated, cultured, described, and deposited in a bacteriology culture collecti...
The cycloaddition of two molecules of the same type (called a Diels-Alder reaction) is a [4+2] cyclo...
The thalassemias are a group of genetic disorders that affect hemoglobin....
The gamma-lactone is a cyclic ester....

--- Processing batch:
The person who does this is called a tetrachromat....
The symptoms of depression and anxiety disorders are similar....
The pulmonary arteries are the arteries that carry blood from the heart to the lungs....
The American Heart Association says that lifestyle changes have been shown to be effective in reduci...

--- Processing batch:
The risk factors include poverty, malnutrition, deforestation, lack of sanitation and urbanization....
The blockage of the urethra causes hesitancy, dribbling, or urinary retention; UTIs may develop....
The transmission risk is significantly reduced during non-penetrative sex....
The doctor usually diagnoses sinus infections based on the symptoms....

--- Processing batch:
The 2012 Summer Paralympics and Olympics in London were complemented by the Youth Games, which give ...
The risk of developing a serious infection is higher in people who are undernourished or have a weak...
The treatment of cerebrovascular disease may include medication, lifestyle changes and/or surgery, d...
The concept of pansexuality rejects the gender binary, the `` notion of two genders and indeed of sp...

--- Processing batch:
The doctor asks questions about the following: Whether the discharge is from one or both breasts; Wh...
The subcortical vascular dementia caused by small- vessel ischemic damage (which includes multiple l...
The first high-resolution structure was the light-harvesting complex, the nicotinic acetylcholine re...
The disease was described by Sir William Osler, who said, `` In the history of medicine, there are f...

--- Processing batch:
The doctor asks about all possible causes of peripheral neuropathy, including chronic heavy metal ex...
The Fitz-Hugh-Curtis syndrome is a form of gonococcal (or chlamydial) perihepatitis....
The bile ducts drain bile from the liver into the small intestine....
The errors create large structural changes in DNA sequence - duplications, inversions, deletions of ...

--- Processing batch:
The most common cause of osteomyelitis is a bacterial infection....
The term `` metabolic syndrome '' was used by Haller in 1977 for associations of obesity, diabetes m...
The MRI coupled with magnetic resonance cholangiopancreatography (MRCP) is now frequently used for d...
The symptoms of a concussion may last for a few days to weeks....

--- Processing batch:
The physiological adaptations permit the organism to perform special functions such as making venom,...
The caffeine has pressor and mild diuretic effects when administered to people who are not used to i...
The three mechanisms are: Randomness coming from the environment (for example, Brownian motion, but ...
The tonsillopharyngitis is usually caused by a virus....

--- Processing batch:
The heart may become enlarged (hypertrophied), and the heart muscle may become scarred (fibrotic)....
The exact cause of sarcopenia is unknown, but it may be due to a combination of the gradual failure ...
The person with BDD is preoccupied with a perceived defect in their physical appearance....
The INAH 3 nucleus of the anterior hypothalamus of homosexual men was smaller than that of heterosex...
Predictions saved to output/sft_inference/CHAR_COMPRESSION-Med-EASi-token_explanation-Llama-3.2-3B-Instruct-20250527/output_5.json
Inference 6 completed.
Running evaluation script...
--- Running evaluation...
Input files:	 ['output/sft_inference/CHAR_COMPRESSION-Med-EASi-token_explanation-Llama-3.2-3B-Instruct-20250527/output_1.json', 'output/sft_inference/CHAR_COMPRESSION-Med-EASi-token_explanation-Llama-3.2-3B-Instruct-20250527/output_2.json', 'output/sft_inference/CHAR_COMPRESSION-Med-EASi-token_explanation-Llama-3.2-3B-Instruct-20250527/output_3.json', 'output/sft_inference/CHAR_COMPRESSION-Med-EASi-token_explanation-Llama-3.2-3B-Instruct-20250527/output_4.json', 'output/sft_inference/CHAR_COMPRESSION-Med-EASi-token_explanation-Llama-3.2-3B-Instruct-20250527/output_5.json']
Metric:	 CHAR_COMPRESSION
--- char_compression_rate losses:
Mean Squared Error (MSE): 0.3000765957446808
Mean Absolute Error (MAE): 0.35680851063829794
Standard Deviation of Errors: 0.5216410363037001
Variance of Errors: 0.27210937075599817

Saved loss values to stats.json
Updated averaged predictions file with per-sample losses: output/sft_inference/CHAR_COMPRESSION-Med-EASi-token_explanation-Llama-3.2-3B-Instruct-20250527/output_averaged.json
Scatter plot saved as char_compression_rate_scatter.png
Control attribute vs metrics plot saved as char_compression_rate_ctrl_attr_vs_metrics.png
Error-vs-metrics plots saved.
STD of error by reference bin saved as char_compression_rate_error_std_by_ref_bin.png
Plots saved to output/sft_inference/CHAR_COMPRESSION-Med-EASi-token_explanation-Llama-3.2-3B-Instruct-20250527

All plots saved to output/sft_inference/CHAR_COMPRESSION-Med-EASi-token_explanation-Llama-3.2-3B-Instruct-20250527

--- Mean metrics:
BLEU_to_source: BLEU_to_source: 48.54 (+5.10 -5.07)
BLEU_to_ref: BLEU_to_ref: 24.64 (+3.70 -3.24)
BERTScore_to_source: BERTScore_to_source: 0.93 (+0.01 -0.01)
BERTScore_to_ref: BERTScore_to_ref: 0.91 (+0.01 -0.01)
COMET: COMET: 0.74 (+0.02 -0.02)
SARI: SARI: 41.58 (+2.53 -2.26)

Saved evaluation summary to output/sft_results/all_results.json

--- Evaluation complete.
Script completed: Sun Jun  1 20:34:34 CEST 2025
