Tue Jun 24 16:13:26 2025       
+-----------------------------------------------------------------------------------------+
| NVIDIA-SMI 560.35.05              Driver Version: 560.35.05      CUDA Version: 12.6     |
|-----------------------------------------+------------------------+----------------------+
| GPU  Name                 Persistence-M | Bus-Id          Disp.A | Volatile Uncorr. ECC |
| Fan  Temp   Perf          Pwr:Usage/Cap |           Memory-Usage | GPU-Util  Compute M. |
|                                         |                        |               MIG M. |
|=========================================+========================+======================|
|   0  NVIDIA A100-SXM4-80GB          Off |   00000000:88:00.0 Off |                    0 |
| N/A   35C    P0             81W /  400W |       1MiB /  81920MiB |    100%      Default |
|                                         |                        |             Disabled |
+-----------------------------------------+------------------------+----------------------+
                                                                                         
+-----------------------------------------------------------------------------------------+
| Processes:                                                                              |
|  GPU   GI   CI        PID   Type   Process name                              GPU Memory |
|        ID   ID                                                               Usage      |
|=========================================================================================|
|  No running processes found                                                             |
+-----------------------------------------------------------------------------------------+
Script started: Tue Jun 24 16:13:26 CEST 2025
Running inference 1 with seed 37...
Using PEFT...
Loading from models/FKGL-WikiLarge_ori_splitwise-token_explanation-Qwen3-8B-20250624...
Inference args:
Namespace(use_vllm=False, seed=37, model_path='models/FKGL-WikiLarge_ori_splitwise-token_explanation-Qwen3-8B-20250624', model_name='Qwen/Qwen3-8B', dataset_name='WikiLarge_ori_splitwise', model_class='auto', model_family='base', max_length=512, batch_size=4, slice_test=-1, output_file='output/sft_inference/FKGL-WikiLarge_ori_splitwise-token_explanation-Qwen3-8B-20250624/output_1.json', device='cuda', peft_path='models/FKGL-WikiLarge_ori_splitwise-token_explanation-Qwen3-8B-20250624', control_tokens='data/prompts/control_tokens.json', system_prompts='data/prompts/system_prompts.json', user_prompts='data/prompts/user_prompts.json', metric_mapping='data/metric_mapping.json', metric_name='FKGL', user_prompt_id='token_explanation')

test:	 Inspect the dataset format:
 {'global_id': ['wikilarge_ori_220768'], 'source_text': ['Smaller riverboats can reach higher as far as Achual Point .\n'], 'source_metrics': [{'FRE': 78.25, 'ARI': 7.1, 'FKGL': 4.8, 'Dale-Chall': 10.45, 'char_count': 61, 'alphanum_count': 49, 'word_count': 11, 'sentence_count': 1}], 'metadata': [{'dataset': 'wikilarge_ori', 'experiment_split': '', 'domain': 'general', 'language': 'en', 'annotation': 'automatic', 'level': 'sentence'}], 'simplification_text': ['Smaller riverboats can reach 780 km -LRB- 486 mi -RRB- higher as far as Actual Point .\n'], 'target_metrics': [{'FRE': 72.16, 'ARI': 7.2, 'FKGL': 7.2, 'Dale-Chall': 14.3, 'char_count': 87, 'alphanum_count': 59, 'word_count': 17, 'sentence_count': 1, 'char_compression_rate': 1.43, 'word_compression_rate': 1.55, 'sentence_compression_rate': 1.0, 'BLEU': 31.46660996956415, 'BERTScore': 0.8939859867095947}], 'simplification_version': [1], 'grade_level': [-1], 'simplification_dimensions': [{'linguistic': {'lexical': False, 'syntactic': False}}]}

--- Processing batch:
Smaller riverboats can reach higher as far as Achual Point....
Each square in the graticule is known as a major division....
MiG-23 '' Flogger ''...
They have sold nearly 100 million records worldwide....

--- Processing batch:
But they are most often planted from large cuttings which root readily....
The band released their debut album, All Killer No Filler in 2001....
Sports Milestones His jersey number 30 has been retired by the Granby Bisons....
Her body was found in a lagoon near Forbes....

--- Processing batch:
Other rules are the same as pallapugno....
The H1N1 form of swine flu is one of the descendants of the strain that caused the 1918 flu pandemic...
The temperature in Labuan, which lies in the heart of the tropics, hardly changes through the year....
He plays for Spain....

--- Processing batch:
CBE -LRB- born 2 February 1944 -RRB- is a British conductor and composer....
Hans-J ürgen Dörner -LRB- born 1951 -RRB-, German football player and coach...
From 1902 to 1904, Burnham was employed by the East Africa Syndicate....
Borough council, a form of local government...

--- Processing batch:
Ashfield is a village in Stirlingshire, Scotland....
He performed with, amongst others, Elf, Rainbow, Black Sabbath, Heaven & Hell, and his own band Dio....
He is not considered inactive, but simply has not been in any shows for a while....
Karl Dönitz I G G O 10 years Leader of the Kriegsmarine from 1943, succeeded Raeder....

--- Processing batch:
The Class 166 Turbo Express is a type of electric multiple unit train operated by the British Rail....
The latter device can then be designed and used in less strict environments....
The radius is the distance from the center to the edge....
'' Luk tru da senta av da muun huen it iz bluu, '' sed haa royal mada in ansa tu haa kueschan....

--- Processing batch:
The stadium plays host to the home matches of Scottish Premier League club Motherwell....
The stadium plays host to the home matches of Scottish Premier League club Motherwell....
The total area is 55.73 km....
Matthew groups Jesus'teachings into five discourses, of which the Sermon on the Mount is the first....

--- Processing batch:
The band has had 16 top ten singles on the Billboard rock charts, eight of which peaked at # 1, and ...
After his apprenticeship he worked as a salesman in his father's shop....
The PQ was defeated by the Quebec Liberal Party in the 1985 election....
Truls Olaf Otterbech MÃ rk -LRB- born 25 April 1961 -RRB- is a Norwegian cellist....

--- Processing batch:
On brass instruments the mouthpiece is the part of the instrument which is placed upon the player's ...
Bad Blood 1997...
They were parents of three children : Lady Margaret Clifford -LRB- 1540 - September 28, 1596 -RRB-....
Saint-M Ã dard-d ` Eyrans is a commune. It is found in the region Aquitaine in the Gironde departmen...

--- Processing batch:
Each entry has a datum -LRB- a nugget of data -RRB- which is a copy of the datum in some backing sto...
Sudbury Town, opened June 28, 1903 by the District ; first served by the Piccadilly line July 4, 193...
Jeu de paume was originally a French precursor of lawn tennis played without racquets....
Tekken 6 is a fighting game developed by Namco Bandai....

--- Processing batch:
Byzantion later conquered Chalcedon, across the Bosporus on the Asian side....
The city is also a center of sugar production and industry....
Foods considered street foods are often, though not always, finger foods....
South Yorkshire was created on 1 April 1974 as a result of the Local Government Act 1972....

--- Processing batch:
Kingdom Hearts : Chain of Memories takes place directly after the ending of the first game, Kingdom ...
Mufasa then teaches Simba about the stars, saying that they represent all the great kings of the pas...
Kayes Region is one of eight first level subdivisions of Mali....
-LRB- The name '' desert cat '' is reserved for Felis silvestris lybica, the African wildcat. -RRB-...

--- Processing batch:
The current archbishop is the Most Reverend Rowan Williams....
In the usual topology on Rn the basic open sets are the open balls....
Balham is a station in London, England....
From 1987 to 2010 he served as a Member of Parliament for Banff and Buchan in the United Kingdom's H...

--- Processing batch:
When Miller's contract expired at the end of that season, he transferred to Celtic for free under th...
In September 1926, Dempsey fought Gene Tunney in Philadelphia....
Fortuna - goddess of luck....
The standard atmosphere -LRB- atm -RRB- is an established constant....

--- Processing batch:
It has its studios located at Shrine Hills, Matina, Davao City....
Jeanne Rij-Rousseau -LRB- June 10, 1870 -- October 22, 1956 -RRB- was a French Cubist painter and an...
Viré-en-Champagne is a commune. It is found in the region Pays-de-la-Loire in the Sarthe department ...
Clara Wieck was born in Leipzig on 13 September 1819....

--- Processing batch:
Aberlin worked on various TV spots, and played Lady Aberlin on Mister Rogers'Neighborhood....
After his father went broke in 1926, the family moved to Winnipeg, but could not afford to stay ther...
Matteo Paro -LRB- born 17 March 1983 -RRB- is an Italian footballer who plays for Vicenza....
On 28 April 2006, eHow was sold and wikiHow was launched as an independent site on its own www.wikih...

--- Processing batch:
Samovar & Porter -LRB- 1994 -RRB-, p. 84 Syrians did not congregate in urban enclaves ; many of the ...
The study of perception gave rise to the Gestalt school of psychology, with its emphasis on holistic...
Today, other technologies can perform the functions of magnetic tape. In many cases these technologi...
January 11 -- Pope Miltiades'reign ends....

--- Processing batch:
It is now the site of Meher Baba's samadhi -LRB- tomb -RRB-....
At landfall, hurricane-force winds extended outward 120 miles -LRB- 190 km -RRB- from the center and...
Hafnium -LRB- -RRB- is a chemical element with the symbol Hf and atomic number 72....
The three main nutrients : nitrogen -LRB- N -RRB-, phosphorus -LRB- P -RRB-, and potassium -LRB- K -...

--- Processing batch:
Suriname is situated between French Guiana to the east and Guyana to the west....
Sabana Larga, ElÃ as PiÃ a is a Dominican municipal district of Comendador in the ElÃ as PiÃ a Provi...
Hancock, Michigan, as of 2005, still has street signs written in both English and Finnish....
Fearing that Drek will destroy the galaxy, Clank asks Ratchet to help him find the famous superhero ...

--- Processing batch:
Today, many of the Lutheran chorales are familiar as hymns still used in Protestant churches, sung i...
The poem described how a Christian owes his loyalties to both his homeland and the heavenly kingdom....
She performed for President Reagan in 1988's Great Performances at the White House series, which air...
The highest grades of matcha have more intense sweetness and deeper flavor than the standard or coar...

--- Processing batch:
Longvilliers is a commune in the Pas-de-Calais department in the Nord-Pas-de-Calais region of France...
For provincial and federal elections, Woodstock is included in the riding of Oxford....
Brighton, Victoria, a suburb of Melbourne...
The Great Barrier Reef is the world's biggest coral reef....

--- Processing batch:
The Rainbow jersey is the distinctive jersey worn by the reigning world champion in a bicycle racing...
Kellner served as chief justice inspector and administrator of the Laubach courthouse until 1948....
To cope with life in the suffocating depths, vampire squid have developed several radical adaptation...
In 1990, she was the only female entertainer allowed to perform in Saudi Arabia....

--- Processing batch:
Egypt is annexed to the Roman Republic, and Octavian becomes the undisputed ruler of Rome and her su...
Hip dysplasia is a major problem for the breed....
Teddy Ruxpin...
Some of the lesbian fan base see Xena and Gabrielle as a couple and have embraced them as role model...

--- Processing batch:
Similarly the South Korean and the Taiwanese natives do not use the number 4 when assigning Pennant ...
The Quokka -LRB- Setonix brachyurus -RRB- is a small marsupial about the size of a domestic cat....
StarÄ eviÄ believed that Bosniaks were '' the best Croats '', and claimed that '' Bosnian Muslims ar...
He was the chair of a commission installed by the then social democratic-green government for reform...

--- Processing batch:
The Frisians are a Germanic people living in coastal parts of the Netherlands, Denmark and Germany....
The Caspian Sea is the largest enclosed inland sea in the world....
Naiad was discovered sometime before mid-September, 1989 from the images taken by the Voyager 2 prob...
In public saunas it is more common that men and women go to the sauna separately....

--- Processing batch:
The group's original lineup was Curt Kirkwood -LRB- guitar/vocals -RRB-, his brother Cris Kirkwood -...
Afterwards Sparks transferred it on heavy cotton material, then asked his wife Grace and her sister ...
Broda was born in Brandon, Manitoba to a Ukrainian family....
Schizanthus, common names butterfly flower, fringeflower, poor-man's orchid, is a genus of plants in...

--- Processing batch:
Valea Moldovei is a commune in Suceava County, Romania....
Graham attended Wheaton College from 1939 to 1943, when he graduated with a BA in anthropology....
Her friendship with the Russian mystic Grigori Rasputin was also an important factor in her life....
The Leafy Seadragon is a relative of the Weedy Seadragon....

--- Processing batch:
San Nazzaro is a former municipality in the district of Locarno in the canton of Ticino in Switzerla...
The body color varies from medium brown to gold-ish to beige-white ; and occasionally, is marked wit...
However, in what is sometimes called the Post-Vulgate Merlin, Excalibur was given to Arthur by the L...
Görlitz is a town in the German state of Saxony....

--- Processing batch:
Alessandro -LRB- '' Sandro '' -RRB- Mazzola -LRB- born 8 November 1942 -RRB- is an Italian former fo...
Saint-Denis-de-Mailloc is a commune. It is found in the region Basse-Normandie in the Calvados depar...
The region comprises three provinces from north to south : Huesca, Zaragoza, and Teruel....
Big Dogs is a clothing store chain in the United States....

--- Processing batch:
The politics of the force were intermingled with Jihad, the religious war or holy war of Muhammad 14...
It has five claws on its fore feet and four on its hind feet....
The show's 270 episodes have been syndicated worldwide....
His fiction works are considered part of the Romantic movement and, more specifically, dark romantic...

--- Processing batch:
It was previously believed that sometime during the 7th or 8th centuries, the city was sacked and bu...
Gable also earned an Academy Award nomination when he portrayed Fletcher Christian in 1935's Mutiny ...
Frank Tracy Griswold III -LRB- born 1938 -RRB- was the 25th Presiding Bishop and Primate of the Epis...
The ore bauxite is composed largely of aluminium hydroxides....

--- Processing batch:
However, when his daughter, Fern Arable, hears of the pig's fate she rescues him and tells her dad t...
Carteret County is a member of the regional Eastern Carolina Council of Governments....
Epauvillers is a village and former municipality in the district of Franches-Montagnes in the canton...
In general usage, the word '' electricity '' is adequate to refer to a number of physical effects....

--- Processing batch:
Mary Quant -LRB- born 11 February 1934 -RRB- is a Welsh fashion designer and British fashion icon....
BookCrossing.com users can ` go hunting ', where a member will go to the website to view a list of b...
Jean de Meun completes the French allegorical work of fiction, Roman de la Rose, with a second secti...
Richard A. Peddie -LRB- born on January 1947 in Windsor, Ontario -RRB- is the President and CEO of M...

--- Processing batch:
In larger libraries, some specialize in teen services, periodicals, or other special collections....
Typically a device can pull about 7 to 8 watts from the port ; however, the voltage varies significa...
The character made his first appearance in a xeroxed black and white preview comic titled Daze of th...
Thus people interested in perception have long struggled to explain what visual processing does to c...

--- Processing batch:
The conference papers were published the next year in a bookMicroeconomic Foundations of Employment ...
Formal minor planet designations are number-name combinations overseen by the Minor Planet Center, a...
San Fernando is a city in the Biobio Region of Chile....
Railway Gazette International is a monthly business journal covering the railway, metro, light rail ...

--- Processing batch:
It includes the ceremonial counties of Essex, Hertfordshire, Bedfordshire, Cambridgeshire, Norfolk a...
His castmates included future girlfriend and pop superstar Britney Spears, future tourmate Christina...
It moved across southern Spain, dumping rain on the drought-ridden region, and moved into the Medite...
Undated The Spanish conquest of the highlands of Guatemala is completed ; the first Guatemala City -...

--- Processing batch:
Body Jewellery Shop - common body piercing problems...
The Khyber Pass is a mountain pass in the Khyber region of Pakistan....
Blues can be subdivided into several subgenres ranging from country to urban blues that were more or...
The Great Seal of the State of Colorado is an adaptation of the Territorial Seal which was adopted b...

--- Processing batch:
On 26 January 1788, the marines and convicts were landed at Sydney Cove, which Phillip named after L...
Spanish cuisine, especially that of the coastal regions, uses cuttlefish and squid ink for the marin...
The Southern Railway made great use of steam locomotive names for publicity....
However, the BZÖ differs a bit in comparison to the Freedom Party, as is in favor of a referendum ab...

--- Processing batch:
Under Yuri Temirkanov, Principal Conductor from 1976 to 1988, the Opera Company continued to stage i...
Bersirc is a free Internet Relay Chat client for the Microsoft Windows operating system....
The Rwanda national football team, nicknamed Amavubi -LRB- The Wasps -RRB-, is the national team of ...
Prunk is a member of the Institute of European History in Mainz, and a senior fellow of the Center f...

--- Processing batch:
These tablets were then usually placed beneath the ground : either buried in graves or tombs, thrown...
James became the number one contender for the Women's Title on December 12 by defeating Victoria in ...
Singing is done in a group of other musicians....
DXBN-TV, channel 9, is a television station of Philippine television network National Broadcasting N...

--- Processing batch:
At a dinner party attended by the Dearly couple, Cruella de Vil expresses her dislike for animals ; ...
The internal styles are also known as Wudangquan, named for their association with the Taoist monast...
In return, Rollo swore fealty to Charles, converted to Christianity, and undertook to defend the nor...
Gastric dumping syndrome is a condition where food moves too quickly from the stomach to the small i...

--- Processing batch:
Sylvain Grenier -LRB- born March 26, 1977 -RRB- is a Canadian professional wrestler....
The peninsula is home to 257,223 people, which is about 51 % of Newfoundland's population in 2009, a...
In telecommunication, a Hamming code is a linear error-correcting code....
1943 - World War II : Battle of Tarawa -LRB- Operation Galvanic -RRB- begins -LRB- United States Mar...

--- Processing batch:
Delgadillo's Snow Cap Drive-In is a historic eatery and roadside attraction located along former Rou...
The Kingdom of Israel was ruled by Jeroboam I....
Asclepias incarnata is a plant....
Modern science has shown that itch has many similarities to pain, and while both are unpleasant sens...

--- Processing batch:
The fossils were recovered from the lagerstÃ tte of the Yixian Formation in the Liaoning province of...
Mede is a comune in the Province of Pavia in the Italian region Lombardy....
Sean Hannity -LRB- born December 30, 1961 -RRB- is an American radio and television host, author, an...
Each time You Distribute or Publicly Perform the Work or a Collection, the Licensor offers to the re...

--- Processing batch:
She made her debut as a leading film actress in Little Secrets -LRB- 2002 -RRB- and became well-know...
The most common nucleic acids are deoxyribonucleic acid -LRB- DNA -RRB- and ribonucleic acid -LRB- R...
Aylesbury High School...
Texas A&M University, often referred to as A&M or TAMU, is a public research university located in C...

--- Processing batch:
As time passed, Arika started losing her optimism in being an Otome as she learns more about the pas...
The Apostolic Tradition, attributed to the theologian Hippolytus, attests the singing of Hallel psal...
Hungarians are a sizeable minority in Transylvania....
Buildings in early Gaborone include Assembly buildings, government offices, a power station, a hospi...

--- Processing batch:
Gatorade...
It was an anthology of short spookie stories, including by Edgar Allan Poe, tied together by the adv...
The early medieval Rustamid dynasty in Algeria was Ibadi, and refugees from its capital Tahert found...
However, religious wars continued until the Thirty Years War, which was ended in 1648 by the Peace o...

--- Processing batch:
Michael Hordy -LRB- born October 10, 1956 in Thunder Bay, Ontario -RRB- is a retired Canadian profes...
On June 23, 2010, Eager was traded to the Atlanta Thrashers along with Dustin Byfuglien, Brent Sopel...
He continued making music under the Girl Talk alias while studying biomedical engineering at Case We...
Both IBM Lotus and Microsoft have introduced federation between their EIM systems and some of the pu...

--- Processing batch:
Except in the case of -LRB- see below -RRB-, administrators may unprotect a page if the reason for i...
William Moseley, Anna Popplewell, Georgie Henley and Skandar Keynes play Peter, Susan, Lucy and Edmu...
Encyclopædia Britannica, Inc. is an American company best known for publishing the Encyclopædia Brit...
The electric potential is only defined up to an additive constant : one must arbitrarily choose a po...

--- Processing batch:
The WebKit engine provides a set of classes to display web content in windows, and implements browse...
Robinson also criticized segregated hotels and restaurants that served the Dodger organization ; a n...
Eleanor de Montfort is captured by pirates in the employ of Edward I of England to prevent her marri...
Predictions saved to output/sft_inference/FKGL-WikiLarge_ori_splitwise-token_explanation-Qwen3-8B-20250624/output_1.json
Inference 2 completed.
Running inference 2 with seed 15...
Using PEFT...
Loading from models/FKGL-WikiLarge_ori_splitwise-token_explanation-Qwen3-8B-20250624...
Inference args:
Namespace(use_vllm=False, seed=15, model_path='models/FKGL-WikiLarge_ori_splitwise-token_explanation-Qwen3-8B-20250624', model_name='Qwen/Qwen3-8B', dataset_name='WikiLarge_ori_splitwise', model_class='auto', model_family='base', max_length=512, batch_size=4, slice_test=-1, output_file='output/sft_inference/FKGL-WikiLarge_ori_splitwise-token_explanation-Qwen3-8B-20250624/output_2.json', device='cuda', peft_path='models/FKGL-WikiLarge_ori_splitwise-token_explanation-Qwen3-8B-20250624', control_tokens='data/prompts/control_tokens.json', system_prompts='data/prompts/system_prompts.json', user_prompts='data/prompts/user_prompts.json', metric_mapping='data/metric_mapping.json', metric_name='FKGL', user_prompt_id='token_explanation')

test:	 Inspect the dataset format:
 {'global_id': ['wikilarge_ori_220768'], 'source_text': ['Smaller riverboats can reach higher as far as Achual Point .\n'], 'source_metrics': [{'FRE': 78.25, 'ARI': 7.1, 'FKGL': 4.8, 'Dale-Chall': 10.45, 'char_count': 61, 'alphanum_count': 49, 'word_count': 11, 'sentence_count': 1}], 'metadata': [{'dataset': 'wikilarge_ori', 'experiment_split': '', 'domain': 'general', 'language': 'en', 'annotation': 'automatic', 'level': 'sentence'}], 'simplification_text': ['Smaller riverboats can reach 780 km -LRB- 486 mi -RRB- higher as far as Actual Point .\n'], 'target_metrics': [{'FRE': 72.16, 'ARI': 7.2, 'FKGL': 7.2, 'Dale-Chall': 14.3, 'char_count': 87, 'alphanum_count': 59, 'word_count': 17, 'sentence_count': 1, 'char_compression_rate': 1.43, 'word_compression_rate': 1.55, 'sentence_compression_rate': 1.0, 'BLEU': 31.46660996956415, 'BERTScore': 0.8939859867095947}], 'simplification_version': [1], 'grade_level': [-1], 'simplification_dimensions': [{'linguistic': {'lexical': False, 'syntactic': False}}]}

--- Processing batch:
Smaller riverboats can reach higher as far as Achual Point....
Each square in the graticule is known as a major division....
MiG-23 '' Flogger ''...
They have sold nearly 100 million records worldwide....

--- Processing batch:
But they are most often planted from large cuttings which root readily....
The band released their debut album, All Killer No Filler in 2001....
Sports Milestones His jersey number 30 has been retired by the Granby Bisons....
Her body was found in a lagoon near Forbes....

--- Processing batch:
Other rules are the same as pallapugno....
The H1N1 form of swine flu is one of the descendants of the strain that caused the 1918 flu pandemic...
The temperature in Labuan, which lies in the heart of the tropics, hardly changes through the year....
He plays for Spain....

--- Processing batch:
CBE -LRB- born 2 February 1944 -RRB- is a British conductor and composer....
Hans-J ürgen Dörner -LRB- born 1951 -RRB-, German football player and coach...
From 1902 to 1904, Burnham was employed by the East Africa Syndicate....
Borough council, a form of local government in the United Kingdom...

--- Processing batch:
Ashfield is a village in Stirlingshire, Scotland....
He performed with, amongst others, Elf, Rainbow, Black Sabbath, Heaven & Hell, and his own band Dio....
He is not considered inactive, but simply has not been in any shows for a while....
Karl Dönitz I G G O 10 years Leader of the Kriegsmarine from 1943, after Raeder....

--- Processing batch:
The Class 166 Turbo Express is a type of electric multiple unit train operated by the British Rail....
The latter device can then be designed and used in less strict environments....
The radius is the distance from the center to the edge....
'' Luk tru da senta av da muun huen it iz bluu, '' sed haa royal mada in ansa tu haa kueschan....

--- Processing batch:
The stadium plays host to the home matches of Scottish Premier League club Motherwell....
The stadium plays host to the home matches of Scottish Premier League club Motherwell....
The total area is 55.73 km....
Matthew groups Jesus'teachings into five discourses, of which the Sermon on the Mount is the first....

--- Processing batch:
The band has had 16 top ten singles on the Billboard rock charts, eight of which peaked at # 1, and ...
After his apprenticeship he worked as a salesman in his father's shop....
The PQ was defeated by the Quebec Liberal Party in the 1985 election....
Truls Olaf Otterbech MÃ rk -LRB- born 25 April 1961 -RRB- is a Norwegian cellist....

--- Processing batch:
On brass instruments the mouthpiece is the part of the instrument which is placed upon the player's ...
Bad Blood 1997...
They were parents of three children : Lady Margaret Clifford -LRB- 1540 - September 28, 1596 -RRB-....
Saint-Mard-d-Eyrans is a commune. It is found in the region Aquitaine in the Gironde department in t...

--- Processing batch:
Each entry has a datum -LRB- a nugget of data -RRB- which is a copy of the datum in some backing sto...
Sudbury Town, opened June 28, 1903 by the District ; first served by the Piccadilly line July 4, 193...
Jeu de paume was originally a French precursor of lawn tennis played without racquets....
Tekken 6 is a fighting game....

--- Processing batch:
Byzantion later conquered Chalcedon, across the Bosporus on the Asian side....
The city is also a center of sugar production and industry....
Foods considered street foods are often, though not always, finger foods....
South Yorkshire was created on 1 April 1974 as a result of the Local Government Act 1972....

--- Processing batch:
Kingdom Hearts : Chain of Memories takes place directly after the ending of the first game, Kingdom ...
Mufasa then teaches Simba about the stars, saying that they represent all the great kings of the pas...
Kayes Region is one of eight first level subdivisions of Mali....
The name '' desert cat '' is reserved for Felis silvestris lybica, the African wildcat....

--- Processing batch:
The current archbishop is the Most Reverend Rowan Williams....
In the usual topology on Rn the basic open sets are the open balls....
Balham is a station in London, England....
From 1987 to 2010 he served as a Member of Parliament for Banff and Buchan in the United Kingdom's H...

--- Processing batch:
When Miller's contract expired at the end of that season, he transferred to Celtic for free under th...
In September 1926, Dempsey fought Gene Tunney in Philadelphia....
Fortuna - goddess of luck....
The standard atmosphere -LRB- atm -RRB- is an established constant....

--- Processing batch:
It has its studios located at Shrine Hills, Matina, Davao City....
Jeanne Rij-Rousseau -LRB- June 10, 1870 -- October 22, 1956 -RRB- was a French Cubist painter and an...
Viré-en-Champagne is a commune. It is found in the region Pays-de-la-Loire in the Sarthe department ...
Clara Wieck was born in Leipzig on 13 September 1819....

--- Processing batch:
Aberlin worked on various TV spots, and played Lady Aberlin on Mister Rogers'Neighborhood....
After his father went broke in 1926, the family moved to Winnipeg, but could not afford to stay ther...
Matteo Paro -LRB- born 17 March 1983 -RRB- is an Italian footballer who plays for Vicenza....
On 28 April 2006, eHow was sold and wikiHow was launched as an independent site on its own www.wikih...

--- Processing batch:
Samovar & Porter -LRB- 1994 -RRB-, p. 84 Syrians did not congregate in urban enclaves ; many of the ...
The study of perception gave rise to the Gestalt school of psychology, with its emphasis on holistic...
Today, other technologies can perform the functions of magnetic tape. In many cases these technologi...
January 11 -- Pope Miltiades'reign ends....

--- Processing batch:
It is now the site of Meher Baba's samadhi -LRB- tomb -RRB-....
At landfall, hurricane-force winds extended outward 120 miles -LRB- 190 km -RRB- from the center and...
Hafnium -LRB- -RRB- is a chemical element with the symbol Hf and atomic number 72....
The three main nutrients : nitrogen -LRB- N -RRB-, phosphorus -LRB- P -RRB-, and potassium -LRB- K -...

--- Processing batch:
Suriname is situated between French Guiana to the east and Guyana to the west....
Sabana Larga, ElÃ as PiÃ a is a Dominican municipal district of Comendador in the ElÃ as PiÃ a Provi...
Hancock, Michigan, as of 2005, still has bi-lingual street signs written in both English and Finnish...
Fearing that Drek will destroy the galaxy, Clank asks Ratchet to help him find the famous superhero ...

--- Processing batch:
Today, many of the Lutheran chorales are familiar as hymns still used in Protestant churches, sung i...
The poem described how a Christian owes his loyalties to both his homeland and the heavenly kingdom....
She performed for President Reagan in 1988's Great Performances at the White House series, which air...
The highest grades of matcha have more intense sweetness and deeper flavor than the standard or coar...

--- Processing batch:
Longvilliers is a commune in the Pas-de-Calais department in the Nord-Pas-de-Calais region of France...
For provincial and federal elections, Woodstock is included in the riding of Oxford....
Brighton is a suburb of Melbourne, Victoria, Australia....
The Great Barrier Reef is the world's biggest coral reef....

--- Processing batch:
The Rainbow jersey is the distinctive jersey worn by the reigning world champion in a bicycle racing...
Kellner was the chief justice inspector and administrator of the Laubach courthouse until 1948....
To cope with life in the suffocating depths, vampire squid have developed several radical adaptation...
In 1990, she was the only female entertainer allowed to perform in Saudi Arabia....

--- Processing batch:
Egypt is annexed to the Roman Republic, and Octavian becomes the undisputed ruler of Rome and her su...
Hip dysplasia is a major problem for the breed....
Teddy Ruxpin...
Some of the lesbian fan base see Xena and Gabrielle as a couple and have embraced them as role model...

--- Processing batch:
Similarly the South Korean and the Taiwanese natives do not use the number 4 when assigning Pennant ...
The Quokka -LRB- Setonix brachyurus -RRB- is a small marsupial about the size of a domestic cat....
StarÄ eviÄ believed that Bosniaks were '' the best Croats '', and claimed that '' Bosnian Muslims ar...
He was the chair of a commission installed by the then social democratic-green government for reform...

--- Processing batch:
The Frisians are a Germanic people living in the coastal parts of the Netherlands, Denmark and Germa...
The Caspian Sea is the largest enclosed body of water on Earth....
Naiad was discovered sometime before mid-September, 1989 from the images taken by the Voyager 2 prob...
In public saunas it is more common that men and women go to the sauna separately....

--- Processing batch:
The group's original lineup was Curt Kirkwood -LRB- guitar/vocals -RRB-, his brother Cris Kirkwood -...
Afterwards Sparks transferred it on heavy cotton material, then asked his wife Grace and her sister ...
Broda was born in Brandon, Manitoba to a Ukrainian family....
Schizanthus, common names butterfly flower, fringeflower, poor-man's orchid, is a genus of plants in...

--- Processing batch:
Valea Moldovei is a commune in Suceava County, Romania....
Graham attended Wheaton College from 1939 to 1943, when he graduated with a BA in anthropology....
Her friendship with the Russian mystic Grigori Rasputin was also an important factor in her life....
The Leafy Seadragon is a relative of the Weedy Seadragon....

--- Processing batch:
San Nazzaro is a former municipality in the district of Locarno in the canton of Ticino in Switzerla...
The body color varies from medium brown to gold-ish to beige-white ; and occasionally, is marked wit...
However, in what is sometimes called the Post-Vulgate Merlin, Excalibur was given to Arthur by the L...
Görlitz is a town in the German state of Saxony....

--- Processing batch:
Alessandro -LRB- '' Sandro '' -RRB- Mazzola -LRB- born 8 November 1942 -RRB- is an Italian former fo...
Saint-Denis-de-Mailloc is a commune. It is found in the region Basse-Normandie in the Calvados depar...
The region comprises three provinces from north to south : Huesca, Zaragoza, and Teruel....
Big Dogs is a clothing store chain in the United States....

--- Processing batch:
The politics of the force were intermingled with Jihad, the religious war or holy war of Muhammad 14...
It has five claws on its fore feet and four on its hind feet....
The show's 270 episodes have been syndicated worldwide....
His fiction works are considered part of the Romantic movement and, more specifically, dark romantic...

--- Processing batch:
It was previously believed that sometime during the 7th or 8th centuries, the city was sacked and bu...
Gable also earned an Academy Award nomination when he portrayed Fletcher Christian in 1935's Mutiny ...
Frank Tracy Griswold III -LRB- born 1938 -RRB- was the 25th Presiding Bishop and Primate of the Epis...
The ore bauxite is composed largely of aluminium hydroxides....

--- Processing batch:
However, when his daughter, Fern Arable, hears of the pig's fate she rescues him and tells her dad t...
Carteret County is a member of the regional Eastern Carolina Council of Governments....
Epauvillers is a village and former municipality in the district of Franches-Montagnes in the canton...
In general usage, the word '' electricity '' is adequate to refer to a number of physical effects....

--- Processing batch:
Mary Quant -LRB- born 11 February 1934 -RRB- is a Welsh fashion designer and British fashion icon....
BookCrossing.com users can ` go hunting ', where a member will go to the website to view a list of b...
Jean de Meun completes the French allegorical work of fiction, Roman de la Rose, with a second secti...
Richard A. Peddie -LRB- born on January 1947 in Windsor, Ontario -RRB- is the President and CEO of M...

--- Processing batch:
In larger libraries, some specialize in teen services, periodicals, or other special collections....
Typically a device can pull about 7 to 8 watts from the port ; however, the voltage varies significa...
The character made his first appearance in a xeroxed black and white preview comic titled Daze of th...
Thus people interested in perception have long struggled to explain what visual processing does to c...

--- Processing batch:
The conference papers were published the next year in a bookMicroeconomic Foundations of Employment ...
Formal minor planet designations are number-name combinations overseen by the Minor Planet Center, a...
San Fernando is a city in the Biobio Region of Chile....
Railway Gazette International is a monthly business journal covering the railway, metro, light rail ...

--- Processing batch:
It includes the ceremonial counties of Essex, Hertfordshire, Bedfordshire, Cambridgeshire, Norfolk a...
His castmates included future girlfriend and pop superstar Britney Spears, future tourmate Christina...
It moved across southern Spain, dumping rain on the drought-ridden region, and moved into the Medite...
Undated The Spanish conquest of the highlands of Guatemala is completed ; the first Guatemala City -...

--- Processing batch:
Body Jewellery Shop - common body piercing problems...
The Khyber Pass is a mountain pass in the Khyber region of Pakistan....
Blues can be subdivided into several subgenres ranging from country to urban blues that were more or...
The Great Seal of the State of Colorado is an adaptation of the Territorial Seal which was adopted b...

--- Processing batch:
After some exploration Phillip decided to go on to Port Jackson, and on 26 January the marines and c...
Spanish cuisine, especially that of the coastal regions, uses cuttlefish and squid ink for the marin...
The Southern Railway made great use of steam locomotive names for publicity....
However, the BZÖ differs a bit in comparison to the Freedom Party, as is in favor of a referendum ab...

--- Processing batch:
Under Yuri Temirkanov, Principal Conductor from 1976 to 1988, the Opera Company continued to stage n...
Bersirc is a free Internet Relay Chat client for the Microsoft Windows operating system....
The Rwanda national football team, nicknamed Amavubi -LRB- The Wasps -RRB-, is the national team of ...
Prunk is a member of the Institute of European History in Mainz, and a senior fellow of the Center f...

--- Processing batch:
These tablets were then usually placed beneath the ground : either buried in graves or tombs, thrown...
James became the number one contender for the Women's Title on December 12 by defeating Victoria in ...
Singing is done in a group of other musicians....
DXBN-TV, channel 9, is a television station of Philippine television network National Broadcasting N...

--- Processing batch:
At a dinner party attended by the Dearly couple, Cruella de Vil expresses her dislike for animals ; ...
The internal styles are also known as Wudangquan, named for their association with the Taoist monast...
In return, Rollo swore fealty to Charles, converted to Christianity, and undertook to defend the nor...
Gastric dumping syndrome is a condition where food moves too quickly from the stomach to the small i...

--- Processing batch:
Sylvain Grenier -LRB- born March 26, 1977 -RRB- is a Canadian professional wrestler....
The peninsula is home to 257,223 people, which is about 51 % of Newfoundland's population in 2009....
Hamming codes are a set of error-correcting codes that encode data in a way that allows for the dete...
1943 - World War II : Battle of Tarawa -LRB- Operation Galvanic -RRB- begins -LRB- United States Mar...

--- Processing batch:
Delgadillo's Snow Cap Drive-In is a historic eatery and roadside attraction located along former Rou...
The Tribes of Judah and Benjamin remained loyal to Rehoboam, and reformed the Kingdom of Judah, whil...
Asclepias incarnata is a plant....
Modern science has shown that itch has many similarities to pain, and while both are unpleasant sens...

--- Processing batch:
The fossils were recovered from the lagerstÃ tte of the Yixian Formation in the Liaoning province of...
Mede is a comune in the Province of Pavia in the Italian region Lombardy....
Sean Hannity -LRB- born December 30, 1961 -RRB- is an American radio and television host, author, an...
Each time You Distribute or Publicly Perform the Work or a Collection, the Licensor offers to the re...

--- Processing batch:
She made her debut as a leading film actress in Little Secrets -LRB- 2002 -RRB- and became well-know...
The most common nucleic acids are deoxyribonucleic acid -LRB- DNA -RRB- and ribonucleic acid -LRB- R...
Aylesbury High School...
Texas A&M University, often referred to as A&M or TAMU, is a public research university located in C...

--- Processing batch:
As time passed, Arika started losing her optimism in being an Otome as she learns more about the pas...
The Apostolic Tradition, attributed to the theologian Hippolytus, attests the singing of Hallel psal...
Hungarians are a minority in Transylvania....
Buildings in early Gaborone include Assembly buildings, government offices, a power station, a hospi...

--- Processing batch:
Gatorade is a sports drink....
It was an anthology of short spookie stories, including by Edgar Allan Poe, tied together by the adv...
The early medieval Rustamid dynasty in Algeria was Ibadi, and refugees from its capital Tahert found...
However, religious wars continued until the Thirty Years War, which was ended in 1648 by the Peace o...

--- Processing batch:
Michael Hordy -LRB- born October 10, 1956 in Thunder Bay, Ontario -RRB- is a retired Canadian profes...
On June 23, 2010, Eager was traded to the Atlanta Thrashers along with Dustin Byfuglien, Brent Sopel...
He continued making music under the Girl Talk alias while studying biomedical engineering at Case We...
Both IBM Lotus and Microsoft have introduced federation between their EIM systems and some of the pu...

--- Processing batch:
Except in the case of -LRB- see below -RRB-, administrators may unprotect a page if the reason for i...
William Moseley, Anna Popplewell, Georgie Henley and Skandar Keynes play Peter, Susan, Lucy and Edmu...
Encyclopædia Britannica, Inc. is an American company best known for publishing the Encyclopædia Brit...
The electric potential is only defined up to an additive constant : one must arbitrarily choose a po...

--- Processing batch:
The WebKit engine provides a set of classes to display web content in windows, and implements browse...
Robinson also criticized segregated hotels and restaurants that served the Dodger organization ; a n...
Eleanor de Montfort is captured by pirates in the employ of Edward I of England to prevent her marri...
Predictions saved to output/sft_inference/FKGL-WikiLarge_ori_splitwise-token_explanation-Qwen3-8B-20250624/output_2.json
Inference 3 completed.
Running inference 3 with seed 96...
Using PEFT...
Loading from models/FKGL-WikiLarge_ori_splitwise-token_explanation-Qwen3-8B-20250624...
Inference args:
Namespace(use_vllm=False, seed=96, model_path='models/FKGL-WikiLarge_ori_splitwise-token_explanation-Qwen3-8B-20250624', model_name='Qwen/Qwen3-8B', dataset_name='WikiLarge_ori_splitwise', model_class='auto', model_family='base', max_length=512, batch_size=4, slice_test=-1, output_file='output/sft_inference/FKGL-WikiLarge_ori_splitwise-token_explanation-Qwen3-8B-20250624/output_3.json', device='cuda', peft_path='models/FKGL-WikiLarge_ori_splitwise-token_explanation-Qwen3-8B-20250624', control_tokens='data/prompts/control_tokens.json', system_prompts='data/prompts/system_prompts.json', user_prompts='data/prompts/user_prompts.json', metric_mapping='data/metric_mapping.json', metric_name='FKGL', user_prompt_id='token_explanation')

test:	 Inspect the dataset format:
 {'global_id': ['wikilarge_ori_220768'], 'source_text': ['Smaller riverboats can reach higher as far as Achual Point .\n'], 'source_metrics': [{'FRE': 78.25, 'ARI': 7.1, 'FKGL': 4.8, 'Dale-Chall': 10.45, 'char_count': 61, 'alphanum_count': 49, 'word_count': 11, 'sentence_count': 1}], 'metadata': [{'dataset': 'wikilarge_ori', 'experiment_split': '', 'domain': 'general', 'language': 'en', 'annotation': 'automatic', 'level': 'sentence'}], 'simplification_text': ['Smaller riverboats can reach 780 km -LRB- 486 mi -RRB- higher as far as Actual Point .\n'], 'target_metrics': [{'FRE': 72.16, 'ARI': 7.2, 'FKGL': 7.2, 'Dale-Chall': 14.3, 'char_count': 87, 'alphanum_count': 59, 'word_count': 17, 'sentence_count': 1, 'char_compression_rate': 1.43, 'word_compression_rate': 1.55, 'sentence_compression_rate': 1.0, 'BLEU': 31.46660996956415, 'BERTScore': 0.8939859867095947}], 'simplification_version': [1], 'grade_level': [-1], 'simplification_dimensions': [{'linguistic': {'lexical': False, 'syntactic': False}}]}

--- Processing batch:
Smaller riverboats can reach higher as far as Achual Point....
Each square in the graticule is known as a major division....
MiG-23 '' Flogger ''...
They have sold nearly 100 million records worldwide....

--- Processing batch:
But they are most often planted from large cuttings which root readily....
The band released their debut album, All Killer No Filler in 2001....
Sports Milestones His jersey number 30 has been retired by the Granby Bisons....
Her body was found in a lagoon near Forbes....

--- Processing batch:
Other rules are the same as pallapugno....
The H1N1 form of swine flu is one of the descendants of the strain that caused the 1918 flu pandemic...
The temperature in Labuan, which lies in the heart of the tropics, hardly changes through the year....
He plays for Spain....

--- Processing batch:
CBE -LRB- born 2 February 1944 -RRB- is a British conductor and composer....
Hans-J ürgen Dörner -LRB- born 1951 -RRB-, German football player and coach...
From 1902 to 1904, Burnham was employed by the East Africa Syndicate....
Borough council, a form of local government in the United Kingdom...

--- Processing batch:
Ashfield is a village in Stirlingshire, Scotland....
He performed with, amongst others, Elf, Rainbow, Black Sabbath, Heaven & Hell, and his own band Dio....
He is not considered inactive, but simply has not been in any shows for a while....
Karl Dönitz I G G O 10 years Leader of the Kriegsmarine from 1943, after Raeder....

--- Processing batch:
The Class 166 Turbo Express trains were built in the form of an express version....
The latter device can then be designed and used in less strict environments....
The radius is the distance from the center to the edge....
'' Luk tru da senta av da muun huen it iz bluu, '' sed haa royal mada in ansa tu haa kueschan....

--- Processing batch:
The stadium plays host to the home matches of Scottish Premier League club Motherwell....
The stadium plays host to the home matches of Scottish Premier League club Motherwell....
The total area is 55.73 km....
Matthew groups Jesus'teachings into five discourses, of which the Sermon on the Mount is the first....

--- Processing batch:
The band has had 16 top ten singles on the Billboard rock charts, eight of which peaked at # 1, and ...
After his apprenticeship he worked as a salesman in his father's shop....
The PQ was defeated by the Quebec Liberal Party in the 1985 election....
Truls Olaf Otterbech MÃ rk -LRB- born 25 April 1961 -RRB- is a Norwegian cellist....

--- Processing batch:
On brass instruments the mouthpiece is the part of the instrument which is placed upon the player's ...
Bad Blood 1997...
They were parents of three children : Lady Margaret Clifford -LRB- 1540 - September 28, 1596 -RRB-....
Saint-M Ã dard-d ` Eyrans is a commune. It is found in the region Aquitaine in the Gironde departmen...

--- Processing batch:
Each entry has a datum -LRB- a nugget of data -RRB- which is a copy of the datum in some backing sto...
Sudbury Town, opened June 28, 1903 by the District ; first served by the Piccadilly line July 4, 193...
Jeu de paume was originally a French precursor of lawn tennis played without racquets....
Tekken 6 is a fighting game....

--- Processing batch:
Byzantion later conquered Chalcedon, across the Bosporus on the Asian side....
The city is also a center of sugar production and industry....
Foods considered street foods are often, though not always, finger foods....
South Yorkshire was created on 1 April 1974 as a result of the Local Government Act 1972....

--- Processing batch:
Kingdom Hearts : Chain of Memories takes place directly after the ending of the first game, Kingdom ...
Mufasa then teaches Simba about the stars, saying that they represent all the great kings of the pas...
Kayes Region is one of eight first level subdivisions of Mali....
The name '' desert cat '' is reserved for Felis silvestris lybica, the African wildcat....

--- Processing batch:
The current archbishop is the Most Reverend Rowan Williams....
In the usual topology on Rn the basic open sets are the open balls....
Balham is a station in London, England....
From 1987 to 2010 he was a Member of Parliament for Banff and Buchan in the United Kingdom's House o...

--- Processing batch:
When Miller's contract expired at the end of that season, he transferred to Celtic for free under th...
In September 1926, Dempsey fought Gene Tunney in Philadelphia....
Fortuna - goddess of luck....
The standard atmosphere -LRB- atm -RRB- is an established constant....

--- Processing batch:
It has its studios located at Shrine Hills, Matina, Davao City....
Jeanne Rij-Rousseau -LRB- June 10, 1870 -- October 22, 1956 -RRB- was a French Cubist painter and an...
Viré-en-Champagne is a commune. It is found in the region Pays-de-la-Loire in the Sarthe department ...
Clara Wieck was born in Leipzig on 13 September 1819....

--- Processing batch:
Aberlin worked on various TV spots, and played Lady Aberlin on Mister Rogers'Neighborhood....
After his father went broke in 1926, the family moved to Winnipeg, but could not afford to stay ther...
Matteo Paro -LRB- born 17 March 1983 -RRB- is an Italian footballer who plays for Vicenza....
On 28 April 2006, eHow was sold and wikiHow was launched as an independent site on its own www.wikih...

--- Processing batch:
Samovar & Porter -LRB- 1994 -RRB-, p. 84 Syrians did not congregate in urban enclaves ; many of the ...
The study of perception gave rise to the Gestalt school of psychology, with its emphasis on holistic...
Today, other technologies can perform the functions of magnetic tape. In many cases these technologi...
January 11 -- Pope Miltiades'reign ends....

--- Processing batch:
It is now the site of Meher Baba's samadhi -LRB- tomb -RRB-....
At landfall, hurricane-force winds extended outward 120 miles -LRB- 190 km -RRB- from the center and...
Hafnium -LRB- -RRB- is a chemical element with the symbol Hf and atomic number 72....
The three main nutrients : nitrogen -LRB- N -RRB-, phosphorus -LRB- P -RRB-, and potassium -LRB- K -...

--- Processing batch:
Suriname is situated between French Guiana to the east and Guyana to the west....
Sabana Larga, ElÃ as PiÃ a is a Dominican municipal district of Comendador in the ElÃ as PiÃ a Provi...
Hancock, Michigan, as of 2005, still has street signs written in both English and Finnish....
Fearing that Drek will destroy the galaxy, Clank asks Ratchet to help him find the famous superhero ...

--- Processing batch:
Today, many of the Lutheran chorales are familiar as hymns still used in Protestant churches, sung i...
The poem described how a Christian owes his loyalties to both his homeland and the heavenly kingdom....
She performed for President Reagan in 1988's Great Performances at the White House series, which air...
The highest grades of matcha have more intense sweetness and deeper flavor than the standard or coar...

--- Processing batch:
Longvilliers is a commune in the Pas-de-Calais department in the Nord-Pas-de-Calais region of France...
For provincial and federal elections, Woodstock is included in the riding of Oxford....
Brighton is a suburb of Melbourne, Victoria, Australia....
The Great Barrier Reef is the world's biggest coral reef....

--- Processing batch:
The Rainbow jersey is the distinctive jersey worn by the reigning world champion in a bicycle racing...
Kellner served as chief justice inspector and administrator of the Laubach courthouse until 1948....
To cope with life in the suffocating depths, vampire squid have developed several radical adaptation...
In 1990, she was the only female entertainer allowed to perform in Saudi Arabia....

--- Processing batch:
Egypt is annexed to the Roman Republic, and Octavian becomes the undisputed ruler of Rome and her su...
Hip dysplasia is a major problem for the breed....
Teddy Ruxpin...
Some of the lesbian fan base see Xena and Gabrielle as a couple and have embraced them as role model...

--- Processing batch:
Similarly the South Korean and the Taiwanese natives do not use the number 4 when assigning Pennant ...
The Quokka -LRB- Setonix brachyurus -RRB- is a small marsupial about the size of a domestic cat....
StarÄ eviÄ believed that Bosniaks were '' the best Croats '', and claimed that '' Bosnian Muslims ar...
He was the chair of a commission installed by the then social democratic-green government for reform...

--- Processing batch:
The Frisians are a Germanic people living in coastal parts of the Netherlands, Denmark and Germany....
The Caspian Sea is the largest enclosed inland sea in the world....
Naiad was discovered sometime before mid-September, 1989 from the images taken by the Voyager 2 prob...
In public saunas it is more common that men and women go to the sauna separately....

--- Processing batch:
The group's original lineup was Curt Kirkwood -LRB- guitar/vocals -RRB-, his brother Cris Kirkwood -...
Afterwards Sparks transferred it on heavy cotton material, then asked his wife Grace and her sister ...
Broda was born in Brandon, Manitoba to a Ukrainian family....
Schizanthus, common names butterfly flower, fringeflower, poor-man's orchid, is a genus of plants in...

--- Processing batch:
Valea Moldovei is a commune in Suceava County, Romania....
Graham attended Wheaton College from 1939 to 1943, when he graduated with a BA in anthropology....
Her friendship with the Russian mystic Grigori Rasputin was also an important factor in her life....
The Leafy Seadragon is a relative of the Weedy Seadragon....

--- Processing batch:
San Nazzaro is a former municipality in the district of Locarno in the canton of Ticino in Switzerla...
The body color varies from medium brown to gold-ish to beige-white ; and occasionally, is marked wit...
However, in what is sometimes called the Post-Vulgate Merlin, Excalibur was given to Arthur by the L...
Görlitz is a town on the Lusatian Neisse River in the Bundesland of Saxony....

--- Processing batch:
Alessandro -LRB- '' Sandro '' -RRB- Mazzola -LRB- born 8 November 1942 -RRB- is an Italian former fo...
Saint-Denis-de-Mailloc is a commune. It is found in the region Basse-Normandie in the Calvados depar...
The region comprises three provinces from north to south : Huesca, Zaragoza, and Teruel....
Big Dogs is a clothing store chain in the United States....

--- Processing batch:
The politics of the force were intermingled with Jihad, the religious war or holy war of Muhammad 14...
It has five claws on its fore feet and four on its hind feet....
The show's 270 episodes have been syndicated worldwide....
His fiction works are considered part of the Romantic movement and, more specifically, dark romantic...

--- Processing batch:
It was previously believed that sometime during the 7th or 8th centuries, the city was sacked and bu...
Gable also earned an Academy Award nomination when he portrayed Fletcher Christian in 1935's Mutiny ...
Frank Tracy Griswold III -LRB- born 1938 -RRB- was the 25th Presiding Bishop and Primate of the Epis...
The ore bauxite is composed largely of aluminium hydroxides....

--- Processing batch:
However, when his daughter, Fern Arable, hears of the pig's fate she rescues him and tells her dad t...
Carteret County is a member of the regional Eastern Carolina Council of Governments....
Epauvillers is a village and former municipality in the district of Franches-Montagnes in the canton...
In general usage, the word '' electricity '' is adequate to refer to a number of physical effects....

--- Processing batch:
Mary Quant -LRB- born 11 February 1934 -RRB- is a Welsh fashion designer and British fashion icon....
BookCrossing.com users can ` go hunting ', where a member will go to the website to view a list of b...
Jean de Meun completes the French allegorical work of fiction, Roman de la Rose, with a second secti...
Richard A. Peddie -LRB- born on January 1947 in Windsor, Ontario -RRB- is the President and CEO of M...

--- Processing batch:
In larger libraries, some specialize in teen services, periodicals, or other special collections....
Typically a device can pull about 7 to 8 watts from the port ; however, the voltage varies significa...
The character made his first appearance in a xeroxed black and white preview comic titled Daze of th...
Thus people interested in perception have long struggled to explain what visual processing does to c...

--- Processing batch:
The conference papers were published the next year in a bookMicroeconomic Foundations of Employment ...
Formal minor planet designations are number-name combinations overseen by the Minor Planet Center, a...
San Fernando is a city in the Biobio Region of Chile....
Railway Gazette International is a monthly business journal covering the railway, metro, light rail ...

--- Processing batch:
It includes the ceremonial counties of Essex, Hertfordshire, Bedfordshire, Cambridgeshire, Norfolk a...
His castmates included future girlfriend and pop superstar Britney Spears, future tourmate Christina...
It moved across southern Spain, dumping rain on the drought-ridden region, and moved into the Medite...
Undated The Spanish conquest of the highlands of Guatemala is completed ; the first Guatemala City -...

--- Processing batch:
Body Jewellery Shop - common body piercing problems...
The Khyber Pass is a mountain pass in the Khyber region of Pakistan....
Blues can be divided into several subgenres ranging from country to urban blues that were more or le...
The Great Seal of the State of Colorado is an adaptation of the Territorial Seal which was adopted b...

--- Processing batch:
On 26 January 1788, the marines and convicts were landed at Sydney Cove, which Phillip named after L...
Spanish cuisine, especially that of the coastal regions, uses cuttlefish and squid ink for the marin...
The Southern Railway made great use of steam locomotive names for publicity....
However, the BZÖ differs a bit in comparison to the Freedom Party, as is in favor of a referendum ab...

--- Processing batch:
Under Yuri Temirkanov, Principal Conductor from 1976 to 1988, the Opera Company continued to stage i...
Bersirc is a chat program for Windows....
The Rwanda national football team, nicknamed Amavubi -LRB- The Wasps -RRB-, is the national team of ...
Prunk is a member of the Institute of European History in Mainz, and a senior fellow of the Center f...

--- Processing batch:
These tablets were then usually placed beneath the ground : either buried in graves or tombs, thrown...
James became the number one contender for the Women's Title on December 12 by defeating Victoria in ...
Singing is done in a group of other musicians....
DXBN-TV, channel 9, is a television station of Philippine television network National Broadcasting N...

--- Processing batch:
At a dinner party attended by the Dearly couple, Cruella de Vil expresses her dislike for animals ; ...
The internal styles are also known as Wudangquan, named for their association with the Taoist monast...
In return, Rollo swore fealty to Charles, converted to Christianity, and undertook to defend the nor...
Gastric dumping syndrome is a condition where food moves too quickly from the stomach to the small i...

--- Processing batch:
Sylvain Grenier -LRB- born March 26, 1977 -RRB- is a Canadian professional wrestler....
The peninsula is home to 257,223 people, which is about 51 % of Newfoundland's population in 2009....
Hamming codes are a set of error-correction codes that can be used to detect and correct errors that...
1943 - World War II : Battle of Tarawa -LRB- Operation Galvanic -RRB- begins -LRB- United States Mar...

--- Processing batch:
Delgadillo's Snow Cap Drive-In is a historic eatery and roadside attraction located along former Rou...
The Tribes of Judah and Benjamin remained loyal to Rehoboam, and reformed the Kingdom of Judah, whil...
Asclepias incarnata is a plant....
Modern science has shown that itch has many similarities to pain, and while both are unpleasant sens...

--- Processing batch:
The fossils were recovered from the lagerstÃ tte of the Yixian Formation in the Liaoning province of...
Mede is a comune in the Province of Pavia in the Italian region Lombardy....
Sean Hannity -LRB- born December 30, 1961 -RRB- is an American radio and television host, author, an...
Each time You Distribute or Publicly Perform the Work or a Collection, the Licensor offers to the re...

--- Processing batch:
She made her debut as a leading film actress in Little Secrets -LRB- 2002 -RRB- and became well-know...
The most common nucleic acids are deoxyribonucleic acid -LRB- DNA -RRB- and ribonucleic acid -LRB- R...
Aylesbury High School...
Texas A&M University, often referred to as A&M or TAMU, is a public research university located in C...

--- Processing batch:
As time passed, Arika started losing her optimism in being an Otome as she learns more about the pas...
The Apostolic Tradition, attributed to the theologian Hippolytus, attests the singing of Hallel psal...
Hungarians are a sizeable minority in Transylvania....
Buildings in early Gaborone include Assembly buildings, government offices, a power station, a hospi...

--- Processing batch:
Gatorade...
It was an anthology of short spookie stories, including by Edgar Allan Poe, tied together by the adv...
The early medieval Rustamid dynasty in Algeria was Ibadi, and refugees from its capital Tahert found...
However, religious wars continued until the Thirty Years War, which was ended in 1648 by the Peace o...

--- Processing batch:
Michael Hordy -LRB- born October 10, 1956 in Thunder Bay, Ontario -RRB- is a retired Canadian profes...
On June 23, 2010, Eager was traded to the Atlanta Thrashers along with Dustin Byfuglien, Brent Sopel...
He continued making music under the Girl Talk alias while studying biomedical engineering at Case We...
Both IBM Lotus and Microsoft have introduced federation between their EIM systems and some of the pu...

--- Processing batch:
Except in the case of -LRB- see below -RRB-, administrators may unprotect a page if the reason for i...
William Moseley, Anna Popplewell, Georgie Henley and Skandar Keynes play Peter, Susan, Lucy and Edmu...
Encyclopædia Britannica, Inc. is an American company best known for publishing the Encyclopædia Brit...
The electric potential is only defined up to an additive constant : one must arbitrarily choose a po...

--- Processing batch:
The WebKit engine provides a set of classes to display web content in windows, and implements browse...
Robinson also criticized segregated hotels and restaurants that served the Dodger organization ; a n...
Eleanor de Montfort is captured by pirates in the employ of Edward I of England to prevent her marri...
Predictions saved to output/sft_inference/FKGL-WikiLarge_ori_splitwise-token_explanation-Qwen3-8B-20250624/output_3.json
Inference 4 completed.
Running inference 4 with seed 2...
Using PEFT...
Loading from models/FKGL-WikiLarge_ori_splitwise-token_explanation-Qwen3-8B-20250624...
Inference args:
Namespace(use_vllm=False, seed=2, model_path='models/FKGL-WikiLarge_ori_splitwise-token_explanation-Qwen3-8B-20250624', model_name='Qwen/Qwen3-8B', dataset_name='WikiLarge_ori_splitwise', model_class='auto', model_family='base', max_length=512, batch_size=4, slice_test=-1, output_file='output/sft_inference/FKGL-WikiLarge_ori_splitwise-token_explanation-Qwen3-8B-20250624/output_4.json', device='cuda', peft_path='models/FKGL-WikiLarge_ori_splitwise-token_explanation-Qwen3-8B-20250624', control_tokens='data/prompts/control_tokens.json', system_prompts='data/prompts/system_prompts.json', user_prompts='data/prompts/user_prompts.json', metric_mapping='data/metric_mapping.json', metric_name='FKGL', user_prompt_id='token_explanation')

test:	 Inspect the dataset format:
 {'global_id': ['wikilarge_ori_220768'], 'source_text': ['Smaller riverboats can reach higher as far as Achual Point .\n'], 'source_metrics': [{'FRE': 78.25, 'ARI': 7.1, 'FKGL': 4.8, 'Dale-Chall': 10.45, 'char_count': 61, 'alphanum_count': 49, 'word_count': 11, 'sentence_count': 1}], 'metadata': [{'dataset': 'wikilarge_ori', 'experiment_split': '', 'domain': 'general', 'language': 'en', 'annotation': 'automatic', 'level': 'sentence'}], 'simplification_text': ['Smaller riverboats can reach 780 km -LRB- 486 mi -RRB- higher as far as Actual Point .\n'], 'target_metrics': [{'FRE': 72.16, 'ARI': 7.2, 'FKGL': 7.2, 'Dale-Chall': 14.3, 'char_count': 87, 'alphanum_count': 59, 'word_count': 17, 'sentence_count': 1, 'char_compression_rate': 1.43, 'word_compression_rate': 1.55, 'sentence_compression_rate': 1.0, 'BLEU': 31.46660996956415, 'BERTScore': 0.8939859867095947}], 'simplification_version': [1], 'grade_level': [-1], 'simplification_dimensions': [{'linguistic': {'lexical': False, 'syntactic': False}}]}

--- Processing batch:
Smaller riverboats can reach higher as far as Achual Point....
Each square in the graticule is known as a major division....
MiG-23 '' Flogger ''...
They have sold nearly 100 million records worldwide....

--- Processing batch:
But they are most often planted from large cuttings which root readily....
The band released their debut album, All Killer No Filler in 2001....
Sports Milestones His jersey number 30 has been retired by the Granby Bisons....
Her body was found in a lagoon near Forbes....

--- Processing batch:
Other rules are the same as pallapugno....
The H1N1 form of swine flu is one of the descendants of the strain that caused the 1918 flu pandemic...
The temperature in Labuan, which lies in the heart of the tropics, hardly changes through the year....
He plays for Spain....

--- Processing batch:
CBE -LRB- born 2 February 1944 -RRB- is a British conductor and composer....
Hans-J ürgen Dörner -LRB- born 1951 -RRB-, German football player and coach...
From 1902 to 1904, Burnham was employed by the East Africa Syndicate....
Borough council, a form of local government in the United Kingdom...

--- Processing batch:
Ashfield is a village in Stirlingshire, Scotland....
He performed with, amongst others, Elf, Rainbow, Black Sabbath, Heaven & Hell, and his own band Dio....
He is not considered inactive, but simply has not been in any shows for a while....
Karl Dönitz I G G O 10 years Leader of the Kriegsmarine from 1943, succeeded Raeder....

--- Processing batch:
The Class 166 Turbo Express trains were built in the form of an express version....
The latter device can then be designed and used in less strict environments....
The radius is the distance from the center to the edge....
'' Luk tru da senta av da muun huen it iz bluu, '' sed haa royal mada in ansa tu haa kueschan....

--- Processing batch:
The stadium plays host to the home matches of Scottish Premier League club Motherwell....
The stadium plays host to the home matches of Scottish Premier League club Motherwell....
The total area is 55.73 km....
Matthew groups Jesus'teachings into five discourses, of which the Sermon on the Mount is the first....

--- Processing batch:
The band has had 16 top ten singles on the Billboard rock charts, eight of which peaked at # 1, and ...
After his apprenticeship he worked as a salesman in his father's shop....
The PQ was defeated by the Quebec Liberal Party in the 1985 election....
Truls Olaf Otterbech MÃ rk -LRB- born 25 April 1961 -RRB- is a Norwegian cellist....

--- Processing batch:
On brass instruments the mouthpiece is the part of the instrument which is placed upon the player's ...
Bad Blood 1997...
They were parents of three children : Lady Margaret Clifford -LRB- 1540 - September 28, 1596 -RRB-....
Saint-Mard-d-Eyrans is a commune. It is found in the region Aquitaine in the Gironde department in t...

--- Processing batch:
Each entry has a datum -LRB- a nugget of data -RRB- which is a copy of the datum in some backing sto...
Sudbury Town, opened June 28, 1903 by the District ; first served by the Piccadilly line July 4, 193...
Jeu de paume was originally a French precursor of lawn tennis played without racquets....
Tekken 6 is a fighting game developed by Namco Bandai....

--- Processing batch:
Byzantion later conquered Chalcedon, across the Bosporus on the Asian side....
The city is also a center of sugar production and industry....
Foods considered street foods are often, though not always, finger foods....
South Yorkshire was created on 1 April 1974 as a result of the Local Government Act 1972....

--- Processing batch:
Kingdom Hearts : Chain of Memories takes place directly after the ending of the first game, Kingdom ...
Mufasa then teaches Simba about the stars, saying that they represent all the great kings of the pas...
Kayes Region is one of eight first level subdivisions of Mali....
The name '' desert cat '' is reserved for Felis silvestris lybica, the African wildcat....

--- Processing batch:
The current archbishop is the Most Reverend Rowan Williams....
In the usual topology on Rn the basic open sets are the open balls....
Balham is a station in London, England....
From 1987 to 2010 he served as a Member of Parliament for Banff and Buchan in the United Kingdom's H...

--- Processing batch:
When Miller's contract expired at the end of that season, he transferred to Celtic for free under th...
In September 1926, Dempsey fought Gene Tunney in Philadelphia....
Fortuna - goddess of luck....
The standard atmosphere -LRB- atm -RRB- is an established constant....

--- Processing batch:
It has its studios located at Shrine Hills, Matina, Davao City....
Jeanne Rij-Rousseau -LRB- June 10, 1870 -- October 22, 1956 -RRB- was a French Cubist painter and an...
Viré-en-Champagne is a commune. It is found in the region Pays-de-la-Loire in the Sarthe department ...
Clara Wieck was born in Leipzig on 13 September 1819....

--- Processing batch:
Aberlin worked on various TV spots, and played Lady Aberlin on Mister Rogers'Neighborhood....
After his father went broke in 1926, the family moved to Winnipeg, but could not afford to stay ther...
Matteo Paro -LRB- born 17 March 1983 -RRB- is an Italian footballer who plays for Vicenza....
On 28 April 2006, eHow was sold and wikiHow was launched as an independent site on its own www.wikih...

--- Processing batch:
Samovar & Porter -LRB- 1994 -RRB-, p. 84 Syrians did not congregate in urban enclaves ; many of the ...
The study of perception gave rise to the Gestalt school of psychology, with its emphasis on holistic...
Today, other technologies can perform the functions of magnetic tape. In many cases these technologi...
January 11 -- Pope Miltiades'reign ends....

--- Processing batch:
It is now the site of Meher Baba's samadhi -LRB- tomb -RRB-....
At landfall, hurricane-force winds extended outward 120 miles -LRB- 190 km -RRB- from the center and...
Hafnium -LRB- -RRB- is a chemical element with the symbol Hf and atomic number 72....
The three main nutrients : nitrogen -LRB- N -RRB-, phosphorus -LRB- P -RRB-, and potassium -LRB- K -...

--- Processing batch:
Suriname is situated between French Guiana to the east and Guyana to the west....
Sabana Larga, ElÃ as PiÃ a is a Dominican municipal district of Comendador in the ElÃ as PiÃ a Provi...
Hancock, Michigan, as of 2005, still has street signs written in both English and Finnish....
Fearing that Drek will destroy the galaxy, Clank asks Ratchet to help him find the famous superhero ...

--- Processing batch:
Today, many of the Lutheran chorales are familiar as hymns still used in Protestant churches, sung i...
The poem described how a Christian owes his loyalties to both his homeland and the heavenly kingdom....
She performed for President Reagan in 1988's Great Performances at the White House series, which air...
The highest grades of matcha have more intense sweetness and deeper flavor than the standard or coar...

--- Processing batch:
Longvilliers is a commune in the Pas-de-Calais department in the Nord-Pas-de-Calais region of France...
For provincial and federal elections, Woodstock is included in the riding of Oxford....
Brighton is a suburb of Melbourne, Victoria, Australia....
The Great Barrier Reef is the world's biggest coral reef....

--- Processing batch:
The Rainbow jersey is the distinctive jersey worn by the reigning world champion in a bicycle racing...
Kellner served as chief justice inspector and administrator of the Laubach courthouse until 1948....
To cope with life in the suffocating depths, vampire squid have developed several radical adaptation...
In 1990, she was the only female entertainer allowed to perform in Saudi Arabia....

--- Processing batch:
Egypt is annexed to the Roman Republic, and Octavian becomes the undisputed ruler of Rome and her su...
Hip dysplasia is a major problem for the breed....
Teddy Ruxpin...
Some of the lesbian fan base see Xena and Gabrielle as a couple and have embraced them as role model...

--- Processing batch:
Similarly the South Korean and the Taiwanese natives do not use the number 4 when assigning Pennant ...
The Quokka -LRB- Setonix brachyurus -RRB- is a small marsupial about the size of a domestic cat....
StarÄ eviÄ believed that Bosniaks were '' the best Croats '', and claimed that '' Bosnian Muslims ar...
He was the chair of a commission installed by the then social democratic-green government for reform...

--- Processing batch:
The Frisians are a Germanic people living in the coastal parts of the Netherlands, Denmark and Germa...
The Caspian Sea is the largest enclosed body of water on Earth....
Naiad was discovered sometime before mid-September, 1989 from the images taken by the Voyager 2 prob...
In public saunas it is more common that men and women go to the sauna separately....

--- Processing batch:
The group's original lineup was Curt Kirkwood -LRB- guitar/vocals -RRB-, his brother Cris Kirkwood -...
Afterwards Sparks transferred it on heavy cotton material, then asked his wife Grace and her sister ...
Broda was born in Brandon, Manitoba to a Ukrainian family....
Schizanthus, common names butterfly flower, fringeflower, poor-man's orchid, is a genus of plants in...

--- Processing batch:
Valea Moldovei is a commune in Suceava County, Romania....
Graham attended Wheaton College from 1939 to 1943, when he graduated with a BA in anthropology....
Her friendship with the Russian mystic Grigori Rasputin was also an important factor in her life....
The Leafy Seadragon is a relative of the Weedy Seadragon....

--- Processing batch:
San Nazzaro is a former municipality in the district of Locarno in the canton of Ticino in Switzerla...
The body color varies from medium brown to gold-ish to beige-white ; and occasionally, is marked wit...
However, in what is sometimes called the Post-Vulgate Merlin, Excalibur was given to Arthur by the L...
Görlitz is a town on the Lusatian Neisse River in the Bundesland of Saxony....

--- Processing batch:
Alessandro -LRB- '' Sandro '' -RRB- Mazzola -LRB- born 8 November 1942 -RRB- is an Italian former fo...
Saint-Denis-de-Mailloc is a commune. It is found in the region Basse-Normandie in the Calvados depar...
The region comprises three provinces from north to south : Huesca, Zaragoza, and Teruel....
Big Dogs is a clothing store chain in the United States....

--- Processing batch:
The politics of the force were intermingled with Jihad, the religious war or holy war of Muhammad 14...
It has five claws on its fore feet and four on its hind feet....
The show's 270 episodes have been syndicated worldwide....
His fiction works are considered part of the Romantic movement and, more specifically, dark romantic...

--- Processing batch:
It was previously believed that sometime during the 7th or 8th centuries, the city was sacked and bu...
Gable also earned an Academy Award nomination when he portrayed Fletcher Christian in 1935's Mutiny ...
Frank Tracy Griswold III -LRB- born 1938 -RRB- was the 25th Presiding Bishop and Primate of the Epis...
The ore bauxite is composed largely of aluminium hydroxides....

--- Processing batch:
However, when his daughter, Fern Arable, hears of the pig's fate she rescues him and tells her dad t...
Carteret County is a member of the regional Eastern Carolina Council of Governments....
Epauvillers is a village and former municipality in the district of Franches-Montagnes in the canton...
In general usage, the word '' electricity '' is adequate to refer to a number of physical effects....

--- Processing batch:
Mary Quant -LRB- born 11 February 1934 -RRB- is a Welsh fashion designer and British fashion icon....
BookCrossing.com users can ` go hunting ', where a member will go to the website to view a list of b...
Jean de Meun completes the French allegorical work of fiction, Roman de la Rose, with a second secti...
Richard A. Peddie -LRB- born on January 1947 in Windsor, Ontario -RRB- is the President and CEO of M...

--- Processing batch:
In larger libraries, some specialize in teen services, periodicals, or other special collections....
Typically a device can pull about 7 to 8 watts from the port ; however, the voltage varies significa...
The character made his first appearance in a xeroxed black and white preview comic titled Daze of th...
Thus people interested in perception have long struggled to explain what visual processing does to c...

--- Processing batch:
The conference papers were published the next year in a bookMicroeconomic Foundations of Employment ...
Formal minor planet designations are number-name combinations overseen by the Minor Planet Center, a...
San Fernando is a city in the Biobio Region of Chile....
Railway Gazette International is a monthly business journal covering the railway, metro, light rail ...

--- Processing batch:
It includes the ceremonial counties of Essex, Hertfordshire, Bedfordshire, Cambridgeshire, Norfolk a...
His castmates included future girlfriend and pop superstar Britney Spears, future tourmate Christina...
It moved across southern Spain, dumping rain on the drought-ridden region, and moved into the Medite...
Undated The Spanish conquest of the highlands of Guatemala is completed ; the first Guatemala City -...

--- Processing batch:
Body Jewellery Shop - common body piercing problems...
The Khyber Pass is a mountain pass in the Khyber region of Pakistan....
Blues can be divided into several subgenres ranging from country to urban blues that were more or le...
The Great Seal of the State of Colorado is an adaptation of the Territorial Seal which was adopted b...

--- Processing batch:
After some exploration Phillip decided to go on to Port Jackson, and on 26 January the marines and c...
Spanish cuisine, especially that of the coastal regions, uses cuttlefish and squid ink for the marin...
The Southern Railway made great use of steam locomotive names for publicity....
However, the BZÖ differs a bit in comparison to the Freedom Party, as is in favor of a referendum ab...

--- Processing batch:
Under Yuri Temirkanov, Principal Conductor from 1976 to 1988, the Opera Company continued to stage i...
Bersirc is a free Internet Relay Chat client for the Microsoft Windows operating system....
The Rwanda national football team, nicknamed Amavubi -LRB- The Wasps -RRB-, is the national team of ...
Prunk is a member of the Institute of European History in Mainz, and a senior fellow of the Center f...

--- Processing batch:
These tablets were then usually placed beneath the ground : either buried in graves or tombs, thrown...
James became the number one contender for the Women's Title on December 12 by defeating Victoria in ...
Singing is done in a group of other musicians....
DXBN-TV, channel 9, is a television station of Philippine television network National Broadcasting N...

--- Processing batch:
At a dinner party attended by the Dearly couple, Cruella de Vil expresses her dislike for animals ; ...
The internal styles are also known as Wudangquan, named for their association with the Taoist monast...
In return, Rollo swore fealty to Charles, converted to Christianity, and undertook to defend the nor...
Gastric dumping syndrome is a condition where food moves too quickly from the stomach to the small i...

--- Processing batch:
Sylvain Grenier -LRB- born March 26, 1977 -RRB- is a Canadian professional wrestler....
The peninsula is home to 257,223 people, which is about 51 % of Newfoundland's population in 2009....
Hamming codes are a set of error-correction codes that can be used to detect and correct errors that...
1943 - World War II : Battle of Tarawa -LRB- Operation Galvanic -RRB- begins -LRB- United States Mar...

--- Processing batch:
Delgadillo's Snow Cap Drive-In is a historic eatery and roadside attraction located along former Rou...
The Tribes of Judah and Benjamin remained loyal to Rehoboam, and reformed the Kingdom of Judah....
Asclepias incarnata is a plant....
Modern science has shown that itch has many similarities to pain, and while both are unpleasant sens...

--- Processing batch:
The fossils were found in the Yixian Formation in the Liaoning province of China, which is famous fo...
Mede is a comune in the Province of Pavia in the Italian region Lombardy....
Sean Hannity -LRB- born December 30, 1961 -RRB- is an American radio and television host, author, an...
Each time You Distribute or Publicly Perform the Work or a Collection, the Licensor offers to the re...

--- Processing batch:
She made her debut as a leading film actress in Little Secrets -LRB- 2002 -RRB- and became well-know...
The most common nucleic acids are deoxyribonucleic acid -LRB- DNA -RRB- and ribonucleic acid -LRB- R...
Aylesbury High School...
Texas A&M University, often referred to as A&M or TAMU, is a public research university located in C...

--- Processing batch:
As time passed, Arika started losing her optimism in being an Otome as she learns more about the pas...
The Apostolic Tradition, attributed to the theologian Hippolytus, attests the singing of Hallel psal...
Hungarians are a sizeable minority in Transylvania....
Buildings in early Gaborone include Assembly buildings, government offices, a power station, a hospi...

--- Processing batch:
Gatorade...
It was an anthology of short spookie stories, including by Edgar Allan Poe, tied together by the adv...
The early medieval Rustamid dynasty in Algeria was Ibadi, and refugees from its capital Tahert found...
However, religious wars continued until the Thirty Years War, which was ended in 1648 by the Peace o...

--- Processing batch:
Michael Hordy -LRB- born October 10, 1956 in Thunder Bay, Ontario -RRB- is a retired Canadian profes...
On June 23, 2010, Eager was traded to the Atlanta Thrashers along with Dustin Byfuglien, Brent Sopel...
He continued making music under the Girl Talk alias while studying biomedical engineering at Case We...
Both IBM Lotus and Microsoft have introduced federation between their EIM systems and some of the pu...

--- Processing batch:
Except in the case of -LRB- see below -RRB-, administrators may unprotect a page if the reason for i...
William Moseley, Anna Popplewell, Georgie Henley and Skandar Keynes play Peter, Susan, Lucy and Edmu...
Encyclopædia Britannica, Inc. is an American company best known for publishing the Encyclopædia Brit...
The electric potential is only defined up to an additive constant : one must arbitrarily choose a po...

--- Processing batch:
The WebKit engine provides a set of classes to display web content in windows, and implements browse...
Robinson also criticized segregated hotels and restaurants that served the Dodger organization ; a n...
Eleanor de Montfort is captured by pirates in the employ of Edward I of England to prevent her marri...
Predictions saved to output/sft_inference/FKGL-WikiLarge_ori_splitwise-token_explanation-Qwen3-8B-20250624/output_4.json
Inference 5 completed.
Running inference 5 with seed 28...
Using PEFT...
Loading from models/FKGL-WikiLarge_ori_splitwise-token_explanation-Qwen3-8B-20250624...
Inference args:
Namespace(use_vllm=False, seed=28, model_path='models/FKGL-WikiLarge_ori_splitwise-token_explanation-Qwen3-8B-20250624', model_name='Qwen/Qwen3-8B', dataset_name='WikiLarge_ori_splitwise', model_class='auto', model_family='base', max_length=512, batch_size=4, slice_test=-1, output_file='output/sft_inference/FKGL-WikiLarge_ori_splitwise-token_explanation-Qwen3-8B-20250624/output_5.json', device='cuda', peft_path='models/FKGL-WikiLarge_ori_splitwise-token_explanation-Qwen3-8B-20250624', control_tokens='data/prompts/control_tokens.json', system_prompts='data/prompts/system_prompts.json', user_prompts='data/prompts/user_prompts.json', metric_mapping='data/metric_mapping.json', metric_name='FKGL', user_prompt_id='token_explanation')

test:	 Inspect the dataset format:
 {'global_id': ['wikilarge_ori_220768'], 'source_text': ['Smaller riverboats can reach higher as far as Achual Point .\n'], 'source_metrics': [{'FRE': 78.25, 'ARI': 7.1, 'FKGL': 4.8, 'Dale-Chall': 10.45, 'char_count': 61, 'alphanum_count': 49, 'word_count': 11, 'sentence_count': 1}], 'metadata': [{'dataset': 'wikilarge_ori', 'experiment_split': '', 'domain': 'general', 'language': 'en', 'annotation': 'automatic', 'level': 'sentence'}], 'simplification_text': ['Smaller riverboats can reach 780 km -LRB- 486 mi -RRB- higher as far as Actual Point .\n'], 'target_metrics': [{'FRE': 72.16, 'ARI': 7.2, 'FKGL': 7.2, 'Dale-Chall': 14.3, 'char_count': 87, 'alphanum_count': 59, 'word_count': 17, 'sentence_count': 1, 'char_compression_rate': 1.43, 'word_compression_rate': 1.55, 'sentence_compression_rate': 1.0, 'BLEU': 31.46660996956415, 'BERTScore': 0.8939859867095947}], 'simplification_version': [1], 'grade_level': [-1], 'simplification_dimensions': [{'linguistic': {'lexical': False, 'syntactic': False}}]}

--- Processing batch:
Smaller riverboats can reach higher as far as Achual Point....
Each square in the graticule is known as a major division....
MiG-23 '' Flogger '', 1970 -LRB- third use of MiG-23 designation -RRB-...
They have sold nearly 100 million records worldwide....

--- Processing batch:
But they are most often planted from large cuttings which root readily....
The band released their debut album, All Killer No Filler in 2001....
Sports Milestones His jersey number 30 has been retired by the Granby Bisons....
Her body was found in a lagoon near Forbes....

--- Processing batch:
Other rules are the same as pallapugno....
The H1N1 form of swine flu is one of the descendants of the strain that caused the 1918 flu pandemic...
The temperature in Labuan, which lies in the heart of the tropics, hardly changes through the year....
He plays for Spain....

--- Processing batch:
CBE -LRB- born 2 February 1944 -RRB- is a British conductor and composer....
Hans-J ürgen Dörner -LRB- born 1951 -RRB-, German football player and coach...
From 1902 to 1904, Burnham was employed by the East Africa Syndicate....
Borough council, a form of local government...

--- Processing batch:
Ashfield is a village in Stirlingshire, Scotland....
He performed with, amongst others, Elf, Rainbow, Black Sabbath, Heaven & Hell, and his own band Dio....
He is not considered inactive, but simply has not been in any shows for a while....
Karl Dönitz I G G O 10 years Leader of the Kriegsmarine from 1943, after Raeder....

--- Processing batch:
An express version was subsequently built in the form of the Class 166 Turbo Express trains....
The latter device can then be designed and used in less strict environments....
The radius is the distance from the center to the edge....
'' Luk tru da senta av da muun huen it iz bluu, '' sed haa royal mada in ansa tu haa kueschan....

--- Processing batch:
The stadium plays host to the home matches of Scottish Premier League club Motherwell....
The stadium plays host to the home matches of Scottish Premier League club Motherwell....
The total area is 55.73 km....
Matthew groups Jesus'teachings into five discourses, of which the Sermon on the Mount is the first....

--- Processing batch:
The band has had 16 top ten singles on the Billboard rock charts, eight of which peaked at # 1, and ...
After his apprenticeship he worked as a salesman in his father's shop....
The PQ was defeated by the Quebec Liberal Party in the 1985 election....
Truls Olaf Otterbech MÃ rk -LRB- born 25 April 1961 -RRB- is a Norwegian cellist....

--- Processing batch:
On brass instruments the mouthpiece is the part of the instrument which is placed upon the player's ...
Bad Blood 1997...
They were parents of three children : Lady Margaret Clifford -LRB- 1540 - September 28, 1596 -RRB-....
Saint-M Ã dard-d ` Eyrans is a commune. It is found in the region Aquitaine in the Gironde departmen...

--- Processing batch:
Each entry has a datum -LRB- a nugget of data -RRB- which is a copy of the datum in some backing sto...
Sudbury Town, opened June 28, 1903 by the District ; first served by the Piccadilly line July 4, 193...
Jeu de paume was originally a French precursor of lawn tennis played without racquets....
Tekken 6 is a fighting game....

--- Processing batch:
Byzantion later conquered Chalcedon, across the Bosporus on the Asian side....
The city is also a center of sugar production and industry....
Foods considered street foods are often, though not always, finger foods....
South Yorkshire was created on 1 April 1974 as a result of the Local Government Act 1972....

--- Processing batch:
Kingdom Hearts : Chain of Memories takes place directly after the ending of the first game, Kingdom ...
Mufasa then teaches Simba about the stars, saying that they represent all the great kings of the pas...
Kayes Region is one of eight first level subdivisions, called Regions in Mali....
The name '' desert cat '' is reserved for Felis silvestris lybica, the African wildcat....

--- Processing batch:
The current archbishop is the Most Reverend Rowan Williams....
In the usual topology on Rn the basic open sets are the open balls....
Balham is a station in London, England....
From 1987 to 2010 he was a Member of Parliament for Banff and Buchan in the United Kingdom's House o...

--- Processing batch:
When Miller's contract expired at the end of that season, he transferred to Celtic for free under th...
In September 1926, Dempsey fought Gene Tunney in Philadelphia....
Fortuna - goddess of luck....
The standard atmosphere -LRB- atm -RRB- is an established constant....

--- Processing batch:
It has its studios located at Shrine Hills, Matina, Davao City....
Jeanne Rij-Rousseau -LRB- June 10, 1870 -- October 22, 1956 -RRB- was a French Cubist painter and an...
Viré-en-Champagne is a commune. It is found in the region Pays-de-la-Loire in the Sarthe department ...
Clara Wieck was born in Leipzig on 13 September 1819....

--- Processing batch:
Aberlin worked on various TV spots, and played Lady Aberlin on Mister Rogers'Neighborhood....
After his father went broke in 1926, the family moved to Winnipeg, but could not afford to stay ther...
Matteo Paro -LRB- born 17 March 1983 -RRB- is an Italian footballer who plays for Vicenza....
On 28 April 2006, eHow was sold and wikiHow was launched as an independent site on its own www.wikih...

--- Processing batch:
Samovar & Porter -LRB- 1994 -RRB-, p. 84 Syrians did not congregate in urban enclaves ; many of the ...
The study of perception gave rise to the Gestalt school of psychology, with its emphasis on holistic...
Today, other technologies can perform the functions of magnetic tape. In many cases these technologi...
January 11 -- Pope Miltiades'reign ends....

--- Processing batch:
It is now the site of Meher Baba's samadhi -LRB- tomb -RRB-....
At landfall, hurricane-force winds extended outward 120 miles -LRB- 190 km -RRB- from the center and...
Hafnium -LRB- -RRB- is a chemical element with the symbol Hf and atomic number 72....
The three main nutrients : nitrogen -LRB- N -RRB-, phosphorus -LRB- P -RRB-, and potassium -LRB- K -...

--- Processing batch:
Suriname is situated between French Guiana to the east and Guyana to the west....
Sabana Larga, ElÃ as PiÃ a is a Dominican municipal district of Comendador in the ElÃ as PiÃ a Provi...
Hancock, Michigan, as of 2005, still has street signs written in both English and Finnish....
Fearing that Drek will destroy the galaxy, Clank asks Ratchet to help him find the famous superhero ...

--- Processing batch:
Today, many of the Lutheran chorales are familiar as hymns still used in Protestant churches, sung i...
The poem described how a Christian owes his loyalties to both his homeland and the heavenly kingdom....
She performed for President Reagan in 1988's Great Performances at the White House series, which air...
The highest grades of matcha have more intense sweetness and deeper flavor than the standard or coar...

--- Processing batch:
Longvilliers is a commune in the Pas-de-Calais department in the Nord-Pas-de-Calais region of France...
For provincial and federal elections, Woodstock is included in the riding of Oxford....
Brighton is a suburb of Melbourne, Victoria, Australia....
The Great Barrier Reef is the world's biggest coral reef....

--- Processing batch:
The Rainbow jersey is the distinctive jersey worn by the reigning world champion in a bicycle racing...
Kellner was the chief justice inspector and administrator of the Laubach courthouse until 1948....
To cope with life in the suffocating depths, vampire squid have developed several radical adaptation...
In 1990, she was the only female entertainer allowed to perform in Saudi Arabia....

--- Processing batch:
Egypt is annexed to the Roman Republic, and Octavian becomes the undisputed ruler of Rome and her su...
Hip dysplasia is a major problem for the breed....
Teddy Ruxpin...
Some of the lesbian fan base see Xena and Gabrielle as a couple and have embraced them as role model...

--- Processing batch:
Similarly the South Korean and the Taiwanese natives do not use the number 4 when assigning Pennant ...
The Quokka -LRB- Setonix brachyurus -RRB- is a small marsupial about the size of a domestic cat....
StarÄ eviÄ believed that Bosniaks were '' the best Croats '', and claimed that '' Bosnian Muslims ar...
He was the chair of a commission installed by the then social democratic-green government for reform...

--- Processing batch:
The Frisians are a Germanic people living in the coastal parts of the Netherlands, Denmark and Germa...
The Caspian Sea is the largest enclosed body of water on Earth....
Naiad was discovered sometime before mid-September, 1989 from the images taken by the Voyager 2 prob...
In public saunas it is more common that men and women go to the sauna separately....

--- Processing batch:
The group's original lineup was Curt Kirkwood -LRB- guitar/vocals -RRB-, his brother Cris Kirkwood -...
Afterwards Sparks transferred it on heavy cotton material, then asked his wife Grace and her sister ...
Broda was born in Brandon, Manitoba to a Ukrainian family....
Schizanthus, common names butterfly flower, fringeflower, poor-man's orchid, is a genus of plants in...

--- Processing batch:
Valea Moldovei is a commune in Suceava County, Romania....
Graham attended Wheaton College from 1939 to 1943, when he graduated with a BA in anthropology....
Her friendship with the Russian mystic Grigori Rasputin was also an important factor in her life....
The Leafy Seadragon is a relative of the Weedy Seadragon....

--- Processing batch:
San Nazzaro is a former municipality in the district of Locarno in the canton of Ticino in Switzerla...
The body color varies from medium brown to gold-ish to beige-white ; and occasionally, is marked wit...
However, in what is sometimes called the Post-Vulgate Merlin, Excalibur was given to Arthur by the L...
Görlitz is a town on the Lusatian Neisse River in the Bundesland of Saxony....

--- Processing batch:
Alessandro -LRB- '' Sandro '' -RRB- Mazzola -LRB- born 8 November 1942 -RRB- is an Italian former fo...
Saint-Denis-de-Mailloc is a commune. It is found in the region Basse-Normandie in the Calvados depar...
The region comprises three provinces from north to south : Huesca, Zaragoza, and Teruel....
Big Dogs is a clothing store chain in the United States....

--- Processing batch:
The politics of the force were intermingled with Jihad, the religious war or holy war of Muhammad 14...
It has five claws on its fore feet and four on its hind feet....
The show's 270 episodes have been syndicated worldwide....
His fiction works are considered part of the Romantic movement and, more specifically, dark romantic...

--- Processing batch:
It was previously believed that sometime during the 7th or 8th centuries, the city was sacked and bu...
Gable also earned an Academy Award nomination when he portrayed Fletcher Christian in 1935's Mutiny ...
Frank Tracy Griswold III -LRB- born 1938 -RRB- was the 25th Presiding Bishop and Primate of the Epis...
The ore bauxite is composed largely of aluminium hydroxides....

--- Processing batch:
However, when his daughter, Fern Arable, hears of the pig's fate she rescues him and tells her dad t...
Carteret County is a member of the regional Eastern Carolina Council of Governments....
Epauvillers is a village and former municipality in the district of Franches-Montagnes in the canton...
In general usage, the word '' electricity '' is adequate to refer to a number of physical effects....

--- Processing batch:
Mary Quant -LRB- born 11 February 1934 -RRB- is a Welsh fashion designer and British fashion icon....
BookCrossing.com users can ` go hunting ', where a member will go to the website to view a list of b...
Jean de Meun completes the French allegorical work of fiction, Roman de la Rose, with a second secti...
Richard A. Peddie -LRB- born on January 1947 in Windsor, Ontario -RRB- is the President and CEO of M...

--- Processing batch:
In larger libraries, some specialize in teen services, periodicals, or other special collections....
Typically a device can pull about 7 to 8 watts from the port ; however, the voltage varies significa...
The character made his first appearance in a xeroxed black and white preview comic titled Daze of th...
Thus people interested in perception have long struggled to explain what visual processing does to c...

--- Processing batch:
The conference papers were published the next year in a bookMicroeconomic Foundations of Employment ...
Formal minor planet designations are number-name combinations overseen by the Minor Planet Center, a...
San Fernando is a city in the Biobio Region of Chile....
Railway Gazette International is a monthly business journal covering the railway, metro, light rail ...

--- Processing batch:
It includes the ceremonial counties of Essex, Hertfordshire, Bedfordshire, Cambridgeshire, Norfolk a...
His castmates included future girlfriend and pop superstar Britney Spears, future tourmate Christina...
It moved across southern Spain, dumping rain on the drought-ridden region, and moved into the Medite...
Undated The Spanish conquest of the highlands of Guatemala is completed ; the first Guatemala City -...

--- Processing batch:
Body Jewellery Shop - common body piercing problems...
The Khyber Pass is a mountain pass in the Khyber region of Pakistan....
Blues can be divided into several subgenres ranging from country to urban blues that were more or le...
The Great Seal of the State of Colorado is an adaptation of the Territorial Seal which was adopted b...

--- Processing batch:
On 26 January 1788, the marines and convicts were landed at Sydney Cove, which Phillip named after L...
Spanish cuisine, especially that of the coastal regions, uses cuttlefish and squid ink for the marin...
The Southern Railway made great use of steam locomotive names for publicity....
However, the BZÖ differs a bit in comparison to the Freedom Party, as is in favor of a referendum ab...

--- Processing batch:
Under Yuri Temirkanov, Principal Conductor from 1976 to 1988, the Opera Company continued to stage n...
Bersirc is a free Internet Relay Chat client for the Microsoft Windows operating system....
The Rwanda national football team, nicknamed Amavubi -LRB- The Wasps -RRB-, is the national team of ...
Prunk is a member of the Institute of European History in Mainz, and a senior fellow of the Center f...

--- Processing batch:
These tablets were then usually placed beneath the ground : either buried in graves or tombs, thrown...
On December 12, 2005, she defeated Victoria in a match to determine who would face Stratus at New Ye...
Singing is done in a group of other musicians....
DXBN-TV, channel 9, is a television station of Philippine television network National Broadcasting N...

--- Processing batch:
At a dinner party attended by the Dearly couple, Cruella de Vil expresses her dislike for animals ; ...
The internal styles are also known as Wudangquan, named for their association with the Taoist monast...
In return, Rollo swore fealty to Charles, converted to Christianity, and undertook to defend the nor...
Gastric dumping syndrome is a condition where food moves too quickly from the stomach to the small i...

--- Processing batch:
Sylvain Grenier -LRB- born March 26, 1977 -RRB- is a Canadian professional wrestler....
The peninsula is home to 257,223 people, which is about 51 % of Newfoundland's population in 2009....
In telecommunication, a Hamming code is a linear error-correcting code....
1943 - World War II : Battle of Tarawa -LRB- Operation Galvanic -RRB- begins -LRB- United States Mar...

--- Processing batch:
Delgadillo's Snow Cap Drive-In is a historic eatery and roadside attraction located along former Rou...
The Kingdom of Israel was ruled by Jeroboam I....
Asclepias incarnata is a plant....
Modern science has shown that itch has many similarities to pain, and while both are unpleasant sens...

--- Processing batch:
The fossils were found in the Yixian Formation in the Liaoning province of China, which is famous fo...
Mede is a comune in the Province of Pavia in the Italian region Lombardy....
Sean Hannity -LRB- born December 30, 1961 -RRB- is an American radio and television host, author, an...
Each time You Distribute or Publicly Perform the Work or a Collection, the Licensor offers to the re...

--- Processing batch:
She made her debut as a leading film actress in Little Secrets -LRB- 2002 -RRB- and became well-know...
The most common nucleic acids are deoxyribonucleic acid -LRB- DNA -RRB- and ribonucleic acid -LRB- R...
Another large educational establishment in Aylesbury is the Aylesbury Music Centre, which has its ow...
Texas A&M University, often referred to as A&M or TAMU, is a public research university located in C...

--- Processing batch:
As time passed, Arika started losing her optimism in being an Otome as she learns more about the pas...
The Apostolic Tradition, attributed to the theologian Hippolytus, attests the singing of Hallel psal...
Hungarians are a sizeable minority in Transylvania....
Buildings in early Gaborone include Assembly buildings, government offices, a power station, a hospi...

--- Processing batch:
Gatorade is a sports drink....
It was an anthology of short spookie stories, including by Edgar Allan Poe, tied together by the adv...
The early medieval Rustamid dynasty in Algeria was Ibadi, and refugees from its capital Tahert found...
However, religious wars continued until the Thirty Years War, which was ended in 1648 by the Peace o...

--- Processing batch:
Michael Hordy -LRB- born October 10, 1956 in Thunder Bay, Ontario -RRB- is a retired Canadian profes...
On June 23, 2010, Eager was traded to the Atlanta Thrashers along with Dustin Byfuglien, Brent Sopel...
He continued making music under the Girl Talk alias while studying biomedical engineering at Case We...
Both IBM Lotus and Microsoft have introduced federation between their EIM systems and some of the pu...

--- Processing batch:
Except in the case of -LRB- see below -RRB-, administrators may unprotect a page if the reason for i...
William Moseley, Anna Popplewell, Georgie Henley and Skandar Keynes play Peter, Susan, Lucy and Edmu...
Encyclopædia Britannica, Inc. is an American company best known for publishing the Encyclopædia Brit...
The electric potential is only defined up to an additive constant : one must arbitrarily choose a po...

--- Processing batch:
The WebKit engine provides a set of classes to display web content in windows, and implements browse...
Robinson also criticized segregated hotels and restaurants that served the Dodger organization ; a n...
Eleanor de Montfort is captured by pirates in the employ of Edward I of England to prevent her marri...
Predictions saved to output/sft_inference/FKGL-WikiLarge_ori_splitwise-token_explanation-Qwen3-8B-20250624/output_5.json
Inference 6 completed.
Running evaluation script...
--- Running evaluation...
Input files:	 ['output/sft_inference/FKGL-WikiLarge_ori_splitwise-token_explanation-Qwen3-8B-20250624/output_1.json', 'output/sft_inference/FKGL-WikiLarge_ori_splitwise-token_explanation-Qwen3-8B-20250624/output_2.json', 'output/sft_inference/FKGL-WikiLarge_ori_splitwise-token_explanation-Qwen3-8B-20250624/output_3.json', 'output/sft_inference/FKGL-WikiLarge_ori_splitwise-token_explanation-Qwen3-8B-20250624/output_4.json', 'output/sft_inference/FKGL-WikiLarge_ori_splitwise-token_explanation-Qwen3-8B-20250624/output_5.json']
Metric:	 FKGL
--- FKGL losses:
Mean Squared Error (MSE): 11.447977889447237
Mean Absolute Error (MAE): 2.2362814070351758
Standard Deviation of Errors: 3.3143054491990687
Variance of Errors: 10.98462061059064

Saved loss values to stats.json
Updated averaged predictions file with per-sample losses: output/sft_inference/FKGL-WikiLarge_ori_splitwise-token_explanation-Qwen3-8B-20250624/output_averaged.json
Scatter plot saved to output/sft_inference/FKGL-WikiLarge_ori_splitwise-token_explanation-Qwen3-8B-20250624/FKGL_scatter_plot.png
Legend saved to output/sft_inference/FKGL-WikiLarge_ori_splitwise-token_explanation-Qwen3-8B-20250624/FKGL_scatter_legend.png
Control attribute vs metrics plot saved as FKGL_ctrl_attr_vs_metrics.png
Error-vs-metrics plots saved.
STD of error by reference bin saved as FKGL_error_std_by_ref_bin.png
Plots saved to output/sft_inference/FKGL-WikiLarge_ori_splitwise-token_explanation-Qwen3-8B-20250624

All plots saved to output/sft_inference/FKGL-WikiLarge_ori_splitwise-token_explanation-Qwen3-8B-20250624

--- Mean metrics:
BLEU_to_source: BLEU_to_source: 73.34 (+4.51 -4.55)
BLEU_to_ref: BLEU_to_ref: 33.96 (+4.17 -3.79)
BERTScore_to_source: BERTScore_to_source: 0.96 (+0.00 -0.01)
BERTScore_to_ref: BERTScore_to_ref: 0.91 (+0.01 -0.01)
COMET: COMET: 0.73 (+0.02 -0.02)
SARI: SARI: 48.66 (+2.28 -2.22)

Saved evaluation summary to output/sft_results/all_results.json

--- Evaluation complete.
Script completed: Tue Jun 24 17:28:17 CEST 2025
