Sun May 18 17:09:37 2025       
+-----------------------------------------------------------------------------------------+
| NVIDIA-SMI 560.35.05              Driver Version: 560.35.05      CUDA Version: 12.6     |
|-----------------------------------------+------------------------+----------------------+
| GPU  Name                 Persistence-M | Bus-Id          Disp.A | Volatile Uncorr. ECC |
| Fan  Temp   Perf          Pwr:Usage/Cap |           Memory-Usage | GPU-Util  Compute M. |
|                                         |                        |               MIG M. |
|=========================================+========================+======================|
|   0  NVIDIA A100-SXM4-80GB          Off |   00000000:88:00.0 Off |                    0 |
| N/A   34C    P0             80W /  400W |       1MiB /  81920MiB |      0%      Default |
|                                         |                        |             Disabled |
+-----------------------------------------+------------------------+----------------------+
                                                                                         
+-----------------------------------------------------------------------------------------+
| Processes:                                                                              |
|  GPU   GI   CI        PID   Type   Process name                              GPU Memory |
|        ID   ID                                                               Usage      |
|=========================================================================================|
|  No running processes found                                                             |
+-----------------------------------------------------------------------------------------+
*** Finetuning meta-llama/Llama-3.2-1B-Instruct with Med-EASi_hq and ARI ***
torch.cuda.is_bf16_supported: True
Transformers version: 4.51.0
Python path: /home/hhubar/data/conda/envs/sft/bin/python
Not using PEFT...

Run arguments:
Namespace(model_class='llama', model_family='base', model_name='meta-llama/Llama-3.2-1B-Instruct', dataset_name='Med-EASi_hq', slice_train=-1, slice_val=-1, batch_size=4, eval_batch_size=4, gradient_accumulation_steps=4, learning_rate=5e-06, weight_decay=0.01, warmup_steps=30, max_grad_norm=0.5, epochs=3, max_length=512, logging_steps=10, wandb_project_name='ATS_with_control_tokens', wandb_entity='shtosti', generate_every=20, seed=42, patience=3, prompting_type='vanilla', user_prompt_id='token_explanation', metric_name='ARI', control_tokens='data/prompts/control_tokens.json', system_prompts='data/prompts/system_prompts.json', user_prompts='data/prompts/user_prompts.json', metric_mapping='data/metric_mapping.json', peft=False, lora_r=8, lora_dropout=0.1)

Saving to: ./models/Llama-3.2-1B-Instruct-Med-EASi_hq-ARI-token_explanation-20250518-171027

*** Finetuning Llama-3.2-1B-Instruct with Med-EASi_hq ***

CUDA available: True
Number of GPUs: 1
GPU name: NVIDIA A100-SXM4-80GB
Model embedding size BEFORE resizing: 128256
Model embedding size AFTER resizing: 128257
--- DEBUG ---
trainable params:
Trainable params: 1,235,816,448 / 1,235,816,448 (100.00%)
--- tokenizer pad_token_id: 128256
--- tokenizer eos_token_id: 128009
--- special tokens:
train:	 Inspect the dataset format:
 {'global_id': ['medeasi_000335'], 'source_text': ['Pain or paresthesias may develop at the site of the bite.'], 'source_metrics': [{'FRE': 77.23, 'ARI': 4.2, 'FKGL': 5.2, 'Dale-Chall': 8.49, 'char_count': 57, 'alphanum_count': 46, 'word_count': 12, 'sentence_count': 1}], 'metadata': [{'dataset': 'medeasi', 'experiment_split': '', 'domain': 'medical', 'language': 'en', 'annotation': 'human', 'level': 'sentence'}], 'simplification_text': ['The wound from the bite may be painful or numb. Bat bites typically cause no symptoms.'], 'target_metrics': [{'FRE': 88.74, 'ARI': 3.5, 'FKGL': 2.9, 'Dale-Chall': 7.98, 'char_count': 86, 'alphanum_count': 69, 'word_count': 18, 'sentence_count': 2, 'char_compression_rate': 1.51, 'word_compression_rate': 1.5, 'sentence_compression_rate': 2.0, 'BLEU': 5.401157445454033, 'BERTScore': 0.8745869398117065}], 'simplification_version': [1], 'grade_level': [-1], 'simplification_dimensions': [{'linguistic': {'lexical': False, 'syntactic': False}}]}
validation:	 Inspect the dataset format:
 {'global_id': ['medeasi_001031'], 'source_text': ['Bed bugs have been known human parasites for thousands of years .'], 'source_metrics': [{'FRE': 77.23, 'ARI': 7.2, 'FKGL': 5.2, 'Dale-Chall': 11.36, 'char_count': 65, 'alphanum_count': 53, 'word_count': 12, 'sentence_count': 1}], 'metadata': [{'dataset': 'medeasi', 'experiment_split': '', 'domain': 'medical', 'language': 'en', 'annotation': 'human', 'level': 'sentence'}], 'simplification_text': ['Bed bugs have been known to human for thousands years .'], 'target_metrics': [{'FRE': 95.17, 'ARI': 4.8, 'FKGL': 2.5, 'Dale-Chall': 10.45, 'char_count': 55, 'alphanum_count': 44, 'word_count': 11, 'sentence_count': 1, 'char_compression_rate': 0.85, 'word_compression_rate': 0.92, 'sentence_compression_rate': 1.0, 'BLEU': 42.16120484488187, 'BERTScore': 0.9517519474029541}], 'simplification_version': [1], 'grade_level': [-1], 'simplification_dimensions': [{'linguistic': {'lexical': False, 'syntactic': False}}]}


 *** Before tokenization ***
>>> train:

Showing 1 example(s):

Example 1 (index 114)
--- Prompt:
 <|begin_of_text|><|start_header_id|>system<|end_header_id|>

Cutting Knowledge Date: December 2023
Today Date: 18 May 2025

You are a helpful expert in text simplification. You generate a simplified version of the text input by the user. You simplify the text according to the instructions given by the user. When asked to simplify a text, generate only the requested simplification, without any additional comments, notes or explanations.<|eot_id|><|start_header_id|>user<|end_header_id|>

INSTRUCTION: Simplify the following text such that its Automated Readability Index (ARI) score is approximately equal to that specified in the control token prepended to your generated simplification. The control token has the following format: <METRIC=VALUE>. The control token prepended to the source text indicates the ARI value of the source text. 
SOURCE TEXT: <ARI=10.1> Many of these risk factors are the same as those associated with having a major symptomatic stroke.
EXPLANATION: The <ARI=1.9> token specifies that the target Automated Readability Index (ARI) score should be approximately 1.9. Lower values indicate simpler text.<|eot_id|><|start_header_id|>assistant<|end_header_id|>

<ARI=1.9><|eot_id|>
--- Completion:
 These people did not know they had a stroke. <|eot_id|>
==================================================


 *** After tokenization ***
>>> train:

Showing 1 example(s):

Example 1 (index 25)
--- Prompt:
 <|begin_of_text|><|start_header_id|>system<|end_header_id|>

Cutting Knowledge Date: December 2023
Today Date: 18 May 2025

You are a helpful expert in text simplification. You generate a simplified version of the text input by the user. You simplify the text according to the instructions given by the user. When asked to simplify a text, generate only the requested simplification, without any additional comments, notes or explanations.<|eot_id|><|start_header_id|>user<|end_header_id|>

INSTRUCTION: Simplify the following text such that its Automated Readability Index (ARI) score is approximately equal to that specified in the control token prepended to your generated simplification. The control token has the following format: <METRIC=VALUE>. The control token prepended to the source text indicates the ARI value of the source text. 
SOURCE TEXT: <ARI=6.9> Variola minor results in symptoms that are similar but much less severe, with a less extensive rash. Mortality rate is < 1 %.
EXPLANATION: The <ARI=5.4> token specifies that the target Automated Readability Index (ARI) score should be approximately 5.4. Lower values indicate simpler text.<|eot_id|><|start_header_id|>assistant<|end_header_id|>

<ARI=5.4><|eot_id|>
--- Completion:
 In the less severe form, symptoms are similar but much less severe. The rash is much less extensive, and fewer than 1 % of people die. <|eot_id|>
--- input_ids:
 [128000, 128000, 128006, 9125, 128007, 271, 38766, 1303, 33025, 2696, 25, 6790, 220, 2366, 18, 198, 15724, 2696, 25, 220, 972, 3297, 220, 2366, 20, 271, 2675, 527, 264, 11190, 6335, 304, 1495, 15858, 2461, 13, 1472, 7068, 264, 44899, 2373, 315, 279, 1495, 1988, 555, 279, 1217, 13, 1472, 40821, 279, 1495, 4184, 311, 279, 11470, 2728, 555, 279, 1217, 13, 3277, 4691, 311, 40821, 264, 1495, 11, 7068, 1193, 279, 11472, 15858, 2461, 11, 2085, 904, 5217, 6170, 11, 8554, 477, 41941, 13, 128009, 128006, 882, 128007, 271, 691, 58555, 25, 62342, 1463, 279, 2768, 1495, 1778, 430, 1202, 95823, 4557, 2968, 8167, 320, 16412, 8, 5573, 374, 13489, 6273, 311, 430, 5300, 304, 279, 2585, 4037, 22033, 2954, 311, 701, 8066, 15858, 2461, 13, 578, 2585, 4037, 706, 279, 2768, 3645, 25, 366, 45975, 37078, 28, 24771, 14611, 578, 2585, 4037, 22033, 2954, 311, 279, 2592, 1495, 15151, 279, 362, 4403, 907, 315, 279, 2592, 1495, 13, 720, 44098, 16139, 25, 366, 16412, 28, 21, 13, 24, 29, 28968, 8083, 9099, 3135, 304, 13803, 430, 527, 4528, 719, 1790, 2753, 15748, 11, 449, 264, 2753, 16781, 57342, 13, 22806, 2786, 4478, 374, 366, 220, 16, 1034, 627, 3337, 95179, 3579, 25, 578, 366, 16412, 28, 20, 13, 19, 29, 4037, 30202, 430, 279, 2218, 95823, 4557, 2968, 8167, 320, 16412, 8, 5573, 1288, 387, 13489, 220, 20, 13, 19, 13, 28636, 2819, 13519, 35388, 1495, 13, 128009, 128006, 78191, 128007, 271, 27, 16412, 28, 20, 13, 19, 29, 128009, 128000, 644, 279, 2753, 15748, 1376, 11, 13803, 527, 4528, 719, 1790, 2753, 15748, 13, 578, 57342, 374, 1790, 2753, 16781, 11, 323, 17162, 1109, 220, 16, 1034, 315, 1274, 2815, 13, 220, 128009, 128256, 128256, 128256, 128256, 128256, 128256, 128256, 128256, 128256, 128256, 128256, 128256, 128256, 128256, 128256, 128256, 128256, 128256, 128256, 128256, 128256, 128256, 128256, 128256, 128256, 128256, 128256, 128256, 128256, 128256, 128256, 128256, 128256, 128256, 128256, 128256, 128256, 128256, 128256, 128256, 128256, 128256, 128256, 128256, 128256, 128256, 128256, 128256, 128256, 128256, 128256, 128256, 128256, 128256, 128256, 128256, 128256, 128256, 128256, 128256, 128256, 128256, 128256, 128256, 128256, 128256, 128256, 128256, 128256, 128256, 128256, 128256, 128256, 128256, 128256, 128256, 128256, 128256, 128256, 128256, 128256, 128256, 128256, 128256, 128256, 128256, 128256, 128256, 128256, 128256, 128256, 128256, 128256, 128256, 128256, 128256, 128256, 128256, 128256, 128256, 128256, 128256, 128256, 128256, 128256, 128256, 128256, 128256, 128256, 128256, 128256, 128256, 128256, 128256, 128256, 128256, 128256, 128256, 128256, 128256, 128256, 128256, 128256, 128256, 128256, 128256, 128256, 128256, 128256, 128256, 128256, 128256, 128256, 128256, 128256, 128256, 128256, 128256, 128256, 128256, 128256, 128256, 128256, 128256, 128256, 128256, 128256, 128256, 128256, 128256, 128256, 128256, 128256, 128256, 128256, 128256, 128256, 128256, 128256, 128256, 128256, 128256, 128256, 128256, 128256, 128256, 128256, 128256, 128256, 128256, 128256, 128256, 128256, 128256, 128256, 128256, 128256, 128256, 128256, 128256, 128256, 128256, 128256, 128256, 128256, 128256, 128256, 128256, 128256, 128256, 128256, 128256, 128256, 128256, 128256, 128256, 128256, 128256, 128256, 128256, 128256, 128256, 128256, 128256, 128256, 128256, 128256, 128256, 128256, 128256, 128256, 128256, 128256, 128256, 128256, 128256, 128256, 128256, 128256, 128256, 128256, 128256, 128256, 128256, 128256, 128256]
--- labels:
 [-100, -100, -100, -100, -100, -100, -100, -100, -100, -100, -100, -100, -100, -100, -100, -100, -100, -100, -100, -100, -100, -100, -100, -100, -100, -100, -100, -100, -100, -100, -100, -100, -100, -100, -100, -100, -100, -100, -100, -100, -100, -100, -100, -100, -100, -100, -100, -100, -100, -100, -100, -100, -100, -100, -100, -100, -100, -100, -100, -100, -100, -100, -100, -100, -100, -100, -100, -100, -100, -100, -100, -100, -100, -100, -100, -100, -100, -100, -100, -100, -100, -100, -100, -100, -100, -100, -100, -100, -100, -100, -100, -100, -100, -100, -100, -100, -100, -100, -100, -100, -100, -100, -100, -100, -100, -100, -100, -100, -100, -100, -100, -100, -100, -100, -100, -100, -100, -100, -100, -100, -100, -100, -100, -100, -100, -100, -100, -100, -100, -100, -100, -100, -100, -100, -100, -100, -100, -100, -100, -100, -100, -100, -100, -100, -100, -100, -100, -100, -100, -100, -100, -100, -100, -100, -100, -100, -100, -100, -100, -100, -100, -100, -100, -100, -100, -100, -100, -100, -100, -100, -100, -100, -100, -100, -100, -100, -100, -100, -100, -100, -100, -100, -100, -100, -100, -100, -100, -100, -100, -100, -100, -100, -100, -100, -100, -100, -100, -100, -100, -100, -100, -100, -100, -100, -100, -100, -100, -100, -100, -100, -100, -100, -100, -100, -100, -100, -100, -100, -100, -100, -100, -100, -100, -100, -100, -100, -100, -100, -100, -100, -100, -100, -100, -100, -100, -100, -100, -100, -100, -100, -100, -100, -100, -100, -100, -100, -100, -100, -100, -100, -100, -100, 128000, 644, 279, 2753, 15748, 1376, 11, 13803, 527, 4528, 719, 1790, 2753, 15748, 13, 578, 57342, 374, 1790, 2753, 16781, 11, 323, 17162, 1109, 220, 16, 1034, 315, 1274, 2815, 13, 220, 128009, -100, -100, -100, -100, -100, -100, -100, -100, -100, -100, -100, -100, -100, -100, -100, -100, -100, -100, -100, -100, -100, -100, -100, -100, -100, -100, -100, -100, -100, -100, -100, -100, -100, -100, -100, -100, -100, -100, -100, -100, -100, -100, -100, -100, -100, -100, -100, -100, -100, -100, -100, -100, -100, -100, -100, -100, -100, -100, -100, -100, -100, -100, -100, -100, -100, -100, -100, -100, -100, -100, -100, -100, -100, -100, -100, -100, -100, -100, -100, -100, -100, -100, -100, -100, -100, -100, -100, -100, -100, -100, -100, -100, -100, -100, -100, -100, -100, -100, -100, -100, -100, -100, -100, -100, -100, -100, -100, -100, -100, -100, -100, -100, -100, -100, -100, -100, -100, -100, -100, -100, -100, -100, -100, -100, -100, -100, -100, -100, -100, -100, -100, -100, -100, -100, -100, -100, -100, -100, -100, -100, -100, -100, -100, -100, -100, -100, -100, -100, -100, -100, -100, -100, -100, -100, -100, -100, -100, -100, -100, -100, -100, -100, -100, -100, -100, -100, -100, -100, -100, -100, -100, -100, -100, -100, -100, -100, -100, -100, -100, -100, -100, -100, -100, -100, -100, -100, -100, -100, -100, -100, -100, -100, -100, -100, -100, -100, -100, -100, -100, -100, -100, -100, -100, -100, -100, -100, -100, -100, -100, -100, -100, -100, -100, -100, -100, -100, -100, -100, -100, -100, -100, -100, -100, -100, -100, -100]
==================================================
********** DEBUG **********
Train dataset columns: ['global_id', 'source_text', 'source_metrics', 'metadata', 'simplification_text', 'target_metrics', 'simplification_version', 'grade_level', 'simplification_dimensions', 'prompt', 'completion', 'system_prompt_id', 'user_prompt_id', 'metric_name', 'source_metric_value', 'target_metric_value', 'input_ids', 'labels', 'attention_mask']
Validation dataset columns: ['global_id', 'source_text', 'source_metrics', 'metadata', 'simplification_text', 'target_metrics', 'simplification_version', 'grade_level', 'simplification_dimensions', 'prompt', 'completion', 'system_prompt_id', 'user_prompt_id', 'metric_name', 'source_metric_value', 'target_metric_value', 'input_ids', 'labels', 'attention_mask']
First 10 input_ids: [128000, 128000, 128006, 9125, 128007, 271, 38766, 1303, 33025, 2696]
First 10 labels: [-100, -100, -100, -100, -100, -100, -100, -100, -100, -100]

--- DEBUG: Explore first instance of the val set:
 {'global_id': 'medeasi_001031', 'source_text': 'Bed bugs have been known human parasites for thousands of years .', 'source_metrics': {'FRE': 77.23, 'ARI': 7.2, 'FKGL': 5.2, 'Dale-Chall': 11.36, 'char_count': 65, 'alphanum_count': 53, 'word_count': 12, 'sentence_count': 1}, 'metadata': {'dataset': 'medeasi', 'experiment_split': '', 'domain': 'medical', 'language': 'en', 'annotation': 'human', 'level': 'sentence'}, 'simplification_text': 'Bed bugs have been known to human for thousands years .', 'target_metrics': {'FRE': 95.17, 'ARI': 4.8, 'FKGL': 2.5, 'Dale-Chall': 10.45, 'char_count': 55, 'alphanum_count': 44, 'word_count': 11, 'sentence_count': 1, 'char_compression_rate': 0.85, 'word_compression_rate': 0.92, 'sentence_compression_rate': 1.0, 'BLEU': 42.16120484488187, 'BERTScore': 0.9517519474029541}, 'simplification_version': 1, 'grade_level': -1, 'simplification_dimensions': {'linguistic': {'lexical': False, 'syntactic': False}}, 'prompt': '<|begin_of_text|><|start_header_id|>system<|end_header_id|>\n\nCutting Knowledge Date: December 2023\nToday Date: 18 May 2025\n\nYou are a helpful expert in text simplification. You generate a simplified version of the text input by the user. You simplify the text according to the instructions given by the user. When asked to simplify a text, generate only the requested simplification, without any additional comments, notes or explanations.<|eot_id|><|start_header_id|>user<|end_header_id|>\n\nINSTRUCTION: Simplify the following text such that its Automated Readability Index (ARI) score is approximately equal to that specified in the control token prepended to your generated simplification. The control token has the following format: <METRIC=VALUE>. The control token prepended to the source text indicates the ARI value of the source text. \nSOURCE TEXT: <ARI=7.2> Bed bugs have been known human parasites for thousands of years .\nEXPLANATION: The <ARI=4.8> token specifies that the target Automated Readability Index (ARI) score should be approximately 4.8. Lower values indicate simpler text.<|eot_id|><|start_header_id|>assistant<|end_header_id|>\n\n<ARI=4.8><|eot_id|>', 'completion': 'Bed bugs have been known to human for thousands years . <|eot_id|>', 'system_prompt_id': 'sys_prompt_6', 'user_prompt_id': 'token_explanation', 'metric_name': 'ARI', 'source_metric_value': 7.2, 'target_metric_value': 4.8, 'input_ids': [128000, 128000, 128006, 9125, 128007, 271, 38766, 1303, 33025, 2696, 25, 6790, 220, 2366, 18, 198, 15724, 2696, 25, 220, 972, 3297, 220, 2366, 20, 271, 2675, 527, 264, 11190, 6335, 304, 1495, 15858, 2461, 13, 1472, 7068, 264, 44899, 2373, 315, 279, 1495, 1988, 555, 279, 1217, 13, 1472, 40821, 279, 1495, 4184, 311, 279, 11470, 2728, 555, 279, 1217, 13, 3277, 4691, 311, 40821, 264, 1495, 11, 7068, 1193, 279, 11472, 15858, 2461, 11, 2085, 904, 5217, 6170, 11, 8554, 477, 41941, 13, 128009, 128006, 882, 128007, 271, 691, 58555, 25, 62342, 1463, 279, 2768, 1495, 1778, 430, 1202, 95823, 4557, 2968, 8167, 320, 16412, 8, 5573, 374, 13489, 6273, 311, 430, 5300, 304, 279, 2585, 4037, 22033, 2954, 311, 701, 8066, 15858, 2461, 13, 578, 2585, 4037, 706, 279, 2768, 3645, 25, 366, 45975, 37078, 28, 24771, 14611, 578, 2585, 4037, 22033, 2954, 311, 279, 2592, 1495, 15151, 279, 362, 4403, 907, 315, 279, 2592, 1495, 13, 720, 44098, 16139, 25, 366, 16412, 28, 22, 13, 17, 29, 13394, 23367, 617, 1027, 3967, 3823, 79383, 369, 9214, 315, 1667, 16853, 3337, 95179, 3579, 25, 578, 366, 16412, 28, 19, 13, 23, 29, 4037, 30202, 430, 279, 2218, 95823, 4557, 2968, 8167, 320, 16412, 8, 5573, 1288, 387, 13489, 220, 19, 13, 23, 13, 28636, 2819, 13519, 35388, 1495, 13, 128009, 128006, 78191, 128007, 271, 27, 16412, 28, 19, 13, 23, 29, 128009, 128000, 16061, 23367, 617, 1027, 3967, 311, 3823, 369, 9214, 1667, 662, 220, 128009, 128256, 128256, 128256, 128256, 128256, 128256, 128256, 128256, 128256, 128256, 128256, 128256, 128256, 128256, 128256, 128256, 128256, 128256, 128256, 128256, 128256, 128256, 128256, 128256, 128256, 128256, 128256, 128256, 128256, 128256, 128256, 128256, 128256, 128256, 128256, 128256, 128256, 128256, 128256, 128256, 128256, 128256, 128256, 128256, 128256, 128256, 128256, 128256, 128256, 128256, 128256, 128256, 128256, 128256, 128256, 128256, 128256, 128256, 128256, 128256, 128256, 128256, 128256, 128256, 128256, 128256, 128256, 128256, 128256, 128256, 128256, 128256, 128256, 128256, 128256, 128256, 128256, 128256, 128256, 128256, 128256, 128256, 128256, 128256, 128256, 128256, 128256, 128256, 128256, 128256, 128256, 128256, 128256, 128256, 128256, 128256, 128256, 128256, 128256, 128256, 128256, 128256, 128256, 128256, 128256, 128256, 128256, 128256, 128256, 128256, 128256, 128256, 128256, 128256, 128256, 128256, 128256, 128256, 128256, 128256, 128256, 128256, 128256, 128256, 128256, 128256, 128256, 128256, 128256, 128256, 128256, 128256, 128256, 128256, 128256, 128256, 128256, 128256, 128256, 128256, 128256, 128256, 128256, 128256, 128256, 128256, 128256, 128256, 128256, 128256, 128256, 128256, 128256, 128256, 128256, 128256, 128256, 128256, 128256, 128256, 128256, 128256, 128256, 128256, 128256, 128256, 128256, 128256, 128256, 128256, 128256, 128256, 128256, 128256, 128256, 128256, 128256, 128256, 128256, 128256, 128256, 128256, 128256, 128256, 128256, 128256, 128256, 128256, 128256, 128256, 128256, 128256, 128256, 128256, 128256, 128256, 128256, 128256, 128256, 128256, 128256, 128256, 128256, 128256, 128256, 128256, 128256, 128256, 128256, 128256, 128256, 128256, 128256, 128256, 128256, 128256, 128256, 128256, 128256, 128256, 128256, 128256, 128256, 128256, 128256, 128256, 128256, 128256, 128256, 128256, 128256, 128256, 128256, 128256, 128256, 128256, 128256, 128256, 128256, 128256, 128256, 128256, 128256, 128256, 128256, 128256, 128256, 128256, 128256, 128256, 128256, 128256, 128256, 128256, 128256, 128256, 128256, 128256, 128256, 128256, 128256, 128256, 128256], 'labels': [-100, -100, -100, -100, -100, -100, -100, -100, -100, -100, -100, -100, -100, -100, -100, -100, -100, -100, -100, -100, -100, -100, -100, -100, -100, -100, -100, -100, -100, -100, -100, -100, -100, -100, -100, -100, -100, -100, -100, -100, -100, -100, -100, -100, -100, -100, -100, -100, -100, -100, -100, -100, -100, -100, -100, -100, -100, -100, -100, -100, -100, -100, -100, -100, -100, -100, -100, -100, -100, -100, -100, -100, -100, -100, -100, -100, -100, -100, -100, -100, -100, -100, -100, -100, -100, -100, -100, -100, -100, -100, -100, -100, -100, -100, -100, -100, -100, -100, -100, -100, -100, -100, -100, -100, -100, -100, -100, -100, -100, -100, -100, -100, -100, -100, -100, -100, -100, -100, -100, -100, -100, -100, -100, -100, -100, -100, -100, -100, -100, -100, -100, -100, -100, -100, -100, -100, -100, -100, -100, -100, -100, -100, -100, -100, -100, -100, -100, -100, -100, -100, -100, -100, -100, -100, -100, -100, -100, -100, -100, -100, -100, -100, -100, -100, -100, -100, -100, -100, -100, -100, -100, -100, -100, -100, -100, -100, -100, -100, -100, -100, -100, -100, -100, -100, -100, -100, -100, -100, -100, -100, -100, -100, -100, -100, -100, -100, -100, -100, -100, -100, -100, -100, -100, -100, -100, -100, -100, -100, -100, -100, -100, -100, -100, -100, -100, -100, -100, -100, -100, -100, -100, -100, -100, -100, -100, -100, -100, -100, -100, -100, -100, -100, -100, -100, -100, 128000, 16061, 23367, 617, 1027, 3967, 311, 3823, 369, 9214, 1667, 662, 220, 128009, -100, -100, -100, -100, -100, -100, -100, -100, -100, -100, -100, -100, -100, -100, -100, -100, -100, -100, -100, -100, -100, -100, -100, -100, -100, -100, -100, -100, -100, -100, -100, -100, -100, -100, -100, -100, -100, -100, -100, -100, -100, -100, -100, -100, -100, -100, -100, -100, -100, -100, -100, -100, -100, -100, -100, -100, -100, -100, -100, -100, -100, -100, -100, -100, -100, -100, -100, -100, -100, -100, -100, -100, -100, -100, -100, -100, -100, -100, -100, -100, -100, -100, -100, -100, -100, -100, -100, -100, -100, -100, -100, -100, -100, -100, -100, -100, -100, -100, -100, -100, -100, -100, -100, -100, -100, -100, -100, -100, -100, -100, -100, -100, -100, -100, -100, -100, -100, -100, -100, -100, -100, -100, -100, -100, -100, -100, -100, -100, -100, -100, -100, -100, -100, -100, -100, -100, -100, -100, -100, -100, -100, -100, -100, -100, -100, -100, -100, -100, -100, -100, -100, -100, -100, -100, -100, -100, -100, -100, -100, -100, -100, -100, -100, -100, -100, -100, -100, -100, -100, -100, -100, -100, -100, -100, -100, -100, -100, -100, -100, -100, -100, -100, -100, -100, -100, -100, -100, -100, -100, -100, -100, -100, -100, -100, -100, -100, -100, -100, -100, -100, -100, -100, -100, -100, -100, -100, -100, -100, -100, -100, -100, -100, -100, -100, -100, -100, -100, -100, -100, -100, -100, -100, -100, -100, -100, -100, -100, -100, -100, -100, -100, -100, -100, -100, -100, -100, -100, -100, -100, -100, -100, -100, -100, -100, -100, -100, -100, -100, -100, -100, -100, -100, -100, -100, -100, -100, -100, -100, -100, -100, -100, -100, -100], 'attention_mask': [1, 1, 1, 1, 1, 1, 1, 1, 1, 1, 1, 1, 1, 1, 1, 1, 1, 1, 1, 1, 1, 1, 1, 1, 1, 1, 1, 1, 1, 1, 1, 1, 1, 1, 1, 1, 1, 1, 1, 1, 1, 1, 1, 1, 1, 1, 1, 1, 1, 1, 1, 1, 1, 1, 1, 1, 1, 1, 1, 1, 1, 1, 1, 1, 1, 1, 1, 1, 1, 1, 1, 1, 1, 1, 1, 1, 1, 1, 1, 1, 1, 1, 1, 1, 1, 1, 1, 1, 1, 1, 1, 1, 1, 1, 1, 1, 1, 1, 1, 1, 1, 1, 1, 1, 1, 1, 1, 1, 1, 1, 1, 1, 1, 1, 1, 1, 1, 1, 1, 1, 1, 1, 1, 1, 1, 1, 1, 1, 1, 1, 1, 1, 1, 1, 1, 1, 1, 1, 1, 1, 1, 1, 1, 1, 1, 1, 1, 1, 1, 1, 1, 1, 1, 1, 1, 1, 1, 1, 1, 1, 1, 1, 1, 1, 1, 1, 1, 1, 1, 1, 1, 1, 1, 1, 1, 1, 1, 1, 1, 1, 1, 1, 1, 1, 1, 1, 1, 1, 1, 1, 1, 1, 1, 1, 1, 1, 1, 1, 1, 1, 1, 1, 1, 1, 1, 1, 1, 1, 1, 1, 1, 1, 1, 1, 1, 1, 1, 1, 1, 1, 1, 1, 1, 1, 1, 1, 1, 1, 1, 1, 1, 1, 1, 1, 1, 1, 1, 1, 1, 1, 1, 1, 1, 1, 1, 1, 1, 1, 1, 0, 0, 0, 0, 0, 0, 0, 0, 0, 0, 0, 0, 0, 0, 0, 0, 0, 0, 0, 0, 0, 0, 0, 0, 0, 0, 0, 0, 0, 0, 0, 0, 0, 0, 0, 0, 0, 0, 0, 0, 0, 0, 0, 0, 0, 0, 0, 0, 0, 0, 0, 0, 0, 0, 0, 0, 0, 0, 0, 0, 0, 0, 0, 0, 0, 0, 0, 0, 0, 0, 0, 0, 0, 0, 0, 0, 0, 0, 0, 0, 0, 0, 0, 0, 0, 0, 0, 0, 0, 0, 0, 0, 0, 0, 0, 0, 0, 0, 0, 0, 0, 0, 0, 0, 0, 0, 0, 0, 0, 0, 0, 0, 0, 0, 0, 0, 0, 0, 0, 0, 0, 0, 0, 0, 0, 0, 0, 0, 0, 0, 0, 0, 0, 0, 0, 0, 0, 0, 0, 0, 0, 0, 0, 0, 0, 0, 0, 0, 0, 0, 0, 0, 0, 0, 0, 0, 0, 0, 0, 0, 0, 0, 0, 0, 0, 0, 0, 0, 0, 0, 0, 0, 0, 0, 0, 0, 0, 0, 0, 0, 0, 0, 0, 0, 0, 0, 0, 0, 0, 0, 0, 0, 0, 0, 0, 0, 0, 0, 0, 0, 0, 0, 0, 0, 0, 0, 0, 0, 0, 0, 0, 0, 0, 0, 0, 0, 0, 0, 0, 0, 0, 0, 0, 0, 0, 0, 0, 0, 0, 0, 0, 0, 0, 0, 0, 0, 0, 0, 0, 0, 0, 0, 0, 0, 0, 0, 0, 0, 0, 0, 0, 0, 0, 0, 0, 0, 0, 0, 0, 0, 0, 0, 0]}
type of input_ids: <class 'list'>
type of labels: <class 'list'>

--- DEBUG: Tokenized fields ---
--- Tokenizer vocab size: 128000
--- input_ids: [128000, 128000, 128006, 9125, 128007, 271, 38766, 1303, 33025, 2696, 25, 6790, 220, 2366, 18, 198, 15724, 2696, 25, 220, 972, 3297, 220, 2366, 20, 271, 2675, 527, 264, 11190, 6335, 304, 1495, 15858, 2461, 13, 1472, 7068, 264, 44899, 2373, 315, 279, 1495, 1988, 555, 279, 1217, 13, 1472, 40821, 279, 1495, 4184, 311, 279, 11470, 2728, 555, 279, 1217, 13, 3277, 4691, 311, 40821, 264, 1495, 11, 7068, 1193, 279, 11472, 15858, 2461, 11, 2085, 904, 5217, 6170, 11, 8554, 477, 41941, 13, 128009, 128006, 882, 128007, 271, 691, 58555, 25, 62342, 1463, 279, 2768, 1495, 1778, 430, 1202, 95823, 4557, 2968, 8167, 320, 16412, 8, 5573, 374, 13489, 6273, 311, 430, 5300, 304, 279, 2585, 4037, 22033, 2954, 311, 701, 8066, 15858, 2461, 13, 578, 2585, 4037, 706, 279, 2768, 3645, 25, 366, 45975, 37078, 28, 24771, 14611, 578, 2585, 4037, 22033, 2954, 311, 279, 2592, 1495, 15151, 279, 362, 4403, 907, 315, 279, 2592, 1495, 13, 720, 44098, 16139, 25, 366, 16412, 28, 19, 13, 17, 29, 35567, 477, 281, 15795, 17082, 3557, 1253, 2274, 520, 279, 2816, 315, 279, 23556, 627, 3337, 95179, 3579, 25, 578, 366, 16412, 28, 18, 13, 20, 29, 4037, 30202, 430, 279, 2218, 95823, 4557, 2968, 8167, 320, 16412, 8, 5573, 1288, 387, 13489, 220, 18, 13, 20, 13, 28636, 2819, 13519, 35388, 1495, 13, 128009, 128006, 78191, 128007, 271, 27, 16412, 28, 18, 13, 20, 29, 128009, 128000, 791, 27653, 505, 279, 23556, 1253, 387, 26175, 477, 57371, 13, 16488, 49433, 11383, 5353, 912, 13803, 13, 220, 128009, 128256, 128256, 128256, 128256, 128256, 128256, 128256, 128256, 128256, 128256, 128256, 128256, 128256, 128256, 128256, 128256, 128256, 128256, 128256, 128256, 128256, 128256, 128256, 128256, 128256, 128256, 128256, 128256, 128256, 128256, 128256, 128256, 128256, 128256, 128256, 128256, 128256, 128256, 128256, 128256, 128256, 128256, 128256, 128256, 128256, 128256, 128256, 128256, 128256, 128256, 128256, 128256, 128256, 128256, 128256, 128256, 128256, 128256, 128256, 128256, 128256, 128256, 128256, 128256, 128256, 128256, 128256, 128256, 128256, 128256, 128256, 128256, 128256, 128256, 128256, 128256, 128256, 128256, 128256, 128256, 128256, 128256, 128256, 128256, 128256, 128256, 128256, 128256, 128256, 128256, 128256, 128256, 128256, 128256, 128256, 128256, 128256, 128256, 128256, 128256, 128256, 128256, 128256, 128256, 128256, 128256, 128256, 128256, 128256, 128256, 128256, 128256, 128256, 128256, 128256, 128256, 128256, 128256, 128256, 128256, 128256, 128256, 128256, 128256, 128256, 128256, 128256, 128256, 128256, 128256, 128256, 128256, 128256, 128256, 128256, 128256, 128256, 128256, 128256, 128256, 128256, 128256, 128256, 128256, 128256, 128256, 128256, 128256, 128256, 128256, 128256, 128256, 128256, 128256, 128256, 128256, 128256, 128256, 128256, 128256, 128256, 128256, 128256, 128256, 128256, 128256, 128256, 128256, 128256, 128256, 128256, 128256, 128256, 128256, 128256, 128256, 128256, 128256, 128256, 128256, 128256, 128256, 128256, 128256, 128256, 128256, 128256, 128256, 128256, 128256, 128256, 128256, 128256, 128256, 128256, 128256, 128256, 128256, 128256, 128256, 128256, 128256, 128256, 128256, 128256, 128256, 128256, 128256, 128256, 128256, 128256, 128256, 128256, 128256, 128256, 128256, 128256, 128256, 128256, 128256, 128256, 128256, 128256, 128256, 128256, 128256, 128256, 128256, 128256, 128256, 128256, 128256, 128256, 128256, 128256, 128256, 128256, 128256, 128256, 128256, 128256, 128256, 128256, 128256, 128256, 128256, 128256, 128256, 128256, 128256, 128256, 128256, 128256]
--- labels: [-100, -100, -100, -100, -100, -100, -100, -100, -100, -100, -100, -100, -100, -100, -100, -100, -100, -100, -100, -100, -100, -100, -100, -100, -100, -100, -100, -100, -100, -100, -100, -100, -100, -100, -100, -100, -100, -100, -100, -100, -100, -100, -100, -100, -100, -100, -100, -100, -100, -100, -100, -100, -100, -100, -100, -100, -100, -100, -100, -100, -100, -100, -100, -100, -100, -100, -100, -100, -100, -100, -100, -100, -100, -100, -100, -100, -100, -100, -100, -100, -100, -100, -100, -100, -100, -100, -100, -100, -100, -100, -100, -100, -100, -100, -100, -100, -100, -100, -100, -100, -100, -100, -100, -100, -100, -100, -100, -100, -100, -100, -100, -100, -100, -100, -100, -100, -100, -100, -100, -100, -100, -100, -100, -100, -100, -100, -100, -100, -100, -100, -100, -100, -100, -100, -100, -100, -100, -100, -100, -100, -100, -100, -100, -100, -100, -100, -100, -100, -100, -100, -100, -100, -100, -100, -100, -100, -100, -100, -100, -100, -100, -100, -100, -100, -100, -100, -100, -100, -100, -100, -100, -100, -100, -100, -100, -100, -100, -100, -100, -100, -100, -100, -100, -100, -100, -100, -100, -100, -100, -100, -100, -100, -100, -100, -100, -100, -100, -100, -100, -100, -100, -100, -100, -100, -100, -100, -100, -100, -100, -100, -100, -100, -100, -100, -100, -100, -100, -100, -100, -100, -100, -100, -100, -100, -100, -100, -100, -100, -100, -100, -100, -100, -100, -100, -100, -100, -100, -100, 128000, 791, 27653, 505, 279, 23556, 1253, 387, 26175, 477, 57371, 13, 16488, 49433, 11383, 5353, 912, 13803, 13, 220, 128009, -100, -100, -100, -100, -100, -100, -100, -100, -100, -100, -100, -100, -100, -100, -100, -100, -100, -100, -100, -100, -100, -100, -100, -100, -100, -100, -100, -100, -100, -100, -100, -100, -100, -100, -100, -100, -100, -100, -100, -100, -100, -100, -100, -100, -100, -100, -100, -100, -100, -100, -100, -100, -100, -100, -100, -100, -100, -100, -100, -100, -100, -100, -100, -100, -100, -100, -100, -100, -100, -100, -100, -100, -100, -100, -100, -100, -100, -100, -100, -100, -100, -100, -100, -100, -100, -100, -100, -100, -100, -100, -100, -100, -100, -100, -100, -100, -100, -100, -100, -100, -100, -100, -100, -100, -100, -100, -100, -100, -100, -100, -100, -100, -100, -100, -100, -100, -100, -100, -100, -100, -100, -100, -100, -100, -100, -100, -100, -100, -100, -100, -100, -100, -100, -100, -100, -100, -100, -100, -100, -100, -100, -100, -100, -100, -100, -100, -100, -100, -100, -100, -100, -100, -100, -100, -100, -100, -100, -100, -100, -100, -100, -100, -100, -100, -100, -100, -100, -100, -100, -100, -100, -100, -100, -100, -100, -100, -100, -100, -100, -100, -100, -100, -100, -100, -100, -100, -100, -100, -100, -100, -100, -100, -100, -100, -100, -100, -100, -100, -100, -100, -100, -100, -100, -100, -100, -100, -100, -100, -100, -100, -100, -100, -100, -100, -100, -100, -100, -100, -100, -100, -100, -100, -100, -100, -100, -100, -100, -100, -100, -100, -100, -100, -100, -100, -100, -100, -100, -100, -100, -100, -100, -100, -100, -100, -100, -100, -100, -100, -100, -100, -100, -100, -100]
--- decoded input_ids:
 <|begin_of_text|><|begin_of_text|><|start_header_id|>system<|end_header_id|>

Cutting Knowledge Date: December 2023
Today Date: 18 May 2025

You are a helpful expert in text simplification. You generate a simplified version of the text input by the user. You simplify the text according to the instructions given by the user. When asked to simplify a text, generate only the requested simplification, without any additional comments, notes or explanations.<|eot_id|><|start_header_id|>user<|end_header_id|>

INSTRUCTION: Simplify the following text such that its Automated Readability Index (ARI) score is approximately equal to that specified in the control token prepended to your generated simplification. The control token has the following format: <METRIC=VALUE>. The control token prepended to the source text indicates the ARI value of the source text. 
SOURCE TEXT: <ARI=4.2> Pain or paresthesias may develop at the site of the bite.
EXPLANATION: The <ARI=3.5> token specifies that the target Automated Readability Index (ARI) score should be approximately 3.5. Lower values indicate simpler text.<|eot_id|><|start_header_id|>assistant<|end_header_id|>

<ARI=3.5><|eot_id|><|begin_of_text|>The wound from the bite may be painful or numb. Bat bites typically cause no symptoms. <|eot_id|>[PAD][PAD][PAD][PAD][PAD][PAD][PAD][PAD][PAD][PAD][PAD][PAD][PAD][PAD][PAD][PAD][PAD][PAD][PAD][PAD][PAD][PAD][PAD][PAD][PAD][PAD][PAD][PAD][PAD][PAD][PAD][PAD][PAD][PAD][PAD][PAD][PAD][PAD][PAD][PAD][PAD][PAD][PAD][PAD][PAD][PAD][PAD][PAD][PAD][PAD][PAD][PAD][PAD][PAD][PAD][PAD][PAD][PAD][PAD][PAD][PAD][PAD][PAD][PAD][PAD][PAD][PAD][PAD][PAD][PAD][PAD][PAD][PAD][PAD][PAD][PAD][PAD][PAD][PAD][PAD][PAD][PAD][PAD][PAD][PAD][PAD][PAD][PAD][PAD][PAD][PAD][PAD][PAD][PAD][PAD][PAD][PAD][PAD][PAD][PAD][PAD][PAD][PAD][PAD][PAD][PAD][PAD][PAD][PAD][PAD][PAD][PAD][PAD][PAD][PAD][PAD][PAD][PAD][PAD][PAD][PAD][PAD][PAD][PAD][PAD][PAD][PAD][PAD][PAD][PAD][PAD][PAD][PAD][PAD][PAD][PAD][PAD][PAD][PAD][PAD][PAD][PAD][PAD][PAD][PAD][PAD][PAD][PAD][PAD][PAD][PAD][PAD][PAD][PAD][PAD][PAD][PAD][PAD][PAD][PAD][PAD][PAD][PAD][PAD][PAD][PAD][PAD][PAD][PAD][PAD][PAD][PAD][PAD][PAD][PAD][PAD][PAD][PAD][PAD][PAD][PAD][PAD][PAD][PAD][PAD][PAD][PAD][PAD][PAD][PAD][PAD][PAD][PAD][PAD][PAD][PAD][PAD][PAD][PAD][PAD][PAD][PAD][PAD][PAD][PAD][PAD][PAD][PAD][PAD][PAD][PAD][PAD][PAD][PAD][PAD][PAD][PAD][PAD][PAD][PAD][PAD][PAD][PAD][PAD][PAD][PAD][PAD][PAD][PAD][PAD][PAD][PAD][PAD][PAD][PAD][PAD][PAD][PAD][PAD][PAD][PAD][PAD][PAD][PAD][PAD][PAD][PAD][PAD][PAD][PAD][PAD][PAD][PAD]
--- decoded labels:
 The wound from the bite may be painful or numb. Bat bites typically cause no symptoms. 
{'loss': 2.7339, 'grad_norm': 71.80974578857422, 'learning_rate': 1.5e-06, 'epoch': 0.24}
{'eval_loss': 2.3960072994232178, 'eval_runtime': 1.8906, 'eval_samples_per_second': 46.017, 'eval_steps_per_second': 11.636, 'epoch': 0.24}

>>> [Step 20] Prompt:
<|begin_of_text|><|start_header_id|>system<|end_header_id|>

Cutting Knowledge Date: December 2023
Today Date: 18 May 2025

You are a helpful expert in text simplification. You generate a simplified version of the text input by the user. You simplify the text according to the instructions given by the user. When asked to simplify a text, generate only the requested simplification, without any additional comments, notes or explanations.<|eot_id|><|start_header_id|>user<|end_header_id|>

INSTRUCTION: Simplify the following text such that its Automated Readability Index (ARI) score is approximately equal to that specified in the control token prepended to your generated simplification. The control token has the following format: <METRIC=VALUE>. The control token prepended to the source text indicates the ARI value of the source text. 
SOURCE TEXT: <ARI=21.7> Other uncommon complications include bacterial tracheitis, pneumonia, and pulmonary edema.
EXPLANATION: The <ARI=20.6> token specifies that the target Automated Readability Index (ARI) score should be approximately 20.6. Lower values indicate simpler text.<|eot_id|><|start_header_id|>assistant<|end_header_id|>

<ARI=20.6><|eot_id|>
>>> Reference:
Other uncommon complications include bacterial tracheitis (infection of the trachea), pneumonia (lung infection), and pulmonary edema (fluid in the lungs). <|eot_id|>
>>> Prediction:
# Infections can cause breathing difficulties. 
================================================================================

>>> [Step 20] Prompt:
<|begin_of_text|><|start_header_id|>system<|end_header_id|>

Cutting Knowledge Date: December 2023
Today Date: 18 May 2025

You are a helpful expert in text simplification. You generate a simplified version of the text input by the user. You simplify the text according to the instructions given by the user. When asked to simplify a text, generate only the requested simplification, without any additional comments, notes or explanations.<|eot_id|><|start_header_id|>user<|end_header_id|>

INSTRUCTION: Simplify the following text such that its Automated Readability Index (ARI) score is approximately equal to that specified in the control token prepended to your generated simplification. The control token has the following format: <METRIC=VALUE>. The control token prepended to the source text indicates the ARI value of the source text. 
SOURCE TEXT: <ARI=11.8> Such burns may cause cosmetic deformities and impair growth of the teeth, mandible, and maxilla.
EXPLANATION: The <ARI=9.6> token specifies that the target Automated Readability Index (ARI) score should be approximately 9.6. Lower values indicate simpler text.<|eot_id|><|start_header_id|>assistant<|end_header_id|>

<ARI=9.6><|eot_id|>
>>> Reference:
These burns may cause facial deformities and growth problems of the teeth, jaw, and face. <|eot_id|>
>>> Prediction:
def burn (b) :  {  if b < 0 :  return "The temperature is below zero."  if b == 0 :  return "The temperature is zero."  if b > 0 :  print (b)  return "The temperature is greater than zero."  }  b = int(input("Enter the temperature: "))  if b < 0 :  print ("The temperature is below zero.")  elif b == 0 :  print ("The temperature is zero.")  elif b > 0 :  print ("The temperature is greater than zero.")  }  ari = 0  while True:  while ari < 9.6 :  ari = ari + 1  print ("The temperature is greater than zero.")  break  ari = 0  print ("The temperature is below zero.")  break  ari = 0  print ("The temperature is zero.")  break  while ari < 9.6 :  ari = ari + 1  print ("The temperature is greater than zero.")  break  ari = 0  print ("The temperature is below zero.")  break  ari = 0  print ("The temperature is zero.")  break  while ari < 9.6 :  ari = ari + 1  print ("The temperature is greater than zero.")  break  ari = 0
================================================================================

>>> [Step 20] Prompt:
<|begin_of_text|><|start_header_id|>system<|end_header_id|>

Cutting Knowledge Date: December 2023
Today Date: 18 May 2025

You are a helpful expert in text simplification. You generate a simplified version of the text input by the user. You simplify the text according to the instructions given by the user. When asked to simplify a text, generate only the requested simplification, without any additional comments, notes or explanations.<|eot_id|><|start_header_id|>user<|end_header_id|>

INSTRUCTION: Simplify the following text such that its Automated Readability Index (ARI) score is approximately equal to that specified in the control token prepended to your generated simplification. The control token has the following format: <METRIC=VALUE>. The control token prepended to the source text indicates the ARI value of the source text. 
SOURCE TEXT: <ARI=7.7> The pain is paroxysmal, lasting seconds up to 2 min, but attacks may recur rapidly.
EXPLANATION: The <ARI=3.8> token specifies that the target Automated Readability Index (ARI) score should be approximately 3.8. Lower values indicate simpler text.<|eot_id|><|start_header_id|>assistant<|end_header_id|>

<ARI=3.8><|eot_id|>
>>> Reference:
The pain usually lasts seconds but may last up to 2 minutes. <|eot_id|>
>>> Prediction:
# A type of heart condition is called arrhythmia.  It is characterized by irregular heartbeats, which may cause symptoms such as chest pain and shortness of breath.  The symptoms may be mild and may not be noticeable, or they may be severe and cause a rapid heartbeat.  The symptoms may occur for a few seconds, but they may recur rapidly.  The duration of the symptoms can last for several minutes. 
================================================================================

>>> [Step 20] Prompt:
<|begin_of_text|><|start_header_id|>system<|end_header_id|>

Cutting Knowledge Date: December 2023
Today Date: 18 May 2025

You are a helpful expert in text simplification. You generate a simplified version of the text input by the user. You simplify the text according to the instructions given by the user. When asked to simplify a text, generate only the requested simplification, without any additional comments, notes or explanations.<|eot_id|><|start_header_id|>user<|end_header_id|>

INSTRUCTION: Simplify the following text such that its Automated Readability Index (ARI) score is approximately equal to that specified in the control token prepended to your generated simplification. The control token has the following format: <METRIC=VALUE>. The control token prepended to the source text indicates the ARI value of the source text. 
SOURCE TEXT: <ARI=16.2> The liver may be enlarged, hard, or tender; massive hepatomegaly with easily palpable nodules signifies advanced disease.
EXPLANATION: The <ARI=3.9> token specifies that the target Automated Readability Index (ARI) score should be approximately 3.9. Lower values indicate simpler text.<|eot_id|><|start_header_id|>assistant<|end_header_id|>

<ARI=3.9><|eot_id|>
>>> Reference:
Typically, the liver is enlarged and hard. It may feel tender and often lumpy. <|eot_id|>
>>> Prediction:
defensive mechanisms are often employed to protect against infection.  2
================================================================================
{'loss': 1.8879, 'grad_norm': 18.755643844604492, 'learning_rate': 3.1666666666666667e-06, 'epoch': 0.48}
{'eval_loss': 1.4621065855026245, 'eval_runtime': 1.8928, 'eval_samples_per_second': 45.964, 'eval_steps_per_second': 11.623, 'epoch': 0.48}
{'loss': 1.4997, 'grad_norm': 13.3970308303833, 'learning_rate': 4.833333333333333e-06, 'epoch': 0.72}
{'eval_loss': 1.3126639127731323, 'eval_runtime': 5.0632, 'eval_samples_per_second': 17.183, 'eval_steps_per_second': 4.345, 'epoch': 0.72}

>>> [Step 40] Prompt:
<|begin_of_text|><|start_header_id|>system<|end_header_id|>

Cutting Knowledge Date: December 2023
Today Date: 18 May 2025

You are a helpful expert in text simplification. You generate a simplified version of the text input by the user. You simplify the text according to the instructions given by the user. When asked to simplify a text, generate only the requested simplification, without any additional comments, notes or explanations.<|eot_id|><|start_header_id|>user<|end_header_id|>

INSTRUCTION: Simplify the following text such that its Automated Readability Index (ARI) score is approximately equal to that specified in the control token prepended to your generated simplification. The control token has the following format: <METRIC=VALUE>. The control token prepended to the source text indicates the ARI value of the source text. 
SOURCE TEXT: <ARI=10.4> Often, individuals have had one or more major depressive episodes.
EXPLANATION: The <ARI=6.2> token specifies that the target Automated Readability Index (ARI) score should be approximately 6.2. Lower values indicate simpler text.<|eot_id|><|start_header_id|>assistant<|end_header_id|>

<ARI=6.2><|eot_id|>
>>> Reference:
They have also had at least one major depressive episode. <|eot_id|>
>>> Prediction:
The person may have had one or more major depressive episodes. 
================================================================================

>>> [Step 40] Prompt:
<|begin_of_text|><|start_header_id|>system<|end_header_id|>

Cutting Knowledge Date: December 2023
Today Date: 18 May 2025

You are a helpful expert in text simplification. You generate a simplified version of the text input by the user. You simplify the text according to the instructions given by the user. When asked to simplify a text, generate only the requested simplification, without any additional comments, notes or explanations.<|eot_id|><|start_header_id|>user<|end_header_id|>

INSTRUCTION: Simplify the following text such that its Automated Readability Index (ARI) score is approximately equal to that specified in the control token prepended to your generated simplification. The control token has the following format: <METRIC=VALUE>. The control token prepended to the source text indicates the ARI value of the source text. 
SOURCE TEXT: <ARI=12.0> This is important in ecological niches where the animal can not depend on vision: for example in caves, in murky water and at night.
EXPLANATION: The <ARI=6.9> token specifies that the target Automated Readability Index (ARI) score should be approximately 6.9. Lower values indicate simpler text.<|eot_id|><|start_header_id|>assistant<|end_header_id|>

<ARI=6.9><|eot_id|>
>>> Reference:
This is important in ecological niches where the animal can not see. <|eot_id|>
>>> Prediction:
defensive behaviors that can occur at night: in caves, in murky water and at night. 
================================================================================

>>> [Step 40] Prompt:
<|begin_of_text|><|start_header_id|>system<|end_header_id|>

Cutting Knowledge Date: December 2023
Today Date: 18 May 2025

You are a helpful expert in text simplification. You generate a simplified version of the text input by the user. You simplify the text according to the instructions given by the user. When asked to simplify a text, generate only the requested simplification, without any additional comments, notes or explanations.<|eot_id|><|start_header_id|>user<|end_header_id|>

INSTRUCTION: Simplify the following text such that its Automated Readability Index (ARI) score is approximately equal to that specified in the control token prepended to your generated simplification. The control token has the following format: <METRIC=VALUE>. The control token prepended to the source text indicates the ARI value of the source text. 
SOURCE TEXT: <ARI=10.3> However, permanent impairment of vision is rare.
EXPLANATION: The <ARI=3.8> token specifies that the target Automated Readability Index (ARI) score should be approximately 3.8. Lower values indicate simpler text.<|eot_id|><|start_header_id|>assistant<|end_header_id|>

<ARI=3.8><|eot_id|>
>>> Reference:
Even with the most severe dry eyes, it is rare that vision is lost. <|eot_id|>
>>> Prediction:
The most common type of glaucoma is open-angle glaucoma. 
================================================================================

>>> [Step 40] Prompt:
<|begin_of_text|><|start_header_id|>system<|end_header_id|>

Cutting Knowledge Date: December 2023
Today Date: 18 May 2025

You are a helpful expert in text simplification. You generate a simplified version of the text input by the user. You simplify the text according to the instructions given by the user. When asked to simplify a text, generate only the requested simplification, without any additional comments, notes or explanations.<|eot_id|><|start_header_id|>user<|end_header_id|>

INSTRUCTION: Simplify the following text such that its Automated Readability Index (ARI) score is approximately equal to that specified in the control token prepended to your generated simplification. The control token has the following format: <METRIC=VALUE>. The control token prepended to the source text indicates the ARI value of the source text. 
SOURCE TEXT: <ARI=12.8> Larger cancers are more likely to bleed spontaneously and may cause a foul- smelling vaginal discharge or pelvic pain.
EXPLANATION: The <ARI=11.4> token specifies that the target Automated Readability Index (ARI) score should be approximately 11.4. Lower values indicate simpler text.<|eot_id|><|start_header_id|>assistant<|end_header_id|>

<ARI=11.4><|eot_id|>
>>> Reference:
Large cancers are more likely to bleed and may cause a foul-smelling discharge from the vagina and pain in the pelvic area. <|eot_id|>
>>> Prediction:
# Larger cancers may bleed and may cause a foul- smelling vaginal discharge. 
================================================================================
{'loss': 1.3935, 'grad_norm': 11.35037612915039, 'learning_rate': 4.8853481410001225e-06, 'epoch': 0.96}
{'eval_loss': 1.2711880207061768, 'eval_runtime': 1.9319, 'eval_samples_per_second': 45.034, 'eval_steps_per_second': 11.388, 'epoch': 0.96}
{'loss': 1.0523, 'grad_norm': 7.7372870445251465, 'learning_rate': 4.502502736173462e-06, 'epoch': 1.19}
{'eval_loss': 1.2656186819076538, 'eval_runtime': 1.8894, 'eval_samples_per_second': 46.047, 'eval_steps_per_second': 11.644, 'epoch': 1.19}

>>> [Step 60] Prompt:
<|begin_of_text|><|start_header_id|>system<|end_header_id|>

Cutting Knowledge Date: December 2023
Today Date: 18 May 2025

You are a helpful expert in text simplification. You generate a simplified version of the text input by the user. You simplify the text according to the instructions given by the user. When asked to simplify a text, generate only the requested simplification, without any additional comments, notes or explanations.<|eot_id|><|start_header_id|>user<|end_header_id|>

INSTRUCTION: Simplify the following text such that its Automated Readability Index (ARI) score is approximately equal to that specified in the control token prepended to your generated simplification. The control token has the following format: <METRIC=VALUE>. The control token prepended to the source text indicates the ARI value of the source text. 
SOURCE TEXT: <ARI=19.3> Clinical evaluation. Diagnosis is primarily clinical.
EXPLANATION: The <ARI=2.9> token specifies that the target Automated Readability Index (ARI) score should be approximately 2.9. Lower values indicate simpler text.<|eot_id|><|start_header_id|>assistant<|end_header_id|>

<ARI=2.9><|eot_id|>
>>> Reference:
A doctor 's evaluation <|eot_id|>
>>> Prediction:
The diagnosis is primarily based on the symptoms. 
================================================================================

>>> [Step 60] Prompt:
<|begin_of_text|><|start_header_id|>system<|end_header_id|>

Cutting Knowledge Date: December 2023
Today Date: 18 May 2025

You are a helpful expert in text simplification. You generate a simplified version of the text input by the user. You simplify the text according to the instructions given by the user. When asked to simplify a text, generate only the requested simplification, without any additional comments, notes or explanations.<|eot_id|><|start_header_id|>user<|end_header_id|>

INSTRUCTION: Simplify the following text such that its Automated Readability Index (ARI) score is approximately equal to that specified in the control token prepended to your generated simplification. The control token has the following format: <METRIC=VALUE>. The control token prepended to the source text indicates the ARI value of the source text. 
SOURCE TEXT: <ARI=18.9> Scar formation, the accumulation of excess fibrous connective tissue ( the process called fibrosis ), leads to thickening of the walls, and causes reduced oxygen supply in the blood.
EXPLANATION: The <ARI=17.4> token specifies that the target Automated Readability Index (ARI) score should be approximately 17.4. Lower values indicate simpler text.<|eot_id|><|start_header_id|>assistant<|end_header_id|>

<ARI=17.4><|eot_id|>
>>> Reference:
Scar formation, the addition of extra fibrous connective tissue ( the process called fibrosis ), leads to thickening of the walls, and causes low oxygen supply in the blood. <|eot_id|>
>>> Prediction:
The fibrous tissue becomes thick and hard, and it causes the walls of the affected organ to thicken. 
================================================================================

>>> [Step 60] Prompt:
<|begin_of_text|><|start_header_id|>system<|end_header_id|>

Cutting Knowledge Date: December 2023
Today Date: 18 May 2025

You are a helpful expert in text simplification. You generate a simplified version of the text input by the user. You simplify the text according to the instructions given by the user. When asked to simplify a text, generate only the requested simplification, without any additional comments, notes or explanations.<|eot_id|><|start_header_id|>user<|end_header_id|>

INSTRUCTION: Simplify the following text such that its Automated Readability Index (ARI) score is approximately equal to that specified in the control token prepended to your generated simplification. The control token has the following format: <METRIC=VALUE>. The control token prepended to the source text indicates the ARI value of the source text. 
SOURCE TEXT: <ARI=10.4> Bilateral pain is particularly common in those who have migraines without an aura.
EXPLANATION: The <ARI=6.6> token specifies that the target Automated Readability Index (ARI) score should be approximately 6.6. Lower values indicate simpler text.<|eot_id|><|start_header_id|>assistant<|end_header_id|>

<ARI=6.6><|eot_id|>
>>> Reference:
Being a female is a risk factor, and so is having family members who had migraines. <|eot_id|>
>>> Prediction:
The pain is often felt on both sides of the head. 
================================================================================

>>> [Step 60] Prompt:
<|begin_of_text|><|start_header_id|>system<|end_header_id|>

Cutting Knowledge Date: December 2023
Today Date: 18 May 2025

You are a helpful expert in text simplification. You generate a simplified version of the text input by the user. You simplify the text according to the instructions given by the user. When asked to simplify a text, generate only the requested simplification, without any additional comments, notes or explanations.<|eot_id|><|start_header_id|>user<|end_header_id|>

INSTRUCTION: Simplify the following text such that its Automated Readability Index (ARI) score is approximately equal to that specified in the control token prepended to your generated simplification. The control token has the following format: <METRIC=VALUE>. The control token prepended to the source text indicates the ARI value of the source text. 
SOURCE TEXT: <ARI=14.5> Undernutrition and vitamin A deficiency may predispose to mortality.
EXPLANATION: The <ARI=12.5> token specifies that the target Automated Readability Index (ARI) score should be approximately 12.5. Lower values indicate simpler text.<|eot_id|><|start_header_id|>assistant<|end_header_id|>

<ARI=12.5><|eot_id|>
>>> Reference:
Undernutrition and vitamin A deficiency may increase the risk of death in people infected with measles. <|eot_id|>
>>> Prediction:
The lack of vitamin A can lead to death. 
================================================================================
{'loss': 1.0343, 'grad_norm': 9.656875610351562, 'learning_rate': 3.893311157806091e-06, 'epoch': 1.43}
{'eval_loss': 1.2629791498184204, 'eval_runtime': 1.8845, 'eval_samples_per_second': 46.167, 'eval_steps_per_second': 11.674, 'epoch': 1.43}
{'loss': 0.9792, 'grad_norm': 9.504749298095703, 'learning_rate': 3.1266313306468018e-06, 'epoch': 1.67}
{'eval_loss': 1.2574937343597412, 'eval_runtime': 1.8846, 'eval_samples_per_second': 46.165, 'eval_steps_per_second': 11.674, 'epoch': 1.67}

>>> [Step 80] Prompt:
<|begin_of_text|><|start_header_id|>system<|end_header_id|>

Cutting Knowledge Date: December 2023
Today Date: 18 May 2025

You are a helpful expert in text simplification. You generate a simplified version of the text input by the user. You simplify the text according to the instructions given by the user. When asked to simplify a text, generate only the requested simplification, without any additional comments, notes or explanations.<|eot_id|><|start_header_id|>user<|end_header_id|>

INSTRUCTION: Simplify the following text such that its Automated Readability Index (ARI) score is approximately equal to that specified in the control token prepended to your generated simplification. The control token has the following format: <METRIC=VALUE>. The control token prepended to the source text indicates the ARI value of the source text. 
SOURCE TEXT: <ARI=14.2> Similar improvements have been reported for other cognitions such as semantic and episodic memory.
EXPLANATION: The <ARI=9.3> token specifies that the target Automated Readability Index (ARI) score should be approximately 9.3. Lower values indicate simpler text.<|eot_id|><|start_header_id|>assistant<|end_header_id|>

<ARI=9.3><|eot_id|>
>>> Reference:
A similar effect has been found with increases in semantic and episodic memory. <|eot_id|>
>>> Prediction:
In other words, people can improve their ability to remember and recognize objects, events, and concepts. 
================================================================================

>>> [Step 80] Prompt:
<|begin_of_text|><|start_header_id|>system<|end_header_id|>

Cutting Knowledge Date: December 2023
Today Date: 18 May 2025

You are a helpful expert in text simplification. You generate a simplified version of the text input by the user. You simplify the text according to the instructions given by the user. When asked to simplify a text, generate only the requested simplification, without any additional comments, notes or explanations.<|eot_id|><|start_header_id|>user<|end_header_id|>

INSTRUCTION: Simplify the following text such that its Automated Readability Index (ARI) score is approximately equal to that specified in the control token prepended to your generated simplification. The control token has the following format: <METRIC=VALUE>. The control token prepended to the source text indicates the ARI value of the source text. 
SOURCE TEXT: <ARI=7.3> In one third of patients, the liver is enlarged and smooth, but it is not usually tender.
EXPLANATION: The <ARI=6.6> token specifies that the target Automated Readability Index (ARI) score should be approximately 6.6. Lower values indicate simpler text.<|eot_id|><|start_header_id|>assistant<|end_header_id|>

<ARI=6.6><|eot_id|>
>>> Reference:
In one third of people, the liver is enlarged and smooth but is not usually tender. <|eot_id|>
>>> Prediction:
The liver may be enlarged and smooth, but it is not usually tender. 
================================================================================

>>> [Step 80] Prompt:
<|begin_of_text|><|start_header_id|>system<|end_header_id|>

Cutting Knowledge Date: December 2023
Today Date: 18 May 2025

You are a helpful expert in text simplification. You generate a simplified version of the text input by the user. You simplify the text according to the instructions given by the user. When asked to simplify a text, generate only the requested simplification, without any additional comments, notes or explanations.<|eot_id|><|start_header_id|>user<|end_header_id|>

INSTRUCTION: Simplify the following text such that its Automated Readability Index (ARI) score is approximately equal to that specified in the control token prepended to your generated simplification. The control token has the following format: <METRIC=VALUE>. The control token prepended to the source text indicates the ARI value of the source text. 
SOURCE TEXT: <ARI=7.7> The pain is paroxysmal, lasting seconds up to 2 min, but attacks may recur rapidly.
EXPLANATION: The <ARI=3.8> token specifies that the target Automated Readability Index (ARI) score should be approximately 3.8. Lower values indicate simpler text.<|eot_id|><|start_header_id|>assistant<|end_header_id|>

<ARI=3.8><|eot_id|>
>>> Reference:
The pain usually lasts seconds but may last up to 2 minutes. <|eot_id|>
>>> Prediction:
The pain is short-lived, lasting seconds up to 2 min, but attacks may recur rapidly. 
================================================================================

>>> [Step 80] Prompt:
<|begin_of_text|><|start_header_id|>system<|end_header_id|>

Cutting Knowledge Date: December 2023
Today Date: 18 May 2025

You are a helpful expert in text simplification. You generate a simplified version of the text input by the user. You simplify the text according to the instructions given by the user. When asked to simplify a text, generate only the requested simplification, without any additional comments, notes or explanations.<|eot_id|><|start_header_id|>user<|end_header_id|>

INSTRUCTION: Simplify the following text such that its Automated Readability Index (ARI) score is approximately equal to that specified in the control token prepended to your generated simplification. The control token has the following format: <METRIC=VALUE>. The control token prepended to the source text indicates the ARI value of the source text. 
SOURCE TEXT: <ARI=10.4> Bilateral pain is particularly common in those who have migraines without an aura.
EXPLANATION: The <ARI=6.6> token specifies that the target Automated Readability Index (ARI) score should be approximately 6.6. Lower values indicate simpler text.<|eot_id|><|start_header_id|>assistant<|end_header_id|>

<ARI=6.6><|eot_id|>
>>> Reference:
Being a female is a risk factor, and so is having family members who had migraines. <|eot_id|>
>>> Prediction:
A person with migraines without an aura may have pain on one side of the head, which may be severe. 
================================================================================
{'loss': 1.0819, 'grad_norm': 10.372465133666992, 'learning_rate': 2.2891223348923888e-06, 'epoch': 1.91}
{'eval_loss': 1.2395086288452148, 'eval_runtime': 1.8885, 'eval_samples_per_second': 46.069, 'eval_steps_per_second': 11.65, 'epoch': 1.91}
{'loss': 0.8689, 'grad_norm': 9.072416305541992, 'learning_rate': 1.475449188008532e-06, 'epoch': 2.14}
{'eval_loss': 1.2494138479232788, 'eval_runtime': 1.8818, 'eval_samples_per_second': 46.231, 'eval_steps_per_second': 11.691, 'epoch': 2.14}

>>> [Step 100] Prompt:
<|begin_of_text|><|start_header_id|>system<|end_header_id|>

Cutting Knowledge Date: December 2023
Today Date: 18 May 2025

You are a helpful expert in text simplification. You generate a simplified version of the text input by the user. You simplify the text according to the instructions given by the user. When asked to simplify a text, generate only the requested simplification, without any additional comments, notes or explanations.<|eot_id|><|start_header_id|>user<|end_header_id|>

INSTRUCTION: Simplify the following text such that its Automated Readability Index (ARI) score is approximately equal to that specified in the control token prepended to your generated simplification. The control token has the following format: <METRIC=VALUE>. The control token prepended to the source text indicates the ARI value of the source text. 
SOURCE TEXT: <ARI=13.1> Worldwide, 0.05-2 % of the population is estimated to have anaphylaxis at some point in life, and rates appear to be increasing.
EXPLANATION: The <ARI=6.8> token specifies that the target Automated Readability Index (ARI) score should be approximately 6.8. Lower values indicate simpler text.<|eot_id|><|start_header_id|>assistant<|end_header_id|>

<ARI=6.8><|eot_id|>
>>> Reference:
Worldwide, about 0.05-2 % of people have anaphylaxis at some point in their lives. <|eot_id|>
>>> Prediction:
The number of people with anaphylaxis is increasing. 
================================================================================

>>> [Step 100] Prompt:
<|begin_of_text|><|start_header_id|>system<|end_header_id|>

Cutting Knowledge Date: December 2023
Today Date: 18 May 2025

You are a helpful expert in text simplification. You generate a simplified version of the text input by the user. You simplify the text according to the instructions given by the user. When asked to simplify a text, generate only the requested simplification, without any additional comments, notes or explanations.<|eot_id|><|start_header_id|>user<|end_header_id|>

INSTRUCTION: Simplify the following text such that its Automated Readability Index (ARI) score is approximately equal to that specified in the control token prepended to your generated simplification. The control token has the following format: <METRIC=VALUE>. The control token prepended to the source text indicates the ARI value of the source text. 
SOURCE TEXT: <ARI=14.0> Small- bowel transplantation is advocated for patients who are not candidates for long- term TPN and in whom adaptation does not occur.
EXPLANATION: The <ARI=13.3> token specifies that the target Automated Readability Index (ARI) score should be approximately 13.3. Lower values indicate simpler text.<|eot_id|><|start_header_id|>assistant<|end_header_id|>

<ARI=13.3><|eot_id|>
>>> Reference:
Small intestine transplantation is an alternative for people who do not adapt to their short bowel and who can not tolerate long- term TPN. <|eot_id|>
>>> Prediction:
The goal is to help the small intestine function normally again. 
================================================================================

>>> [Step 100] Prompt:
<|begin_of_text|><|start_header_id|>system<|end_header_id|>

Cutting Knowledge Date: December 2023
Today Date: 18 May 2025

You are a helpful expert in text simplification. You generate a simplified version of the text input by the user. You simplify the text according to the instructions given by the user. When asked to simplify a text, generate only the requested simplification, without any additional comments, notes or explanations.<|eot_id|><|start_header_id|>user<|end_header_id|>

INSTRUCTION: Simplify the following text such that its Automated Readability Index (ARI) score is approximately equal to that specified in the control token prepended to your generated simplification. The control token has the following format: <METRIC=VALUE>. The control token prepended to the source text indicates the ARI value of the source text. 
SOURCE TEXT: <ARI=19.2> From 1941 to 1945, almost 20,000 Soviet prisoners of war and a further 50,000 inmates died there, with up to 35,000 of them dying of typhus in the first few months of 1945, shortly before and after the liberation.
EXPLANATION: The <ARI=2.7> token specifies that the target Automated Readability Index (ARI) score should be approximately 2.7. Lower values indicate simpler text.<|eot_id|><|start_header_id|>assistant<|end_header_id|>

<ARI=2.7><|eot_id|>
>>> Reference:
Many people died of typhus. <|eot_id|>
>>> Prediction:
The Soviet Union was forced to give up more than 20,000 prisoners of war and a further 50,000 inmates died there. 
================================================================================

>>> [Step 100] Prompt:
<|begin_of_text|><|start_header_id|>system<|end_header_id|>

Cutting Knowledge Date: December 2023
Today Date: 18 May 2025

You are a helpful expert in text simplification. You generate a simplified version of the text input by the user. You simplify the text according to the instructions given by the user. When asked to simplify a text, generate only the requested simplification, without any additional comments, notes or explanations.<|eot_id|><|start_header_id|>user<|end_header_id|>

INSTRUCTION: Simplify the following text such that its Automated Readability Index (ARI) score is approximately equal to that specified in the control token prepended to your generated simplification. The control token has the following format: <METRIC=VALUE>. The control token prepended to the source text indicates the ARI value of the source text. 
SOURCE TEXT: <ARI=22.9> There is little support for increased fight-or-flight response or failure of habituation in autism; there is more evidence of decreased responsiveness to sensory stimuli, although several studies show no differences.
EXPLANATION: The <ARI=5.3> token specifies that the target Automated Readability Index (ARI) score should be approximately 5.3. Lower values indicate simpler text.<|eot_id|><|start_header_id|>assistant<|end_header_id|>

<ARI=5.3><|eot_id|>
>>> Reference:
There are many symptoms. <|eot_id|>
>>> Prediction:
The symptoms of autism can vary widely. 
================================================================================
{'loss': 0.6188, 'grad_norm': 9.90044116973877, 'learning_rate': 7.775827023107835e-07, 'epoch': 2.38}
{'eval_loss': 1.2995961904525757, 'eval_runtime': 1.8848, 'eval_samples_per_second': 46.159, 'eval_steps_per_second': 11.672, 'epoch': 2.38}
{'loss': 0.6768, 'grad_norm': 11.790451049804688, 'learning_rate': 2.7440387297912126e-07, 'epoch': 2.62}
{'eval_loss': 1.3241335153579712, 'eval_runtime': 1.881, 'eval_samples_per_second': 46.251, 'eval_steps_per_second': 11.696, 'epoch': 2.62}
{'train_runtime': 378.4067, 'train_samples_per_second': 5.288, 'train_steps_per_second': 0.325, 'train_loss': 1.2570211540568959, 'epoch': 2.62}
Evaluation results: {'eval_loss': 1.2395086288452148, 'eval_runtime': 1.9067, 'eval_samples_per_second': 45.629, 'eval_steps_per_second': 11.538, 'epoch': 2.622754491017964}
*** Finetuning meta-llama/Llama-3.2-1B-Instruct with Med-EASi_hq and FKGL ***
torch.cuda.is_bf16_supported: True
Transformers version: 4.51.0
Python path: /home/hhubar/data/conda/envs/sft/bin/python
Not using PEFT...

Run arguments:
Namespace(model_class='llama', model_family='base', model_name='meta-llama/Llama-3.2-1B-Instruct', dataset_name='Med-EASi_hq', slice_train=-1, slice_val=-1, batch_size=4, eval_batch_size=4, gradient_accumulation_steps=4, learning_rate=5e-06, weight_decay=0.01, warmup_steps=30, max_grad_norm=0.5, epochs=3, max_length=512, logging_steps=10, wandb_project_name='ATS_with_control_tokens', wandb_entity='shtosti', generate_every=20, seed=42, patience=3, prompting_type='vanilla', user_prompt_id='token_explanation', metric_name='FKGL', control_tokens='data/prompts/control_tokens.json', system_prompts='data/prompts/system_prompts.json', user_prompts='data/prompts/user_prompts.json', metric_mapping='data/metric_mapping.json', peft=False, lora_r=8, lora_dropout=0.1)

Saving to: ./models/Llama-3.2-1B-Instruct-Med-EASi_hq-FKGL-token_explanation-20250518-171719

*** Finetuning Llama-3.2-1B-Instruct with Med-EASi_hq ***

CUDA available: True
Number of GPUs: 1
GPU name: NVIDIA A100-SXM4-80GB
Model embedding size BEFORE resizing: 128256
Model embedding size AFTER resizing: 128257
--- DEBUG ---
trainable params:
Trainable params: 1,235,816,448 / 1,235,816,448 (100.00%)
--- tokenizer pad_token_id: 128256
--- tokenizer eos_token_id: 128009
--- special tokens:
train:	 Inspect the dataset format:
 {'global_id': ['medeasi_000335'], 'source_text': ['Pain or paresthesias may develop at the site of the bite.'], 'source_metrics': [{'FRE': 77.23, 'ARI': 4.2, 'FKGL': 5.2, 'Dale-Chall': 8.49, 'char_count': 57, 'alphanum_count': 46, 'word_count': 12, 'sentence_count': 1}], 'metadata': [{'dataset': 'medeasi', 'experiment_split': '', 'domain': 'medical', 'language': 'en', 'annotation': 'human', 'level': 'sentence'}], 'simplification_text': ['The wound from the bite may be painful or numb. Bat bites typically cause no symptoms.'], 'target_metrics': [{'FRE': 88.74, 'ARI': 3.5, 'FKGL': 2.9, 'Dale-Chall': 7.98, 'char_count': 86, 'alphanum_count': 69, 'word_count': 18, 'sentence_count': 2, 'char_compression_rate': 1.51, 'word_compression_rate': 1.5, 'sentence_compression_rate': 2.0, 'BLEU': 5.401157445454033, 'BERTScore': 0.8745869398117065}], 'simplification_version': [1], 'grade_level': [-1], 'simplification_dimensions': [{'linguistic': {'lexical': False, 'syntactic': False}}]}
validation:	 Inspect the dataset format:
 {'global_id': ['medeasi_001031'], 'source_text': ['Bed bugs have been known human parasites for thousands of years .'], 'source_metrics': [{'FRE': 77.23, 'ARI': 7.2, 'FKGL': 5.2, 'Dale-Chall': 11.36, 'char_count': 65, 'alphanum_count': 53, 'word_count': 12, 'sentence_count': 1}], 'metadata': [{'dataset': 'medeasi', 'experiment_split': '', 'domain': 'medical', 'language': 'en', 'annotation': 'human', 'level': 'sentence'}], 'simplification_text': ['Bed bugs have been known to human for thousands years .'], 'target_metrics': [{'FRE': 95.17, 'ARI': 4.8, 'FKGL': 2.5, 'Dale-Chall': 10.45, 'char_count': 55, 'alphanum_count': 44, 'word_count': 11, 'sentence_count': 1, 'char_compression_rate': 0.85, 'word_compression_rate': 0.92, 'sentence_compression_rate': 1.0, 'BLEU': 42.16120484488187, 'BERTScore': 0.9517519474029541}], 'simplification_version': [1], 'grade_level': [-1], 'simplification_dimensions': [{'linguistic': {'lexical': False, 'syntactic': False}}]}


 *** Before tokenization ***
>>> train:

Showing 1 example(s):

Example 1 (index 114)
--- Prompt:
 <|begin_of_text|><|start_header_id|>system<|end_header_id|>

Cutting Knowledge Date: December 2023
Today Date: 18 May 2025

You are a helpful expert in text simplification. You generate a simplified version of the text input by the user. You simplify the text according to the instructions given by the user. When asked to simplify a text, generate only the requested simplification, without any additional comments, notes or explanations.<|eot_id|><|start_header_id|>user<|end_header_id|>

INSTRUCTION: Simplify the following text such that its Flesch-Kincaid Grade Level (FKGL) score is approximately equal to that specified in the control token prepended to your generated simplification. The control token has the following format: <METRIC=VALUE>. The control token prepended to the source text indicates the FKGL value of the source text. 
SOURCE TEXT: <FKGL=9.9> Many of these risk factors are the same as those associated with having a major symptomatic stroke.
EXPLANATION: The <FKGL=0.9> token specifies that the target Flesch-Kincaid Grade Level should be approximately 0.9. Lower values indicate simpler text.<|eot_id|><|start_header_id|>assistant<|end_header_id|>

<FKGL=0.9><|eot_id|>
--- Completion:
 These people did not know they had a stroke. <|eot_id|>
==================================================


 *** After tokenization ***
>>> train:

Showing 1 example(s):

Example 1 (index 25)
--- Prompt:
 <|begin_of_text|><|start_header_id|>system<|end_header_id|>

Cutting Knowledge Date: December 2023
Today Date: 18 May 2025

You are a helpful expert in text simplification. You generate a simplified version of the text input by the user. You simplify the text according to the instructions given by the user. When asked to simplify a text, generate only the requested simplification, without any additional comments, notes or explanations.<|eot_id|><|start_header_id|>user<|end_header_id|>

INSTRUCTION: Simplify the following text such that its Flesch-Kincaid Grade Level (FKGL) score is approximately equal to that specified in the control token prepended to your generated simplification. The control token has the following format: <METRIC=VALUE>. The control token prepended to the source text indicates the FKGL value of the source text. 
SOURCE TEXT: <FKGL=8.6> Variola minor results in symptoms that are similar but much less severe, with a less extensive rash. Mortality rate is < 1 %.
EXPLANATION: The <FKGL=5.8> token specifies that the target Flesch-Kincaid Grade Level should be approximately 5.8. Lower values indicate simpler text.<|eot_id|><|start_header_id|>assistant<|end_header_id|>

<FKGL=5.8><|eot_id|>
--- Completion:
 In the less severe form, symptoms are similar but much less severe. The rash is much less extensive, and fewer than 1 % of people die. <|eot_id|>
--- input_ids:
 [128000, 128000, 128006, 9125, 128007, 271, 38766, 1303, 33025, 2696, 25, 6790, 220, 2366, 18, 198, 15724, 2696, 25, 220, 972, 3297, 220, 2366, 20, 271, 2675, 527, 264, 11190, 6335, 304, 1495, 15858, 2461, 13, 1472, 7068, 264, 44899, 2373, 315, 279, 1495, 1988, 555, 279, 1217, 13, 1472, 40821, 279, 1495, 4184, 311, 279, 11470, 2728, 555, 279, 1217, 13, 3277, 4691, 311, 40821, 264, 1495, 11, 7068, 1193, 279, 11472, 15858, 2461, 11, 2085, 904, 5217, 6170, 11, 8554, 477, 41941, 13, 128009, 128006, 882, 128007, 271, 691, 58555, 25, 62342, 1463, 279, 2768, 1495, 1778, 430, 1202, 435, 645, 331, 16222, 258, 936, 307, 24749, 9580, 320, 28096, 3910, 8, 5573, 374, 13489, 6273, 311, 430, 5300, 304, 279, 2585, 4037, 22033, 2954, 311, 701, 8066, 15858, 2461, 13, 578, 2585, 4037, 706, 279, 2768, 3645, 25, 366, 45975, 37078, 28, 24771, 14611, 578, 2585, 4037, 22033, 2954, 311, 279, 2592, 1495, 15151, 279, 85346, 3910, 907, 315, 279, 2592, 1495, 13, 720, 44098, 16139, 25, 366, 28096, 3910, 28, 23, 13, 21, 29, 28968, 8083, 9099, 3135, 304, 13803, 430, 527, 4528, 719, 1790, 2753, 15748, 11, 449, 264, 2753, 16781, 57342, 13, 22806, 2786, 4478, 374, 366, 220, 16, 1034, 627, 3337, 95179, 3579, 25, 578, 366, 28096, 3910, 28, 20, 13, 23, 29, 4037, 30202, 430, 279, 2218, 435, 645, 331, 16222, 258, 936, 307, 24749, 9580, 1288, 387, 13489, 220, 20, 13, 23, 13, 28636, 2819, 13519, 35388, 1495, 13, 128009, 128006, 78191, 128007, 271, 27, 28096, 3910, 28, 20, 13, 23, 29, 128009, 128000, 644, 279, 2753, 15748, 1376, 11, 13803, 527, 4528, 719, 1790, 2753, 15748, 13, 578, 57342, 374, 1790, 2753, 16781, 11, 323, 17162, 1109, 220, 16, 1034, 315, 1274, 2815, 13, 220, 128009, 128256, 128256, 128256, 128256, 128256, 128256, 128256, 128256, 128256, 128256, 128256, 128256, 128256, 128256, 128256, 128256, 128256, 128256, 128256, 128256, 128256, 128256, 128256, 128256, 128256, 128256, 128256, 128256, 128256, 128256, 128256, 128256, 128256, 128256, 128256, 128256, 128256, 128256, 128256, 128256, 128256, 128256, 128256, 128256, 128256, 128256, 128256, 128256, 128256, 128256, 128256, 128256, 128256, 128256, 128256, 128256, 128256, 128256, 128256, 128256, 128256, 128256, 128256, 128256, 128256, 128256, 128256, 128256, 128256, 128256, 128256, 128256, 128256, 128256, 128256, 128256, 128256, 128256, 128256, 128256, 128256, 128256, 128256, 128256, 128256, 128256, 128256, 128256, 128256, 128256, 128256, 128256, 128256, 128256, 128256, 128256, 128256, 128256, 128256, 128256, 128256, 128256, 128256, 128256, 128256, 128256, 128256, 128256, 128256, 128256, 128256, 128256, 128256, 128256, 128256, 128256, 128256, 128256, 128256, 128256, 128256, 128256, 128256, 128256, 128256, 128256, 128256, 128256, 128256, 128256, 128256, 128256, 128256, 128256, 128256, 128256, 128256, 128256, 128256, 128256, 128256, 128256, 128256, 128256, 128256, 128256, 128256, 128256, 128256, 128256, 128256, 128256, 128256, 128256, 128256, 128256, 128256, 128256, 128256, 128256, 128256, 128256, 128256, 128256, 128256, 128256, 128256, 128256, 128256, 128256, 128256, 128256, 128256, 128256, 128256, 128256, 128256, 128256, 128256, 128256, 128256, 128256, 128256, 128256, 128256, 128256, 128256, 128256, 128256, 128256, 128256, 128256, 128256, 128256, 128256, 128256, 128256, 128256, 128256, 128256, 128256, 128256, 128256, 128256, 128256, 128256, 128256, 128256, 128256, 128256, 128256, 128256, 128256, 128256, 128256, 128256]
--- labels:
 [-100, -100, -100, -100, -100, -100, -100, -100, -100, -100, -100, -100, -100, -100, -100, -100, -100, -100, -100, -100, -100, -100, -100, -100, -100, -100, -100, -100, -100, -100, -100, -100, -100, -100, -100, -100, -100, -100, -100, -100, -100, -100, -100, -100, -100, -100, -100, -100, -100, -100, -100, -100, -100, -100, -100, -100, -100, -100, -100, -100, -100, -100, -100, -100, -100, -100, -100, -100, -100, -100, -100, -100, -100, -100, -100, -100, -100, -100, -100, -100, -100, -100, -100, -100, -100, -100, -100, -100, -100, -100, -100, -100, -100, -100, -100, -100, -100, -100, -100, -100, -100, -100, -100, -100, -100, -100, -100, -100, -100, -100, -100, -100, -100, -100, -100, -100, -100, -100, -100, -100, -100, -100, -100, -100, -100, -100, -100, -100, -100, -100, -100, -100, -100, -100, -100, -100, -100, -100, -100, -100, -100, -100, -100, -100, -100, -100, -100, -100, -100, -100, -100, -100, -100, -100, -100, -100, -100, -100, -100, -100, -100, -100, -100, -100, -100, -100, -100, -100, -100, -100, -100, -100, -100, -100, -100, -100, -100, -100, -100, -100, -100, -100, -100, -100, -100, -100, -100, -100, -100, -100, -100, -100, -100, -100, -100, -100, -100, -100, -100, -100, -100, -100, -100, -100, -100, -100, -100, -100, -100, -100, -100, -100, -100, -100, -100, -100, -100, -100, -100, -100, -100, -100, -100, -100, -100, -100, -100, -100, -100, -100, -100, -100, -100, -100, -100, -100, -100, -100, -100, -100, -100, -100, -100, -100, -100, -100, -100, -100, -100, -100, -100, -100, -100, -100, -100, -100, -100, -100, -100, -100, -100, -100, 128000, 644, 279, 2753, 15748, 1376, 11, 13803, 527, 4528, 719, 1790, 2753, 15748, 13, 578, 57342, 374, 1790, 2753, 16781, 11, 323, 17162, 1109, 220, 16, 1034, 315, 1274, 2815, 13, 220, 128009, -100, -100, -100, -100, -100, -100, -100, -100, -100, -100, -100, -100, -100, -100, -100, -100, -100, -100, -100, -100, -100, -100, -100, -100, -100, -100, -100, -100, -100, -100, -100, -100, -100, -100, -100, -100, -100, -100, -100, -100, -100, -100, -100, -100, -100, -100, -100, -100, -100, -100, -100, -100, -100, -100, -100, -100, -100, -100, -100, -100, -100, -100, -100, -100, -100, -100, -100, -100, -100, -100, -100, -100, -100, -100, -100, -100, -100, -100, -100, -100, -100, -100, -100, -100, -100, -100, -100, -100, -100, -100, -100, -100, -100, -100, -100, -100, -100, -100, -100, -100, -100, -100, -100, -100, -100, -100, -100, -100, -100, -100, -100, -100, -100, -100, -100, -100, -100, -100, -100, -100, -100, -100, -100, -100, -100, -100, -100, -100, -100, -100, -100, -100, -100, -100, -100, -100, -100, -100, -100, -100, -100, -100, -100, -100, -100, -100, -100, -100, -100, -100, -100, -100, -100, -100, -100, -100, -100, -100, -100, -100, -100, -100, -100, -100, -100, -100, -100, -100, -100, -100, -100, -100, -100, -100, -100, -100, -100, -100, -100, -100, -100, -100, -100, -100, -100, -100, -100, -100, -100, -100, -100, -100, -100, -100, -100, -100, -100, -100, -100, -100, -100, -100, -100, -100, -100, -100, -100, -100, -100, -100, -100, -100, -100, -100, -100, -100]
==================================================
********** DEBUG **********
Train dataset columns: ['global_id', 'source_text', 'source_metrics', 'metadata', 'simplification_text', 'target_metrics', 'simplification_version', 'grade_level', 'simplification_dimensions', 'prompt', 'completion', 'system_prompt_id', 'user_prompt_id', 'metric_name', 'source_metric_value', 'target_metric_value', 'input_ids', 'labels', 'attention_mask']
Validation dataset columns: ['global_id', 'source_text', 'source_metrics', 'metadata', 'simplification_text', 'target_metrics', 'simplification_version', 'grade_level', 'simplification_dimensions', 'prompt', 'completion', 'system_prompt_id', 'user_prompt_id', 'metric_name', 'source_metric_value', 'target_metric_value', 'input_ids', 'labels', 'attention_mask']
First 10 input_ids: [128000, 128000, 128006, 9125, 128007, 271, 38766, 1303, 33025, 2696]
First 10 labels: [-100, -100, -100, -100, -100, -100, -100, -100, -100, -100]

--- DEBUG: Explore first instance of the val set:
 {'global_id': 'medeasi_001031', 'source_text': 'Bed bugs have been known human parasites for thousands of years .', 'source_metrics': {'FRE': 77.23, 'ARI': 7.2, 'FKGL': 5.2, 'Dale-Chall': 11.36, 'char_count': 65, 'alphanum_count': 53, 'word_count': 12, 'sentence_count': 1}, 'metadata': {'dataset': 'medeasi', 'experiment_split': '', 'domain': 'medical', 'language': 'en', 'annotation': 'human', 'level': 'sentence'}, 'simplification_text': 'Bed bugs have been known to human for thousands years .', 'target_metrics': {'FRE': 95.17, 'ARI': 4.8, 'FKGL': 2.5, 'Dale-Chall': 10.45, 'char_count': 55, 'alphanum_count': 44, 'word_count': 11, 'sentence_count': 1, 'char_compression_rate': 0.85, 'word_compression_rate': 0.92, 'sentence_compression_rate': 1.0, 'BLEU': 42.16120484488187, 'BERTScore': 0.9517519474029541}, 'simplification_version': 1, 'grade_level': -1, 'simplification_dimensions': {'linguistic': {'lexical': False, 'syntactic': False}}, 'prompt': '<|begin_of_text|><|start_header_id|>system<|end_header_id|>\n\nCutting Knowledge Date: December 2023\nToday Date: 18 May 2025\n\nYou are a helpful expert in text simplification. You generate a simplified version of the text input by the user. You simplify the text according to the instructions given by the user. When asked to simplify a text, generate only the requested simplification, without any additional comments, notes or explanations.<|eot_id|><|start_header_id|>user<|end_header_id|>\n\nINSTRUCTION: Simplify the following text such that its Flesch-Kincaid Grade Level (FKGL) score is approximately equal to that specified in the control token prepended to your generated simplification. The control token has the following format: <METRIC=VALUE>. The control token prepended to the source text indicates the FKGL value of the source text. \nSOURCE TEXT: <FKGL=5.2> Bed bugs have been known human parasites for thousands of years .\nEXPLANATION: The <FKGL=2.5> token specifies that the target Flesch-Kincaid Grade Level should be approximately 2.5. Lower values indicate simpler text.<|eot_id|><|start_header_id|>assistant<|end_header_id|>\n\n<FKGL=2.5><|eot_id|>', 'completion': 'Bed bugs have been known to human for thousands years . <|eot_id|>', 'system_prompt_id': 'sys_prompt_6', 'user_prompt_id': 'token_explanation', 'metric_name': 'FKGL', 'source_metric_value': 5.2, 'target_metric_value': 2.5, 'input_ids': [128000, 128000, 128006, 9125, 128007, 271, 38766, 1303, 33025, 2696, 25, 6790, 220, 2366, 18, 198, 15724, 2696, 25, 220, 972, 3297, 220, 2366, 20, 271, 2675, 527, 264, 11190, 6335, 304, 1495, 15858, 2461, 13, 1472, 7068, 264, 44899, 2373, 315, 279, 1495, 1988, 555, 279, 1217, 13, 1472, 40821, 279, 1495, 4184, 311, 279, 11470, 2728, 555, 279, 1217, 13, 3277, 4691, 311, 40821, 264, 1495, 11, 7068, 1193, 279, 11472, 15858, 2461, 11, 2085, 904, 5217, 6170, 11, 8554, 477, 41941, 13, 128009, 128006, 882, 128007, 271, 691, 58555, 25, 62342, 1463, 279, 2768, 1495, 1778, 430, 1202, 435, 645, 331, 16222, 258, 936, 307, 24749, 9580, 320, 28096, 3910, 8, 5573, 374, 13489, 6273, 311, 430, 5300, 304, 279, 2585, 4037, 22033, 2954, 311, 701, 8066, 15858, 2461, 13, 578, 2585, 4037, 706, 279, 2768, 3645, 25, 366, 45975, 37078, 28, 24771, 14611, 578, 2585, 4037, 22033, 2954, 311, 279, 2592, 1495, 15151, 279, 85346, 3910, 907, 315, 279, 2592, 1495, 13, 720, 44098, 16139, 25, 366, 28096, 3910, 28, 20, 13, 17, 29, 13394, 23367, 617, 1027, 3967, 3823, 79383, 369, 9214, 315, 1667, 16853, 3337, 95179, 3579, 25, 578, 366, 28096, 3910, 28, 17, 13, 20, 29, 4037, 30202, 430, 279, 2218, 435, 645, 331, 16222, 258, 936, 307, 24749, 9580, 1288, 387, 13489, 220, 17, 13, 20, 13, 28636, 2819, 13519, 35388, 1495, 13, 128009, 128006, 78191, 128007, 271, 27, 28096, 3910, 28, 17, 13, 20, 29, 128009, 128000, 16061, 23367, 617, 1027, 3967, 311, 3823, 369, 9214, 1667, 662, 220, 128009, 128256, 128256, 128256, 128256, 128256, 128256, 128256, 128256, 128256, 128256, 128256, 128256, 128256, 128256, 128256, 128256, 128256, 128256, 128256, 128256, 128256, 128256, 128256, 128256, 128256, 128256, 128256, 128256, 128256, 128256, 128256, 128256, 128256, 128256, 128256, 128256, 128256, 128256, 128256, 128256, 128256, 128256, 128256, 128256, 128256, 128256, 128256, 128256, 128256, 128256, 128256, 128256, 128256, 128256, 128256, 128256, 128256, 128256, 128256, 128256, 128256, 128256, 128256, 128256, 128256, 128256, 128256, 128256, 128256, 128256, 128256, 128256, 128256, 128256, 128256, 128256, 128256, 128256, 128256, 128256, 128256, 128256, 128256, 128256, 128256, 128256, 128256, 128256, 128256, 128256, 128256, 128256, 128256, 128256, 128256, 128256, 128256, 128256, 128256, 128256, 128256, 128256, 128256, 128256, 128256, 128256, 128256, 128256, 128256, 128256, 128256, 128256, 128256, 128256, 128256, 128256, 128256, 128256, 128256, 128256, 128256, 128256, 128256, 128256, 128256, 128256, 128256, 128256, 128256, 128256, 128256, 128256, 128256, 128256, 128256, 128256, 128256, 128256, 128256, 128256, 128256, 128256, 128256, 128256, 128256, 128256, 128256, 128256, 128256, 128256, 128256, 128256, 128256, 128256, 128256, 128256, 128256, 128256, 128256, 128256, 128256, 128256, 128256, 128256, 128256, 128256, 128256, 128256, 128256, 128256, 128256, 128256, 128256, 128256, 128256, 128256, 128256, 128256, 128256, 128256, 128256, 128256, 128256, 128256, 128256, 128256, 128256, 128256, 128256, 128256, 128256, 128256, 128256, 128256, 128256, 128256, 128256, 128256, 128256, 128256, 128256, 128256, 128256, 128256, 128256, 128256, 128256, 128256, 128256, 128256, 128256, 128256, 128256, 128256, 128256, 128256, 128256, 128256, 128256, 128256, 128256, 128256, 128256, 128256, 128256, 128256, 128256, 128256, 128256, 128256, 128256, 128256, 128256, 128256, 128256, 128256, 128256, 128256, 128256, 128256, 128256, 128256, 128256, 128256, 128256, 128256, 128256, 128256, 128256, 128256, 128256, 128256, 128256], 'labels': [-100, -100, -100, -100, -100, -100, -100, -100, -100, -100, -100, -100, -100, -100, -100, -100, -100, -100, -100, -100, -100, -100, -100, -100, -100, -100, -100, -100, -100, -100, -100, -100, -100, -100, -100, -100, -100, -100, -100, -100, -100, -100, -100, -100, -100, -100, -100, -100, -100, -100, -100, -100, -100, -100, -100, -100, -100, -100, -100, -100, -100, -100, -100, -100, -100, -100, -100, -100, -100, -100, -100, -100, -100, -100, -100, -100, -100, -100, -100, -100, -100, -100, -100, -100, -100, -100, -100, -100, -100, -100, -100, -100, -100, -100, -100, -100, -100, -100, -100, -100, -100, -100, -100, -100, -100, -100, -100, -100, -100, -100, -100, -100, -100, -100, -100, -100, -100, -100, -100, -100, -100, -100, -100, -100, -100, -100, -100, -100, -100, -100, -100, -100, -100, -100, -100, -100, -100, -100, -100, -100, -100, -100, -100, -100, -100, -100, -100, -100, -100, -100, -100, -100, -100, -100, -100, -100, -100, -100, -100, -100, -100, -100, -100, -100, -100, -100, -100, -100, -100, -100, -100, -100, -100, -100, -100, -100, -100, -100, -100, -100, -100, -100, -100, -100, -100, -100, -100, -100, -100, -100, -100, -100, -100, -100, -100, -100, -100, -100, -100, -100, -100, -100, -100, -100, -100, -100, -100, -100, -100, -100, -100, -100, -100, -100, -100, -100, -100, -100, -100, -100, -100, -100, -100, -100, -100, -100, -100, -100, -100, -100, -100, -100, -100, -100, -100, -100, -100, -100, -100, -100, -100, -100, -100, -100, -100, 128000, 16061, 23367, 617, 1027, 3967, 311, 3823, 369, 9214, 1667, 662, 220, 128009, -100, -100, -100, -100, -100, -100, -100, -100, -100, -100, -100, -100, -100, -100, -100, -100, -100, -100, -100, -100, -100, -100, -100, -100, -100, -100, -100, -100, -100, -100, -100, -100, -100, -100, -100, -100, -100, -100, -100, -100, -100, -100, -100, -100, -100, -100, -100, -100, -100, -100, -100, -100, -100, -100, -100, -100, -100, -100, -100, -100, -100, -100, -100, -100, -100, -100, -100, -100, -100, -100, -100, -100, -100, -100, -100, -100, -100, -100, -100, -100, -100, -100, -100, -100, -100, -100, -100, -100, -100, -100, -100, -100, -100, -100, -100, -100, -100, -100, -100, -100, -100, -100, -100, -100, -100, -100, -100, -100, -100, -100, -100, -100, -100, -100, -100, -100, -100, -100, -100, -100, -100, -100, -100, -100, -100, -100, -100, -100, -100, -100, -100, -100, -100, -100, -100, -100, -100, -100, -100, -100, -100, -100, -100, -100, -100, -100, -100, -100, -100, -100, -100, -100, -100, -100, -100, -100, -100, -100, -100, -100, -100, -100, -100, -100, -100, -100, -100, -100, -100, -100, -100, -100, -100, -100, -100, -100, -100, -100, -100, -100, -100, -100, -100, -100, -100, -100, -100, -100, -100, -100, -100, -100, -100, -100, -100, -100, -100, -100, -100, -100, -100, -100, -100, -100, -100, -100, -100, -100, -100, -100, -100, -100, -100, -100, -100, -100, -100, -100, -100, -100, -100, -100, -100, -100, -100, -100, -100, -100, -100, -100, -100, -100, -100, -100, -100, -100, -100, -100, -100, -100, -100, -100, -100, -100, -100, -100, -100, -100, -100, -100, -100, -100, -100], 'attention_mask': [1, 1, 1, 1, 1, 1, 1, 1, 1, 1, 1, 1, 1, 1, 1, 1, 1, 1, 1, 1, 1, 1, 1, 1, 1, 1, 1, 1, 1, 1, 1, 1, 1, 1, 1, 1, 1, 1, 1, 1, 1, 1, 1, 1, 1, 1, 1, 1, 1, 1, 1, 1, 1, 1, 1, 1, 1, 1, 1, 1, 1, 1, 1, 1, 1, 1, 1, 1, 1, 1, 1, 1, 1, 1, 1, 1, 1, 1, 1, 1, 1, 1, 1, 1, 1, 1, 1, 1, 1, 1, 1, 1, 1, 1, 1, 1, 1, 1, 1, 1, 1, 1, 1, 1, 1, 1, 1, 1, 1, 1, 1, 1, 1, 1, 1, 1, 1, 1, 1, 1, 1, 1, 1, 1, 1, 1, 1, 1, 1, 1, 1, 1, 1, 1, 1, 1, 1, 1, 1, 1, 1, 1, 1, 1, 1, 1, 1, 1, 1, 1, 1, 1, 1, 1, 1, 1, 1, 1, 1, 1, 1, 1, 1, 1, 1, 1, 1, 1, 1, 1, 1, 1, 1, 1, 1, 1, 1, 1, 1, 1, 1, 1, 1, 1, 1, 1, 1, 1, 1, 1, 1, 1, 1, 1, 1, 1, 1, 1, 1, 1, 1, 1, 1, 1, 1, 1, 1, 1, 1, 1, 1, 1, 1, 1, 1, 1, 1, 1, 1, 1, 1, 1, 1, 1, 1, 1, 1, 1, 1, 1, 1, 1, 1, 1, 1, 1, 1, 1, 1, 1, 1, 1, 1, 1, 1, 1, 1, 1, 1, 1, 1, 1, 1, 1, 1, 1, 1, 1, 1, 0, 0, 0, 0, 0, 0, 0, 0, 0, 0, 0, 0, 0, 0, 0, 0, 0, 0, 0, 0, 0, 0, 0, 0, 0, 0, 0, 0, 0, 0, 0, 0, 0, 0, 0, 0, 0, 0, 0, 0, 0, 0, 0, 0, 0, 0, 0, 0, 0, 0, 0, 0, 0, 0, 0, 0, 0, 0, 0, 0, 0, 0, 0, 0, 0, 0, 0, 0, 0, 0, 0, 0, 0, 0, 0, 0, 0, 0, 0, 0, 0, 0, 0, 0, 0, 0, 0, 0, 0, 0, 0, 0, 0, 0, 0, 0, 0, 0, 0, 0, 0, 0, 0, 0, 0, 0, 0, 0, 0, 0, 0, 0, 0, 0, 0, 0, 0, 0, 0, 0, 0, 0, 0, 0, 0, 0, 0, 0, 0, 0, 0, 0, 0, 0, 0, 0, 0, 0, 0, 0, 0, 0, 0, 0, 0, 0, 0, 0, 0, 0, 0, 0, 0, 0, 0, 0, 0, 0, 0, 0, 0, 0, 0, 0, 0, 0, 0, 0, 0, 0, 0, 0, 0, 0, 0, 0, 0, 0, 0, 0, 0, 0, 0, 0, 0, 0, 0, 0, 0, 0, 0, 0, 0, 0, 0, 0, 0, 0, 0, 0, 0, 0, 0, 0, 0, 0, 0, 0, 0, 0, 0, 0, 0, 0, 0, 0, 0, 0, 0, 0, 0, 0, 0, 0, 0, 0, 0, 0, 0, 0, 0, 0, 0, 0, 0, 0, 0, 0, 0, 0, 0, 0, 0, 0, 0, 0, 0, 0, 0, 0, 0, 0, 0]}
type of input_ids: <class 'list'>
type of labels: <class 'list'>

--- DEBUG: Tokenized fields ---
--- Tokenizer vocab size: 128000
--- input_ids: [128000, 128000, 128006, 9125, 128007, 271, 38766, 1303, 33025, 2696, 25, 6790, 220, 2366, 18, 198, 15724, 2696, 25, 220, 972, 3297, 220, 2366, 20, 271, 2675, 527, 264, 11190, 6335, 304, 1495, 15858, 2461, 13, 1472, 7068, 264, 44899, 2373, 315, 279, 1495, 1988, 555, 279, 1217, 13, 1472, 40821, 279, 1495, 4184, 311, 279, 11470, 2728, 555, 279, 1217, 13, 3277, 4691, 311, 40821, 264, 1495, 11, 7068, 1193, 279, 11472, 15858, 2461, 11, 2085, 904, 5217, 6170, 11, 8554, 477, 41941, 13, 128009, 128006, 882, 128007, 271, 691, 58555, 25, 62342, 1463, 279, 2768, 1495, 1778, 430, 1202, 435, 645, 331, 16222, 258, 936, 307, 24749, 9580, 320, 28096, 3910, 8, 5573, 374, 13489, 6273, 311, 430, 5300, 304, 279, 2585, 4037, 22033, 2954, 311, 701, 8066, 15858, 2461, 13, 578, 2585, 4037, 706, 279, 2768, 3645, 25, 366, 45975, 37078, 28, 24771, 14611, 578, 2585, 4037, 22033, 2954, 311, 279, 2592, 1495, 15151, 279, 85346, 3910, 907, 315, 279, 2592, 1495, 13, 720, 44098, 16139, 25, 366, 28096, 3910, 28, 20, 13, 17, 29, 35567, 477, 281, 15795, 17082, 3557, 1253, 2274, 520, 279, 2816, 315, 279, 23556, 627, 3337, 95179, 3579, 25, 578, 366, 28096, 3910, 28, 17, 13, 24, 29, 4037, 30202, 430, 279, 2218, 435, 645, 331, 16222, 258, 936, 307, 24749, 9580, 1288, 387, 13489, 220, 17, 13, 24, 13, 28636, 2819, 13519, 35388, 1495, 13, 128009, 128006, 78191, 128007, 271, 27, 28096, 3910, 28, 17, 13, 24, 29, 128009, 128000, 791, 27653, 505, 279, 23556, 1253, 387, 26175, 477, 57371, 13, 16488, 49433, 11383, 5353, 912, 13803, 13, 220, 128009, 128256, 128256, 128256, 128256, 128256, 128256, 128256, 128256, 128256, 128256, 128256, 128256, 128256, 128256, 128256, 128256, 128256, 128256, 128256, 128256, 128256, 128256, 128256, 128256, 128256, 128256, 128256, 128256, 128256, 128256, 128256, 128256, 128256, 128256, 128256, 128256, 128256, 128256, 128256, 128256, 128256, 128256, 128256, 128256, 128256, 128256, 128256, 128256, 128256, 128256, 128256, 128256, 128256, 128256, 128256, 128256, 128256, 128256, 128256, 128256, 128256, 128256, 128256, 128256, 128256, 128256, 128256, 128256, 128256, 128256, 128256, 128256, 128256, 128256, 128256, 128256, 128256, 128256, 128256, 128256, 128256, 128256, 128256, 128256, 128256, 128256, 128256, 128256, 128256, 128256, 128256, 128256, 128256, 128256, 128256, 128256, 128256, 128256, 128256, 128256, 128256, 128256, 128256, 128256, 128256, 128256, 128256, 128256, 128256, 128256, 128256, 128256, 128256, 128256, 128256, 128256, 128256, 128256, 128256, 128256, 128256, 128256, 128256, 128256, 128256, 128256, 128256, 128256, 128256, 128256, 128256, 128256, 128256, 128256, 128256, 128256, 128256, 128256, 128256, 128256, 128256, 128256, 128256, 128256, 128256, 128256, 128256, 128256, 128256, 128256, 128256, 128256, 128256, 128256, 128256, 128256, 128256, 128256, 128256, 128256, 128256, 128256, 128256, 128256, 128256, 128256, 128256, 128256, 128256, 128256, 128256, 128256, 128256, 128256, 128256, 128256, 128256, 128256, 128256, 128256, 128256, 128256, 128256, 128256, 128256, 128256, 128256, 128256, 128256, 128256, 128256, 128256, 128256, 128256, 128256, 128256, 128256, 128256, 128256, 128256, 128256, 128256, 128256, 128256, 128256, 128256, 128256, 128256, 128256, 128256, 128256, 128256, 128256, 128256, 128256, 128256, 128256, 128256, 128256, 128256, 128256, 128256, 128256, 128256, 128256, 128256, 128256, 128256, 128256, 128256, 128256, 128256, 128256, 128256, 128256, 128256, 128256, 128256, 128256, 128256, 128256, 128256, 128256]
--- labels: [-100, -100, -100, -100, -100, -100, -100, -100, -100, -100, -100, -100, -100, -100, -100, -100, -100, -100, -100, -100, -100, -100, -100, -100, -100, -100, -100, -100, -100, -100, -100, -100, -100, -100, -100, -100, -100, -100, -100, -100, -100, -100, -100, -100, -100, -100, -100, -100, -100, -100, -100, -100, -100, -100, -100, -100, -100, -100, -100, -100, -100, -100, -100, -100, -100, -100, -100, -100, -100, -100, -100, -100, -100, -100, -100, -100, -100, -100, -100, -100, -100, -100, -100, -100, -100, -100, -100, -100, -100, -100, -100, -100, -100, -100, -100, -100, -100, -100, -100, -100, -100, -100, -100, -100, -100, -100, -100, -100, -100, -100, -100, -100, -100, -100, -100, -100, -100, -100, -100, -100, -100, -100, -100, -100, -100, -100, -100, -100, -100, -100, -100, -100, -100, -100, -100, -100, -100, -100, -100, -100, -100, -100, -100, -100, -100, -100, -100, -100, -100, -100, -100, -100, -100, -100, -100, -100, -100, -100, -100, -100, -100, -100, -100, -100, -100, -100, -100, -100, -100, -100, -100, -100, -100, -100, -100, -100, -100, -100, -100, -100, -100, -100, -100, -100, -100, -100, -100, -100, -100, -100, -100, -100, -100, -100, -100, -100, -100, -100, -100, -100, -100, -100, -100, -100, -100, -100, -100, -100, -100, -100, -100, -100, -100, -100, -100, -100, -100, -100, -100, -100, -100, -100, -100, -100, -100, -100, -100, -100, -100, -100, -100, -100, -100, -100, -100, -100, -100, -100, -100, -100, -100, -100, -100, -100, -100, -100, -100, -100, 128000, 791, 27653, 505, 279, 23556, 1253, 387, 26175, 477, 57371, 13, 16488, 49433, 11383, 5353, 912, 13803, 13, 220, 128009, -100, -100, -100, -100, -100, -100, -100, -100, -100, -100, -100, -100, -100, -100, -100, -100, -100, -100, -100, -100, -100, -100, -100, -100, -100, -100, -100, -100, -100, -100, -100, -100, -100, -100, -100, -100, -100, -100, -100, -100, -100, -100, -100, -100, -100, -100, -100, -100, -100, -100, -100, -100, -100, -100, -100, -100, -100, -100, -100, -100, -100, -100, -100, -100, -100, -100, -100, -100, -100, -100, -100, -100, -100, -100, -100, -100, -100, -100, -100, -100, -100, -100, -100, -100, -100, -100, -100, -100, -100, -100, -100, -100, -100, -100, -100, -100, -100, -100, -100, -100, -100, -100, -100, -100, -100, -100, -100, -100, -100, -100, -100, -100, -100, -100, -100, -100, -100, -100, -100, -100, -100, -100, -100, -100, -100, -100, -100, -100, -100, -100, -100, -100, -100, -100, -100, -100, -100, -100, -100, -100, -100, -100, -100, -100, -100, -100, -100, -100, -100, -100, -100, -100, -100, -100, -100, -100, -100, -100, -100, -100, -100, -100, -100, -100, -100, -100, -100, -100, -100, -100, -100, -100, -100, -100, -100, -100, -100, -100, -100, -100, -100, -100, -100, -100, -100, -100, -100, -100, -100, -100, -100, -100, -100, -100, -100, -100, -100, -100, -100, -100, -100, -100, -100, -100, -100, -100, -100, -100, -100, -100, -100, -100, -100, -100, -100, -100, -100, -100, -100, -100, -100, -100, -100, -100, -100, -100, -100, -100, -100, -100, -100, -100, -100, -100, -100, -100, -100, -100, -100, -100, -100, -100, -100]
--- decoded input_ids:
 <|begin_of_text|><|begin_of_text|><|start_header_id|>system<|end_header_id|>

Cutting Knowledge Date: December 2023
Today Date: 18 May 2025

You are a helpful expert in text simplification. You generate a simplified version of the text input by the user. You simplify the text according to the instructions given by the user. When asked to simplify a text, generate only the requested simplification, without any additional comments, notes or explanations.<|eot_id|><|start_header_id|>user<|end_header_id|>

INSTRUCTION: Simplify the following text such that its Flesch-Kincaid Grade Level (FKGL) score is approximately equal to that specified in the control token prepended to your generated simplification. The control token has the following format: <METRIC=VALUE>. The control token prepended to the source text indicates the FKGL value of the source text. 
SOURCE TEXT: <FKGL=5.2> Pain or paresthesias may develop at the site of the bite.
EXPLANATION: The <FKGL=2.9> token specifies that the target Flesch-Kincaid Grade Level should be approximately 2.9. Lower values indicate simpler text.<|eot_id|><|start_header_id|>assistant<|end_header_id|>

<FKGL=2.9><|eot_id|><|begin_of_text|>The wound from the bite may be painful or numb. Bat bites typically cause no symptoms. <|eot_id|>[PAD][PAD][PAD][PAD][PAD][PAD][PAD][PAD][PAD][PAD][PAD][PAD][PAD][PAD][PAD][PAD][PAD][PAD][PAD][PAD][PAD][PAD][PAD][PAD][PAD][PAD][PAD][PAD][PAD][PAD][PAD][PAD][PAD][PAD][PAD][PAD][PAD][PAD][PAD][PAD][PAD][PAD][PAD][PAD][PAD][PAD][PAD][PAD][PAD][PAD][PAD][PAD][PAD][PAD][PAD][PAD][PAD][PAD][PAD][PAD][PAD][PAD][PAD][PAD][PAD][PAD][PAD][PAD][PAD][PAD][PAD][PAD][PAD][PAD][PAD][PAD][PAD][PAD][PAD][PAD][PAD][PAD][PAD][PAD][PAD][PAD][PAD][PAD][PAD][PAD][PAD][PAD][PAD][PAD][PAD][PAD][PAD][PAD][PAD][PAD][PAD][PAD][PAD][PAD][PAD][PAD][PAD][PAD][PAD][PAD][PAD][PAD][PAD][PAD][PAD][PAD][PAD][PAD][PAD][PAD][PAD][PAD][PAD][PAD][PAD][PAD][PAD][PAD][PAD][PAD][PAD][PAD][PAD][PAD][PAD][PAD][PAD][PAD][PAD][PAD][PAD][PAD][PAD][PAD][PAD][PAD][PAD][PAD][PAD][PAD][PAD][PAD][PAD][PAD][PAD][PAD][PAD][PAD][PAD][PAD][PAD][PAD][PAD][PAD][PAD][PAD][PAD][PAD][PAD][PAD][PAD][PAD][PAD][PAD][PAD][PAD][PAD][PAD][PAD][PAD][PAD][PAD][PAD][PAD][PAD][PAD][PAD][PAD][PAD][PAD][PAD][PAD][PAD][PAD][PAD][PAD][PAD][PAD][PAD][PAD][PAD][PAD][PAD][PAD][PAD][PAD][PAD][PAD][PAD][PAD][PAD][PAD][PAD][PAD][PAD][PAD][PAD][PAD][PAD][PAD][PAD][PAD][PAD][PAD][PAD][PAD][PAD][PAD][PAD][PAD][PAD][PAD][PAD][PAD][PAD][PAD][PAD][PAD][PAD][PAD][PAD][PAD][PAD]
--- decoded labels:
 The wound from the bite may be painful or numb. Bat bites typically cause no symptoms. 
{'loss': 2.7014, 'grad_norm': 84.15103149414062, 'learning_rate': 1.5e-06, 'epoch': 0.24}
{'eval_loss': 2.314448595046997, 'eval_runtime': 1.8978, 'eval_samples_per_second': 45.842, 'eval_steps_per_second': 11.592, 'epoch': 0.24}

>>> [Step 20] Prompt:
<|begin_of_text|><|start_header_id|>system<|end_header_id|>

Cutting Knowledge Date: December 2023
Today Date: 18 May 2025

You are a helpful expert in text simplification. You generate a simplified version of the text input by the user. You simplify the text according to the instructions given by the user. When asked to simplify a text, generate only the requested simplification, without any additional comments, notes or explanations.<|eot_id|><|start_header_id|>user<|end_header_id|>

INSTRUCTION: Simplify the following text such that its Flesch-Kincaid Grade Level (FKGL) score is approximately equal to that specified in the control token prepended to your generated simplification. The control token has the following format: <METRIC=VALUE>. The control token prepended to the source text indicates the FKGL value of the source text. 
SOURCE TEXT: <FKGL=21.3> Other uncommon complications include bacterial tracheitis, pneumonia, and pulmonary edema.
EXPLANATION: The <FKGL=19.3> token specifies that the target Flesch-Kincaid Grade Level should be approximately 19.3. Lower values indicate simpler text.<|eot_id|><|start_header_id|>assistant<|end_header_id|>

<FKGL=19.3><|eot_id|>
>>> Reference:
Other uncommon complications include bacterial tracheitis (infection of the trachea), pneumonia (lung infection), and pulmonary edema (fluid in the lungs). <|eot_id|>
>>> Prediction:
# Infections can cause breathing difficulties. 
================================================================================

>>> [Step 20] Prompt:
<|begin_of_text|><|start_header_id|>system<|end_header_id|>

Cutting Knowledge Date: December 2023
Today Date: 18 May 2025

You are a helpful expert in text simplification. You generate a simplified version of the text input by the user. You simplify the text according to the instructions given by the user. When asked to simplify a text, generate only the requested simplification, without any additional comments, notes or explanations.<|eot_id|><|start_header_id|>user<|end_header_id|>

INSTRUCTION: Simplify the following text such that its Flesch-Kincaid Grade Level (FKGL) score is approximately equal to that specified in the control token prepended to your generated simplification. The control token has the following format: <METRIC=VALUE>. The control token prepended to the source text indicates the FKGL value of the source text. 
SOURCE TEXT: <FKGL=10.3> Such burns may cause cosmetic deformities and impair growth of the teeth, mandible, and maxilla.
EXPLANATION: The <FKGL=5.6> token specifies that the target Flesch-Kincaid Grade Level should be approximately 5.6. Lower values indicate simpler text.<|eot_id|><|start_header_id|>assistant<|end_header_id|>

<FKGL=5.6><|eot_id|>
>>> Reference:
These burns may cause facial deformities and growth problems of the teeth, jaw, and face. <|eot_id|>
>>> Prediction:
def burns can cause skin damage, and the face, ears, and lips may be disfigured. 
================================================================================

>>> [Step 20] Prompt:
<|begin_of_text|><|start_header_id|>system<|end_header_id|>

Cutting Knowledge Date: December 2023
Today Date: 18 May 2025

You are a helpful expert in text simplification. You generate a simplified version of the text input by the user. You simplify the text according to the instructions given by the user. When asked to simplify a text, generate only the requested simplification, without any additional comments, notes or explanations.<|eot_id|><|start_header_id|>user<|end_header_id|>

INSTRUCTION: Simplify the following text such that its Flesch-Kincaid Grade Level (FKGL) score is approximately equal to that specified in the control token prepended to your generated simplification. The control token has the following format: <METRIC=VALUE>. The control token prepended to the source text indicates the FKGL value of the source text. 
SOURCE TEXT: <FKGL=8.0> The pain is paroxysmal, lasting seconds up to 2 min, but attacks may recur rapidly.
EXPLANATION: The <FKGL=5.6> token specifies that the target Flesch-Kincaid Grade Level should be approximately 5.6. Lower values indicate simpler text.<|eot_id|><|start_header_id|>assistant<|end_header_id|>

<FKGL=5.6><|eot_id|>
>>> Reference:
The pain usually lasts seconds but may last up to 2 minutes. <|eot_id|>
>>> Prediction:
# The pain is a sudden, sharp, stabbing pain that lasts from the head to the back. 
================================================================================

>>> [Step 20] Prompt:
<|begin_of_text|><|start_header_id|>system<|end_header_id|>

Cutting Knowledge Date: December 2023
Today Date: 18 May 2025

You are a helpful expert in text simplification. You generate a simplified version of the text input by the user. You simplify the text according to the instructions given by the user. When asked to simplify a text, generate only the requested simplification, without any additional comments, notes or explanations.<|eot_id|><|start_header_id|>user<|end_header_id|>

INSTRUCTION: Simplify the following text such that its Flesch-Kincaid Grade Level (FKGL) score is approximately equal to that specified in the control token prepended to your generated simplification. The control token has the following format: <METRIC=VALUE>. The control token prepended to the source text indicates the FKGL value of the source text. 
SOURCE TEXT: <FKGL=12.3> The liver may be enlarged, hard, or tender; massive hepatomegaly with easily palpable nodules signifies advanced disease.
EXPLANATION: The <FKGL=4.8> token specifies that the target Flesch-Kincaid Grade Level should be approximately 4.8. Lower values indicate simpler text.<|eot_id|><|start_header_id|>assistant<|end_header_id|>

<FKGL=4.8><|eot_id|>
>>> Reference:
Typically, the liver is enlarged and hard. It may feel tender and often lumpy. <|eot_id|>
>>> Prediction:
defensive mechanisms are often used to protect the body from disease. 
================================================================================
{'loss': 1.8965, 'grad_norm': 17.904685974121094, 'learning_rate': 3.1666666666666667e-06, 'epoch': 0.48}
{'eval_loss': 1.4614681005477905, 'eval_runtime': 1.932, 'eval_samples_per_second': 45.032, 'eval_steps_per_second': 11.387, 'epoch': 0.48}
{'loss': 1.5035, 'grad_norm': 13.2913818359375, 'learning_rate': 4.833333333333333e-06, 'epoch': 0.72}
{'eval_loss': 1.3135695457458496, 'eval_runtime': 1.888, 'eval_samples_per_second': 46.082, 'eval_steps_per_second': 11.653, 'epoch': 0.72}

>>> [Step 40] Prompt:
<|begin_of_text|><|start_header_id|>system<|end_header_id|>

Cutting Knowledge Date: December 2023
Today Date: 18 May 2025

You are a helpful expert in text simplification. You generate a simplified version of the text input by the user. You simplify the text according to the instructions given by the user. When asked to simplify a text, generate only the requested simplification, without any additional comments, notes or explanations.<|eot_id|><|start_header_id|>user<|end_header_id|>

INSTRUCTION: Simplify the following text such that its Flesch-Kincaid Grade Level (FKGL) score is approximately equal to that specified in the control token prepended to your generated simplification. The control token has the following format: <METRIC=VALUE>. The control token prepended to the source text indicates the FKGL value of the source text. 
SOURCE TEXT: <FKGL=11.9> Often, individuals have had one or more major depressive episodes.
EXPLANATION: The <FKGL=7.2> token specifies that the target Flesch-Kincaid Grade Level should be approximately 7.2. Lower values indicate simpler text.<|eot_id|><|start_header_id|>assistant<|end_header_id|>

<FKGL=7.2><|eot_id|>
>>> Reference:
They have also had at least one major depressive episode. <|eot_id|>
>>> Prediction:
The first major depressive episode is often followed by a period of normalcy. 
================================================================================

>>> [Step 40] Prompt:
<|begin_of_text|><|start_header_id|>system<|end_header_id|>

Cutting Knowledge Date: December 2023
Today Date: 18 May 2025

You are a helpful expert in text simplification. You generate a simplified version of the text input by the user. You simplify the text according to the instructions given by the user. When asked to simplify a text, generate only the requested simplification, without any additional comments, notes or explanations.<|eot_id|><|start_header_id|>user<|end_header_id|>

INSTRUCTION: Simplify the following text such that its Flesch-Kincaid Grade Level (FKGL) score is approximately equal to that specified in the control token prepended to your generated simplification. The control token has the following format: <METRIC=VALUE>. The control token prepended to the source text indicates the FKGL value of the source text. 
SOURCE TEXT: <FKGL=12.7> This is important in ecological niches where the animal can not depend on vision: for example in caves, in murky water and at night.
EXPLANATION: The <FKGL=10.3> token specifies that the target Flesch-Kincaid Grade Level should be approximately 10.3. Lower values indicate simpler text.<|eot_id|><|start_header_id|>assistant<|end_header_id|>

<FKGL=10.3><|eot_id|>
>>> Reference:
This is important in ecological niches where the animal can not see. <|eot_id|>
>>> Prediction:
The animal can not see, but it can sense vibrations in the ground, or the vibrations of the water. 
================================================================================

>>> [Step 40] Prompt:
<|begin_of_text|><|start_header_id|>system<|end_header_id|>

Cutting Knowledge Date: December 2023
Today Date: 18 May 2025

You are a helpful expert in text simplification. You generate a simplified version of the text input by the user. You simplify the text according to the instructions given by the user. When asked to simplify a text, generate only the requested simplification, without any additional comments, notes or explanations.<|eot_id|><|start_header_id|>user<|end_header_id|>

INSTRUCTION: Simplify the following text such that its Flesch-Kincaid Grade Level (FKGL) score is approximately equal to that specified in the control token prepended to your generated simplification. The control token has the following format: <METRIC=VALUE>. The control token prepended to the source text indicates the FKGL value of the source text. 
SOURCE TEXT: <FKGL=10.7> However, permanent impairment of vision is rare.
EXPLANATION: The <FKGL=4.0> token specifies that the target Flesch-Kincaid Grade Level should be approximately 4.0. Lower values indicate simpler text.<|eot_id|><|start_header_id|>assistant<|end_header_id|>

<FKGL=4.0><|eot_id|>
>>> Reference:
Even with the most severe dry eyes, it is rare that vision is lost. <|eot_id|>
>>> Prediction:
The person may be able to see, but the vision is not good. 
================================================================================

>>> [Step 40] Prompt:
<|begin_of_text|><|start_header_id|>system<|end_header_id|>

Cutting Knowledge Date: December 2023
Today Date: 18 May 2025

You are a helpful expert in text simplification. You generate a simplified version of the text input by the user. You simplify the text according to the instructions given by the user. When asked to simplify a text, generate only the requested simplification, without any additional comments, notes or explanations.<|eot_id|><|start_header_id|>user<|end_header_id|>

INSTRUCTION: Simplify the following text such that its Flesch-Kincaid Grade Level (FKGL) score is approximately equal to that specified in the control token prepended to your generated simplification. The control token has the following format: <METRIC=VALUE>. The control token prepended to the source text indicates the FKGL value of the source text. 
SOURCE TEXT: <FKGL=10.7> Larger cancers are more likely to bleed spontaneously and may cause a foul- smelling vaginal discharge or pelvic pain.
EXPLANATION: The <FKGL=9.5> token specifies that the target Flesch-Kincaid Grade Level should be approximately 9.5. Lower values indicate simpler text.<|eot_id|><|start_header_id|>assistant<|end_header_id|>

<FKGL=9.5><|eot_id|>
>>> Reference:
Large cancers are more likely to bleed and may cause a foul-smelling discharge from the vagina and pain in the pelvic area. <|eot_id|>
>>> Prediction:
The cancer may bleed and cause a foul-smelling discharge. 
================================================================================
{'loss': 1.3911, 'grad_norm': 11.364080429077148, 'learning_rate': 4.8853481410001225e-06, 'epoch': 0.96}
{'eval_loss': 1.270787239074707, 'eval_runtime': 1.8892, 'eval_samples_per_second': 46.052, 'eval_steps_per_second': 11.645, 'epoch': 0.96}
{'loss': 1.0554, 'grad_norm': 8.074199676513672, 'learning_rate': 4.502502736173462e-06, 'epoch': 1.19}
{'eval_loss': 1.2654154300689697, 'eval_runtime': 1.8885, 'eval_samples_per_second': 46.069, 'eval_steps_per_second': 11.65, 'epoch': 1.19}

>>> [Step 60] Prompt:
<|begin_of_text|><|start_header_id|>system<|end_header_id|>

Cutting Knowledge Date: December 2023
Today Date: 18 May 2025

You are a helpful expert in text simplification. You generate a simplified version of the text input by the user. You simplify the text according to the instructions given by the user. When asked to simplify a text, generate only the requested simplification, without any additional comments, notes or explanations.<|eot_id|><|start_header_id|>user<|end_header_id|>

INSTRUCTION: Simplify the following text such that its Flesch-Kincaid Grade Level (FKGL) score is approximately equal to that specified in the control token prepended to your generated simplification. The control token has the following format: <METRIC=VALUE>. The control token prepended to the source text indicates the FKGL value of the source text. 
SOURCE TEXT: <FKGL=25.7> Clinical evaluation. Diagnosis is primarily clinical.
EXPLANATION: The <FKGL=13.1> token specifies that the target Flesch-Kincaid Grade Level should be approximately 13.1. Lower values indicate simpler text.<|eot_id|><|start_header_id|>assistant<|end_header_id|>

<FKGL=13.1><|eot_id|>
>>> Reference:
A doctor 's evaluation <|eot_id|>
>>> Prediction:
The diagnosis is made primarily on the basis of the symptoms. 
================================================================================

>>> [Step 60] Prompt:
<|begin_of_text|><|start_header_id|>system<|end_header_id|>

Cutting Knowledge Date: December 2023
Today Date: 18 May 2025

You are a helpful expert in text simplification. You generate a simplified version of the text input by the user. You simplify the text according to the instructions given by the user. When asked to simplify a text, generate only the requested simplification, without any additional comments, notes or explanations.<|eot_id|><|start_header_id|>user<|end_header_id|>

INSTRUCTION: Simplify the following text such that its Flesch-Kincaid Grade Level (FKGL) score is approximately equal to that specified in the control token prepended to your generated simplification. The control token has the following format: <METRIC=VALUE>. The control token prepended to the source text indicates the FKGL value of the source text. 
SOURCE TEXT: <FKGL=16.2> Scar formation, the accumulation of excess fibrous connective tissue ( the process called fibrosis ), leads to thickening of the walls, and causes reduced oxygen supply in the blood.
EXPLANATION: The <FKGL=15.0> token specifies that the target Flesch-Kincaid Grade Level should be approximately 15.0. Lower values indicate simpler text.<|eot_id|><|start_header_id|>assistant<|end_header_id|>

<FKGL=15.0><|eot_id|>
>>> Reference:
Scar formation, the addition of extra fibrous connective tissue ( the process called fibrosis ), leads to thickening of the walls, and causes low oxygen supply in the blood. <|eot_id|>
>>> Prediction:
The thickening of the skin is due to the accumulation of excess fibrous connective tissue ( the process called fibrosis ). 
================================================================================

>>> [Step 60] Prompt:
<|begin_of_text|><|start_header_id|>system<|end_header_id|>

Cutting Knowledge Date: December 2023
Today Date: 18 May 2025

You are a helpful expert in text simplification. You generate a simplified version of the text input by the user. You simplify the text according to the instructions given by the user. When asked to simplify a text, generate only the requested simplification, without any additional comments, notes or explanations.<|eot_id|><|start_header_id|>user<|end_header_id|>

INSTRUCTION: Simplify the following text such that its Flesch-Kincaid Grade Level (FKGL) score is approximately equal to that specified in the control token prepended to your generated simplification. The control token has the following format: <METRIC=VALUE>. The control token prepended to the source text indicates the FKGL value of the source text. 
SOURCE TEXT: <FKGL=10.7> Bilateral pain is particularly common in those who have migraines without an aura.
EXPLANATION: The <FKGL=8.4> token specifies that the target Flesch-Kincaid Grade Level should be approximately 8.4. Lower values indicate simpler text.<|eot_id|><|start_header_id|>assistant<|end_header_id|>

<FKGL=8.4><|eot_id|>
>>> Reference:
Being a female is a risk factor, and so is having family members who had migraines. <|eot_id|>
>>> Prediction:
The pain is usually on both sides of the head, but it may shift from one side to the other. 
================================================================================

>>> [Step 60] Prompt:
<|begin_of_text|><|start_header_id|>system<|end_header_id|>

Cutting Knowledge Date: December 2023
Today Date: 18 May 2025

You are a helpful expert in text simplification. You generate a simplified version of the text input by the user. You simplify the text according to the instructions given by the user. When asked to simplify a text, generate only the requested simplification, without any additional comments, notes or explanations.<|eot_id|><|start_header_id|>user<|end_header_id|>

INSTRUCTION: Simplify the following text such that its Flesch-Kincaid Grade Level (FKGL) score is approximately equal to that specified in the control token prepended to your generated simplification. The control token has the following format: <METRIC=VALUE>. The control token prepended to the source text indicates the FKGL value of the source text. 
SOURCE TEXT: <FKGL=18.6> Undernutrition and vitamin A deficiency may predispose to mortality.
EXPLANATION: The <FKGL=13.1> token specifies that the target Flesch-Kincaid Grade Level should be approximately 13.1. Lower values indicate simpler text.<|eot_id|><|start_header_id|>assistant<|end_header_id|>

<FKGL=13.1><|eot_id|>
>>> Reference:
Undernutrition and vitamin A deficiency may increase the risk of death in people infected with measles. <|eot_id|>
>>> Prediction:
The vitamin A deficiency may cause death. 
================================================================================
{'loss': 1.0322, 'grad_norm': 9.74209213256836, 'learning_rate': 3.893311157806091e-06, 'epoch': 1.43}
{'eval_loss': 1.2618072032928467, 'eval_runtime': 1.893, 'eval_samples_per_second': 45.959, 'eval_steps_per_second': 11.622, 'epoch': 1.43}
{'loss': 0.9802, 'grad_norm': 9.804131507873535, 'learning_rate': 3.1266313306468018e-06, 'epoch': 1.67}
{'eval_loss': 1.2607877254486084, 'eval_runtime': 1.8858, 'eval_samples_per_second': 46.135, 'eval_steps_per_second': 11.666, 'epoch': 1.67}

>>> [Step 80] Prompt:
<|begin_of_text|><|start_header_id|>system<|end_header_id|>

Cutting Knowledge Date: December 2023
Today Date: 18 May 2025

You are a helpful expert in text simplification. You generate a simplified version of the text input by the user. You simplify the text according to the instructions given by the user. When asked to simplify a text, generate only the requested simplification, without any additional comments, notes or explanations.<|eot_id|><|start_header_id|>user<|end_header_id|>

INSTRUCTION: Simplify the following text such that its Flesch-Kincaid Grade Level (FKGL) score is approximately equal to that specified in the control token prepended to your generated simplification. The control token has the following format: <METRIC=VALUE>. The control token prepended to the source text indicates the FKGL value of the source text. 
SOURCE TEXT: <FKGL=14.7> Similar improvements have been reported for other cognitions such as semantic and episodic memory.
EXPLANATION: The <FKGL=11.9> token specifies that the target Flesch-Kincaid Grade Level should be approximately 11.9. Lower values indicate simpler text.<|eot_id|><|start_header_id|>assistant<|end_header_id|>

<FKGL=11.9><|eot_id|>
>>> Reference:
A similar effect has been found with increases in semantic and episodic memory. <|eot_id|>
>>> Prediction:
The study of cognitive processes such as memory has also shown that people can be trained to better remember things. 
================================================================================

>>> [Step 80] Prompt:
<|begin_of_text|><|start_header_id|>system<|end_header_id|>

Cutting Knowledge Date: December 2023
Today Date: 18 May 2025

You are a helpful expert in text simplification. You generate a simplified version of the text input by the user. You simplify the text according to the instructions given by the user. When asked to simplify a text, generate only the requested simplification, without any additional comments, notes or explanations.<|eot_id|><|start_header_id|>user<|end_header_id|>

INSTRUCTION: Simplify the following text such that its Flesch-Kincaid Grade Level (FKGL) score is approximately equal to that specified in the control token prepended to your generated simplification. The control token has the following format: <METRIC=VALUE>. The control token prepended to the source text indicates the FKGL value of the source text. 
SOURCE TEXT: <FKGL=7.6> In one third of patients, the liver is enlarged and smooth, but it is not usually tender.
EXPLANATION: The <FKGL=7.2> token specifies that the target Flesch-Kincaid Grade Level should be approximately 7.2. Lower values indicate simpler text.<|eot_id|><|start_header_id|>assistant<|end_header_id|>

<FKGL=7.2><|eot_id|>
>>> Reference:
In one third of people, the liver is enlarged and smooth but is not usually tender. <|eot_id|>
>>> Prediction:
The liver may be enlarged and smooth, but it is not usually tender. 
================================================================================

>>> [Step 80] Prompt:
<|begin_of_text|><|start_header_id|>system<|end_header_id|>

Cutting Knowledge Date: December 2023
Today Date: 18 May 2025

You are a helpful expert in text simplification. You generate a simplified version of the text input by the user. You simplify the text according to the instructions given by the user. When asked to simplify a text, generate only the requested simplification, without any additional comments, notes or explanations.<|eot_id|><|start_header_id|>user<|end_header_id|>

INSTRUCTION: Simplify the following text such that its Flesch-Kincaid Grade Level (FKGL) score is approximately equal to that specified in the control token prepended to your generated simplification. The control token has the following format: <METRIC=VALUE>. The control token prepended to the source text indicates the FKGL value of the source text. 
SOURCE TEXT: <FKGL=8.0> The pain is paroxysmal, lasting seconds up to 2 min, but attacks may recur rapidly.
EXPLANATION: The <FKGL=5.6> token specifies that the target Flesch-Kincaid Grade Level should be approximately 5.6. Lower values indicate simpler text.<|eot_id|><|start_header_id|>assistant<|end_header_id|>

<FKGL=5.6><|eot_id|>
>>> Reference:
The pain usually lasts seconds but may last up to 2 minutes. <|eot_id|>
>>> Prediction:
The pain is sudden, lasting seconds to 2 minutes, but attacks may recur rapidly. 
================================================================================

>>> [Step 80] Prompt:
<|begin_of_text|><|start_header_id|>system<|end_header_id|>

Cutting Knowledge Date: December 2023
Today Date: 18 May 2025

You are a helpful expert in text simplification. You generate a simplified version of the text input by the user. You simplify the text according to the instructions given by the user. When asked to simplify a text, generate only the requested simplification, without any additional comments, notes or explanations.<|eot_id|><|start_header_id|>user<|end_header_id|>

INSTRUCTION: Simplify the following text such that its Flesch-Kincaid Grade Level (FKGL) score is approximately equal to that specified in the control token prepended to your generated simplification. The control token has the following format: <METRIC=VALUE>. The control token prepended to the source text indicates the FKGL value of the source text. 
SOURCE TEXT: <FKGL=10.7> Bilateral pain is particularly common in those who have migraines without an aura.
EXPLANATION: The <FKGL=8.4> token specifies that the target Flesch-Kincaid Grade Level should be approximately 8.4. Lower values indicate simpler text.<|eot_id|><|start_header_id|>assistant<|end_header_id|>

<FKGL=8.4><|eot_id|>
>>> Reference:
Being a female is a risk factor, and so is having family members who had migraines. <|eot_id|>
>>> Prediction:
The pain is often on both sides of the head, but it may also start on one side. 
================================================================================
{'loss': 1.0837, 'grad_norm': 10.295616149902344, 'learning_rate': 2.2891223348923888e-06, 'epoch': 1.91}
{'eval_loss': 1.2400497198104858, 'eval_runtime': 1.8901, 'eval_samples_per_second': 46.029, 'eval_steps_per_second': 11.639, 'epoch': 1.91}
{'loss': 0.8719, 'grad_norm': 9.068979263305664, 'learning_rate': 1.475449188008532e-06, 'epoch': 2.14}
{'eval_loss': 1.2503339052200317, 'eval_runtime': 1.8886, 'eval_samples_per_second': 46.066, 'eval_steps_per_second': 11.649, 'epoch': 2.14}

>>> [Step 100] Prompt:
<|begin_of_text|><|start_header_id|>system<|end_header_id|>

Cutting Knowledge Date: December 2023
Today Date: 18 May 2025

You are a helpful expert in text simplification. You generate a simplified version of the text input by the user. You simplify the text according to the instructions given by the user. When asked to simplify a text, generate only the requested simplification, without any additional comments, notes or explanations.<|eot_id|><|start_header_id|>user<|end_header_id|>

INSTRUCTION: Simplify the following text such that its Flesch-Kincaid Grade Level (FKGL) score is approximately equal to that specified in the control token prepended to your generated simplification. The control token has the following format: <METRIC=VALUE>. The control token prepended to the source text indicates the FKGL value of the source text. 
SOURCE TEXT: <FKGL=12.7> Worldwide, 0.05-2 % of the population is estimated to have anaphylaxis at some point in life, and rates appear to be increasing.
EXPLANATION: The <FKGL=4.6> token specifies that the target Flesch-Kincaid Grade Level should be approximately 4.6. Lower values indicate simpler text.<|eot_id|><|start_header_id|>assistant<|end_header_id|>

<FKGL=4.6><|eot_id|>
>>> Reference:
Worldwide, about 0.05-2 % of people have anaphylaxis at some point in their lives. <|eot_id|>
>>> Prediction:
The exact rate of anaphylaxis varies, but 0.05-2 % of the population is estimated to have anaphylaxis at some point in life. 
================================================================================

>>> [Step 100] Prompt:
<|begin_of_text|><|start_header_id|>system<|end_header_id|>

Cutting Knowledge Date: December 2023
Today Date: 18 May 2025

You are a helpful expert in text simplification. You generate a simplified version of the text input by the user. You simplify the text according to the instructions given by the user. When asked to simplify a text, generate only the requested simplification, without any additional comments, notes or explanations.<|eot_id|><|start_header_id|>user<|end_header_id|>

INSTRUCTION: Simplify the following text such that its Flesch-Kincaid Grade Level (FKGL) score is approximately equal to that specified in the control token prepended to your generated simplification. The control token has the following format: <METRIC=VALUE>. The control token prepended to the source text indicates the FKGL value of the source text. 
SOURCE TEXT: <FKGL=11.9> Small- bowel transplantation is advocated for patients who are not candidates for long- term TPN and in whom adaptation does not occur.
EXPLANATION: The <FKGL=11.5> token specifies that the target Flesch-Kincaid Grade Level should be approximately 11.5. Lower values indicate simpler text.<|eot_id|><|start_header_id|>assistant<|end_header_id|>

<FKGL=11.5><|eot_id|>
>>> Reference:
Small intestine transplantation is an alternative for people who do not adapt to their short bowel and who can not tolerate long- term TPN. <|eot_id|>
>>> Prediction:
In patients who are not candidates for long-term TPN and in whom adaptation does not occur, small bowel transplantation may be performed. 
================================================================================

>>> [Step 100] Prompt:
<|begin_of_text|><|start_header_id|>system<|end_header_id|>

Cutting Knowledge Date: December 2023
Today Date: 18 May 2025

You are a helpful expert in text simplification. You generate a simplified version of the text input by the user. You simplify the text according to the instructions given by the user. When asked to simplify a text, generate only the requested simplification, without any additional comments, notes or explanations.<|eot_id|><|start_header_id|>user<|end_header_id|>

INSTRUCTION: Simplify the following text such that its Flesch-Kincaid Grade Level (FKGL) score is approximately equal to that specified in the control token prepended to your generated simplification. The control token has the following format: <METRIC=VALUE>. The control token prepended to the source text indicates the FKGL value of the source text. 
SOURCE TEXT: <FKGL=16.1> From 1941 to 1945, almost 20,000 Soviet prisoners of war and a further 50,000 inmates died there, with up to 35,000 of them dying of typhus in the first few months of 1945, shortly before and after the liberation.
EXPLANATION: The <FKGL=5.2> token specifies that the target Flesch-Kincaid Grade Level should be approximately 5.2. Lower values indicate simpler text.<|eot_id|><|start_header_id|>assistant<|end_header_id|>

<FKGL=5.2><|eot_id|>
>>> Reference:
Many people died of typhus. <|eot_id|>
>>> Prediction:
The Soviet Union imprisoned over 1.6 million German soldiers, and about 20,000 to 50,000 prisoners of war died there. 
================================================================================

>>> [Step 100] Prompt:
<|begin_of_text|><|start_header_id|>system<|end_header_id|>

Cutting Knowledge Date: December 2023
Today Date: 18 May 2025

You are a helpful expert in text simplification. You generate a simplified version of the text input by the user. You simplify the text according to the instructions given by the user. When asked to simplify a text, generate only the requested simplification, without any additional comments, notes or explanations.<|eot_id|><|start_header_id|>user<|end_header_id|>

INSTRUCTION: Simplify the following text such that its Flesch-Kincaid Grade Level (FKGL) score is approximately equal to that specified in the control token prepended to your generated simplification. The control token has the following format: <METRIC=VALUE>. The control token prepended to the source text indicates the FKGL value of the source text. 
SOURCE TEXT: <FKGL=19.7> There is little support for increased fight-or-flight response or failure of habituation in autism; there is more evidence of decreased responsiveness to sensory stimuli, although several studies show no differences.
EXPLANATION: The <FKGL=3.7> token specifies that the target Flesch-Kincaid Grade Level should be approximately 3.7. Lower values indicate simpler text.<|eot_id|><|start_header_id|>assistant<|end_header_id|>

<FKGL=3.7><|eot_id|>
>>> Reference:
There are many symptoms. <|eot_id|>
>>> Prediction:
The symptoms of autism do not include an overactive fight-or-flight response (or "fight or flight") or a failure to habituate (or become desensitized) to stimuli. 
================================================================================
{'loss': 0.62, 'grad_norm': 9.994180679321289, 'learning_rate': 7.775827023107835e-07, 'epoch': 2.38}
{'eval_loss': 1.2999135255813599, 'eval_runtime': 1.9204, 'eval_samples_per_second': 45.304, 'eval_steps_per_second': 11.456, 'epoch': 2.38}
{'loss': 0.6771, 'grad_norm': 12.1022367477417, 'learning_rate': 2.7440387297912126e-07, 'epoch': 2.62}
{'eval_loss': 1.3272602558135986, 'eval_runtime': 1.8869, 'eval_samples_per_second': 46.107, 'eval_steps_per_second': 11.659, 'epoch': 2.62}
{'train_runtime': 371.8544, 'train_samples_per_second': 5.381, 'train_steps_per_second': 0.331, 'train_loss': 1.255724846233021, 'epoch': 2.62}
Evaluation results: {'eval_loss': 1.2400497198104858, 'eval_runtime': 1.9147, 'eval_samples_per_second': 45.437, 'eval_steps_per_second': 11.49, 'epoch': 2.622754491017964}
*** Finetuning meta-llama/Llama-3.2-1B-Instruct with Med-EASi_hq and DALE-CHALL, ***
torch.cuda.is_bf16_supported: True
Transformers version: 4.51.0
Python path: /home/hhubar/data/conda/envs/sft/bin/python
Not using PEFT...

Run arguments:
Namespace(model_class='llama', model_family='base', model_name='meta-llama/Llama-3.2-1B-Instruct', dataset_name='Med-EASi_hq', slice_train=-1, slice_val=-1, batch_size=4, eval_batch_size=4, gradient_accumulation_steps=4, learning_rate=5e-06, weight_decay=0.01, warmup_steps=30, max_grad_norm=0.5, epochs=3, max_length=512, logging_steps=10, wandb_project_name='ATS_with_control_tokens', wandb_entity='shtosti', generate_every=20, seed=42, patience=3, prompting_type='vanilla', user_prompt_id='token_explanation', metric_name='DALE-CHALL,', control_tokens='data/prompts/control_tokens.json', system_prompts='data/prompts/system_prompts.json', user_prompts='data/prompts/user_prompts.json', metric_mapping='data/metric_mapping.json', peft=False, lora_r=8, lora_dropout=0.1)

Saving to: ./models/Llama-3.2-1B-Instruct-Med-EASi_hq-DALE-CHALL,-token_explanation-20250518-172400

*** Finetuning Llama-3.2-1B-Instruct with Med-EASi_hq ***

CUDA available: True
Number of GPUs: 1
GPU name: NVIDIA A100-SXM4-80GB
[1;34mwandb[0m: 
[1;34mwandb[0m: 🚀 View run [33mazure-bee-79[0m at: [34mhttps://wandb.ai/shtosti/ATS_with_control_tokens/runs/faw6nmzp[0m
[1;34mwandb[0m: Find logs at: [1;35m../../../../scratch/hhubar/keep-it-simple/wandb/run-20250518_172359-faw6nmzp/logs[0m
*** Finetuning meta-llama/Llama-3.2-1B-Instruct with Med-EASi_hq and CHAR_COMPRESSION, ***
torch.cuda.is_bf16_supported: True
Transformers version: 4.51.0
Python path: /home/hhubar/data/conda/envs/sft/bin/python
Not using PEFT...

Run arguments:
Namespace(model_class='llama', model_family='base', model_name='meta-llama/Llama-3.2-1B-Instruct', dataset_name='Med-EASi_hq', slice_train=-1, slice_val=-1, batch_size=4, eval_batch_size=4, gradient_accumulation_steps=4, learning_rate=5e-06, weight_decay=0.01, warmup_steps=30, max_grad_norm=0.5, epochs=3, max_length=512, logging_steps=10, wandb_project_name='ATS_with_control_tokens', wandb_entity='shtosti', generate_every=20, seed=42, patience=3, prompting_type='vanilla', user_prompt_id='token_explanation', metric_name='CHAR_COMPRESSION,', control_tokens='data/prompts/control_tokens.json', system_prompts='data/prompts/system_prompts.json', user_prompts='data/prompts/user_prompts.json', metric_mapping='data/metric_mapping.json', peft=False, lora_r=8, lora_dropout=0.1)

Saving to: ./models/Llama-3.2-1B-Instruct-Med-EASi_hq-CHAR_COMPRESSION,-token_explanation-20250518-172411

*** Finetuning Llama-3.2-1B-Instruct with Med-EASi_hq ***

CUDA available: True
Number of GPUs: 1
GPU name: NVIDIA A100-SXM4-80GB
[1;34mwandb[0m: 
[1;34mwandb[0m: 🚀 View run [33myoung-dew-80[0m at: [34mhttps://wandb.ai/shtosti/ATS_with_control_tokens/runs/k713aaha[0m
[1;34mwandb[0m: Find logs at: [1;35m../../../../scratch/hhubar/keep-it-simple/wandb/run-20250518_172409-k713aaha/logs[0m
*** Finetuning meta-llama/Llama-3.2-1B-Instruct with Med-EASi_hq and WORD_COMPRESSION ***
torch.cuda.is_bf16_supported: True
Transformers version: 4.51.0
Python path: /home/hhubar/data/conda/envs/sft/bin/python
Not using PEFT...

Run arguments:
Namespace(model_class='llama', model_family='base', model_name='meta-llama/Llama-3.2-1B-Instruct', dataset_name='Med-EASi_hq', slice_train=-1, slice_val=-1, batch_size=4, eval_batch_size=4, gradient_accumulation_steps=4, learning_rate=5e-06, weight_decay=0.01, warmup_steps=30, max_grad_norm=0.5, epochs=3, max_length=512, logging_steps=10, wandb_project_name='ATS_with_control_tokens', wandb_entity='shtosti', generate_every=20, seed=42, patience=3, prompting_type='vanilla', user_prompt_id='token_explanation', metric_name='WORD_COMPRESSION', control_tokens='data/prompts/control_tokens.json', system_prompts='data/prompts/system_prompts.json', user_prompts='data/prompts/user_prompts.json', metric_mapping='data/metric_mapping.json', peft=False, lora_r=8, lora_dropout=0.1)

Saving to: ./models/Llama-3.2-1B-Instruct-Med-EASi_hq-WORD_COMPRESSION-token_explanation-20250518-172422

*** Finetuning Llama-3.2-1B-Instruct with Med-EASi_hq ***

CUDA available: True
Number of GPUs: 1
GPU name: NVIDIA A100-SXM4-80GB
Model embedding size BEFORE resizing: 128256
Model embedding size AFTER resizing: 128257
--- DEBUG ---
trainable params:
Trainable params: 1,235,816,448 / 1,235,816,448 (100.00%)
--- tokenizer pad_token_id: 128256
--- tokenizer eos_token_id: 128009
--- special tokens:
train:	 Inspect the dataset format:
 {'global_id': ['medeasi_000335'], 'source_text': ['Pain or paresthesias may develop at the site of the bite.'], 'source_metrics': [{'FRE': 77.23, 'ARI': 4.2, 'FKGL': 5.2, 'Dale-Chall': 8.49, 'char_count': 57, 'alphanum_count': 46, 'word_count': 12, 'sentence_count': 1}], 'metadata': [{'dataset': 'medeasi', 'experiment_split': '', 'domain': 'medical', 'language': 'en', 'annotation': 'human', 'level': 'sentence'}], 'simplification_text': ['The wound from the bite may be painful or numb. Bat bites typically cause no symptoms.'], 'target_metrics': [{'FRE': 88.74, 'ARI': 3.5, 'FKGL': 2.9, 'Dale-Chall': 7.98, 'char_count': 86, 'alphanum_count': 69, 'word_count': 18, 'sentence_count': 2, 'char_compression_rate': 1.51, 'word_compression_rate': 1.5, 'sentence_compression_rate': 2.0, 'BLEU': 5.401157445454033, 'BERTScore': 0.8745869398117065}], 'simplification_version': [1], 'grade_level': [-1], 'simplification_dimensions': [{'linguistic': {'lexical': False, 'syntactic': False}}]}
validation:	 Inspect the dataset format:
 {'global_id': ['medeasi_001031'], 'source_text': ['Bed bugs have been known human parasites for thousands of years .'], 'source_metrics': [{'FRE': 77.23, 'ARI': 7.2, 'FKGL': 5.2, 'Dale-Chall': 11.36, 'char_count': 65, 'alphanum_count': 53, 'word_count': 12, 'sentence_count': 1}], 'metadata': [{'dataset': 'medeasi', 'experiment_split': '', 'domain': 'medical', 'language': 'en', 'annotation': 'human', 'level': 'sentence'}], 'simplification_text': ['Bed bugs have been known to human for thousands years .'], 'target_metrics': [{'FRE': 95.17, 'ARI': 4.8, 'FKGL': 2.5, 'Dale-Chall': 10.45, 'char_count': 55, 'alphanum_count': 44, 'word_count': 11, 'sentence_count': 1, 'char_compression_rate': 0.85, 'word_compression_rate': 0.92, 'sentence_compression_rate': 1.0, 'BLEU': 42.16120484488187, 'BERTScore': 0.9517519474029541}], 'simplification_version': [1], 'grade_level': [-1], 'simplification_dimensions': [{'linguistic': {'lexical': False, 'syntactic': False}}]}


 *** Before tokenization ***
>>> train:

Showing 1 example(s):

Example 1 (index 114)
--- Prompt:
 <|begin_of_text|><|start_header_id|>system<|end_header_id|>

Cutting Knowledge Date: December 2023
Today Date: 18 May 2025

You are a helpful expert in text simplification. You generate a simplified version of the text input by the user. You simplify the text according to the instructions given by the user. When asked to simplify a text, generate only the requested simplification, without any additional comments, notes or explanations.<|eot_id|><|start_header_id|>user<|end_header_id|>

INSTRUCTION: Simplify the following text such that the length of the output text (number of words) relative to the source text is approximately equal to the ratio specified in the control token prepended to your generated simplification. The control token has the following format: <METRIC=VALUE>. 
SOURCE TEXT: Many of these risk factors are the same as those associated with having a major symptomatic stroke.
EXPLANATION: The <WORD_COMPRESSION=0.56> token specifies that the word-level compression rate should be around 0.56. Values less than 1 indicate text reduction. Values greater than 1 indicate text expansion.<|eot_id|><|start_header_id|>assistant<|end_header_id|>

<WORD_COMPRESSION=0.56><|eot_id|>
--- Completion:
 These people did not know they had a stroke. <|eot_id|>
==================================================


 *** After tokenization ***
>>> train:

Showing 1 example(s):

Example 1 (index 25)
--- Prompt:
 <|begin_of_text|><|start_header_id|>system<|end_header_id|>

Cutting Knowledge Date: December 2023
Today Date: 18 May 2025

You are a helpful expert in text simplification. You generate a simplified version of the text input by the user. You simplify the text according to the instructions given by the user. When asked to simplify a text, generate only the requested simplification, without any additional comments, notes or explanations.<|eot_id|><|start_header_id|>user<|end_header_id|>

INSTRUCTION: Simplify the following text such that the length of the output text (number of words) relative to the source text is approximately equal to the ratio specified in the control token prepended to your generated simplification. The control token has the following format: <METRIC=VALUE>. 
SOURCE TEXT: Variola minor results in symptoms that are similar but much less severe, with a less extensive rash. Mortality rate is < 1 %.
EXPLANATION: The <WORD_COMPRESSION=1.15> token specifies that the word-level compression rate should be around 1.15. Values less than 1 indicate text reduction. Values greater than 1 indicate text expansion.<|eot_id|><|start_header_id|>assistant<|end_header_id|>

<WORD_COMPRESSION=1.15><|eot_id|>
--- Completion:
 In the less severe form, symptoms are similar but much less severe. The rash is much less extensive, and fewer than 1 % of people die. <|eot_id|>
--- input_ids:
 [128000, 128000, 128006, 9125, 128007, 271, 38766, 1303, 33025, 2696, 25, 6790, 220, 2366, 18, 198, 15724, 2696, 25, 220, 972, 3297, 220, 2366, 20, 271, 2675, 527, 264, 11190, 6335, 304, 1495, 15858, 2461, 13, 1472, 7068, 264, 44899, 2373, 315, 279, 1495, 1988, 555, 279, 1217, 13, 1472, 40821, 279, 1495, 4184, 311, 279, 11470, 2728, 555, 279, 1217, 13, 3277, 4691, 311, 40821, 264, 1495, 11, 7068, 1193, 279, 11472, 15858, 2461, 11, 2085, 904, 5217, 6170, 11, 8554, 477, 41941, 13, 128009, 128006, 882, 128007, 271, 691, 58555, 25, 62342, 1463, 279, 2768, 1495, 1778, 430, 279, 3160, 315, 279, 2612, 1495, 320, 4174, 315, 4339, 8, 8844, 311, 279, 2592, 1495, 374, 13489, 6273, 311, 279, 11595, 5300, 304, 279, 2585, 4037, 22033, 2954, 311, 701, 8066, 15858, 2461, 13, 578, 2585, 4037, 706, 279, 2768, 3645, 25, 366, 45975, 37078, 28, 24771, 14611, 720, 44098, 16139, 25, 28968, 8083, 9099, 3135, 304, 13803, 430, 527, 4528, 719, 1790, 2753, 15748, 11, 449, 264, 2753, 16781, 57342, 13, 22806, 2786, 4478, 374, 366, 220, 16, 1034, 627, 3337, 95179, 3579, 25, 578, 366, 7375, 15318, 82763, 28, 16, 13, 868, 29, 4037, 30202, 430, 279, 3492, 11852, 26168, 4478, 1288, 387, 2212, 220, 16, 13, 868, 13, 26028, 2753, 1109, 220, 16, 13519, 1495, 14278, 13, 26028, 7191, 1109, 220, 16, 13519, 1495, 14800, 13, 128009, 128006, 78191, 128007, 271, 27, 7375, 15318, 82763, 28, 16, 13, 868, 29, 128009, 128000, 644, 279, 2753, 15748, 1376, 11, 13803, 527, 4528, 719, 1790, 2753, 15748, 13, 578, 57342, 374, 1790, 2753, 16781, 11, 323, 17162, 1109, 220, 16, 1034, 315, 1274, 2815, 13, 220, 128009, 128256, 128256, 128256, 128256, 128256, 128256, 128256, 128256, 128256, 128256, 128256, 128256, 128256, 128256, 128256, 128256, 128256, 128256, 128256, 128256, 128256, 128256, 128256, 128256, 128256, 128256, 128256, 128256, 128256, 128256, 128256, 128256, 128256, 128256, 128256, 128256, 128256, 128256, 128256, 128256, 128256, 128256, 128256, 128256, 128256, 128256, 128256, 128256, 128256, 128256, 128256, 128256, 128256, 128256, 128256, 128256, 128256, 128256, 128256, 128256, 128256, 128256, 128256, 128256, 128256, 128256, 128256, 128256, 128256, 128256, 128256, 128256, 128256, 128256, 128256, 128256, 128256, 128256, 128256, 128256, 128256, 128256, 128256, 128256, 128256, 128256, 128256, 128256, 128256, 128256, 128256, 128256, 128256, 128256, 128256, 128256, 128256, 128256, 128256, 128256, 128256, 128256, 128256, 128256, 128256, 128256, 128256, 128256, 128256, 128256, 128256, 128256, 128256, 128256, 128256, 128256, 128256, 128256, 128256, 128256, 128256, 128256, 128256, 128256, 128256, 128256, 128256, 128256, 128256, 128256, 128256, 128256, 128256, 128256, 128256, 128256, 128256, 128256, 128256, 128256, 128256, 128256, 128256, 128256, 128256, 128256, 128256, 128256, 128256, 128256, 128256, 128256, 128256, 128256, 128256, 128256, 128256, 128256, 128256, 128256, 128256, 128256, 128256, 128256, 128256, 128256, 128256, 128256, 128256, 128256, 128256, 128256, 128256, 128256, 128256, 128256, 128256, 128256, 128256, 128256, 128256, 128256, 128256, 128256, 128256, 128256, 128256, 128256, 128256, 128256, 128256, 128256, 128256, 128256, 128256, 128256, 128256, 128256, 128256, 128256, 128256, 128256, 128256, 128256, 128256, 128256, 128256, 128256, 128256, 128256, 128256, 128256, 128256, 128256, 128256, 128256, 128256, 128256, 128256, 128256, 128256, 128256, 128256, 128256, 128256, 128256, 128256, 128256, 128256, 128256, 128256, 128256, 128256]
--- labels:
 [-100, -100, -100, -100, -100, -100, -100, -100, -100, -100, -100, -100, -100, -100, -100, -100, -100, -100, -100, -100, -100, -100, -100, -100, -100, -100, -100, -100, -100, -100, -100, -100, -100, -100, -100, -100, -100, -100, -100, -100, -100, -100, -100, -100, -100, -100, -100, -100, -100, -100, -100, -100, -100, -100, -100, -100, -100, -100, -100, -100, -100, -100, -100, -100, -100, -100, -100, -100, -100, -100, -100, -100, -100, -100, -100, -100, -100, -100, -100, -100, -100, -100, -100, -100, -100, -100, -100, -100, -100, -100, -100, -100, -100, -100, -100, -100, -100, -100, -100, -100, -100, -100, -100, -100, -100, -100, -100, -100, -100, -100, -100, -100, -100, -100, -100, -100, -100, -100, -100, -100, -100, -100, -100, -100, -100, -100, -100, -100, -100, -100, -100, -100, -100, -100, -100, -100, -100, -100, -100, -100, -100, -100, -100, -100, -100, -100, -100, -100, -100, -100, -100, -100, -100, -100, -100, -100, -100, -100, -100, -100, -100, -100, -100, -100, -100, -100, -100, -100, -100, -100, -100, -100, -100, -100, -100, -100, -100, -100, -100, -100, -100, -100, -100, -100, -100, -100, -100, -100, -100, -100, -100, -100, -100, -100, -100, -100, -100, -100, -100, -100, -100, -100, -100, -100, -100, -100, -100, -100, -100, -100, -100, -100, -100, -100, -100, -100, -100, -100, -100, -100, -100, -100, -100, -100, -100, -100, -100, -100, -100, -100, -100, -100, -100, -100, -100, -100, -100, -100, -100, -100, -100, -100, -100, -100, -100, 128000, 644, 279, 2753, 15748, 1376, 11, 13803, 527, 4528, 719, 1790, 2753, 15748, 13, 578, 57342, 374, 1790, 2753, 16781, 11, 323, 17162, 1109, 220, 16, 1034, 315, 1274, 2815, 13, 220, 128009, -100, -100, -100, -100, -100, -100, -100, -100, -100, -100, -100, -100, -100, -100, -100, -100, -100, -100, -100, -100, -100, -100, -100, -100, -100, -100, -100, -100, -100, -100, -100, -100, -100, -100, -100, -100, -100, -100, -100, -100, -100, -100, -100, -100, -100, -100, -100, -100, -100, -100, -100, -100, -100, -100, -100, -100, -100, -100, -100, -100, -100, -100, -100, -100, -100, -100, -100, -100, -100, -100, -100, -100, -100, -100, -100, -100, -100, -100, -100, -100, -100, -100, -100, -100, -100, -100, -100, -100, -100, -100, -100, -100, -100, -100, -100, -100, -100, -100, -100, -100, -100, -100, -100, -100, -100, -100, -100, -100, -100, -100, -100, -100, -100, -100, -100, -100, -100, -100, -100, -100, -100, -100, -100, -100, -100, -100, -100, -100, -100, -100, -100, -100, -100, -100, -100, -100, -100, -100, -100, -100, -100, -100, -100, -100, -100, -100, -100, -100, -100, -100, -100, -100, -100, -100, -100, -100, -100, -100, -100, -100, -100, -100, -100, -100, -100, -100, -100, -100, -100, -100, -100, -100, -100, -100, -100, -100, -100, -100, -100, -100, -100, -100, -100, -100, -100, -100, -100, -100, -100, -100, -100, -100, -100, -100, -100, -100, -100, -100, -100, -100, -100, -100, -100, -100, -100, -100, -100, -100, -100, -100, -100, -100, -100, -100, -100, -100, -100, -100, -100, -100, -100, -100, -100, -100, -100, -100, -100, -100, -100, -100, -100, -100, -100]
==================================================
********** DEBUG **********
Train dataset columns: ['global_id', 'source_text', 'source_metrics', 'metadata', 'simplification_text', 'target_metrics', 'simplification_version', 'grade_level', 'simplification_dimensions', 'prompt', 'completion', 'system_prompt_id', 'user_prompt_id', 'metric_name', 'source_metric_value', 'target_metric_value', 'input_ids', 'labels', 'attention_mask']
Validation dataset columns: ['global_id', 'source_text', 'source_metrics', 'metadata', 'simplification_text', 'target_metrics', 'simplification_version', 'grade_level', 'simplification_dimensions', 'prompt', 'completion', 'system_prompt_id', 'user_prompt_id', 'metric_name', 'source_metric_value', 'target_metric_value', 'input_ids', 'labels', 'attention_mask']
First 10 input_ids: [128000, 128000, 128006, 9125, 128007, 271, 38766, 1303, 33025, 2696]
First 10 labels: [-100, -100, -100, -100, -100, -100, -100, -100, -100, -100]

--- DEBUG: Explore first instance of the val set:
 {'global_id': 'medeasi_001031', 'source_text': 'Bed bugs have been known human parasites for thousands of years .', 'source_metrics': {'FRE': 77.23, 'ARI': 7.2, 'FKGL': 5.2, 'Dale-Chall': 11.36, 'char_count': 65, 'alphanum_count': 53, 'word_count': 12, 'sentence_count': 1}, 'metadata': {'dataset': 'medeasi', 'experiment_split': '', 'domain': 'medical', 'language': 'en', 'annotation': 'human', 'level': 'sentence'}, 'simplification_text': 'Bed bugs have been known to human for thousands years .', 'target_metrics': {'FRE': 95.17, 'ARI': 4.8, 'FKGL': 2.5, 'Dale-Chall': 10.45, 'char_count': 55, 'alphanum_count': 44, 'word_count': 11, 'sentence_count': 1, 'char_compression_rate': 0.85, 'word_compression_rate': 0.92, 'sentence_compression_rate': 1.0, 'BLEU': 42.16120484488187, 'BERTScore': 0.9517519474029541}, 'simplification_version': 1, 'grade_level': -1, 'simplification_dimensions': {'linguistic': {'lexical': False, 'syntactic': False}}, 'prompt': '<|begin_of_text|><|start_header_id|>system<|end_header_id|>\n\nCutting Knowledge Date: December 2023\nToday Date: 18 May 2025\n\nYou are a helpful expert in text simplification. You generate a simplified version of the text input by the user. You simplify the text according to the instructions given by the user. When asked to simplify a text, generate only the requested simplification, without any additional comments, notes or explanations.<|eot_id|><|start_header_id|>user<|end_header_id|>\n\nINSTRUCTION: Simplify the following text such that the length of the output text (number of words) relative to the source text is approximately equal to the ratio specified in the control token prepended to your generated simplification. The control token has the following format: <METRIC=VALUE>. \nSOURCE TEXT: Bed bugs have been known human parasites for thousands of years .\nEXPLANATION: The <WORD_COMPRESSION=0.92> token specifies that the word-level compression rate should be around 0.92. Values less than 1 indicate text reduction. Values greater than 1 indicate text expansion.<|eot_id|><|start_header_id|>assistant<|end_header_id|>\n\n<WORD_COMPRESSION=0.92><|eot_id|>', 'completion': 'Bed bugs have been known to human for thousands years . <|eot_id|>', 'system_prompt_id': 'sys_prompt_6', 'user_prompt_id': 'token_explanation', 'metric_name': 'WORD_COMPRESSION', 'source_metric_value': None, 'target_metric_value': 0.92, 'input_ids': [128000, 128000, 128006, 9125, 128007, 271, 38766, 1303, 33025, 2696, 25, 6790, 220, 2366, 18, 198, 15724, 2696, 25, 220, 972, 3297, 220, 2366, 20, 271, 2675, 527, 264, 11190, 6335, 304, 1495, 15858, 2461, 13, 1472, 7068, 264, 44899, 2373, 315, 279, 1495, 1988, 555, 279, 1217, 13, 1472, 40821, 279, 1495, 4184, 311, 279, 11470, 2728, 555, 279, 1217, 13, 3277, 4691, 311, 40821, 264, 1495, 11, 7068, 1193, 279, 11472, 15858, 2461, 11, 2085, 904, 5217, 6170, 11, 8554, 477, 41941, 13, 128009, 128006, 882, 128007, 271, 691, 58555, 25, 62342, 1463, 279, 2768, 1495, 1778, 430, 279, 3160, 315, 279, 2612, 1495, 320, 4174, 315, 4339, 8, 8844, 311, 279, 2592, 1495, 374, 13489, 6273, 311, 279, 11595, 5300, 304, 279, 2585, 4037, 22033, 2954, 311, 701, 8066, 15858, 2461, 13, 578, 2585, 4037, 706, 279, 2768, 3645, 25, 366, 45975, 37078, 28, 24771, 14611, 720, 44098, 16139, 25, 13394, 23367, 617, 1027, 3967, 3823, 79383, 369, 9214, 315, 1667, 16853, 3337, 95179, 3579, 25, 578, 366, 7375, 15318, 82763, 28, 15, 13, 6083, 29, 4037, 30202, 430, 279, 3492, 11852, 26168, 4478, 1288, 387, 2212, 220, 15, 13, 6083, 13, 26028, 2753, 1109, 220, 16, 13519, 1495, 14278, 13, 26028, 7191, 1109, 220, 16, 13519, 1495, 14800, 13, 128009, 128006, 78191, 128007, 271, 27, 7375, 15318, 82763, 28, 15, 13, 6083, 29, 128009, 128000, 16061, 23367, 617, 1027, 3967, 311, 3823, 369, 9214, 1667, 662, 220, 128009, 128256, 128256, 128256, 128256, 128256, 128256, 128256, 128256, 128256, 128256, 128256, 128256, 128256, 128256, 128256, 128256, 128256, 128256, 128256, 128256, 128256, 128256, 128256, 128256, 128256, 128256, 128256, 128256, 128256, 128256, 128256, 128256, 128256, 128256, 128256, 128256, 128256, 128256, 128256, 128256, 128256, 128256, 128256, 128256, 128256, 128256, 128256, 128256, 128256, 128256, 128256, 128256, 128256, 128256, 128256, 128256, 128256, 128256, 128256, 128256, 128256, 128256, 128256, 128256, 128256, 128256, 128256, 128256, 128256, 128256, 128256, 128256, 128256, 128256, 128256, 128256, 128256, 128256, 128256, 128256, 128256, 128256, 128256, 128256, 128256, 128256, 128256, 128256, 128256, 128256, 128256, 128256, 128256, 128256, 128256, 128256, 128256, 128256, 128256, 128256, 128256, 128256, 128256, 128256, 128256, 128256, 128256, 128256, 128256, 128256, 128256, 128256, 128256, 128256, 128256, 128256, 128256, 128256, 128256, 128256, 128256, 128256, 128256, 128256, 128256, 128256, 128256, 128256, 128256, 128256, 128256, 128256, 128256, 128256, 128256, 128256, 128256, 128256, 128256, 128256, 128256, 128256, 128256, 128256, 128256, 128256, 128256, 128256, 128256, 128256, 128256, 128256, 128256, 128256, 128256, 128256, 128256, 128256, 128256, 128256, 128256, 128256, 128256, 128256, 128256, 128256, 128256, 128256, 128256, 128256, 128256, 128256, 128256, 128256, 128256, 128256, 128256, 128256, 128256, 128256, 128256, 128256, 128256, 128256, 128256, 128256, 128256, 128256, 128256, 128256, 128256, 128256, 128256, 128256, 128256, 128256, 128256, 128256, 128256, 128256, 128256, 128256, 128256, 128256, 128256, 128256, 128256, 128256, 128256, 128256, 128256, 128256, 128256, 128256, 128256, 128256, 128256, 128256, 128256, 128256, 128256, 128256, 128256, 128256, 128256, 128256, 128256, 128256, 128256, 128256, 128256, 128256, 128256, 128256, 128256, 128256, 128256, 128256, 128256, 128256, 128256, 128256, 128256, 128256, 128256, 128256, 128256, 128256, 128256, 128256, 128256, 128256, 128256, 128256, 128256, 128256, 128256, 128256, 128256, 128256, 128256, 128256, 128256, 128256, 128256, 128256, 128256, 128256, 128256, 128256], 'labels': [-100, -100, -100, -100, -100, -100, -100, -100, -100, -100, -100, -100, -100, -100, -100, -100, -100, -100, -100, -100, -100, -100, -100, -100, -100, -100, -100, -100, -100, -100, -100, -100, -100, -100, -100, -100, -100, -100, -100, -100, -100, -100, -100, -100, -100, -100, -100, -100, -100, -100, -100, -100, -100, -100, -100, -100, -100, -100, -100, -100, -100, -100, -100, -100, -100, -100, -100, -100, -100, -100, -100, -100, -100, -100, -100, -100, -100, -100, -100, -100, -100, -100, -100, -100, -100, -100, -100, -100, -100, -100, -100, -100, -100, -100, -100, -100, -100, -100, -100, -100, -100, -100, -100, -100, -100, -100, -100, -100, -100, -100, -100, -100, -100, -100, -100, -100, -100, -100, -100, -100, -100, -100, -100, -100, -100, -100, -100, -100, -100, -100, -100, -100, -100, -100, -100, -100, -100, -100, -100, -100, -100, -100, -100, -100, -100, -100, -100, -100, -100, -100, -100, -100, -100, -100, -100, -100, -100, -100, -100, -100, -100, -100, -100, -100, -100, -100, -100, -100, -100, -100, -100, -100, -100, -100, -100, -100, -100, -100, -100, -100, -100, -100, -100, -100, -100, -100, -100, -100, -100, -100, -100, -100, -100, -100, -100, -100, -100, -100, -100, -100, -100, -100, -100, -100, -100, -100, -100, -100, -100, -100, -100, -100, -100, -100, -100, -100, -100, -100, -100, -100, -100, -100, -100, -100, -100, -100, -100, -100, 128000, 16061, 23367, 617, 1027, 3967, 311, 3823, 369, 9214, 1667, 662, 220, 128009, -100, -100, -100, -100, -100, -100, -100, -100, -100, -100, -100, -100, -100, -100, -100, -100, -100, -100, -100, -100, -100, -100, -100, -100, -100, -100, -100, -100, -100, -100, -100, -100, -100, -100, -100, -100, -100, -100, -100, -100, -100, -100, -100, -100, -100, -100, -100, -100, -100, -100, -100, -100, -100, -100, -100, -100, -100, -100, -100, -100, -100, -100, -100, -100, -100, -100, -100, -100, -100, -100, -100, -100, -100, -100, -100, -100, -100, -100, -100, -100, -100, -100, -100, -100, -100, -100, -100, -100, -100, -100, -100, -100, -100, -100, -100, -100, -100, -100, -100, -100, -100, -100, -100, -100, -100, -100, -100, -100, -100, -100, -100, -100, -100, -100, -100, -100, -100, -100, -100, -100, -100, -100, -100, -100, -100, -100, -100, -100, -100, -100, -100, -100, -100, -100, -100, -100, -100, -100, -100, -100, -100, -100, -100, -100, -100, -100, -100, -100, -100, -100, -100, -100, -100, -100, -100, -100, -100, -100, -100, -100, -100, -100, -100, -100, -100, -100, -100, -100, -100, -100, -100, -100, -100, -100, -100, -100, -100, -100, -100, -100, -100, -100, -100, -100, -100, -100, -100, -100, -100, -100, -100, -100, -100, -100, -100, -100, -100, -100, -100, -100, -100, -100, -100, -100, -100, -100, -100, -100, -100, -100, -100, -100, -100, -100, -100, -100, -100, -100, -100, -100, -100, -100, -100, -100, -100, -100, -100, -100, -100, -100, -100, -100, -100, -100, -100, -100, -100, -100, -100, -100, -100, -100, -100, -100, -100, -100, -100, -100, -100, -100, -100, -100, -100, -100, -100, -100, -100, -100, -100, -100, -100, -100, -100, -100, -100, -100, -100, -100, -100, -100], 'attention_mask': [1, 1, 1, 1, 1, 1, 1, 1, 1, 1, 1, 1, 1, 1, 1, 1, 1, 1, 1, 1, 1, 1, 1, 1, 1, 1, 1, 1, 1, 1, 1, 1, 1, 1, 1, 1, 1, 1, 1, 1, 1, 1, 1, 1, 1, 1, 1, 1, 1, 1, 1, 1, 1, 1, 1, 1, 1, 1, 1, 1, 1, 1, 1, 1, 1, 1, 1, 1, 1, 1, 1, 1, 1, 1, 1, 1, 1, 1, 1, 1, 1, 1, 1, 1, 1, 1, 1, 1, 1, 1, 1, 1, 1, 1, 1, 1, 1, 1, 1, 1, 1, 1, 1, 1, 1, 1, 1, 1, 1, 1, 1, 1, 1, 1, 1, 1, 1, 1, 1, 1, 1, 1, 1, 1, 1, 1, 1, 1, 1, 1, 1, 1, 1, 1, 1, 1, 1, 1, 1, 1, 1, 1, 1, 1, 1, 1, 1, 1, 1, 1, 1, 1, 1, 1, 1, 1, 1, 1, 1, 1, 1, 1, 1, 1, 1, 1, 1, 1, 1, 1, 1, 1, 1, 1, 1, 1, 1, 1, 1, 1, 1, 1, 1, 1, 1, 1, 1, 1, 1, 1, 1, 1, 1, 1, 1, 1, 1, 1, 1, 1, 1, 1, 1, 1, 1, 1, 1, 1, 1, 1, 1, 1, 1, 1, 1, 1, 1, 1, 1, 1, 1, 1, 1, 1, 1, 1, 1, 1, 1, 1, 1, 1, 1, 1, 1, 1, 1, 1, 1, 1, 1, 1, 0, 0, 0, 0, 0, 0, 0, 0, 0, 0, 0, 0, 0, 0, 0, 0, 0, 0, 0, 0, 0, 0, 0, 0, 0, 0, 0, 0, 0, 0, 0, 0, 0, 0, 0, 0, 0, 0, 0, 0, 0, 0, 0, 0, 0, 0, 0, 0, 0, 0, 0, 0, 0, 0, 0, 0, 0, 0, 0, 0, 0, 0, 0, 0, 0, 0, 0, 0, 0, 0, 0, 0, 0, 0, 0, 0, 0, 0, 0, 0, 0, 0, 0, 0, 0, 0, 0, 0, 0, 0, 0, 0, 0, 0, 0, 0, 0, 0, 0, 0, 0, 0, 0, 0, 0, 0, 0, 0, 0, 0, 0, 0, 0, 0, 0, 0, 0, 0, 0, 0, 0, 0, 0, 0, 0, 0, 0, 0, 0, 0, 0, 0, 0, 0, 0, 0, 0, 0, 0, 0, 0, 0, 0, 0, 0, 0, 0, 0, 0, 0, 0, 0, 0, 0, 0, 0, 0, 0, 0, 0, 0, 0, 0, 0, 0, 0, 0, 0, 0, 0, 0, 0, 0, 0, 0, 0, 0, 0, 0, 0, 0, 0, 0, 0, 0, 0, 0, 0, 0, 0, 0, 0, 0, 0, 0, 0, 0, 0, 0, 0, 0, 0, 0, 0, 0, 0, 0, 0, 0, 0, 0, 0, 0, 0, 0, 0, 0, 0, 0, 0, 0, 0, 0, 0, 0, 0, 0, 0, 0, 0, 0, 0, 0, 0, 0, 0, 0, 0, 0, 0, 0, 0, 0, 0, 0, 0, 0, 0, 0, 0, 0, 0, 0, 0, 0, 0, 0, 0, 0, 0, 0, 0, 0, 0, 0, 0, 0, 0, 0, 0]}
type of input_ids: <class 'list'>
type of labels: <class 'list'>

--- DEBUG: Tokenized fields ---
--- Tokenizer vocab size: 128000
--- input_ids: [128000, 128000, 128006, 9125, 128007, 271, 38766, 1303, 33025, 2696, 25, 6790, 220, 2366, 18, 198, 15724, 2696, 25, 220, 972, 3297, 220, 2366, 20, 271, 2675, 527, 264, 11190, 6335, 304, 1495, 15858, 2461, 13, 1472, 7068, 264, 44899, 2373, 315, 279, 1495, 1988, 555, 279, 1217, 13, 1472, 40821, 279, 1495, 4184, 311, 279, 11470, 2728, 555, 279, 1217, 13, 3277, 4691, 311, 40821, 264, 1495, 11, 7068, 1193, 279, 11472, 15858, 2461, 11, 2085, 904, 5217, 6170, 11, 8554, 477, 41941, 13, 128009, 128006, 882, 128007, 271, 691, 58555, 25, 62342, 1463, 279, 2768, 1495, 1778, 430, 279, 3160, 315, 279, 2612, 1495, 320, 4174, 315, 4339, 8, 8844, 311, 279, 2592, 1495, 374, 13489, 6273, 311, 279, 11595, 5300, 304, 279, 2585, 4037, 22033, 2954, 311, 701, 8066, 15858, 2461, 13, 578, 2585, 4037, 706, 279, 2768, 3645, 25, 366, 45975, 37078, 28, 24771, 14611, 720, 44098, 16139, 25, 35567, 477, 281, 15795, 17082, 3557, 1253, 2274, 520, 279, 2816, 315, 279, 23556, 627, 3337, 95179, 3579, 25, 578, 366, 7375, 15318, 82763, 28, 16, 13, 20, 29, 4037, 30202, 430, 279, 3492, 11852, 26168, 4478, 1288, 387, 2212, 220, 16, 13, 20, 13, 26028, 2753, 1109, 220, 16, 13519, 1495, 14278, 13, 26028, 7191, 1109, 220, 16, 13519, 1495, 14800, 13, 128009, 128006, 78191, 128007, 271, 27, 7375, 15318, 82763, 28, 16, 13, 20, 29, 128009, 128000, 791, 27653, 505, 279, 23556, 1253, 387, 26175, 477, 57371, 13, 16488, 49433, 11383, 5353, 912, 13803, 13, 220, 128009, 128256, 128256, 128256, 128256, 128256, 128256, 128256, 128256, 128256, 128256, 128256, 128256, 128256, 128256, 128256, 128256, 128256, 128256, 128256, 128256, 128256, 128256, 128256, 128256, 128256, 128256, 128256, 128256, 128256, 128256, 128256, 128256, 128256, 128256, 128256, 128256, 128256, 128256, 128256, 128256, 128256, 128256, 128256, 128256, 128256, 128256, 128256, 128256, 128256, 128256, 128256, 128256, 128256, 128256, 128256, 128256, 128256, 128256, 128256, 128256, 128256, 128256, 128256, 128256, 128256, 128256, 128256, 128256, 128256, 128256, 128256, 128256, 128256, 128256, 128256, 128256, 128256, 128256, 128256, 128256, 128256, 128256, 128256, 128256, 128256, 128256, 128256, 128256, 128256, 128256, 128256, 128256, 128256, 128256, 128256, 128256, 128256, 128256, 128256, 128256, 128256, 128256, 128256, 128256, 128256, 128256, 128256, 128256, 128256, 128256, 128256, 128256, 128256, 128256, 128256, 128256, 128256, 128256, 128256, 128256, 128256, 128256, 128256, 128256, 128256, 128256, 128256, 128256, 128256, 128256, 128256, 128256, 128256, 128256, 128256, 128256, 128256, 128256, 128256, 128256, 128256, 128256, 128256, 128256, 128256, 128256, 128256, 128256, 128256, 128256, 128256, 128256, 128256, 128256, 128256, 128256, 128256, 128256, 128256, 128256, 128256, 128256, 128256, 128256, 128256, 128256, 128256, 128256, 128256, 128256, 128256, 128256, 128256, 128256, 128256, 128256, 128256, 128256, 128256, 128256, 128256, 128256, 128256, 128256, 128256, 128256, 128256, 128256, 128256, 128256, 128256, 128256, 128256, 128256, 128256, 128256, 128256, 128256, 128256, 128256, 128256, 128256, 128256, 128256, 128256, 128256, 128256, 128256, 128256, 128256, 128256, 128256, 128256, 128256, 128256, 128256, 128256, 128256, 128256, 128256, 128256, 128256, 128256, 128256, 128256, 128256, 128256, 128256, 128256, 128256, 128256, 128256, 128256, 128256, 128256, 128256, 128256, 128256, 128256, 128256, 128256, 128256, 128256, 128256, 128256, 128256, 128256, 128256, 128256, 128256, 128256, 128256, 128256, 128256, 128256, 128256, 128256, 128256, 128256, 128256]
--- labels: [-100, -100, -100, -100, -100, -100, -100, -100, -100, -100, -100, -100, -100, -100, -100, -100, -100, -100, -100, -100, -100, -100, -100, -100, -100, -100, -100, -100, -100, -100, -100, -100, -100, -100, -100, -100, -100, -100, -100, -100, -100, -100, -100, -100, -100, -100, -100, -100, -100, -100, -100, -100, -100, -100, -100, -100, -100, -100, -100, -100, -100, -100, -100, -100, -100, -100, -100, -100, -100, -100, -100, -100, -100, -100, -100, -100, -100, -100, -100, -100, -100, -100, -100, -100, -100, -100, -100, -100, -100, -100, -100, -100, -100, -100, -100, -100, -100, -100, -100, -100, -100, -100, -100, -100, -100, -100, -100, -100, -100, -100, -100, -100, -100, -100, -100, -100, -100, -100, -100, -100, -100, -100, -100, -100, -100, -100, -100, -100, -100, -100, -100, -100, -100, -100, -100, -100, -100, -100, -100, -100, -100, -100, -100, -100, -100, -100, -100, -100, -100, -100, -100, -100, -100, -100, -100, -100, -100, -100, -100, -100, -100, -100, -100, -100, -100, -100, -100, -100, -100, -100, -100, -100, -100, -100, -100, -100, -100, -100, -100, -100, -100, -100, -100, -100, -100, -100, -100, -100, -100, -100, -100, -100, -100, -100, -100, -100, -100, -100, -100, -100, -100, -100, -100, -100, -100, -100, -100, -100, -100, -100, -100, -100, -100, -100, -100, -100, -100, -100, -100, -100, -100, -100, -100, -100, -100, -100, -100, -100, -100, -100, -100, 128000, 791, 27653, 505, 279, 23556, 1253, 387, 26175, 477, 57371, 13, 16488, 49433, 11383, 5353, 912, 13803, 13, 220, 128009, -100, -100, -100, -100, -100, -100, -100, -100, -100, -100, -100, -100, -100, -100, -100, -100, -100, -100, -100, -100, -100, -100, -100, -100, -100, -100, -100, -100, -100, -100, -100, -100, -100, -100, -100, -100, -100, -100, -100, -100, -100, -100, -100, -100, -100, -100, -100, -100, -100, -100, -100, -100, -100, -100, -100, -100, -100, -100, -100, -100, -100, -100, -100, -100, -100, -100, -100, -100, -100, -100, -100, -100, -100, -100, -100, -100, -100, -100, -100, -100, -100, -100, -100, -100, -100, -100, -100, -100, -100, -100, -100, -100, -100, -100, -100, -100, -100, -100, -100, -100, -100, -100, -100, -100, -100, -100, -100, -100, -100, -100, -100, -100, -100, -100, -100, -100, -100, -100, -100, -100, -100, -100, -100, -100, -100, -100, -100, -100, -100, -100, -100, -100, -100, -100, -100, -100, -100, -100, -100, -100, -100, -100, -100, -100, -100, -100, -100, -100, -100, -100, -100, -100, -100, -100, -100, -100, -100, -100, -100, -100, -100, -100, -100, -100, -100, -100, -100, -100, -100, -100, -100, -100, -100, -100, -100, -100, -100, -100, -100, -100, -100, -100, -100, -100, -100, -100, -100, -100, -100, -100, -100, -100, -100, -100, -100, -100, -100, -100, -100, -100, -100, -100, -100, -100, -100, -100, -100, -100, -100, -100, -100, -100, -100, -100, -100, -100, -100, -100, -100, -100, -100, -100, -100, -100, -100, -100, -100, -100, -100, -100, -100, -100, -100, -100, -100, -100, -100, -100, -100, -100, -100, -100, -100, -100, -100, -100, -100, -100, -100, -100, -100, -100, -100, -100, -100, -100, -100, -100, -100, -100]
--- decoded input_ids:
 <|begin_of_text|><|begin_of_text|><|start_header_id|>system<|end_header_id|>

Cutting Knowledge Date: December 2023
Today Date: 18 May 2025

You are a helpful expert in text simplification. You generate a simplified version of the text input by the user. You simplify the text according to the instructions given by the user. When asked to simplify a text, generate only the requested simplification, without any additional comments, notes or explanations.<|eot_id|><|start_header_id|>user<|end_header_id|>

INSTRUCTION: Simplify the following text such that the length of the output text (number of words) relative to the source text is approximately equal to the ratio specified in the control token prepended to your generated simplification. The control token has the following format: <METRIC=VALUE>. 
SOURCE TEXT: Pain or paresthesias may develop at the site of the bite.
EXPLANATION: The <WORD_COMPRESSION=1.5> token specifies that the word-level compression rate should be around 1.5. Values less than 1 indicate text reduction. Values greater than 1 indicate text expansion.<|eot_id|><|start_header_id|>assistant<|end_header_id|>

<WORD_COMPRESSION=1.5><|eot_id|><|begin_of_text|>The wound from the bite may be painful or numb. Bat bites typically cause no symptoms. <|eot_id|>[PAD][PAD][PAD][PAD][PAD][PAD][PAD][PAD][PAD][PAD][PAD][PAD][PAD][PAD][PAD][PAD][PAD][PAD][PAD][PAD][PAD][PAD][PAD][PAD][PAD][PAD][PAD][PAD][PAD][PAD][PAD][PAD][PAD][PAD][PAD][PAD][PAD][PAD][PAD][PAD][PAD][PAD][PAD][PAD][PAD][PAD][PAD][PAD][PAD][PAD][PAD][PAD][PAD][PAD][PAD][PAD][PAD][PAD][PAD][PAD][PAD][PAD][PAD][PAD][PAD][PAD][PAD][PAD][PAD][PAD][PAD][PAD][PAD][PAD][PAD][PAD][PAD][PAD][PAD][PAD][PAD][PAD][PAD][PAD][PAD][PAD][PAD][PAD][PAD][PAD][PAD][PAD][PAD][PAD][PAD][PAD][PAD][PAD][PAD][PAD][PAD][PAD][PAD][PAD][PAD][PAD][PAD][PAD][PAD][PAD][PAD][PAD][PAD][PAD][PAD][PAD][PAD][PAD][PAD][PAD][PAD][PAD][PAD][PAD][PAD][PAD][PAD][PAD][PAD][PAD][PAD][PAD][PAD][PAD][PAD][PAD][PAD][PAD][PAD][PAD][PAD][PAD][PAD][PAD][PAD][PAD][PAD][PAD][PAD][PAD][PAD][PAD][PAD][PAD][PAD][PAD][PAD][PAD][PAD][PAD][PAD][PAD][PAD][PAD][PAD][PAD][PAD][PAD][PAD][PAD][PAD][PAD][PAD][PAD][PAD][PAD][PAD][PAD][PAD][PAD][PAD][PAD][PAD][PAD][PAD][PAD][PAD][PAD][PAD][PAD][PAD][PAD][PAD][PAD][PAD][PAD][PAD][PAD][PAD][PAD][PAD][PAD][PAD][PAD][PAD][PAD][PAD][PAD][PAD][PAD][PAD][PAD][PAD][PAD][PAD][PAD][PAD][PAD][PAD][PAD][PAD][PAD][PAD][PAD][PAD][PAD][PAD][PAD][PAD][PAD][PAD][PAD][PAD][PAD][PAD][PAD][PAD][PAD][PAD][PAD][PAD][PAD][PAD][PAD][PAD][PAD][PAD][PAD][PAD][PAD][PAD][PAD][PAD][PAD][PAD][PAD][PAD][PAD][PAD][PAD]
--- decoded labels:
 The wound from the bite may be painful or numb. Bat bites typically cause no symptoms. 
{'loss': 2.8415, 'grad_norm': 94.84711456298828, 'learning_rate': 1.5e-06, 'epoch': 0.24}
{'eval_loss': 2.3900468349456787, 'eval_runtime': 1.8838, 'eval_samples_per_second': 46.183, 'eval_steps_per_second': 11.678, 'epoch': 0.24}

>>> [Step 20] Prompt:
<|begin_of_text|><|start_header_id|>system<|end_header_id|>

Cutting Knowledge Date: December 2023
Today Date: 18 May 2025

You are a helpful expert in text simplification. You generate a simplified version of the text input by the user. You simplify the text according to the instructions given by the user. When asked to simplify a text, generate only the requested simplification, without any additional comments, notes or explanations.<|eot_id|><|start_header_id|>user<|end_header_id|>

INSTRUCTION: Simplify the following text such that the length of the output text (number of words) relative to the source text is approximately equal to the ratio specified in the control token prepended to your generated simplification. The control token has the following format: <METRIC=VALUE>. 
SOURCE TEXT: Other uncommon complications include bacterial tracheitis, pneumonia, and pulmonary edema.
EXPLANATION: The <WORD_COMPRESSION=2.23> token specifies that the word-level compression rate should be around 2.23. Values less than 1 indicate text reduction. Values greater than 1 indicate text expansion.<|eot_id|><|start_header_id|>assistant<|end_header_id|>

<WORD_COMPRESSION=2.23><|eot_id|>
>>> Reference:
Other uncommon complications include bacterial tracheitis (infection of the trachea), pneumonia (lung infection), and pulmonary edema (fluid in the lungs). <|eot_id|>
>>> Prediction:
import os  # import the os module
import random  # import the random module

# define the list of diseases
diseases = ["bacterial tracheitis", "pneumonia", "pulmonary edema"]

# generate a random disease
disease = random.choice(diseases)

# define a dictionary to map the disease names to their symptoms
disease_map = {
    "bacterial tracheitis": ["chest pain", "chest tightness", "shortness of breath"],
    "pneumonia": ["fever", "cough", "fatigue"],
    "pulmonary edema": ["fluid buildup in the lungs", "shortness of breath", "swelling in the legs"]
}

# generate a random symptom
symptom = random.choice(disease_map[disease]

# print the disease and symptom
print("The patient is experiencing", disease, "which is causing", symptom)assistant

The patient is experiencing  b , . .
================================================================================

>>> [Step 20] Prompt:
<|begin_of_text|><|start_header_id|>system<|end_header_id|>

Cutting Knowledge Date: December 2023
Today Date: 18 May 2025

You are a helpful expert in text simplification. You generate a simplified version of the text input by the user. You simplify the text according to the instructions given by the user. When asked to simplify a text, generate only the requested simplification, without any additional comments, notes or explanations.<|eot_id|><|start_header_id|>user<|end_header_id|>

INSTRUCTION: Simplify the following text such that the length of the output text (number of words) relative to the source text is approximately equal to the ratio specified in the control token prepended to your generated simplification. The control token has the following format: <METRIC=VALUE>. 
SOURCE TEXT: Such burns may cause cosmetic deformities and impair growth of the teeth, mandible, and maxilla.
EXPLANATION: The <WORD_COMPRESSION=1.0> token specifies that the word-level compression rate should be around 1.0. Values less than 1 indicate text reduction. Values greater than 1 indicate text expansion.<|eot_id|><|start_header_id|>assistant<|end_header_id|>

<WORD_COMPRESSION=1.0><|eot_id|>
>>> Reference:
These burns may cause facial deformities and growth problems of the teeth, jaw, and face. <|eot_id|>
>>> Prediction:
def burn (b):
    # 1.  A burn can cause disfigurement of the skin and damage to the bone and cartilage.
    # 2.  Burns can also cause damage to the nerves and blood vessels in the skin.
    # 3.  The severity of the burn can be classified into three degrees, and the severity is based on the amount of heat energy that the skin has absorbed.
    # 4.  The first degree burns are minor, the second degree burns are moderate, and the third degree burns are severe.
================================================================================

>>> [Step 20] Prompt:
<|begin_of_text|><|start_header_id|>system<|end_header_id|>

Cutting Knowledge Date: December 2023
Today Date: 18 May 2025

You are a helpful expert in text simplification. You generate a simplified version of the text input by the user. You simplify the text according to the instructions given by the user. When asked to simplify a text, generate only the requested simplification, without any additional comments, notes or explanations.<|eot_id|><|start_header_id|>user<|end_header_id|>

INSTRUCTION: Simplify the following text such that the length of the output text (number of words) relative to the source text is approximately equal to the ratio specified in the control token prepended to your generated simplification. The control token has the following format: <METRIC=VALUE>. 
SOURCE TEXT: The pain is paroxysmal, lasting seconds up to 2 min, but attacks may recur rapidly.
EXPLANATION: The <WORD_COMPRESSION=0.72> token specifies that the word-level compression rate should be around 0.72. Values less than 1 indicate text reduction. Values greater than 1 indicate text expansion.<|eot_id|><|start_header_id|>assistant<|end_header_id|>

<WORD_COMPRESSION=0.72><|eot_id|>
>>> Reference:
The pain usually lasts seconds but may last up to 2 minutes. <|eot_id|>
>>> Prediction:
# The pain is paroxysmal, lasting for a few seconds, but it may recur quickly. 
================================================================================

>>> [Step 20] Prompt:
<|begin_of_text|><|start_header_id|>system<|end_header_id|>

Cutting Knowledge Date: December 2023
Today Date: 18 May 2025

You are a helpful expert in text simplification. You generate a simplified version of the text input by the user. You simplify the text according to the instructions given by the user. When asked to simplify a text, generate only the requested simplification, without any additional comments, notes or explanations.<|eot_id|><|start_header_id|>user<|end_header_id|>

INSTRUCTION: Simplify the following text such that the length of the output text (number of words) relative to the source text is approximately equal to the ratio specified in the control token prepended to your generated simplification. The control token has the following format: <METRIC=VALUE>. 
SOURCE TEXT: The liver may be enlarged, hard, or tender; massive hepatomegaly with easily palpable nodules signifies advanced disease.
EXPLANATION: The <WORD_COMPRESSION=0.81> token specifies that the word-level compression rate should be around 0.81. Values less than 1 indicate text reduction. Values greater than 1 indicate text expansion.<|eot_id|><|start_header_id|>assistant<|end_header_id|>

<WORD_COMPRESSION=0.81><|eot_id|>
>>> Reference:
Typically, the liver is enlarged and hard. It may feel tender and often lumpy. <|eot_id|>
>>> Prediction:
def  (  ) {  // define a function to generate the simplified text
  function  simplify  (  ) {
    var  source  =  "The liver may be enlarged, hard, or tender; massive hepatomegaly with easily palpable nodules signifies advanced disease."  // define the source text
    var  compressed  =  source. replace(  // replace words with their compression ratio
      "  " ,  "  "  )
    )  // replace words with 0.81 compression ratio
    var  words  =  source. split(  // split the text into words
      ".  "  // split the text at spaces
    )  // split the text at spaces
    var  simplified  =  ""  // initialize an empty string to store the simplified text
    var  compression  =  1  // initialize a counter to count the compression ratio
    var  i  =  0  // initialize an index to count the words
    while (  i  <  words. length  ) {  // loop through the words
      if (  i  <  2 ) {  // check if the word is the last word in the text
        simplified  +=  words[ i  ] +  " "  // add the word to the simplified text
      } else {  // if the word is not the last word

================================================================================
{'loss': 1.9826, 'grad_norm': 18.926910400390625, 'learning_rate': 3.1666666666666667e-06, 'epoch': 0.48}
{'eval_loss': 1.4909731149673462, 'eval_runtime': 1.9094, 'eval_samples_per_second': 45.563, 'eval_steps_per_second': 11.522, 'epoch': 0.48}
{'loss': 1.5124, 'grad_norm': 13.96398639678955, 'learning_rate': 4.833333333333333e-06, 'epoch': 0.72}
{'eval_loss': 1.3117625713348389, 'eval_runtime': 1.875, 'eval_samples_per_second': 46.401, 'eval_steps_per_second': 11.734, 'epoch': 0.72}

>>> [Step 40] Prompt:
<|begin_of_text|><|start_header_id|>system<|end_header_id|>

Cutting Knowledge Date: December 2023
Today Date: 18 May 2025

You are a helpful expert in text simplification. You generate a simplified version of the text input by the user. You simplify the text according to the instructions given by the user. When asked to simplify a text, generate only the requested simplification, without any additional comments, notes or explanations.<|eot_id|><|start_header_id|>user<|end_header_id|>

INSTRUCTION: Simplify the following text such that the length of the output text (number of words) relative to the source text is approximately equal to the ratio specified in the control token prepended to your generated simplification. The control token has the following format: <METRIC=VALUE>. 
SOURCE TEXT: Often, individuals have had one or more major depressive episodes.
EXPLANATION: The <WORD_COMPRESSION=0.92> token specifies that the word-level compression rate should be around 0.92. Values less than 1 indicate text reduction. Values greater than 1 indicate text expansion.<|eot_id|><|start_header_id|>assistant<|end_header_id|>

<WORD_COMPRESSION=0.92><|eot_id|>
>>> Reference:
They have also had at least one major depressive episode. <|eot_id|>
>>> Prediction:
The person may have had one or more major depressive episodes. 
================================================================================

>>> [Step 40] Prompt:
<|begin_of_text|><|start_header_id|>system<|end_header_id|>

Cutting Knowledge Date: December 2023
Today Date: 18 May 2025

You are a helpful expert in text simplification. You generate a simplified version of the text input by the user. You simplify the text according to the instructions given by the user. When asked to simplify a text, generate only the requested simplification, without any additional comments, notes or explanations.<|eot_id|><|start_header_id|>user<|end_header_id|>

INSTRUCTION: Simplify the following text such that the length of the output text (number of words) relative to the source text is approximately equal to the ratio specified in the control token prepended to your generated simplification. The control token has the following format: <METRIC=VALUE>. 
SOURCE TEXT: This is important in ecological niches where the animal can not depend on vision: for example in caves, in murky water and at night.
EXPLANATION: The <WORD_COMPRESSION=0.48> token specifies that the word-level compression rate should be around 0.48. Values less than 1 indicate text reduction. Values greater than 1 indicate text expansion.<|eot_id|><|start_header_id|>assistant<|end_header_id|>

<WORD_COMPRESSION=0.48><|eot_id|>
>>> Reference:
This is important in ecological niches where the animal can not see. <|eot_id|>
>>> Prediction:
defend themselves by hiding in caves, in murky water, or at night. 
================================================================================

>>> [Step 40] Prompt:
<|begin_of_text|><|start_header_id|>system<|end_header_id|>

Cutting Knowledge Date: December 2023
Today Date: 18 May 2025

You are a helpful expert in text simplification. You generate a simplified version of the text input by the user. You simplify the text according to the instructions given by the user. When asked to simplify a text, generate only the requested simplification, without any additional comments, notes or explanations.<|eot_id|><|start_header_id|>user<|end_header_id|>

INSTRUCTION: Simplify the following text such that the length of the output text (number of words) relative to the source text is approximately equal to the ratio specified in the control token prepended to your generated simplification. The control token has the following format: <METRIC=VALUE>. 
SOURCE TEXT: However, permanent impairment of vision is rare.
EXPLANATION: The <WORD_COMPRESSION=1.78> token specifies that the word-level compression rate should be around 1.78. Values less than 1 indicate text reduction. Values greater than 1 indicate text expansion.<|eot_id|><|start_header_id|>assistant<|end_header_id|>

<WORD_COMPRESSION=1.78><|eot_id|>
>>> Reference:
Even with the most severe dry eyes, it is rare that vision is lost. <|eot_id|>
>>> Prediction:
The most common type of cataract is the cortical cataract, which is the most common type of cataract. 
================================================================================

>>> [Step 40] Prompt:
<|begin_of_text|><|start_header_id|>system<|end_header_id|>

Cutting Knowledge Date: December 2023
Today Date: 18 May 2025

You are a helpful expert in text simplification. You generate a simplified version of the text input by the user. You simplify the text according to the instructions given by the user. When asked to simplify a text, generate only the requested simplification, without any additional comments, notes or explanations.<|eot_id|><|start_header_id|>user<|end_header_id|>

INSTRUCTION: Simplify the following text such that the length of the output text (number of words) relative to the source text is approximately equal to the ratio specified in the control token prepended to your generated simplification. The control token has the following format: <METRIC=VALUE>. 
SOURCE TEXT: Larger cancers are more likely to bleed spontaneously and may cause a foul- smelling vaginal discharge or pelvic pain.
EXPLANATION: The <WORD_COMPRESSION=1.15> token specifies that the word-level compression rate should be around 1.15. Values less than 1 indicate text reduction. Values greater than 1 indicate text expansion.<|eot_id|><|start_header_id|>assistant<|end_header_id|>

<WORD_COMPRESSION=1.15><|eot_id|>
>>> Reference:
Large cancers are more likely to bleed and may cause a foul-smelling discharge from the vagina and pain in the pelvic area. <|eot_id|>
>>> Prediction:
# Larger cancers may bleed and may cause a foul- smelling vaginal discharge. 
================================================================================
{'loss': 1.3979, 'grad_norm': 11.269311904907227, 'learning_rate': 4.8853481410001225e-06, 'epoch': 0.96}
{'eval_loss': 1.2697927951812744, 'eval_runtime': 1.8828, 'eval_samples_per_second': 46.208, 'eval_steps_per_second': 11.685, 'epoch': 0.96}
{'loss': 1.0564, 'grad_norm': 8.038826942443848, 'learning_rate': 4.502502736173462e-06, 'epoch': 1.19}
{'eval_loss': 1.2629995346069336, 'eval_runtime': 1.8786, 'eval_samples_per_second': 46.311, 'eval_steps_per_second': 11.711, 'epoch': 1.19}

>>> [Step 60] Prompt:
<|begin_of_text|><|start_header_id|>system<|end_header_id|>

Cutting Knowledge Date: December 2023
Today Date: 18 May 2025

You are a helpful expert in text simplification. You generate a simplified version of the text input by the user. You simplify the text according to the instructions given by the user. When asked to simplify a text, generate only the requested simplification, without any additional comments, notes or explanations.<|eot_id|><|start_header_id|>user<|end_header_id|>

INSTRUCTION: Simplify the following text such that the length of the output text (number of words) relative to the source text is approximately equal to the ratio specified in the control token prepended to your generated simplification. The control token has the following format: <METRIC=VALUE>. 
SOURCE TEXT: Clinical evaluation. Diagnosis is primarily clinical.
EXPLANATION: The <WORD_COMPRESSION=0.5> token specifies that the word-level compression rate should be around 0.5. Values less than 1 indicate text reduction. Values greater than 1 indicate text expansion.<|eot_id|><|start_header_id|>assistant<|end_header_id|>

<WORD_COMPRESSION=0.5><|eot_id|>
>>> Reference:
A doctor 's evaluation <|eot_id|>
>>> Prediction:
The diagnosis is based on the symptoms. 
================================================================================

>>> [Step 60] Prompt:
<|begin_of_text|><|start_header_id|>system<|end_header_id|>

Cutting Knowledge Date: December 2023
Today Date: 18 May 2025

You are a helpful expert in text simplification. You generate a simplified version of the text input by the user. You simplify the text according to the instructions given by the user. When asked to simplify a text, generate only the requested simplification, without any additional comments, notes or explanations.<|eot_id|><|start_header_id|>user<|end_header_id|>

INSTRUCTION: Simplify the following text such that the length of the output text (number of words) relative to the source text is approximately equal to the ratio specified in the control token prepended to your generated simplification. The control token has the following format: <METRIC=VALUE>. 
SOURCE TEXT: Scar formation, the accumulation of excess fibrous connective tissue ( the process called fibrosis ), leads to thickening of the walls, and causes reduced oxygen supply in the blood.
EXPLANATION: The <WORD_COMPRESSION=1.0> token specifies that the word-level compression rate should be around 1.0. Values less than 1 indicate text reduction. Values greater than 1 indicate text expansion.<|eot_id|><|start_header_id|>assistant<|end_header_id|>

<WORD_COMPRESSION=1.0><|eot_id|>
>>> Reference:
Scar formation, the addition of extra fibrous connective tissue ( the process called fibrosis ), leads to thickening of the walls, and causes low oxygen supply in the blood. <|eot_id|>
>>> Prediction:
The skin may become thickened and leathery. 
================================================================================

>>> [Step 60] Prompt:
<|begin_of_text|><|start_header_id|>system<|end_header_id|>

Cutting Knowledge Date: December 2023
Today Date: 18 May 2025

You are a helpful expert in text simplification. You generate a simplified version of the text input by the user. You simplify the text according to the instructions given by the user. When asked to simplify a text, generate only the requested simplification, without any additional comments, notes or explanations.<|eot_id|><|start_header_id|>user<|end_header_id|>

INSTRUCTION: Simplify the following text such that the length of the output text (number of words) relative to the source text is approximately equal to the ratio specified in the control token prepended to your generated simplification. The control token has the following format: <METRIC=VALUE>. 
SOURCE TEXT: Bilateral pain is particularly common in those who have migraines without an aura.
EXPLANATION: The <WORD_COMPRESSION=1.29> token specifies that the word-level compression rate should be around 1.29. Values less than 1 indicate text reduction. Values greater than 1 indicate text expansion.<|eot_id|><|start_header_id|>assistant<|end_header_id|>

<WORD_COMPRESSION=1.29><|eot_id|>
>>> Reference:
Being a female is a risk factor, and so is having family members who had migraines. <|eot_id|>
>>> Prediction:
The pain of migraines can be felt on both sides of the head. 
================================================================================

>>> [Step 60] Prompt:
<|begin_of_text|><|start_header_id|>system<|end_header_id|>

Cutting Knowledge Date: December 2023
Today Date: 18 May 2025

You are a helpful expert in text simplification. You generate a simplified version of the text input by the user. You simplify the text according to the instructions given by the user. When asked to simplify a text, generate only the requested simplification, without any additional comments, notes or explanations.<|eot_id|><|start_header_id|>user<|end_header_id|>

INSTRUCTION: Simplify the following text such that the length of the output text (number of words) relative to the source text is approximately equal to the ratio specified in the control token prepended to your generated simplification. The control token has the following format: <METRIC=VALUE>. 
SOURCE TEXT: Undernutrition and vitamin A deficiency may predispose to mortality.
EXPLANATION: The <WORD_COMPRESSION=1.7> token specifies that the word-level compression rate should be around 1.7. Values less than 1 indicate text reduction. Values greater than 1 indicate text expansion.<|eot_id|><|start_header_id|>assistant<|end_header_id|>

<WORD_COMPRESSION=1.7><|eot_id|>
>>> Reference:
Undernutrition and vitamin A deficiency may increase the risk of death in people infected with measles. <|eot_id|>
>>> Prediction:
The lack of vitamin A can cause night blindness. 
================================================================================
{'loss': 1.0362, 'grad_norm': 9.73721694946289, 'learning_rate': 3.893311157806091e-06, 'epoch': 1.43}
{'eval_loss': 1.2681530714035034, 'eval_runtime': 1.8769, 'eval_samples_per_second': 46.354, 'eval_steps_per_second': 11.722, 'epoch': 1.43}
{'loss': 0.9845, 'grad_norm': 9.477433204650879, 'learning_rate': 3.1266313306468018e-06, 'epoch': 1.67}
{'eval_loss': 1.258959174156189, 'eval_runtime': 1.8796, 'eval_samples_per_second': 46.286, 'eval_steps_per_second': 11.704, 'epoch': 1.67}

>>> [Step 80] Prompt:
<|begin_of_text|><|start_header_id|>system<|end_header_id|>

Cutting Knowledge Date: December 2023
Today Date: 18 May 2025

You are a helpful expert in text simplification. You generate a simplified version of the text input by the user. You simplify the text according to the instructions given by the user. When asked to simplify a text, generate only the requested simplification, without any additional comments, notes or explanations.<|eot_id|><|start_header_id|>user<|end_header_id|>

INSTRUCTION: Simplify the following text such that the length of the output text (number of words) relative to the source text is approximately equal to the ratio specified in the control token prepended to your generated simplification. The control token has the following format: <METRIC=VALUE>. 
SOURCE TEXT: Similar improvements have been reported for other cognitions such as semantic and episodic memory.
EXPLANATION: The <WORD_COMPRESSION=0.93> token specifies that the word-level compression rate should be around 0.93. Values less than 1 indicate text reduction. Values greater than 1 indicate text expansion.<|eot_id|><|start_header_id|>assistant<|end_header_id|>

<WORD_COMPRESSION=0.93><|eot_id|>
>>> Reference:
A similar effect has been found with increases in semantic and episodic memory. <|eot_id|>
>>> Prediction:
In addition to these improvements, the same kinds of problems can be made to other kinds of memories, such as semantic and episodic memory. 
================================================================================

>>> [Step 80] Prompt:
<|begin_of_text|><|start_header_id|>system<|end_header_id|>

Cutting Knowledge Date: December 2023
Today Date: 18 May 2025

You are a helpful expert in text simplification. You generate a simplified version of the text input by the user. You simplify the text according to the instructions given by the user. When asked to simplify a text, generate only the requested simplification, without any additional comments, notes or explanations.<|eot_id|><|start_header_id|>user<|end_header_id|>

INSTRUCTION: Simplify the following text such that the length of the output text (number of words) relative to the source text is approximately equal to the ratio specified in the control token prepended to your generated simplification. The control token has the following format: <METRIC=VALUE>. 
SOURCE TEXT: In one third of patients, the liver is enlarged and smooth, but it is not usually tender.
EXPLANATION: The <WORD_COMPRESSION=0.9> token specifies that the word-level compression rate should be around 0.9. Values less than 1 indicate text reduction. Values greater than 1 indicate text expansion.<|eot_id|><|start_header_id|>assistant<|end_header_id|>

<WORD_COMPRESSION=0.9><|eot_id|>
>>> Reference:
In one third of people, the liver is enlarged and smooth but is not usually tender. <|eot_id|>
>>> Prediction:
The liver may be enlarged and smooth, but it is not usually tender. 
================================================================================

>>> [Step 80] Prompt:
<|begin_of_text|><|start_header_id|>system<|end_header_id|>

Cutting Knowledge Date: December 2023
Today Date: 18 May 2025

You are a helpful expert in text simplification. You generate a simplified version of the text input by the user. You simplify the text according to the instructions given by the user. When asked to simplify a text, generate only the requested simplification, without any additional comments, notes or explanations.<|eot_id|><|start_header_id|>user<|end_header_id|>

INSTRUCTION: Simplify the following text such that the length of the output text (number of words) relative to the source text is approximately equal to the ratio specified in the control token prepended to your generated simplification. The control token has the following format: <METRIC=VALUE>. 
SOURCE TEXT: The pain is paroxysmal, lasting seconds up to 2 min, but attacks may recur rapidly.
EXPLANATION: The <WORD_COMPRESSION=0.72> token specifies that the word-level compression rate should be around 0.72. Values less than 1 indicate text reduction. Values greater than 1 indicate text expansion.<|eot_id|><|start_header_id|>assistant<|end_header_id|>

<WORD_COMPRESSION=0.72><|eot_id|>
>>> Reference:
The pain usually lasts seconds but may last up to 2 minutes. <|eot_id|>
>>> Prediction:
The pain is paroxysmal, lasting seconds up to 2 min, but attacks may recur rapidly. 
================================================================================

>>> [Step 80] Prompt:
<|begin_of_text|><|start_header_id|>system<|end_header_id|>

Cutting Knowledge Date: December 2023
Today Date: 18 May 2025

You are a helpful expert in text simplification. You generate a simplified version of the text input by the user. You simplify the text according to the instructions given by the user. When asked to simplify a text, generate only the requested simplification, without any additional comments, notes or explanations.<|eot_id|><|start_header_id|>user<|end_header_id|>

INSTRUCTION: Simplify the following text such that the length of the output text (number of words) relative to the source text is approximately equal to the ratio specified in the control token prepended to your generated simplification. The control token has the following format: <METRIC=VALUE>. 
SOURCE TEXT: Bilateral pain is particularly common in those who have migraines without an aura.
EXPLANATION: The <WORD_COMPRESSION=1.29> token specifies that the word-level compression rate should be around 1.29. Values less than 1 indicate text reduction. Values greater than 1 indicate text expansion.<|eot_id|><|start_header_id|>assistant<|end_header_id|>

<WORD_COMPRESSION=1.29><|eot_id|>
>>> Reference:
Being a female is a risk factor, and so is having family members who had migraines. <|eot_id|>
>>> Prediction:
A person with migraines may have pain on both sides of the head. 
================================================================================
{'loss': 1.0889, 'grad_norm': 10.277815818786621, 'learning_rate': 2.2891223348923888e-06, 'epoch': 1.91}
{'eval_loss': 1.238645315170288, 'eval_runtime': 1.8829, 'eval_samples_per_second': 46.206, 'eval_steps_per_second': 11.684, 'epoch': 1.91}
{'loss': 0.8711, 'grad_norm': 9.171212196350098, 'learning_rate': 1.475449188008532e-06, 'epoch': 2.14}
{'eval_loss': 1.2493817806243896, 'eval_runtime': 1.8736, 'eval_samples_per_second': 46.434, 'eval_steps_per_second': 11.742, 'epoch': 2.14}

>>> [Step 100] Prompt:
<|begin_of_text|><|start_header_id|>system<|end_header_id|>

Cutting Knowledge Date: December 2023
Today Date: 18 May 2025

You are a helpful expert in text simplification. You generate a simplified version of the text input by the user. You simplify the text according to the instructions given by the user. When asked to simplify a text, generate only the requested simplification, without any additional comments, notes or explanations.<|eot_id|><|start_header_id|>user<|end_header_id|>

INSTRUCTION: Simplify the following text such that the length of the output text (number of words) relative to the source text is approximately equal to the ratio specified in the control token prepended to your generated simplification. The control token has the following format: <METRIC=VALUE>. 
SOURCE TEXT: Worldwide, 0.05-2 % of the population is estimated to have anaphylaxis at some point in life, and rates appear to be increasing.
EXPLANATION: The <WORD_COMPRESSION=0.64> token specifies that the word-level compression rate should be around 0.64. Values less than 1 indicate text reduction. Values greater than 1 indicate text expansion.<|eot_id|><|start_header_id|>assistant<|end_header_id|>

<WORD_COMPRESSION=0.64><|eot_id|>
>>> Reference:
Worldwide, about 0.05-2 % of people have anaphylaxis at some point in their lives. <|eot_id|>
>>> Prediction:
The exact cause of anaphylaxis is not known. 
================================================================================

>>> [Step 100] Prompt:
<|begin_of_text|><|start_header_id|>system<|end_header_id|>

Cutting Knowledge Date: December 2023
Today Date: 18 May 2025

You are a helpful expert in text simplification. You generate a simplified version of the text input by the user. You simplify the text according to the instructions given by the user. When asked to simplify a text, generate only the requested simplification, without any additional comments, notes or explanations.<|eot_id|><|start_header_id|>user<|end_header_id|>

INSTRUCTION: Simplify the following text such that the length of the output text (number of words) relative to the source text is approximately equal to the ratio specified in the control token prepended to your generated simplification. The control token has the following format: <METRIC=VALUE>. 
SOURCE TEXT: Small- bowel transplantation is advocated for patients who are not candidates for long- term TPN and in whom adaptation does not occur.
EXPLANATION: The <WORD_COMPRESSION=1.09> token specifies that the word-level compression rate should be around 1.09. Values less than 1 indicate text reduction. Values greater than 1 indicate text expansion.<|eot_id|><|start_header_id|>assistant<|end_header_id|>

<WORD_COMPRESSION=1.09><|eot_id|>
>>> Reference:
Small intestine transplantation is an alternative for people who do not adapt to their short bowel and who can not tolerate long- term TPN. <|eot_id|>
>>> Prediction:
It is advocated for patients who are not candidates for long-term TPN and in whom adaptation does not occur. 
================================================================================

>>> [Step 100] Prompt:
<|begin_of_text|><|start_header_id|>system<|end_header_id|>

Cutting Knowledge Date: December 2023
Today Date: 18 May 2025

You are a helpful expert in text simplification. You generate a simplified version of the text input by the user. You simplify the text according to the instructions given by the user. When asked to simplify a text, generate only the requested simplification, without any additional comments, notes or explanations.<|eot_id|><|start_header_id|>user<|end_header_id|>

INSTRUCTION: Simplify the following text such that the length of the output text (number of words) relative to the source text is approximately equal to the ratio specified in the control token prepended to your generated simplification. The control token has the following format: <METRIC=VALUE>. 
SOURCE TEXT: From 1941 to 1945, almost 20,000 Soviet prisoners of war and a further 50,000 inmates died there, with up to 35,000 of them dying of typhus in the first few months of 1945, shortly before and after the liberation.
EXPLANATION: The <WORD_COMPRESSION=0.14> token specifies that the word-level compression rate should be around 0.14. Values less than 1 indicate text reduction. Values greater than 1 indicate text expansion.<|eot_id|><|start_header_id|>assistant<|end_header_id|>

<WORD_COMPRESSION=0.14><|eot_id|>
>>> Reference:
Many people died of typhus. <|eot_id|>
>>> Prediction:
The Soviet Union captured 3.5 million German soldiers and civilians, and 3.3 million more died in the camps, with up to 35,000 dying of typhus in the first few months of 1945, shortly before and after the liberation. 
================================================================================

>>> [Step 100] Prompt:
<|begin_of_text|><|start_header_id|>system<|end_header_id|>

Cutting Knowledge Date: December 2023
Today Date: 18 May 2025

You are a helpful expert in text simplification. You generate a simplified version of the text input by the user. You simplify the text according to the instructions given by the user. When asked to simplify a text, generate only the requested simplification, without any additional comments, notes or explanations.<|eot_id|><|start_header_id|>user<|end_header_id|>

INSTRUCTION: Simplify the following text such that the length of the output text (number of words) relative to the source text is approximately equal to the ratio specified in the control token prepended to your generated simplification. The control token has the following format: <METRIC=VALUE>. 
SOURCE TEXT: There is little support for increased fight-or-flight response or failure of habituation in autism; there is more evidence of decreased responsiveness to sensory stimuli, although several studies show no differences.
EXPLANATION: The <WORD_COMPRESSION=0.15> token specifies that the word-level compression rate should be around 0.15. Values less than 1 indicate text reduction. Values greater than 1 indicate text expansion.<|eot_id|><|start_header_id|>assistant<|end_header_id|>

<WORD_COMPRESSION=0.15><|eot_id|>
>>> Reference:
There are many symptoms. <|eot_id|>
>>> Prediction:
The fight-or-flight response and habituation are impaired in autism. 
================================================================================
{'loss': 0.6191, 'grad_norm': 10.07429027557373, 'learning_rate': 7.775827023107835e-07, 'epoch': 2.38}
{'eval_loss': 1.3068591356277466, 'eval_runtime': 1.9379, 'eval_samples_per_second': 44.894, 'eval_steps_per_second': 11.353, 'epoch': 2.38}
{'loss': 0.6809, 'grad_norm': 12.80717945098877, 'learning_rate': 2.7440387297912126e-07, 'epoch': 2.62}
{'eval_loss': 1.3444384336471558, 'eval_runtime': 1.9257, 'eval_samples_per_second': 45.178, 'eval_steps_per_second': 11.424, 'epoch': 2.62}
{'train_runtime': 369.9519, 'train_samples_per_second': 5.409, 'train_steps_per_second': 0.332, 'train_loss': 1.2792273434725674, 'epoch': 2.62}
Evaluation results: {'eval_loss': 1.238645315170288, 'eval_runtime': 1.9093, 'eval_samples_per_second': 45.566, 'eval_steps_per_second': 11.522, 'epoch': 2.622754491017964}
*** Finetuning meta-llama/Llama-3.2-1B-Instruct with SimPA_hq and ARI ***
torch.cuda.is_bf16_supported: True
Transformers version: 4.51.0
Python path: /home/hhubar/data/conda/envs/sft/bin/python
Not using PEFT...

Run arguments:
Namespace(model_class='llama', model_family='base', model_name='meta-llama/Llama-3.2-1B-Instruct', dataset_name='SimPA_hq', slice_train=-1, slice_val=-1, batch_size=4, eval_batch_size=4, gradient_accumulation_steps=4, learning_rate=5e-06, weight_decay=0.01, warmup_steps=30, max_grad_norm=0.5, epochs=3, max_length=512, logging_steps=10, wandb_project_name='ATS_with_control_tokens', wandb_entity='shtosti', generate_every=20, seed=42, patience=3, prompting_type='vanilla', user_prompt_id='token_explanation', metric_name='ARI', control_tokens='data/prompts/control_tokens.json', system_prompts='data/prompts/system_prompts.json', user_prompts='data/prompts/user_prompts.json', metric_mapping='data/metric_mapping.json', peft=False, lora_r=8, lora_dropout=0.1)

Saving to: ./models/Llama-3.2-1B-Instruct-SimPA_hq-ARI-token_explanation-20250518-173059

*** Finetuning Llama-3.2-1B-Instruct with SimPA_hq ***

CUDA available: True
Number of GPUs: 1
GPU name: NVIDIA A100-SXM4-80GB
Model embedding size BEFORE resizing: 128256
Model embedding size AFTER resizing: 128257
--- DEBUG ---
trainable params:
Trainable params: 1,235,816,448 / 1,235,816,448 (100.00%)
--- tokenizer pad_token_id: 128256
--- tokenizer eos_token_id: 128009
--- special tokens:
train:	 Inspect the dataset format:
 {'global_id': ['simpa_syntactic_001037'], 'source_text': ["Sheffield Wednesday Football Club, also known as' The Owls' (so-called because the team played at Owlerton from 1899) formed in 1867 in Sheffield."], 'source_metrics': [{'FRE': 73.51, 'ARI': 15.5, 'FKGL': 8.7, 'Dale-Chall': 10.96, 'char_count': 146, 'alphanum_count': 109, 'word_count': 29, 'sentence_count': 1}], 'metadata': [{'dataset': 'simpa_syntactic', 'experiment_split': '', 'domain': 'public_administration', 'language': 'en', 'annotation': 'human', 'level': 'sentence'}], 'simplification_text': ['Sheffield Wednesday Football Club formed in 1867 in Sheffield. It is also known as \'The Owls,\' because the team played at somewhere called "Owlerton" from 1899.'], 'target_metrics': [{'FRE': 83.66, 'ARI': 9.5, 'FKGL': 4.8, 'Dale-Chall': 10.35, 'char_count': 160, 'alphanum_count': 120, 'word_count': 32, 'sentence_count': 2, 'char_compression_rate': 1.1, 'word_compression_rate': 1.1, 'sentence_compression_rate': 2.0, 'BLEU': 36.82794970421355, 'BERTScore': 0.9473864436149597}], 'simplification_version': [1], 'grade_level': [-1], 'simplification_dimensions': [{'linguistic': {'lexical': False, 'syntactic': True}}]}
validation:	 Inspect the dataset format:
 {'global_id': ['simpa_syntactic_001038'], 'source_text': ['The Act has also led to the creation of the Local Access Forum and the production of the Rights Of Way Improvement Plan.'], 'source_metrics': [{'FRE': 65.05, 'ARI': 10.1, 'FKGL': 9.9, 'Dale-Chall': 9.58, 'char_count': 120, 'alphanum_count': 97, 'word_count': 24, 'sentence_count': 1}], 'metadata': [{'dataset': 'simpa_syntactic', 'experiment_split': '', 'domain': 'public_administration', 'language': 'en', 'annotation': 'human', 'level': 'sentence'}], 'simplification_text': ['The Act has also led to the setting up of the Local Access Forum and the making of the Rights Of Way Improvement Plan.'], 'target_metrics': [{'FRE': 72.5, 'ARI': 9.2, 'FKGL': 9.1, 'Dale-Chall': 8.12, 'char_count': 118, 'alphanum_count': 94, 'word_count': 25, 'sentence_count': 1, 'char_compression_rate': 0.98, 'word_compression_rate': 1.04, 'sentence_compression_rate': 1.0, 'BLEU': 73.15339097995039, 'BERTScore': 0.9857973456382751}], 'simplification_version': [1], 'grade_level': [-1], 'simplification_dimensions': [{'linguistic': {'lexical': False, 'syntactic': True}}]}


 *** Before tokenization ***
>>> train:

Showing 1 example(s):

Example 1 (index 114)
--- Prompt:
 <|begin_of_text|><|start_header_id|>system<|end_header_id|>

Cutting Knowledge Date: December 2023
Today Date: 18 May 2025

You are a helpful expert in text simplification. You generate a simplified version of the text input by the user. You simplify the text according to the instructions given by the user. When asked to simplify a text, generate only the requested simplification, without any additional comments, notes or explanations.<|eot_id|><|start_header_id|>user<|end_header_id|>

INSTRUCTION: Simplify the following text such that its Automated Readability Index (ARI) score is approximately equal to that specified in the control token prepended to your generated simplification. The control token has the following format: <METRIC=VALUE>. The control token prepended to the source text indicates the ARI value of the source text. 
SOURCE TEXT: <ARI=13.8> There is also an increasing use of the ‘narrative verdict’ which is a short factual statement of the coroner’s finding as to how the death occurred.
EXPLANATION: The <ARI=12.7> token specifies that the target Automated Readability Index (ARI) score should be approximately 12.7. Lower values indicate simpler text.<|eot_id|><|start_header_id|>assistant<|end_header_id|>

<ARI=12.7><|eot_id|>
--- Completion:
 There is also more use of the ‘narrative verdict’ which is a short factual statement of the coroner’s finding as to how the death happened. <|eot_id|>
==================================================


 *** After tokenization ***
>>> train:

Showing 1 example(s):

Example 1 (index 25)
--- Prompt:
 <|begin_of_text|><|start_header_id|>system<|end_header_id|>

Cutting Knowledge Date: December 2023
Today Date: 18 May 2025

You are a helpful expert in text simplification. You generate a simplified version of the text input by the user. You simplify the text according to the instructions given by the user. When asked to simplify a text, generate only the requested simplification, without any additional comments, notes or explanations.<|eot_id|><|start_header_id|>user<|end_header_id|>

INSTRUCTION: Simplify the following text such that its Automated Readability Index (ARI) score is approximately equal to that specified in the control token prepended to your generated simplification. The control token has the following format: <METRIC=VALUE>. The control token prepended to the source text indicates the ARI value of the source text. 
SOURCE TEXT: <ARI=12.7> We will help you to pay the fees for residential care if we think this is the kind of help you need, and if we think you can ’ t afford to pay for it yourself.
EXPLANATION: The <ARI=10.8> token specifies that the target Automated Readability Index (ARI) score should be approximately 10.8. Lower values indicate simpler text.<|eot_id|><|start_header_id|>assistant<|end_header_id|>

<ARI=10.8><|eot_id|>
--- Completion:
 We will help you to pay the fees for residential care if you can't afford to pay yourself and we think this is the kind of help you need. <|eot_id|>
--- input_ids:
 [128000, 128000, 128006, 9125, 128007, 271, 38766, 1303, 33025, 2696, 25, 6790, 220, 2366, 18, 198, 15724, 2696, 25, 220, 972, 3297, 220, 2366, 20, 271, 2675, 527, 264, 11190, 6335, 304, 1495, 15858, 2461, 13, 1472, 7068, 264, 44899, 2373, 315, 279, 1495, 1988, 555, 279, 1217, 13, 1472, 40821, 279, 1495, 4184, 311, 279, 11470, 2728, 555, 279, 1217, 13, 3277, 4691, 311, 40821, 264, 1495, 11, 7068, 1193, 279, 11472, 15858, 2461, 11, 2085, 904, 5217, 6170, 11, 8554, 477, 41941, 13, 128009, 128006, 882, 128007, 271, 691, 58555, 25, 62342, 1463, 279, 2768, 1495, 1778, 430, 1202, 95823, 4557, 2968, 8167, 320, 16412, 8, 5573, 374, 13489, 6273, 311, 430, 5300, 304, 279, 2585, 4037, 22033, 2954, 311, 701, 8066, 15858, 2461, 13, 578, 2585, 4037, 706, 279, 2768, 3645, 25, 366, 45975, 37078, 28, 24771, 14611, 578, 2585, 4037, 22033, 2954, 311, 279, 2592, 1495, 15151, 279, 362, 4403, 907, 315, 279, 2592, 1495, 13, 720, 44098, 16139, 25, 366, 16412, 28, 717, 13, 22, 29, 1226, 690, 1520, 499, 311, 2343, 279, 12718, 369, 20658, 2512, 422, 584, 1781, 420, 374, 279, 3169, 315, 1520, 499, 1205, 11, 323, 422, 584, 1781, 499, 649, 18217, 259, 10150, 311, 2343, 369, 433, 6261, 627, 3337, 95179, 3579, 25, 578, 366, 16412, 28, 605, 13, 23, 29, 4037, 30202, 430, 279, 2218, 95823, 4557, 2968, 8167, 320, 16412, 8, 5573, 1288, 387, 13489, 220, 605, 13, 23, 13, 28636, 2819, 13519, 35388, 1495, 13, 128009, 128006, 78191, 128007, 271, 27, 16412, 28, 605, 13, 23, 29, 128009, 128000, 1687, 690, 1520, 499, 311, 2343, 279, 12718, 369, 20658, 2512, 422, 499, 649, 956, 10150, 311, 2343, 6261, 323, 584, 1781, 420, 374, 279, 3169, 315, 1520, 499, 1205, 13, 220, 128009, 128256, 128256, 128256, 128256, 128256, 128256, 128256, 128256, 128256, 128256, 128256, 128256, 128256, 128256, 128256, 128256, 128256, 128256, 128256, 128256, 128256, 128256, 128256, 128256, 128256, 128256, 128256, 128256, 128256, 128256, 128256, 128256, 128256, 128256, 128256, 128256, 128256, 128256, 128256, 128256, 128256, 128256, 128256, 128256, 128256, 128256, 128256, 128256, 128256, 128256, 128256, 128256, 128256, 128256, 128256, 128256, 128256, 128256, 128256, 128256, 128256, 128256, 128256, 128256, 128256, 128256, 128256, 128256, 128256, 128256, 128256, 128256, 128256, 128256, 128256, 128256, 128256, 128256, 128256, 128256, 128256, 128256, 128256, 128256, 128256, 128256, 128256, 128256, 128256, 128256, 128256, 128256, 128256, 128256, 128256, 128256, 128256, 128256, 128256, 128256, 128256, 128256, 128256, 128256, 128256, 128256, 128256, 128256, 128256, 128256, 128256, 128256, 128256, 128256, 128256, 128256, 128256, 128256, 128256, 128256, 128256, 128256, 128256, 128256, 128256, 128256, 128256, 128256, 128256, 128256, 128256, 128256, 128256, 128256, 128256, 128256, 128256, 128256, 128256, 128256, 128256, 128256, 128256, 128256, 128256, 128256, 128256, 128256, 128256, 128256, 128256, 128256, 128256, 128256, 128256, 128256, 128256, 128256, 128256, 128256, 128256, 128256, 128256, 128256, 128256, 128256, 128256, 128256, 128256, 128256, 128256, 128256, 128256, 128256, 128256, 128256, 128256, 128256, 128256, 128256, 128256, 128256, 128256, 128256, 128256, 128256, 128256, 128256, 128256, 128256, 128256, 128256, 128256, 128256, 128256, 128256, 128256, 128256, 128256, 128256, 128256, 128256, 128256, 128256, 128256, 128256, 128256, 128256, 128256, 128256, 128256, 128256, 128256, 128256, 128256, 128256, 128256]
--- labels:
 [-100, -100, -100, -100, -100, -100, -100, -100, -100, -100, -100, -100, -100, -100, -100, -100, -100, -100, -100, -100, -100, -100, -100, -100, -100, -100, -100, -100, -100, -100, -100, -100, -100, -100, -100, -100, -100, -100, -100, -100, -100, -100, -100, -100, -100, -100, -100, -100, -100, -100, -100, -100, -100, -100, -100, -100, -100, -100, -100, -100, -100, -100, -100, -100, -100, -100, -100, -100, -100, -100, -100, -100, -100, -100, -100, -100, -100, -100, -100, -100, -100, -100, -100, -100, -100, -100, -100, -100, -100, -100, -100, -100, -100, -100, -100, -100, -100, -100, -100, -100, -100, -100, -100, -100, -100, -100, -100, -100, -100, -100, -100, -100, -100, -100, -100, -100, -100, -100, -100, -100, -100, -100, -100, -100, -100, -100, -100, -100, -100, -100, -100, -100, -100, -100, -100, -100, -100, -100, -100, -100, -100, -100, -100, -100, -100, -100, -100, -100, -100, -100, -100, -100, -100, -100, -100, -100, -100, -100, -100, -100, -100, -100, -100, -100, -100, -100, -100, -100, -100, -100, -100, -100, -100, -100, -100, -100, -100, -100, -100, -100, -100, -100, -100, -100, -100, -100, -100, -100, -100, -100, -100, -100, -100, -100, -100, -100, -100, -100, -100, -100, -100, -100, -100, -100, -100, -100, -100, -100, -100, -100, -100, -100, -100, -100, -100, -100, -100, -100, -100, -100, -100, -100, -100, -100, -100, -100, -100, -100, -100, -100, -100, -100, -100, -100, -100, -100, -100, -100, -100, -100, -100, -100, -100, -100, -100, -100, -100, -100, -100, -100, -100, -100, -100, -100, -100, -100, -100, -100, -100, -100, -100, 128000, 1687, 690, 1520, 499, 311, 2343, 279, 12718, 369, 20658, 2512, 422, 499, 649, 956, 10150, 311, 2343, 6261, 323, 584, 1781, 420, 374, 279, 3169, 315, 1520, 499, 1205, 13, 220, 128009, -100, -100, -100, -100, -100, -100, -100, -100, -100, -100, -100, -100, -100, -100, -100, -100, -100, -100, -100, -100, -100, -100, -100, -100, -100, -100, -100, -100, -100, -100, -100, -100, -100, -100, -100, -100, -100, -100, -100, -100, -100, -100, -100, -100, -100, -100, -100, -100, -100, -100, -100, -100, -100, -100, -100, -100, -100, -100, -100, -100, -100, -100, -100, -100, -100, -100, -100, -100, -100, -100, -100, -100, -100, -100, -100, -100, -100, -100, -100, -100, -100, -100, -100, -100, -100, -100, -100, -100, -100, -100, -100, -100, -100, -100, -100, -100, -100, -100, -100, -100, -100, -100, -100, -100, -100, -100, -100, -100, -100, -100, -100, -100, -100, -100, -100, -100, -100, -100, -100, -100, -100, -100, -100, -100, -100, -100, -100, -100, -100, -100, -100, -100, -100, -100, -100, -100, -100, -100, -100, -100, -100, -100, -100, -100, -100, -100, -100, -100, -100, -100, -100, -100, -100, -100, -100, -100, -100, -100, -100, -100, -100, -100, -100, -100, -100, -100, -100, -100, -100, -100, -100, -100, -100, -100, -100, -100, -100, -100, -100, -100, -100, -100, -100, -100, -100, -100, -100, -100, -100, -100, -100, -100, -100, -100, -100, -100, -100, -100, -100, -100, -100, -100, -100, -100, -100, -100, -100, -100, -100, -100, -100, -100, -100, -100, -100, -100, -100]
==================================================
********** DEBUG **********
Train dataset columns: ['global_id', 'source_text', 'source_metrics', 'metadata', 'simplification_text', 'target_metrics', 'simplification_version', 'grade_level', 'simplification_dimensions', 'prompt', 'completion', 'system_prompt_id', 'user_prompt_id', 'metric_name', 'source_metric_value', 'target_metric_value', 'input_ids', 'labels', 'attention_mask']
Validation dataset columns: ['global_id', 'source_text', 'source_metrics', 'metadata', 'simplification_text', 'target_metrics', 'simplification_version', 'grade_level', 'simplification_dimensions', 'prompt', 'completion', 'system_prompt_id', 'user_prompt_id', 'metric_name', 'source_metric_value', 'target_metric_value', 'input_ids', 'labels', 'attention_mask']
First 10 input_ids: [128000, 128000, 128006, 9125, 128007, 271, 38766, 1303, 33025, 2696]
First 10 labels: [-100, -100, -100, -100, -100, -100, -100, -100, -100, -100]

--- DEBUG: Explore first instance of the val set:
 {'global_id': 'simpa_syntactic_001038', 'source_text': 'The Act has also led to the creation of the Local Access Forum and the production of the Rights Of Way Improvement Plan.', 'source_metrics': {'FRE': 65.05, 'ARI': 10.1, 'FKGL': 9.9, 'Dale-Chall': 9.58, 'char_count': 120, 'alphanum_count': 97, 'word_count': 24, 'sentence_count': 1}, 'metadata': {'dataset': 'simpa_syntactic', 'experiment_split': '', 'domain': 'public_administration', 'language': 'en', 'annotation': 'human', 'level': 'sentence'}, 'simplification_text': 'The Act has also led to the setting up of the Local Access Forum and the making of the Rights Of Way Improvement Plan.', 'target_metrics': {'FRE': 72.5, 'ARI': 9.2, 'FKGL': 9.1, 'Dale-Chall': 8.12, 'char_count': 118, 'alphanum_count': 94, 'word_count': 25, 'sentence_count': 1, 'char_compression_rate': 0.98, 'word_compression_rate': 1.04, 'sentence_compression_rate': 1.0, 'BLEU': 73.15339097995039, 'BERTScore': 0.9857973456382751}, 'simplification_version': 1, 'grade_level': -1, 'simplification_dimensions': {'linguistic': {'lexical': False, 'syntactic': True}}, 'prompt': '<|begin_of_text|><|start_header_id|>system<|end_header_id|>\n\nCutting Knowledge Date: December 2023\nToday Date: 18 May 2025\n\nYou are a helpful expert in text simplification. You generate a simplified version of the text input by the user. You simplify the text according to the instructions given by the user. When asked to simplify a text, generate only the requested simplification, without any additional comments, notes or explanations.<|eot_id|><|start_header_id|>user<|end_header_id|>\n\nINSTRUCTION: Simplify the following text such that its Automated Readability Index (ARI) score is approximately equal to that specified in the control token prepended to your generated simplification. The control token has the following format: <METRIC=VALUE>. The control token prepended to the source text indicates the ARI value of the source text. \nSOURCE TEXT: <ARI=10.1> The Act has also led to the creation of the Local Access Forum and the production of the Rights Of Way Improvement Plan.\nEXPLANATION: The <ARI=9.2> token specifies that the target Automated Readability Index (ARI) score should be approximately 9.2. Lower values indicate simpler text.<|eot_id|><|start_header_id|>assistant<|end_header_id|>\n\n<ARI=9.2><|eot_id|>', 'completion': 'The Act has also led to the setting up of the Local Access Forum and the making of the Rights Of Way Improvement Plan. <|eot_id|>', 'system_prompt_id': 'sys_prompt_6', 'user_prompt_id': 'token_explanation', 'metric_name': 'ARI', 'source_metric_value': 10.1, 'target_metric_value': 9.2, 'input_ids': [128000, 128000, 128006, 9125, 128007, 271, 38766, 1303, 33025, 2696, 25, 6790, 220, 2366, 18, 198, 15724, 2696, 25, 220, 972, 3297, 220, 2366, 20, 271, 2675, 527, 264, 11190, 6335, 304, 1495, 15858, 2461, 13, 1472, 7068, 264, 44899, 2373, 315, 279, 1495, 1988, 555, 279, 1217, 13, 1472, 40821, 279, 1495, 4184, 311, 279, 11470, 2728, 555, 279, 1217, 13, 3277, 4691, 311, 40821, 264, 1495, 11, 7068, 1193, 279, 11472, 15858, 2461, 11, 2085, 904, 5217, 6170, 11, 8554, 477, 41941, 13, 128009, 128006, 882, 128007, 271, 691, 58555, 25, 62342, 1463, 279, 2768, 1495, 1778, 430, 1202, 95823, 4557, 2968, 8167, 320, 16412, 8, 5573, 374, 13489, 6273, 311, 430, 5300, 304, 279, 2585, 4037, 22033, 2954, 311, 701, 8066, 15858, 2461, 13, 578, 2585, 4037, 706, 279, 2768, 3645, 25, 366, 45975, 37078, 28, 24771, 14611, 578, 2585, 4037, 22033, 2954, 311, 279, 2592, 1495, 15151, 279, 362, 4403, 907, 315, 279, 2592, 1495, 13, 720, 44098, 16139, 25, 366, 16412, 28, 605, 13, 16, 29, 578, 3298, 706, 1101, 6197, 311, 279, 9886, 315, 279, 8949, 9742, 17997, 323, 279, 5788, 315, 279, 10734, 5046, 12424, 53751, 9878, 627, 3337, 95179, 3579, 25, 578, 366, 16412, 28, 24, 13, 17, 29, 4037, 30202, 430, 279, 2218, 95823, 4557, 2968, 8167, 320, 16412, 8, 5573, 1288, 387, 13489, 220, 24, 13, 17, 13, 28636, 2819, 13519, 35388, 1495, 13, 128009, 128006, 78191, 128007, 271, 27, 16412, 28, 24, 13, 17, 29, 128009, 128000, 791, 3298, 706, 1101, 6197, 311, 279, 6376, 709, 315, 279, 8949, 9742, 17997, 323, 279, 3339, 315, 279, 10734, 5046, 12424, 53751, 9878, 13, 220, 128009, 128256, 128256, 128256, 128256, 128256, 128256, 128256, 128256, 128256, 128256, 128256, 128256, 128256, 128256, 128256, 128256, 128256, 128256, 128256, 128256, 128256, 128256, 128256, 128256, 128256, 128256, 128256, 128256, 128256, 128256, 128256, 128256, 128256, 128256, 128256, 128256, 128256, 128256, 128256, 128256, 128256, 128256, 128256, 128256, 128256, 128256, 128256, 128256, 128256, 128256, 128256, 128256, 128256, 128256, 128256, 128256, 128256, 128256, 128256, 128256, 128256, 128256, 128256, 128256, 128256, 128256, 128256, 128256, 128256, 128256, 128256, 128256, 128256, 128256, 128256, 128256, 128256, 128256, 128256, 128256, 128256, 128256, 128256, 128256, 128256, 128256, 128256, 128256, 128256, 128256, 128256, 128256, 128256, 128256, 128256, 128256, 128256, 128256, 128256, 128256, 128256, 128256, 128256, 128256, 128256, 128256, 128256, 128256, 128256, 128256, 128256, 128256, 128256, 128256, 128256, 128256, 128256, 128256, 128256, 128256, 128256, 128256, 128256, 128256, 128256, 128256, 128256, 128256, 128256, 128256, 128256, 128256, 128256, 128256, 128256, 128256, 128256, 128256, 128256, 128256, 128256, 128256, 128256, 128256, 128256, 128256, 128256, 128256, 128256, 128256, 128256, 128256, 128256, 128256, 128256, 128256, 128256, 128256, 128256, 128256, 128256, 128256, 128256, 128256, 128256, 128256, 128256, 128256, 128256, 128256, 128256, 128256, 128256, 128256, 128256, 128256, 128256, 128256, 128256, 128256, 128256, 128256, 128256, 128256, 128256, 128256, 128256, 128256, 128256, 128256, 128256, 128256, 128256, 128256, 128256, 128256, 128256, 128256, 128256, 128256, 128256, 128256, 128256, 128256, 128256, 128256, 128256, 128256, 128256, 128256, 128256, 128256, 128256, 128256, 128256, 128256, 128256, 128256, 128256, 128256, 128256, 128256, 128256, 128256, 128256, 128256, 128256, 128256, 128256, 128256, 128256, 128256, 128256, 128256, 128256, 128256, 128256], 'labels': [-100, -100, -100, -100, -100, -100, -100, -100, -100, -100, -100, -100, -100, -100, -100, -100, -100, -100, -100, -100, -100, -100, -100, -100, -100, -100, -100, -100, -100, -100, -100, -100, -100, -100, -100, -100, -100, -100, -100, -100, -100, -100, -100, -100, -100, -100, -100, -100, -100, -100, -100, -100, -100, -100, -100, -100, -100, -100, -100, -100, -100, -100, -100, -100, -100, -100, -100, -100, -100, -100, -100, -100, -100, -100, -100, -100, -100, -100, -100, -100, -100, -100, -100, -100, -100, -100, -100, -100, -100, -100, -100, -100, -100, -100, -100, -100, -100, -100, -100, -100, -100, -100, -100, -100, -100, -100, -100, -100, -100, -100, -100, -100, -100, -100, -100, -100, -100, -100, -100, -100, -100, -100, -100, -100, -100, -100, -100, -100, -100, -100, -100, -100, -100, -100, -100, -100, -100, -100, -100, -100, -100, -100, -100, -100, -100, -100, -100, -100, -100, -100, -100, -100, -100, -100, -100, -100, -100, -100, -100, -100, -100, -100, -100, -100, -100, -100, -100, -100, -100, -100, -100, -100, -100, -100, -100, -100, -100, -100, -100, -100, -100, -100, -100, -100, -100, -100, -100, -100, -100, -100, -100, -100, -100, -100, -100, -100, -100, -100, -100, -100, -100, -100, -100, -100, -100, -100, -100, -100, -100, -100, -100, -100, -100, -100, -100, -100, -100, -100, -100, -100, -100, -100, -100, -100, -100, -100, -100, -100, -100, -100, -100, -100, -100, -100, -100, -100, -100, -100, -100, -100, -100, -100, -100, -100, -100, -100, -100, 128000, 791, 3298, 706, 1101, 6197, 311, 279, 6376, 709, 315, 279, 8949, 9742, 17997, 323, 279, 3339, 315, 279, 10734, 5046, 12424, 53751, 9878, 13, 220, 128009, -100, -100, -100, -100, -100, -100, -100, -100, -100, -100, -100, -100, -100, -100, -100, -100, -100, -100, -100, -100, -100, -100, -100, -100, -100, -100, -100, -100, -100, -100, -100, -100, -100, -100, -100, -100, -100, -100, -100, -100, -100, -100, -100, -100, -100, -100, -100, -100, -100, -100, -100, -100, -100, -100, -100, -100, -100, -100, -100, -100, -100, -100, -100, -100, -100, -100, -100, -100, -100, -100, -100, -100, -100, -100, -100, -100, -100, -100, -100, -100, -100, -100, -100, -100, -100, -100, -100, -100, -100, -100, -100, -100, -100, -100, -100, -100, -100, -100, -100, -100, -100, -100, -100, -100, -100, -100, -100, -100, -100, -100, -100, -100, -100, -100, -100, -100, -100, -100, -100, -100, -100, -100, -100, -100, -100, -100, -100, -100, -100, -100, -100, -100, -100, -100, -100, -100, -100, -100, -100, -100, -100, -100, -100, -100, -100, -100, -100, -100, -100, -100, -100, -100, -100, -100, -100, -100, -100, -100, -100, -100, -100, -100, -100, -100, -100, -100, -100, -100, -100, -100, -100, -100, -100, -100, -100, -100, -100, -100, -100, -100, -100, -100, -100, -100, -100, -100, -100, -100, -100, -100, -100, -100, -100, -100, -100, -100, -100, -100, -100, -100, -100, -100, -100, -100, -100, -100, -100, -100, -100, -100, -100, -100, -100, -100, -100, -100, -100, -100, -100, -100, -100, -100, -100, -100, -100, -100, -100, -100, -100, -100, -100, -100, -100, -100, -100, -100, -100], 'attention_mask': [1, 1, 1, 1, 1, 1, 1, 1, 1, 1, 1, 1, 1, 1, 1, 1, 1, 1, 1, 1, 1, 1, 1, 1, 1, 1, 1, 1, 1, 1, 1, 1, 1, 1, 1, 1, 1, 1, 1, 1, 1, 1, 1, 1, 1, 1, 1, 1, 1, 1, 1, 1, 1, 1, 1, 1, 1, 1, 1, 1, 1, 1, 1, 1, 1, 1, 1, 1, 1, 1, 1, 1, 1, 1, 1, 1, 1, 1, 1, 1, 1, 1, 1, 1, 1, 1, 1, 1, 1, 1, 1, 1, 1, 1, 1, 1, 1, 1, 1, 1, 1, 1, 1, 1, 1, 1, 1, 1, 1, 1, 1, 1, 1, 1, 1, 1, 1, 1, 1, 1, 1, 1, 1, 1, 1, 1, 1, 1, 1, 1, 1, 1, 1, 1, 1, 1, 1, 1, 1, 1, 1, 1, 1, 1, 1, 1, 1, 1, 1, 1, 1, 1, 1, 1, 1, 1, 1, 1, 1, 1, 1, 1, 1, 1, 1, 1, 1, 1, 1, 1, 1, 1, 1, 1, 1, 1, 1, 1, 1, 1, 1, 1, 1, 1, 1, 1, 1, 1, 1, 1, 1, 1, 1, 1, 1, 1, 1, 1, 1, 1, 1, 1, 1, 1, 1, 1, 1, 1, 1, 1, 1, 1, 1, 1, 1, 1, 1, 1, 1, 1, 1, 1, 1, 1, 1, 1, 1, 1, 1, 1, 1, 1, 1, 1, 1, 1, 1, 1, 1, 1, 1, 1, 1, 1, 1, 1, 1, 1, 1, 1, 1, 1, 1, 1, 1, 1, 1, 1, 1, 1, 1, 1, 1, 1, 1, 1, 1, 1, 1, 1, 1, 1, 1, 1, 1, 0, 0, 0, 0, 0, 0, 0, 0, 0, 0, 0, 0, 0, 0, 0, 0, 0, 0, 0, 0, 0, 0, 0, 0, 0, 0, 0, 0, 0, 0, 0, 0, 0, 0, 0, 0, 0, 0, 0, 0, 0, 0, 0, 0, 0, 0, 0, 0, 0, 0, 0, 0, 0, 0, 0, 0, 0, 0, 0, 0, 0, 0, 0, 0, 0, 0, 0, 0, 0, 0, 0, 0, 0, 0, 0, 0, 0, 0, 0, 0, 0, 0, 0, 0, 0, 0, 0, 0, 0, 0, 0, 0, 0, 0, 0, 0, 0, 0, 0, 0, 0, 0, 0, 0, 0, 0, 0, 0, 0, 0, 0, 0, 0, 0, 0, 0, 0, 0, 0, 0, 0, 0, 0, 0, 0, 0, 0, 0, 0, 0, 0, 0, 0, 0, 0, 0, 0, 0, 0, 0, 0, 0, 0, 0, 0, 0, 0, 0, 0, 0, 0, 0, 0, 0, 0, 0, 0, 0, 0, 0, 0, 0, 0, 0, 0, 0, 0, 0, 0, 0, 0, 0, 0, 0, 0, 0, 0, 0, 0, 0, 0, 0, 0, 0, 0, 0, 0, 0, 0, 0, 0, 0, 0, 0, 0, 0, 0, 0, 0, 0, 0, 0, 0, 0, 0, 0, 0, 0, 0, 0, 0, 0, 0, 0, 0, 0, 0, 0, 0, 0, 0, 0, 0, 0, 0, 0, 0, 0, 0, 0, 0, 0, 0, 0, 0, 0, 0]}
type of input_ids: <class 'list'>
type of labels: <class 'list'>

--- DEBUG: Tokenized fields ---
--- Tokenizer vocab size: 128000
--- input_ids: [128000, 128000, 128006, 9125, 128007, 271, 38766, 1303, 33025, 2696, 25, 6790, 220, 2366, 18, 198, 15724, 2696, 25, 220, 972, 3297, 220, 2366, 20, 271, 2675, 527, 264, 11190, 6335, 304, 1495, 15858, 2461, 13, 1472, 7068, 264, 44899, 2373, 315, 279, 1495, 1988, 555, 279, 1217, 13, 1472, 40821, 279, 1495, 4184, 311, 279, 11470, 2728, 555, 279, 1217, 13, 3277, 4691, 311, 40821, 264, 1495, 11, 7068, 1193, 279, 11472, 15858, 2461, 11, 2085, 904, 5217, 6170, 11, 8554, 477, 41941, 13, 128009, 128006, 882, 128007, 271, 691, 58555, 25, 62342, 1463, 279, 2768, 1495, 1778, 430, 1202, 95823, 4557, 2968, 8167, 320, 16412, 8, 5573, 374, 13489, 6273, 311, 430, 5300, 304, 279, 2585, 4037, 22033, 2954, 311, 701, 8066, 15858, 2461, 13, 578, 2585, 4037, 706, 279, 2768, 3645, 25, 366, 45975, 37078, 28, 24771, 14611, 578, 2585, 4037, 22033, 2954, 311, 279, 2592, 1495, 15151, 279, 362, 4403, 907, 315, 279, 2592, 1495, 13, 720, 44098, 16139, 25, 366, 16412, 28, 868, 13, 20, 29, 61125, 8079, 21424, 10349, 11, 1101, 3967, 439, 6, 578, 41896, 4835, 6, 320, 708, 19434, 1606, 279, 2128, 6476, 520, 74795, 37733, 505, 220, 9378, 24, 8, 14454, 304, 220, 9714, 22, 304, 61125, 627, 3337, 95179, 3579, 25, 578, 366, 16412, 28, 24, 13, 20, 29, 4037, 30202, 430, 279, 2218, 95823, 4557, 2968, 8167, 320, 16412, 8, 5573, 1288, 387, 13489, 220, 24, 13, 20, 13, 28636, 2819, 13519, 35388, 1495, 13, 128009, 128006, 78191, 128007, 271, 27, 16412, 28, 24, 13, 20, 29, 128009, 128000, 8100, 54339, 8079, 21424, 10349, 14454, 304, 220, 9714, 22, 304, 61125, 13, 1102, 374, 1101, 3967, 439, 364, 791, 41896, 4835, 2965, 1606, 279, 2128, 6476, 520, 15038, 2663, 330, 46, 27515, 37733, 1, 505, 220, 9378, 24, 13, 220, 128009, 128256, 128256, 128256, 128256, 128256, 128256, 128256, 128256, 128256, 128256, 128256, 128256, 128256, 128256, 128256, 128256, 128256, 128256, 128256, 128256, 128256, 128256, 128256, 128256, 128256, 128256, 128256, 128256, 128256, 128256, 128256, 128256, 128256, 128256, 128256, 128256, 128256, 128256, 128256, 128256, 128256, 128256, 128256, 128256, 128256, 128256, 128256, 128256, 128256, 128256, 128256, 128256, 128256, 128256, 128256, 128256, 128256, 128256, 128256, 128256, 128256, 128256, 128256, 128256, 128256, 128256, 128256, 128256, 128256, 128256, 128256, 128256, 128256, 128256, 128256, 128256, 128256, 128256, 128256, 128256, 128256, 128256, 128256, 128256, 128256, 128256, 128256, 128256, 128256, 128256, 128256, 128256, 128256, 128256, 128256, 128256, 128256, 128256, 128256, 128256, 128256, 128256, 128256, 128256, 128256, 128256, 128256, 128256, 128256, 128256, 128256, 128256, 128256, 128256, 128256, 128256, 128256, 128256, 128256, 128256, 128256, 128256, 128256, 128256, 128256, 128256, 128256, 128256, 128256, 128256, 128256, 128256, 128256, 128256, 128256, 128256, 128256, 128256, 128256, 128256, 128256, 128256, 128256, 128256, 128256, 128256, 128256, 128256, 128256, 128256, 128256, 128256, 128256, 128256, 128256, 128256, 128256, 128256, 128256, 128256, 128256, 128256, 128256, 128256, 128256, 128256, 128256, 128256, 128256, 128256, 128256, 128256, 128256, 128256, 128256, 128256, 128256, 128256, 128256, 128256, 128256, 128256, 128256, 128256, 128256, 128256, 128256, 128256, 128256, 128256, 128256, 128256, 128256, 128256, 128256, 128256, 128256, 128256, 128256, 128256, 128256, 128256, 128256, 128256, 128256, 128256, 128256, 128256, 128256, 128256]
--- labels: [-100, -100, -100, -100, -100, -100, -100, -100, -100, -100, -100, -100, -100, -100, -100, -100, -100, -100, -100, -100, -100, -100, -100, -100, -100, -100, -100, -100, -100, -100, -100, -100, -100, -100, -100, -100, -100, -100, -100, -100, -100, -100, -100, -100, -100, -100, -100, -100, -100, -100, -100, -100, -100, -100, -100, -100, -100, -100, -100, -100, -100, -100, -100, -100, -100, -100, -100, -100, -100, -100, -100, -100, -100, -100, -100, -100, -100, -100, -100, -100, -100, -100, -100, -100, -100, -100, -100, -100, -100, -100, -100, -100, -100, -100, -100, -100, -100, -100, -100, -100, -100, -100, -100, -100, -100, -100, -100, -100, -100, -100, -100, -100, -100, -100, -100, -100, -100, -100, -100, -100, -100, -100, -100, -100, -100, -100, -100, -100, -100, -100, -100, -100, -100, -100, -100, -100, -100, -100, -100, -100, -100, -100, -100, -100, -100, -100, -100, -100, -100, -100, -100, -100, -100, -100, -100, -100, -100, -100, -100, -100, -100, -100, -100, -100, -100, -100, -100, -100, -100, -100, -100, -100, -100, -100, -100, -100, -100, -100, -100, -100, -100, -100, -100, -100, -100, -100, -100, -100, -100, -100, -100, -100, -100, -100, -100, -100, -100, -100, -100, -100, -100, -100, -100, -100, -100, -100, -100, -100, -100, -100, -100, -100, -100, -100, -100, -100, -100, -100, -100, -100, -100, -100, -100, -100, -100, -100, -100, -100, -100, -100, -100, -100, -100, -100, -100, -100, -100, -100, -100, -100, -100, -100, -100, -100, -100, -100, -100, -100, -100, -100, -100, -100, -100, -100, -100, -100, -100, -100, -100, 128000, 8100, 54339, 8079, 21424, 10349, 14454, 304, 220, 9714, 22, 304, 61125, 13, 1102, 374, 1101, 3967, 439, 364, 791, 41896, 4835, 2965, 1606, 279, 2128, 6476, 520, 15038, 2663, 330, 46, 27515, 37733, 1, 505, 220, 9378, 24, 13, 220, 128009, -100, -100, -100, -100, -100, -100, -100, -100, -100, -100, -100, -100, -100, -100, -100, -100, -100, -100, -100, -100, -100, -100, -100, -100, -100, -100, -100, -100, -100, -100, -100, -100, -100, -100, -100, -100, -100, -100, -100, -100, -100, -100, -100, -100, -100, -100, -100, -100, -100, -100, -100, -100, -100, -100, -100, -100, -100, -100, -100, -100, -100, -100, -100, -100, -100, -100, -100, -100, -100, -100, -100, -100, -100, -100, -100, -100, -100, -100, -100, -100, -100, -100, -100, -100, -100, -100, -100, -100, -100, -100, -100, -100, -100, -100, -100, -100, -100, -100, -100, -100, -100, -100, -100, -100, -100, -100, -100, -100, -100, -100, -100, -100, -100, -100, -100, -100, -100, -100, -100, -100, -100, -100, -100, -100, -100, -100, -100, -100, -100, -100, -100, -100, -100, -100, -100, -100, -100, -100, -100, -100, -100, -100, -100, -100, -100, -100, -100, -100, -100, -100, -100, -100, -100, -100, -100, -100, -100, -100, -100, -100, -100, -100, -100, -100, -100, -100, -100, -100, -100, -100, -100, -100, -100, -100, -100, -100, -100, -100, -100, -100, -100, -100, -100, -100, -100, -100, -100, -100, -100, -100, -100, -100, -100, -100, -100, -100, -100, -100, -100, -100, -100, -100, -100, -100, -100, -100, -100, -100, -100, -100]
--- decoded input_ids:
 <|begin_of_text|><|begin_of_text|><|start_header_id|>system<|end_header_id|>

Cutting Knowledge Date: December 2023
Today Date: 18 May 2025

You are a helpful expert in text simplification. You generate a simplified version of the text input by the user. You simplify the text according to the instructions given by the user. When asked to simplify a text, generate only the requested simplification, without any additional comments, notes or explanations.<|eot_id|><|start_header_id|>user<|end_header_id|>

INSTRUCTION: Simplify the following text such that its Automated Readability Index (ARI) score is approximately equal to that specified in the control token prepended to your generated simplification. The control token has the following format: <METRIC=VALUE>. The control token prepended to the source text indicates the ARI value of the source text. 
SOURCE TEXT: <ARI=15.5> Sheffield Wednesday Football Club, also known as' The Owls' (so-called because the team played at Owlerton from 1899) formed in 1867 in Sheffield.
EXPLANATION: The <ARI=9.5> token specifies that the target Automated Readability Index (ARI) score should be approximately 9.5. Lower values indicate simpler text.<|eot_id|><|start_header_id|>assistant<|end_header_id|>

<ARI=9.5><|eot_id|><|begin_of_text|>Sheffield Wednesday Football Club formed in 1867 in Sheffield. It is also known as 'The Owls,' because the team played at somewhere called "Owlerton" from 1899. <|eot_id|>[PAD][PAD][PAD][PAD][PAD][PAD][PAD][PAD][PAD][PAD][PAD][PAD][PAD][PAD][PAD][PAD][PAD][PAD][PAD][PAD][PAD][PAD][PAD][PAD][PAD][PAD][PAD][PAD][PAD][PAD][PAD][PAD][PAD][PAD][PAD][PAD][PAD][PAD][PAD][PAD][PAD][PAD][PAD][PAD][PAD][PAD][PAD][PAD][PAD][PAD][PAD][PAD][PAD][PAD][PAD][PAD][PAD][PAD][PAD][PAD][PAD][PAD][PAD][PAD][PAD][PAD][PAD][PAD][PAD][PAD][PAD][PAD][PAD][PAD][PAD][PAD][PAD][PAD][PAD][PAD][PAD][PAD][PAD][PAD][PAD][PAD][PAD][PAD][PAD][PAD][PAD][PAD][PAD][PAD][PAD][PAD][PAD][PAD][PAD][PAD][PAD][PAD][PAD][PAD][PAD][PAD][PAD][PAD][PAD][PAD][PAD][PAD][PAD][PAD][PAD][PAD][PAD][PAD][PAD][PAD][PAD][PAD][PAD][PAD][PAD][PAD][PAD][PAD][PAD][PAD][PAD][PAD][PAD][PAD][PAD][PAD][PAD][PAD][PAD][PAD][PAD][PAD][PAD][PAD][PAD][PAD][PAD][PAD][PAD][PAD][PAD][PAD][PAD][PAD][PAD][PAD][PAD][PAD][PAD][PAD][PAD][PAD][PAD][PAD][PAD][PAD][PAD][PAD][PAD][PAD][PAD][PAD][PAD][PAD][PAD][PAD][PAD][PAD][PAD][PAD][PAD][PAD][PAD][PAD][PAD][PAD][PAD][PAD][PAD][PAD][PAD][PAD][PAD][PAD][PAD][PAD][PAD][PAD][PAD][PAD][PAD][PAD][PAD][PAD][PAD][PAD][PAD][PAD][PAD][PAD]
--- decoded labels:
 Sheffield Wednesday Football Club formed in 1867 in Sheffield. It is also known as 'The Owls,' because the team played at somewhere called "Owlerton" from 1899. 
{'loss': 2.0666, 'grad_norm': 66.5290756225586, 'learning_rate': 1.5e-06, 'epoch': 0.21}
{'eval_loss': 1.7460427284240723, 'eval_runtime': 2.1591, 'eval_samples_per_second': 46.315, 'eval_steps_per_second': 11.579, 'epoch': 0.21}

>>> [Step 20] Prompt:
<|begin_of_text|><|start_header_id|>system<|end_header_id|>

Cutting Knowledge Date: December 2023
Today Date: 18 May 2025

You are a helpful expert in text simplification. You generate a simplified version of the text input by the user. You simplify the text according to the instructions given by the user. When asked to simplify a text, generate only the requested simplification, without any additional comments, notes or explanations.<|eot_id|><|start_header_id|>user<|end_header_id|>

INSTRUCTION: Simplify the following text such that its Automated Readability Index (ARI) score is approximately equal to that specified in the control token prepended to your generated simplification. The control token has the following format: <METRIC=VALUE>. The control token prepended to the source text indicates the ARI value of the source text. 
SOURCE TEXT: <ARI=17.3> We usually recover an overpayment of Housing Benefit by accepting a full repayment, or by taking a weekly amount from your future Housing Benefit (also known as ‘claw-back’).
EXPLANATION: The <ARI=17.1> token specifies that the target Automated Readability Index (ARI) score should be approximately 17.1. Lower values indicate simpler text.<|eot_id|><|start_header_id|>assistant<|end_header_id|>

<ARI=17.1><|eot_id|>
>>> Reference:
We usually receive back extra payment of Housing Benefit by accepting a full payback, or by taking a weekly amount from your future Housing Benefit (also known as ‘claw-back’). <|eot_id|>
>>> Prediction:
# Usually, we get an overpayment of Housing Benefit by accepting a full repayment, or by taking a weekly amount from your future Housing Benefit (also known as “claw-back”. 
================================================================================

>>> [Step 20] Prompt:
<|begin_of_text|><|start_header_id|>system<|end_header_id|>

Cutting Knowledge Date: December 2023
Today Date: 18 May 2025

You are a helpful expert in text simplification. You generate a simplified version of the text input by the user. You simplify the text according to the instructions given by the user. When asked to simplify a text, generate only the requested simplification, without any additional comments, notes or explanations.<|eot_id|><|start_header_id|>user<|end_header_id|>

INSTRUCTION: Simplify the following text such that its Automated Readability Index (ARI) score is approximately equal to that specified in the control token prepended to your generated simplification. The control token has the following format: <METRIC=VALUE>. The control token prepended to the source text indicates the ARI value of the source text. 
SOURCE TEXT: <ARI=10.7> The Chain was presented to the City by Alderman George Senior JP on 9 November 1901 as a symbol of office for the Lady Mayoress.
EXPLANATION: The <ARI=9.9> token specifies that the target Automated Readability Index (ARI) score should be approximately 9.9. Lower values indicate simpler text.<|eot_id|><|start_header_id|>assistant<|end_header_id|>

<ARI=9.9><|eot_id|>
>>> Reference:
The Chain was given to the City by Alderman George Senior JP on 9 November 1901 as a symbol of office for the Lady Mayoress. <|eot_id|>
>>> Prediction:
definido la Chain was presented to the City by Alderman George Senior JP on 9 November 1901 as a symbol of office for the Lady Mayoress. 
================================================================================

>>> [Step 20] Prompt:
<|begin_of_text|><|start_header_id|>system<|end_header_id|>

Cutting Knowledge Date: December 2023
Today Date: 18 May 2025

You are a helpful expert in text simplification. You generate a simplified version of the text input by the user. You simplify the text according to the instructions given by the user. When asked to simplify a text, generate only the requested simplification, without any additional comments, notes or explanations.<|eot_id|><|start_header_id|>user<|end_header_id|>

INSTRUCTION: Simplify the following text such that its Automated Readability Index (ARI) score is approximately equal to that specified in the control token prepended to your generated simplification. The control token has the following format: <METRIC=VALUE>. The control token prepended to the source text indicates the ARI value of the source text. 
SOURCE TEXT: <ARI=11.8> If we send your landlord a ‘ relevant notice ’ then you will have protection against a section 21 notice to leave for the next 6 months.
EXPLANATION: The <ARI=11.6> token specifies that the target Automated Readability Index (ARI) score should be approximately 11.6. Lower values indicate simpler text.<|eot_id|><|start_header_id|>assistant<|end_header_id|>

<ARI=11.6><|eot_id|>
>>> Reference:
If we send your landlord a 'important notice' then you will have cover against section 21 (notice to leave) for the next 6 months. <|eot_id|>
>>> Prediction:
# If you send your landlord a'relevant notice', then you will have protection against a section 21 notice to leave for the next 6 months.  # 
================================================================================

>>> [Step 20] Prompt:
<|begin_of_text|><|start_header_id|>system<|end_header_id|>

Cutting Knowledge Date: December 2023
Today Date: 18 May 2025

You are a helpful expert in text simplification. You generate a simplified version of the text input by the user. You simplify the text according to the instructions given by the user. When asked to simplify a text, generate only the requested simplification, without any additional comments, notes or explanations.<|eot_id|><|start_header_id|>user<|end_header_id|>

INSTRUCTION: Simplify the following text such that its Automated Readability Index (ARI) score is approximately equal to that specified in the control token prepended to your generated simplification. The control token has the following format: <METRIC=VALUE>. The control token prepended to the source text indicates the ARI value of the source text. 
SOURCE TEXT: <ARI=22.2> We believe high quality Urban Design is of critical importance to the city, supporting Sheffield’s transformation, promoting sustainable development and delivering high quality places.
EXPLANATION: The <ARI=20.4> token specifies that the target Automated Readability Index (ARI) score should be approximately 20.4. Lower values indicate simpler text.<|eot_id|><|start_header_id|>assistant<|end_header_id|>

<ARI=20.4><|eot_id|>
>>> Reference:
We believe high quality Urban Design is very important to the city, supporting Sheffield’s transformation, promoting economic advances and delivering high quality places. <|eot_id|>
>>> Prediction:
def high quality Urban Design is of critical importance to the city, supporting Sheffield’s transformation, promoting sustainable development and delivering high quality places. 
================================================================================
{'loss': 1.328, 'grad_norm': 12.613640785217285, 'learning_rate': 3.1666666666666667e-06, 'epoch': 0.42}
{'eval_loss': 0.9269119501113892, 'eval_runtime': 2.1713, 'eval_samples_per_second': 46.055, 'eval_steps_per_second': 11.514, 'epoch': 0.42}
{'loss': 0.8374, 'grad_norm': 9.85938835144043, 'learning_rate': 4.833333333333333e-06, 'epoch': 0.63}
{'eval_loss': 0.8380908966064453, 'eval_runtime': 2.1471, 'eval_samples_per_second': 46.575, 'eval_steps_per_second': 11.644, 'epoch': 0.63}

>>> [Step 40] Prompt:
<|begin_of_text|><|start_header_id|>system<|end_header_id|>

Cutting Knowledge Date: December 2023
Today Date: 18 May 2025

You are a helpful expert in text simplification. You generate a simplified version of the text input by the user. You simplify the text according to the instructions given by the user. When asked to simplify a text, generate only the requested simplification, without any additional comments, notes or explanations.<|eot_id|><|start_header_id|>user<|end_header_id|>

INSTRUCTION: Simplify the following text such that its Automated Readability Index (ARI) score is approximately equal to that specified in the control token prepended to your generated simplification. The control token has the following format: <METRIC=VALUE>. The control token prepended to the source text indicates the ARI value of the source text. 
SOURCE TEXT: <ARI=13.8> That suitable food, drink and bedding materials will be provided and that the animals are exercised and visited regularly.
EXPLANATION: The <ARI=12.4> token specifies that the target Automated Readability Index (ARI) score should be approximately 12.4. Lower values indicate simpler text.<|eot_id|><|start_header_id|>assistant<|end_header_id|>

<ARI=12.4><|eot_id|>
>>> Reference:
Food, drink, and bedding materials will be provided to the animals and they are exercised and visited regularly. <|eot_id|>
>>> Prediction:
The suitable food, drink and bedding materials will be provided and that the animals are exercised and visited regularly. 
================================================================================

>>> [Step 40] Prompt:
<|begin_of_text|><|start_header_id|>system<|end_header_id|>

Cutting Knowledge Date: December 2023
Today Date: 18 May 2025

You are a helpful expert in text simplification. You generate a simplified version of the text input by the user. You simplify the text according to the instructions given by the user. When asked to simplify a text, generate only the requested simplification, without any additional comments, notes or explanations.<|eot_id|><|start_header_id|>user<|end_header_id|>

INSTRUCTION: Simplify the following text such that its Automated Readability Index (ARI) score is approximately equal to that specified in the control token prepended to your generated simplification. The control token has the following format: <METRIC=VALUE>. The control token prepended to the source text indicates the ARI value of the source text. 
SOURCE TEXT: <ARI=13.7> If the item is in stock in Sheffield, your request will be placed immediately and you will be notified by post or by email as soon as a copy becomes available.
EXPLANATION: The <ARI=12.7> token specifies that the target Automated Readability Index (ARI) score should be approximately 12.7. Lower values indicate simpler text.<|eot_id|><|start_header_id|>assistant<|end_header_id|>

<ARI=12.7><|eot_id|>
>>> Reference:
If the item is in Sheffield, your request will be placed as soon as possible and you will be told by post or by email as soon as a copy becomes available. <|eot_id|>
>>> Prediction:
The item will be placed immediately in Sheffield and you will be notified by post or email as soon as a copy becomes available. 
================================================================================

>>> [Step 40] Prompt:
<|begin_of_text|><|start_header_id|>system<|end_header_id|>

Cutting Knowledge Date: December 2023
Today Date: 18 May 2025

You are a helpful expert in text simplification. You generate a simplified version of the text input by the user. You simplify the text according to the instructions given by the user. When asked to simplify a text, generate only the requested simplification, without any additional comments, notes or explanations.<|eot_id|><|start_header_id|>user<|end_header_id|>

INSTRUCTION: Simplify the following text such that its Automated Readability Index (ARI) score is approximately equal to that specified in the control token prepended to your generated simplification. The control token has the following format: <METRIC=VALUE>. The control token prepended to the source text indicates the ARI value of the source text. 
SOURCE TEXT: <ARI=16.7> It is a personalised service that aims to provide additional support to help people look after themselves and their home through our neighbourhood officers.
EXPLANATION: The <ARI=14.0> token specifies that the target Automated Readability Index (ARI) score should be approximately 14.0. Lower values indicate simpler text.<|eot_id|><|start_header_id|>assistant<|end_header_id|>

<ARI=14.0><|eot_id|>
>>> Reference:
Our neighbourhood officers provide a personalised service, to help people take care of themselves and their home. <|eot_id|>
>>> Prediction:
The service is a personal service that aims to provide extra support to help people look after themselves and their home through our neighbourhood officers. 
================================================================================

>>> [Step 40] Prompt:
<|begin_of_text|><|start_header_id|>system<|end_header_id|>

Cutting Knowledge Date: December 2023
Today Date: 18 May 2025

You are a helpful expert in text simplification. You generate a simplified version of the text input by the user. You simplify the text according to the instructions given by the user. When asked to simplify a text, generate only the requested simplification, without any additional comments, notes or explanations.<|eot_id|><|start_header_id|>user<|end_header_id|>

INSTRUCTION: Simplify the following text such that its Automated Readability Index (ARI) score is approximately equal to that specified in the control token prepended to your generated simplification. The control token has the following format: <METRIC=VALUE>. The control token prepended to the source text indicates the ARI value of the source text. 
SOURCE TEXT: <ARI=15.6> If you rent a room in a shared house where the tenants have separate tenancy agreements, your landlord retains control of the shared parts but you have the right to use them.
EXPLANATION: The <ARI=12.8> token specifies that the target Automated Readability Index (ARI) score should be approximately 12.8. Lower values indicate simpler text.<|eot_id|><|start_header_id|>assistant<|end_header_id|>

<ARI=12.8><|eot_id|>
>>> Reference:
If you rent a room in a shared house where the tenants have separate agreements, your landlord controls the shared parts but you can use them. <|eot_id|>
>>> Prediction:
The renter has the right to use the shared parts of the house, but the landlord retains control of the shared parts. 
================================================================================
{'loss': 0.8317, 'grad_norm': 9.148219108581543, 'learning_rate': 4.919332367333748e-06, 'epoch': 0.84}
{'eval_loss': 0.809501051902771, 'eval_runtime': 2.1501, 'eval_samples_per_second': 46.51, 'eval_steps_per_second': 11.627, 'epoch': 0.84}
{'loss': 0.8411, 'grad_norm': 6.752713203430176, 'learning_rate': 4.647158168051066e-06, 'epoch': 1.06}
{'eval_loss': 0.7908044457435608, 'eval_runtime': 2.1491, 'eval_samples_per_second': 46.531, 'eval_steps_per_second': 11.633, 'epoch': 1.06}

>>> [Step 60] Prompt:
<|begin_of_text|><|start_header_id|>system<|end_header_id|>

Cutting Knowledge Date: December 2023
Today Date: 18 May 2025

You are a helpful expert in text simplification. You generate a simplified version of the text input by the user. You simplify the text according to the instructions given by the user. When asked to simplify a text, generate only the requested simplification, without any additional comments, notes or explanations.<|eot_id|><|start_header_id|>user<|end_header_id|>

INSTRUCTION: Simplify the following text such that its Automated Readability Index (ARI) score is approximately equal to that specified in the control token prepended to your generated simplification. The control token has the following format: <METRIC=VALUE>. The control token prepended to the source text indicates the ARI value of the source text. 
SOURCE TEXT: <ARI=22.2> We believe high quality Urban Design is of critical importance to the city, supporting Sheffield’s transformation, promoting sustainable development and delivering high quality places.
EXPLANATION: The <ARI=20.4> token specifies that the target Automated Readability Index (ARI) score should be approximately 20.4. Lower values indicate simpler text.<|eot_id|><|start_header_id|>assistant<|end_header_id|>

<ARI=20.4><|eot_id|>
>>> Reference:
We believe high quality Urban Design is very important to the city, supporting Sheffield’s transformation, promoting economic advances and delivering high quality places. <|eot_id|>
>>> Prediction:
It is important to the city that high quality Urban Design is important. It helps Sheffield to change, promotes sustainable development and delivers high quality places. 
================================================================================

>>> [Step 60] Prompt:
<|begin_of_text|><|start_header_id|>system<|end_header_id|>

Cutting Knowledge Date: December 2023
Today Date: 18 May 2025

You are a helpful expert in text simplification. You generate a simplified version of the text input by the user. You simplify the text according to the instructions given by the user. When asked to simplify a text, generate only the requested simplification, without any additional comments, notes or explanations.<|eot_id|><|start_header_id|>user<|end_header_id|>

INSTRUCTION: Simplify the following text such that its Automated Readability Index (ARI) score is approximately equal to that specified in the control token prepended to your generated simplification. The control token has the following format: <METRIC=VALUE>. The control token prepended to the source text indicates the ARI value of the source text. 
SOURCE TEXT: <ARI=10.5> Specific areas have been allocated for the city centre and applicants are advised to contact us for an up to date list.
EXPLANATION: The <ARI=9.7> token specifies that the target Automated Readability Index (ARI) score should be approximately 9.7. Lower values indicate simpler text.<|eot_id|><|start_header_id|>assistant<|end_header_id|>

<ARI=9.7><|eot_id|>
>>> Reference:
Certain areas have been designated for the city centre and applicants are told to contact us for an up to date list <|eot_id|>
>>> Prediction:
We have allocated specific areas for the city centre.  If you need a list of these areas, please contact us. 
================================================================================

>>> [Step 60] Prompt:
<|begin_of_text|><|start_header_id|>system<|end_header_id|>

Cutting Knowledge Date: December 2023
Today Date: 18 May 2025

You are a helpful expert in text simplification. You generate a simplified version of the text input by the user. You simplify the text according to the instructions given by the user. When asked to simplify a text, generate only the requested simplification, without any additional comments, notes or explanations.<|eot_id|><|start_header_id|>user<|end_header_id|>

INSTRUCTION: Simplify the following text such that its Automated Readability Index (ARI) score is approximately equal to that specified in the control token prepended to your generated simplification. The control token has the following format: <METRIC=VALUE>. The control token prepended to the source text indicates the ARI value of the source text. 
SOURCE TEXT: <ARI=19.6> Requests for information like this generally come from the Police, HM Revenue and Customs, UK Visas and Immigration and other organisations with the power to investigate crime and/or collect tax.
EXPLANATION: The <ARI=19.1> token specifies that the target Automated Readability Index (ARI) score should be approximately 19.1. Lower values indicate simpler text.<|eot_id|><|start_header_id|>assistant<|end_header_id|>

<ARI=19.1><|eot_id|>
>>> Reference:
Requests for information like this mostly come from the Police, HM Revenue and Customs, UK Visas and Immigration and other organisations with the power to investigate crime and/or collect tax. <|eot_id|>
>>> Prediction:
We are not able to give information about organisations with the power to investigate crime and/or collect tax.  Examples of these organisations include the Police, HM Revenue and Customs, UK Visas and Immigration. 
================================================================================

>>> [Step 60] Prompt:
<|begin_of_text|><|start_header_id|>system<|end_header_id|>

Cutting Knowledge Date: December 2023
Today Date: 18 May 2025

You are a helpful expert in text simplification. You generate a simplified version of the text input by the user. You simplify the text according to the instructions given by the user. When asked to simplify a text, generate only the requested simplification, without any additional comments, notes or explanations.<|eot_id|><|start_header_id|>user<|end_header_id|>

INSTRUCTION: Simplify the following text such that its Automated Readability Index (ARI) score is approximately equal to that specified in the control token prepended to your generated simplification. The control token has the following format: <METRIC=VALUE>. The control token prepended to the source text indicates the ARI value of the source text. 
SOURCE TEXT: <ARI=17.4> If you are unable to make payment immediately, call our staff to discuss any financial problems that you may have and in many cases we are able to agree alternative payment arrangements.
EXPLANATION: The <ARI=16.8> token specifies that the target Automated Readability Index (ARI) score should be approximately 16.8. Lower values indicate simpler text.<|eot_id|><|start_header_id|>assistant<|end_header_id|>

<ARI=16.8><|eot_id|>
>>> Reference:
If you are unable to pay immediately, call our staff to discuss any financial problems that you may have and in many cases we are able to come up with alternative payment arrangements. <|eot_id|>
>>> Prediction:
The text is now simplified. 
================================================================================
{'loss': 0.636, 'grad_norm': 6.942835807800293, 'learning_rate': 4.204133242248832e-06, 'epoch': 1.27}
{'eval_loss': 0.8067975044250488, 'eval_runtime': 2.1764, 'eval_samples_per_second': 45.948, 'eval_steps_per_second': 11.487, 'epoch': 1.27}
{'loss': 0.6019, 'grad_norm': 7.3740715980529785, 'learning_rate': 3.6255093620441835e-06, 'epoch': 1.48}
{'eval_loss': 0.8037335276603699, 'eval_runtime': 2.1517, 'eval_samples_per_second': 46.476, 'eval_steps_per_second': 11.619, 'epoch': 1.48}

>>> [Step 80] Prompt:
<|begin_of_text|><|start_header_id|>system<|end_header_id|>

Cutting Knowledge Date: December 2023
Today Date: 18 May 2025

You are a helpful expert in text simplification. You generate a simplified version of the text input by the user. You simplify the text according to the instructions given by the user. When asked to simplify a text, generate only the requested simplification, without any additional comments, notes or explanations.<|eot_id|><|start_header_id|>user<|end_header_id|>

INSTRUCTION: Simplify the following text such that its Automated Readability Index (ARI) score is approximately equal to that specified in the control token prepended to your generated simplification. The control token has the following format: <METRIC=VALUE>. The control token prepended to the source text indicates the ARI value of the source text. 
SOURCE TEXT: <ARI=11.2> It is intended to upgrade this area to the same standard as the rest of The Moor subject to available funding by the end of Summer 2015.
EXPLANATION: The <ARI=7.1> token specifies that the target Automated Readability Index (ARI) score should be approximately 7.1. Lower values indicate simpler text.<|eot_id|><|start_header_id|>assistant<|end_header_id|>

<ARI=7.1><|eot_id|>
>>> Reference:
If funds are available, the area will be improved to match the rest of the moor by summer 2015. <|eot_id|>
>>> Prediction:
The area is to be upgraded to the same standard as the rest of The Moor to receive available funding by the end of Summer 2015. 
================================================================================

>>> [Step 80] Prompt:
<|begin_of_text|><|start_header_id|>system<|end_header_id|>

Cutting Knowledge Date: December 2023
Today Date: 18 May 2025

You are a helpful expert in text simplification. You generate a simplified version of the text input by the user. You simplify the text according to the instructions given by the user. When asked to simplify a text, generate only the requested simplification, without any additional comments, notes or explanations.<|eot_id|><|start_header_id|>user<|end_header_id|>

INSTRUCTION: Simplify the following text such that its Automated Readability Index (ARI) score is approximately equal to that specified in the control token prepended to your generated simplification. The control token has the following format: <METRIC=VALUE>. The control token prepended to the source text indicates the ARI value of the source text. 
SOURCE TEXT: <ARI=19.8> These enable the individual radio to be ‘stunned’ from the system remotely and removed from service until such time that the crime reduction manager feels sure it is safe to put the equipment back live on the system.
EXPLANATION: The <ARI=18.7> token specifies that the target Automated Readability Index (ARI) score should be approximately 18.7. Lower values indicate simpler text.<|eot_id|><|start_header_id|>assistant<|end_header_id|>

<ARI=18.7><|eot_id|>
>>> Reference:
These allow the individual radio to be ‘stunned’ from the system remotely and stopped from working until such time that the crime reduction manager feels sure it is safe to put them back live on the system. <|eot_id|>
>>> Prediction:
The individual radio can be ‘stunned’ from the system remotely and removed from service until a time when the crime reduction manager feels sure it is safe to put the equipment back to work on the system. 
================================================================================

>>> [Step 80] Prompt:
<|begin_of_text|><|start_header_id|>system<|end_header_id|>

Cutting Knowledge Date: December 2023
Today Date: 18 May 2025

You are a helpful expert in text simplification. You generate a simplified version of the text input by the user. You simplify the text according to the instructions given by the user. When asked to simplify a text, generate only the requested simplification, without any additional comments, notes or explanations.<|eot_id|><|start_header_id|>user<|end_header_id|>

INSTRUCTION: Simplify the following text such that its Automated Readability Index (ARI) score is approximately equal to that specified in the control token prepended to your generated simplification. The control token has the following format: <METRIC=VALUE>. The control token prepended to the source text indicates the ARI value of the source text. 
SOURCE TEXT: <ARI=16.4> We work closely with our partners and other private and public sector organisations in Sheffield to ensure that we deliver effectively the needs of our customers.
EXPLANATION: The <ARI=14.3> token specifies that the target Automated Readability Index (ARI) score should be approximately 14.3. Lower values indicate simpler text.<|eot_id|><|start_header_id|>assistant<|end_header_id|>

<ARI=14.3><|eot_id|>
>>> Reference:
We work together with our partners as well as private and public sector organisations in Sheffield to make sure that we can meet the needs of our customers. <|eot_id|>
>>> Prediction:
We work with our partners and other private and public sector organisations in Sheffield to make sure that we deliver effectively the needs of our customers. 
================================================================================

>>> [Step 80] Prompt:
<|begin_of_text|><|start_header_id|>system<|end_header_id|>

Cutting Knowledge Date: December 2023
Today Date: 18 May 2025

You are a helpful expert in text simplification. You generate a simplified version of the text input by the user. You simplify the text according to the instructions given by the user. When asked to simplify a text, generate only the requested simplification, without any additional comments, notes or explanations.<|eot_id|><|start_header_id|>user<|end_header_id|>

INSTRUCTION: Simplify the following text such that its Automated Readability Index (ARI) score is approximately equal to that specified in the control token prepended to your generated simplification. The control token has the following format: <METRIC=VALUE>. The control token prepended to the source text indicates the ARI value of the source text. 
SOURCE TEXT: <ARI=12.6> This was supported by a Statement of Special Interest, which you can download below along with the current boundary plan.
EXPLANATION: The <ARI=5.8> token specifies that the target Automated Readability Index (ARI) score should be approximately 5.8. Lower values indicate simpler text.<|eot_id|><|start_header_id|>assistant<|end_header_id|>

<ARI=5.8><|eot_id|>
>>> Reference:
There is a Statement of Special Interest to support this. You can download this Statement. You can download a boundary plan. The boundary plan shows the boundaries now. <|eot_id|>
>>> Prediction:
We have been supported by a Statement of Special Interest. You can download this below along with the current boundary plan. 
================================================================================
{'loss': 0.5605, 'grad_norm': 7.629709243774414, 'learning_rate': 2.957327993680967e-06, 'epoch': 1.69}
{'eval_loss': 0.8017582893371582, 'eval_runtime': 2.1627, 'eval_samples_per_second': 46.239, 'eval_steps_per_second': 11.56, 'epoch': 1.69}
{'train_runtime': 282.4346, 'train_samples_per_second': 8.094, 'train_steps_per_second': 0.499, 'train_loss': 0.9629017770290375, 'epoch': 1.69}
Evaluation results: {'eval_loss': 0.7908044457435608, 'eval_runtime': 2.1657, 'eval_samples_per_second': 46.175, 'eval_steps_per_second': 11.544, 'epoch': 1.6910994764397906}
*** Finetuning meta-llama/Llama-3.2-1B-Instruct with SimPA_hq and FKGL ***
torch.cuda.is_bf16_supported: True
Transformers version: 4.51.0
Python path: /home/hhubar/data/conda/envs/sft/bin/python
Not using PEFT...

Run arguments:
Namespace(model_class='llama', model_family='base', model_name='meta-llama/Llama-3.2-1B-Instruct', dataset_name='SimPA_hq', slice_train=-1, slice_val=-1, batch_size=4, eval_batch_size=4, gradient_accumulation_steps=4, learning_rate=5e-06, weight_decay=0.01, warmup_steps=30, max_grad_norm=0.5, epochs=3, max_length=512, logging_steps=10, wandb_project_name='ATS_with_control_tokens', wandb_entity='shtosti', generate_every=20, seed=42, patience=3, prompting_type='vanilla', user_prompt_id='token_explanation', metric_name='FKGL', control_tokens='data/prompts/control_tokens.json', system_prompts='data/prompts/system_prompts.json', user_prompts='data/prompts/user_prompts.json', metric_mapping='data/metric_mapping.json', peft=False, lora_r=8, lora_dropout=0.1)

Saving to: ./models/Llama-3.2-1B-Instruct-SimPA_hq-FKGL-token_explanation-20250518-173612

*** Finetuning Llama-3.2-1B-Instruct with SimPA_hq ***

CUDA available: True
Number of GPUs: 1
GPU name: NVIDIA A100-SXM4-80GB
Model embedding size BEFORE resizing: 128256
Model embedding size AFTER resizing: 128257
--- DEBUG ---
trainable params:
Trainable params: 1,235,816,448 / 1,235,816,448 (100.00%)
--- tokenizer pad_token_id: 128256
--- tokenizer eos_token_id: 128009
--- special tokens:
train:	 Inspect the dataset format:
 {'global_id': ['simpa_syntactic_001037'], 'source_text': ["Sheffield Wednesday Football Club, also known as' The Owls' (so-called because the team played at Owlerton from 1899) formed in 1867 in Sheffield."], 'source_metrics': [{'FRE': 73.51, 'ARI': 15.5, 'FKGL': 8.7, 'Dale-Chall': 10.96, 'char_count': 146, 'alphanum_count': 109, 'word_count': 29, 'sentence_count': 1}], 'metadata': [{'dataset': 'simpa_syntactic', 'experiment_split': '', 'domain': 'public_administration', 'language': 'en', 'annotation': 'human', 'level': 'sentence'}], 'simplification_text': ['Sheffield Wednesday Football Club formed in 1867 in Sheffield. It is also known as \'The Owls,\' because the team played at somewhere called "Owlerton" from 1899.'], 'target_metrics': [{'FRE': 83.66, 'ARI': 9.5, 'FKGL': 4.8, 'Dale-Chall': 10.35, 'char_count': 160, 'alphanum_count': 120, 'word_count': 32, 'sentence_count': 2, 'char_compression_rate': 1.1, 'word_compression_rate': 1.1, 'sentence_compression_rate': 2.0, 'BLEU': 36.82794970421355, 'BERTScore': 0.9473864436149597}], 'simplification_version': [1], 'grade_level': [-1], 'simplification_dimensions': [{'linguistic': {'lexical': False, 'syntactic': True}}]}
validation:	 Inspect the dataset format:
 {'global_id': ['simpa_syntactic_001038'], 'source_text': ['The Act has also led to the creation of the Local Access Forum and the production of the Rights Of Way Improvement Plan.'], 'source_metrics': [{'FRE': 65.05, 'ARI': 10.1, 'FKGL': 9.9, 'Dale-Chall': 9.58, 'char_count': 120, 'alphanum_count': 97, 'word_count': 24, 'sentence_count': 1}], 'metadata': [{'dataset': 'simpa_syntactic', 'experiment_split': '', 'domain': 'public_administration', 'language': 'en', 'annotation': 'human', 'level': 'sentence'}], 'simplification_text': ['The Act has also led to the setting up of the Local Access Forum and the making of the Rights Of Way Improvement Plan.'], 'target_metrics': [{'FRE': 72.5, 'ARI': 9.2, 'FKGL': 9.1, 'Dale-Chall': 8.12, 'char_count': 118, 'alphanum_count': 94, 'word_count': 25, 'sentence_count': 1, 'char_compression_rate': 0.98, 'word_compression_rate': 1.04, 'sentence_compression_rate': 1.0, 'BLEU': 73.15339097995039, 'BERTScore': 0.9857973456382751}], 'simplification_version': [1], 'grade_level': [-1], 'simplification_dimensions': [{'linguistic': {'lexical': False, 'syntactic': True}}]}


 *** Before tokenization ***
>>> train:

Showing 1 example(s):

Example 1 (index 114)
--- Prompt:
 <|begin_of_text|><|start_header_id|>system<|end_header_id|>

Cutting Knowledge Date: December 2023
Today Date: 18 May 2025

You are a helpful expert in text simplification. You generate a simplified version of the text input by the user. You simplify the text according to the instructions given by the user. When asked to simplify a text, generate only the requested simplification, without any additional comments, notes or explanations.<|eot_id|><|start_header_id|>user<|end_header_id|>

INSTRUCTION: Simplify the following text such that its Flesch-Kincaid Grade Level (FKGL) score is approximately equal to that specified in the control token prepended to your generated simplification. The control token has the following format: <METRIC=VALUE>. The control token prepended to the source text indicates the FKGL value of the source text. 
SOURCE TEXT: <FKGL=12.3> There is also an increasing use of the ‘narrative verdict’ which is a short factual statement of the coroner’s finding as to how the death occurred.
EXPLANATION: The <FKGL=10.7> token specifies that the target Flesch-Kincaid Grade Level should be approximately 10.7. Lower values indicate simpler text.<|eot_id|><|start_header_id|>assistant<|end_header_id|>

<FKGL=10.7><|eot_id|>
--- Completion:
 There is also more use of the ‘narrative verdict’ which is a short factual statement of the coroner’s finding as to how the death happened. <|eot_id|>
==================================================


 *** After tokenization ***
>>> train:

Showing 1 example(s):

Example 1 (index 25)
--- Prompt:
 <|begin_of_text|><|start_header_id|>system<|end_header_id|>

Cutting Knowledge Date: December 2023
Today Date: 18 May 2025

You are a helpful expert in text simplification. You generate a simplified version of the text input by the user. You simplify the text according to the instructions given by the user. When asked to simplify a text, generate only the requested simplification, without any additional comments, notes or explanations.<|eot_id|><|start_header_id|>user<|end_header_id|>

INSTRUCTION: Simplify the following text such that its Flesch-Kincaid Grade Level (FKGL) score is approximately equal to that specified in the control token prepended to your generated simplification. The control token has the following format: <METRIC=VALUE>. The control token prepended to the source text indicates the FKGL value of the source text. 
SOURCE TEXT: <FKGL=11.0> We will help you to pay the fees for residential care if we think this is the kind of help you need, and if we think you can ’ t afford to pay for it yourself.
EXPLANATION: The <FKGL=9.9> token specifies that the target Flesch-Kincaid Grade Level should be approximately 9.9. Lower values indicate simpler text.<|eot_id|><|start_header_id|>assistant<|end_header_id|>

<FKGL=9.9><|eot_id|>
--- Completion:
 We will help you to pay the fees for residential care if you can't afford to pay yourself and we think this is the kind of help you need. <|eot_id|>
--- input_ids:
 [128000, 128000, 128006, 9125, 128007, 271, 38766, 1303, 33025, 2696, 25, 6790, 220, 2366, 18, 198, 15724, 2696, 25, 220, 972, 3297, 220, 2366, 20, 271, 2675, 527, 264, 11190, 6335, 304, 1495, 15858, 2461, 13, 1472, 7068, 264, 44899, 2373, 315, 279, 1495, 1988, 555, 279, 1217, 13, 1472, 40821, 279, 1495, 4184, 311, 279, 11470, 2728, 555, 279, 1217, 13, 3277, 4691, 311, 40821, 264, 1495, 11, 7068, 1193, 279, 11472, 15858, 2461, 11, 2085, 904, 5217, 6170, 11, 8554, 477, 41941, 13, 128009, 128006, 882, 128007, 271, 691, 58555, 25, 62342, 1463, 279, 2768, 1495, 1778, 430, 1202, 435, 645, 331, 16222, 258, 936, 307, 24749, 9580, 320, 28096, 3910, 8, 5573, 374, 13489, 6273, 311, 430, 5300, 304, 279, 2585, 4037, 22033, 2954, 311, 701, 8066, 15858, 2461, 13, 578, 2585, 4037, 706, 279, 2768, 3645, 25, 366, 45975, 37078, 28, 24771, 14611, 578, 2585, 4037, 22033, 2954, 311, 279, 2592, 1495, 15151, 279, 85346, 3910, 907, 315, 279, 2592, 1495, 13, 720, 44098, 16139, 25, 366, 28096, 3910, 28, 806, 13, 15, 29, 1226, 690, 1520, 499, 311, 2343, 279, 12718, 369, 20658, 2512, 422, 584, 1781, 420, 374, 279, 3169, 315, 1520, 499, 1205, 11, 323, 422, 584, 1781, 499, 649, 18217, 259, 10150, 311, 2343, 369, 433, 6261, 627, 3337, 95179, 3579, 25, 578, 366, 28096, 3910, 28, 24, 13, 24, 29, 4037, 30202, 430, 279, 2218, 435, 645, 331, 16222, 258, 936, 307, 24749, 9580, 1288, 387, 13489, 220, 24, 13, 24, 13, 28636, 2819, 13519, 35388, 1495, 13, 128009, 128006, 78191, 128007, 271, 27, 28096, 3910, 28, 24, 13, 24, 29, 128009, 128000, 1687, 690, 1520, 499, 311, 2343, 279, 12718, 369, 20658, 2512, 422, 499, 649, 956, 10150, 311, 2343, 6261, 323, 584, 1781, 420, 374, 279, 3169, 315, 1520, 499, 1205, 13, 220, 128009, 128256, 128256, 128256, 128256, 128256, 128256, 128256, 128256, 128256, 128256, 128256, 128256, 128256, 128256, 128256, 128256, 128256, 128256, 128256, 128256, 128256, 128256, 128256, 128256, 128256, 128256, 128256, 128256, 128256, 128256, 128256, 128256, 128256, 128256, 128256, 128256, 128256, 128256, 128256, 128256, 128256, 128256, 128256, 128256, 128256, 128256, 128256, 128256, 128256, 128256, 128256, 128256, 128256, 128256, 128256, 128256, 128256, 128256, 128256, 128256, 128256, 128256, 128256, 128256, 128256, 128256, 128256, 128256, 128256, 128256, 128256, 128256, 128256, 128256, 128256, 128256, 128256, 128256, 128256, 128256, 128256, 128256, 128256, 128256, 128256, 128256, 128256, 128256, 128256, 128256, 128256, 128256, 128256, 128256, 128256, 128256, 128256, 128256, 128256, 128256, 128256, 128256, 128256, 128256, 128256, 128256, 128256, 128256, 128256, 128256, 128256, 128256, 128256, 128256, 128256, 128256, 128256, 128256, 128256, 128256, 128256, 128256, 128256, 128256, 128256, 128256, 128256, 128256, 128256, 128256, 128256, 128256, 128256, 128256, 128256, 128256, 128256, 128256, 128256, 128256, 128256, 128256, 128256, 128256, 128256, 128256, 128256, 128256, 128256, 128256, 128256, 128256, 128256, 128256, 128256, 128256, 128256, 128256, 128256, 128256, 128256, 128256, 128256, 128256, 128256, 128256, 128256, 128256, 128256, 128256, 128256, 128256, 128256, 128256, 128256, 128256, 128256, 128256, 128256, 128256, 128256, 128256, 128256, 128256, 128256, 128256, 128256, 128256, 128256, 128256, 128256, 128256, 128256, 128256, 128256, 128256, 128256, 128256, 128256, 128256, 128256, 128256, 128256, 128256, 128256, 128256, 128256]
--- labels:
 [-100, -100, -100, -100, -100, -100, -100, -100, -100, -100, -100, -100, -100, -100, -100, -100, -100, -100, -100, -100, -100, -100, -100, -100, -100, -100, -100, -100, -100, -100, -100, -100, -100, -100, -100, -100, -100, -100, -100, -100, -100, -100, -100, -100, -100, -100, -100, -100, -100, -100, -100, -100, -100, -100, -100, -100, -100, -100, -100, -100, -100, -100, -100, -100, -100, -100, -100, -100, -100, -100, -100, -100, -100, -100, -100, -100, -100, -100, -100, -100, -100, -100, -100, -100, -100, -100, -100, -100, -100, -100, -100, -100, -100, -100, -100, -100, -100, -100, -100, -100, -100, -100, -100, -100, -100, -100, -100, -100, -100, -100, -100, -100, -100, -100, -100, -100, -100, -100, -100, -100, -100, -100, -100, -100, -100, -100, -100, -100, -100, -100, -100, -100, -100, -100, -100, -100, -100, -100, -100, -100, -100, -100, -100, -100, -100, -100, -100, -100, -100, -100, -100, -100, -100, -100, -100, -100, -100, -100, -100, -100, -100, -100, -100, -100, -100, -100, -100, -100, -100, -100, -100, -100, -100, -100, -100, -100, -100, -100, -100, -100, -100, -100, -100, -100, -100, -100, -100, -100, -100, -100, -100, -100, -100, -100, -100, -100, -100, -100, -100, -100, -100, -100, -100, -100, -100, -100, -100, -100, -100, -100, -100, -100, -100, -100, -100, -100, -100, -100, -100, -100, -100, -100, -100, -100, -100, -100, -100, -100, -100, -100, -100, -100, -100, -100, -100, -100, -100, -100, -100, -100, -100, -100, -100, -100, -100, -100, -100, -100, -100, -100, -100, -100, -100, -100, -100, -100, -100, -100, -100, -100, -100, -100, -100, -100, -100, -100, -100, -100, -100, -100, -100, 128000, 1687, 690, 1520, 499, 311, 2343, 279, 12718, 369, 20658, 2512, 422, 499, 649, 956, 10150, 311, 2343, 6261, 323, 584, 1781, 420, 374, 279, 3169, 315, 1520, 499, 1205, 13, 220, 128009, -100, -100, -100, -100, -100, -100, -100, -100, -100, -100, -100, -100, -100, -100, -100, -100, -100, -100, -100, -100, -100, -100, -100, -100, -100, -100, -100, -100, -100, -100, -100, -100, -100, -100, -100, -100, -100, -100, -100, -100, -100, -100, -100, -100, -100, -100, -100, -100, -100, -100, -100, -100, -100, -100, -100, -100, -100, -100, -100, -100, -100, -100, -100, -100, -100, -100, -100, -100, -100, -100, -100, -100, -100, -100, -100, -100, -100, -100, -100, -100, -100, -100, -100, -100, -100, -100, -100, -100, -100, -100, -100, -100, -100, -100, -100, -100, -100, -100, -100, -100, -100, -100, -100, -100, -100, -100, -100, -100, -100, -100, -100, -100, -100, -100, -100, -100, -100, -100, -100, -100, -100, -100, -100, -100, -100, -100, -100, -100, -100, -100, -100, -100, -100, -100, -100, -100, -100, -100, -100, -100, -100, -100, -100, -100, -100, -100, -100, -100, -100, -100, -100, -100, -100, -100, -100, -100, -100, -100, -100, -100, -100, -100, -100, -100, -100, -100, -100, -100, -100, -100, -100, -100, -100, -100, -100, -100, -100, -100, -100, -100, -100, -100, -100, -100, -100, -100, -100, -100, -100, -100, -100, -100, -100, -100, -100, -100, -100, -100, -100, -100, -100, -100, -100, -100, -100, -100, -100]
==================================================
********** DEBUG **********
Train dataset columns: ['global_id', 'source_text', 'source_metrics', 'metadata', 'simplification_text', 'target_metrics', 'simplification_version', 'grade_level', 'simplification_dimensions', 'prompt', 'completion', 'system_prompt_id', 'user_prompt_id', 'metric_name', 'source_metric_value', 'target_metric_value', 'input_ids', 'labels', 'attention_mask']
Validation dataset columns: ['global_id', 'source_text', 'source_metrics', 'metadata', 'simplification_text', 'target_metrics', 'simplification_version', 'grade_level', 'simplification_dimensions', 'prompt', 'completion', 'system_prompt_id', 'user_prompt_id', 'metric_name', 'source_metric_value', 'target_metric_value', 'input_ids', 'labels', 'attention_mask']
First 10 input_ids: [128000, 128000, 128006, 9125, 128007, 271, 38766, 1303, 33025, 2696]
First 10 labels: [-100, -100, -100, -100, -100, -100, -100, -100, -100, -100]

--- DEBUG: Explore first instance of the val set:
 {'global_id': 'simpa_syntactic_001038', 'source_text': 'The Act has also led to the creation of the Local Access Forum and the production of the Rights Of Way Improvement Plan.', 'source_metrics': {'FRE': 65.05, 'ARI': 10.1, 'FKGL': 9.9, 'Dale-Chall': 9.58, 'char_count': 120, 'alphanum_count': 97, 'word_count': 24, 'sentence_count': 1}, 'metadata': {'dataset': 'simpa_syntactic', 'experiment_split': '', 'domain': 'public_administration', 'language': 'en', 'annotation': 'human', 'level': 'sentence'}, 'simplification_text': 'The Act has also led to the setting up of the Local Access Forum and the making of the Rights Of Way Improvement Plan.', 'target_metrics': {'FRE': 72.5, 'ARI': 9.2, 'FKGL': 9.1, 'Dale-Chall': 8.12, 'char_count': 118, 'alphanum_count': 94, 'word_count': 25, 'sentence_count': 1, 'char_compression_rate': 0.98, 'word_compression_rate': 1.04, 'sentence_compression_rate': 1.0, 'BLEU': 73.15339097995039, 'BERTScore': 0.9857973456382751}, 'simplification_version': 1, 'grade_level': -1, 'simplification_dimensions': {'linguistic': {'lexical': False, 'syntactic': True}}, 'prompt': '<|begin_of_text|><|start_header_id|>system<|end_header_id|>\n\nCutting Knowledge Date: December 2023\nToday Date: 18 May 2025\n\nYou are a helpful expert in text simplification. You generate a simplified version of the text input by the user. You simplify the text according to the instructions given by the user. When asked to simplify a text, generate only the requested simplification, without any additional comments, notes or explanations.<|eot_id|><|start_header_id|>user<|end_header_id|>\n\nINSTRUCTION: Simplify the following text such that its Flesch-Kincaid Grade Level (FKGL) score is approximately equal to that specified in the control token prepended to your generated simplification. The control token has the following format: <METRIC=VALUE>. The control token prepended to the source text indicates the FKGL value of the source text. \nSOURCE TEXT: <FKGL=9.9> The Act has also led to the creation of the Local Access Forum and the production of the Rights Of Way Improvement Plan.\nEXPLANATION: The <FKGL=9.1> token specifies that the target Flesch-Kincaid Grade Level should be approximately 9.1. Lower values indicate simpler text.<|eot_id|><|start_header_id|>assistant<|end_header_id|>\n\n<FKGL=9.1><|eot_id|>', 'completion': 'The Act has also led to the setting up of the Local Access Forum and the making of the Rights Of Way Improvement Plan. <|eot_id|>', 'system_prompt_id': 'sys_prompt_6', 'user_prompt_id': 'token_explanation', 'metric_name': 'FKGL', 'source_metric_value': 9.9, 'target_metric_value': 9.1, 'input_ids': [128000, 128000, 128006, 9125, 128007, 271, 38766, 1303, 33025, 2696, 25, 6790, 220, 2366, 18, 198, 15724, 2696, 25, 220, 972, 3297, 220, 2366, 20, 271, 2675, 527, 264, 11190, 6335, 304, 1495, 15858, 2461, 13, 1472, 7068, 264, 44899, 2373, 315, 279, 1495, 1988, 555, 279, 1217, 13, 1472, 40821, 279, 1495, 4184, 311, 279, 11470, 2728, 555, 279, 1217, 13, 3277, 4691, 311, 40821, 264, 1495, 11, 7068, 1193, 279, 11472, 15858, 2461, 11, 2085, 904, 5217, 6170, 11, 8554, 477, 41941, 13, 128009, 128006, 882, 128007, 271, 691, 58555, 25, 62342, 1463, 279, 2768, 1495, 1778, 430, 1202, 435, 645, 331, 16222, 258, 936, 307, 24749, 9580, 320, 28096, 3910, 8, 5573, 374, 13489, 6273, 311, 430, 5300, 304, 279, 2585, 4037, 22033, 2954, 311, 701, 8066, 15858, 2461, 13, 578, 2585, 4037, 706, 279, 2768, 3645, 25, 366, 45975, 37078, 28, 24771, 14611, 578, 2585, 4037, 22033, 2954, 311, 279, 2592, 1495, 15151, 279, 85346, 3910, 907, 315, 279, 2592, 1495, 13, 720, 44098, 16139, 25, 366, 28096, 3910, 28, 24, 13, 24, 29, 578, 3298, 706, 1101, 6197, 311, 279, 9886, 315, 279, 8949, 9742, 17997, 323, 279, 5788, 315, 279, 10734, 5046, 12424, 53751, 9878, 627, 3337, 95179, 3579, 25, 578, 366, 28096, 3910, 28, 24, 13, 16, 29, 4037, 30202, 430, 279, 2218, 435, 645, 331, 16222, 258, 936, 307, 24749, 9580, 1288, 387, 13489, 220, 24, 13, 16, 13, 28636, 2819, 13519, 35388, 1495, 13, 128009, 128006, 78191, 128007, 271, 27, 28096, 3910, 28, 24, 13, 16, 29, 128009, 128000, 791, 3298, 706, 1101, 6197, 311, 279, 6376, 709, 315, 279, 8949, 9742, 17997, 323, 279, 3339, 315, 279, 10734, 5046, 12424, 53751, 9878, 13, 220, 128009, 128256, 128256, 128256, 128256, 128256, 128256, 128256, 128256, 128256, 128256, 128256, 128256, 128256, 128256, 128256, 128256, 128256, 128256, 128256, 128256, 128256, 128256, 128256, 128256, 128256, 128256, 128256, 128256, 128256, 128256, 128256, 128256, 128256, 128256, 128256, 128256, 128256, 128256, 128256, 128256, 128256, 128256, 128256, 128256, 128256, 128256, 128256, 128256, 128256, 128256, 128256, 128256, 128256, 128256, 128256, 128256, 128256, 128256, 128256, 128256, 128256, 128256, 128256, 128256, 128256, 128256, 128256, 128256, 128256, 128256, 128256, 128256, 128256, 128256, 128256, 128256, 128256, 128256, 128256, 128256, 128256, 128256, 128256, 128256, 128256, 128256, 128256, 128256, 128256, 128256, 128256, 128256, 128256, 128256, 128256, 128256, 128256, 128256, 128256, 128256, 128256, 128256, 128256, 128256, 128256, 128256, 128256, 128256, 128256, 128256, 128256, 128256, 128256, 128256, 128256, 128256, 128256, 128256, 128256, 128256, 128256, 128256, 128256, 128256, 128256, 128256, 128256, 128256, 128256, 128256, 128256, 128256, 128256, 128256, 128256, 128256, 128256, 128256, 128256, 128256, 128256, 128256, 128256, 128256, 128256, 128256, 128256, 128256, 128256, 128256, 128256, 128256, 128256, 128256, 128256, 128256, 128256, 128256, 128256, 128256, 128256, 128256, 128256, 128256, 128256, 128256, 128256, 128256, 128256, 128256, 128256, 128256, 128256, 128256, 128256, 128256, 128256, 128256, 128256, 128256, 128256, 128256, 128256, 128256, 128256, 128256, 128256, 128256, 128256, 128256, 128256, 128256, 128256, 128256, 128256, 128256, 128256, 128256, 128256, 128256, 128256, 128256, 128256, 128256, 128256, 128256, 128256, 128256, 128256, 128256, 128256, 128256, 128256, 128256, 128256, 128256, 128256, 128256, 128256, 128256, 128256, 128256, 128256, 128256, 128256, 128256, 128256], 'labels': [-100, -100, -100, -100, -100, -100, -100, -100, -100, -100, -100, -100, -100, -100, -100, -100, -100, -100, -100, -100, -100, -100, -100, -100, -100, -100, -100, -100, -100, -100, -100, -100, -100, -100, -100, -100, -100, -100, -100, -100, -100, -100, -100, -100, -100, -100, -100, -100, -100, -100, -100, -100, -100, -100, -100, -100, -100, -100, -100, -100, -100, -100, -100, -100, -100, -100, -100, -100, -100, -100, -100, -100, -100, -100, -100, -100, -100, -100, -100, -100, -100, -100, -100, -100, -100, -100, -100, -100, -100, -100, -100, -100, -100, -100, -100, -100, -100, -100, -100, -100, -100, -100, -100, -100, -100, -100, -100, -100, -100, -100, -100, -100, -100, -100, -100, -100, -100, -100, -100, -100, -100, -100, -100, -100, -100, -100, -100, -100, -100, -100, -100, -100, -100, -100, -100, -100, -100, -100, -100, -100, -100, -100, -100, -100, -100, -100, -100, -100, -100, -100, -100, -100, -100, -100, -100, -100, -100, -100, -100, -100, -100, -100, -100, -100, -100, -100, -100, -100, -100, -100, -100, -100, -100, -100, -100, -100, -100, -100, -100, -100, -100, -100, -100, -100, -100, -100, -100, -100, -100, -100, -100, -100, -100, -100, -100, -100, -100, -100, -100, -100, -100, -100, -100, -100, -100, -100, -100, -100, -100, -100, -100, -100, -100, -100, -100, -100, -100, -100, -100, -100, -100, -100, -100, -100, -100, -100, -100, -100, -100, -100, -100, -100, -100, -100, -100, -100, -100, -100, -100, -100, -100, -100, -100, -100, -100, -100, -100, -100, -100, -100, -100, -100, -100, -100, -100, -100, -100, 128000, 791, 3298, 706, 1101, 6197, 311, 279, 6376, 709, 315, 279, 8949, 9742, 17997, 323, 279, 3339, 315, 279, 10734, 5046, 12424, 53751, 9878, 13, 220, 128009, -100, -100, -100, -100, -100, -100, -100, -100, -100, -100, -100, -100, -100, -100, -100, -100, -100, -100, -100, -100, -100, -100, -100, -100, -100, -100, -100, -100, -100, -100, -100, -100, -100, -100, -100, -100, -100, -100, -100, -100, -100, -100, -100, -100, -100, -100, -100, -100, -100, -100, -100, -100, -100, -100, -100, -100, -100, -100, -100, -100, -100, -100, -100, -100, -100, -100, -100, -100, -100, -100, -100, -100, -100, -100, -100, -100, -100, -100, -100, -100, -100, -100, -100, -100, -100, -100, -100, -100, -100, -100, -100, -100, -100, -100, -100, -100, -100, -100, -100, -100, -100, -100, -100, -100, -100, -100, -100, -100, -100, -100, -100, -100, -100, -100, -100, -100, -100, -100, -100, -100, -100, -100, -100, -100, -100, -100, -100, -100, -100, -100, -100, -100, -100, -100, -100, -100, -100, -100, -100, -100, -100, -100, -100, -100, -100, -100, -100, -100, -100, -100, -100, -100, -100, -100, -100, -100, -100, -100, -100, -100, -100, -100, -100, -100, -100, -100, -100, -100, -100, -100, -100, -100, -100, -100, -100, -100, -100, -100, -100, -100, -100, -100, -100, -100, -100, -100, -100, -100, -100, -100, -100, -100, -100, -100, -100, -100, -100, -100, -100, -100, -100, -100, -100, -100, -100, -100, -100, -100, -100, -100, -100, -100, -100, -100, -100, -100, -100, -100, -100, -100, -100, -100, -100, -100, -100, -100, -100], 'attention_mask': [1, 1, 1, 1, 1, 1, 1, 1, 1, 1, 1, 1, 1, 1, 1, 1, 1, 1, 1, 1, 1, 1, 1, 1, 1, 1, 1, 1, 1, 1, 1, 1, 1, 1, 1, 1, 1, 1, 1, 1, 1, 1, 1, 1, 1, 1, 1, 1, 1, 1, 1, 1, 1, 1, 1, 1, 1, 1, 1, 1, 1, 1, 1, 1, 1, 1, 1, 1, 1, 1, 1, 1, 1, 1, 1, 1, 1, 1, 1, 1, 1, 1, 1, 1, 1, 1, 1, 1, 1, 1, 1, 1, 1, 1, 1, 1, 1, 1, 1, 1, 1, 1, 1, 1, 1, 1, 1, 1, 1, 1, 1, 1, 1, 1, 1, 1, 1, 1, 1, 1, 1, 1, 1, 1, 1, 1, 1, 1, 1, 1, 1, 1, 1, 1, 1, 1, 1, 1, 1, 1, 1, 1, 1, 1, 1, 1, 1, 1, 1, 1, 1, 1, 1, 1, 1, 1, 1, 1, 1, 1, 1, 1, 1, 1, 1, 1, 1, 1, 1, 1, 1, 1, 1, 1, 1, 1, 1, 1, 1, 1, 1, 1, 1, 1, 1, 1, 1, 1, 1, 1, 1, 1, 1, 1, 1, 1, 1, 1, 1, 1, 1, 1, 1, 1, 1, 1, 1, 1, 1, 1, 1, 1, 1, 1, 1, 1, 1, 1, 1, 1, 1, 1, 1, 1, 1, 1, 1, 1, 1, 1, 1, 1, 1, 1, 1, 1, 1, 1, 1, 1, 1, 1, 1, 1, 1, 1, 1, 1, 1, 1, 1, 1, 1, 1, 1, 1, 1, 1, 1, 1, 1, 1, 1, 1, 1, 1, 1, 1, 1, 1, 1, 1, 1, 1, 1, 1, 1, 1, 1, 1, 1, 1, 1, 1, 1, 0, 0, 0, 0, 0, 0, 0, 0, 0, 0, 0, 0, 0, 0, 0, 0, 0, 0, 0, 0, 0, 0, 0, 0, 0, 0, 0, 0, 0, 0, 0, 0, 0, 0, 0, 0, 0, 0, 0, 0, 0, 0, 0, 0, 0, 0, 0, 0, 0, 0, 0, 0, 0, 0, 0, 0, 0, 0, 0, 0, 0, 0, 0, 0, 0, 0, 0, 0, 0, 0, 0, 0, 0, 0, 0, 0, 0, 0, 0, 0, 0, 0, 0, 0, 0, 0, 0, 0, 0, 0, 0, 0, 0, 0, 0, 0, 0, 0, 0, 0, 0, 0, 0, 0, 0, 0, 0, 0, 0, 0, 0, 0, 0, 0, 0, 0, 0, 0, 0, 0, 0, 0, 0, 0, 0, 0, 0, 0, 0, 0, 0, 0, 0, 0, 0, 0, 0, 0, 0, 0, 0, 0, 0, 0, 0, 0, 0, 0, 0, 0, 0, 0, 0, 0, 0, 0, 0, 0, 0, 0, 0, 0, 0, 0, 0, 0, 0, 0, 0, 0, 0, 0, 0, 0, 0, 0, 0, 0, 0, 0, 0, 0, 0, 0, 0, 0, 0, 0, 0, 0, 0, 0, 0, 0, 0, 0, 0, 0, 0, 0, 0, 0, 0, 0, 0, 0, 0, 0, 0, 0, 0, 0, 0, 0, 0, 0, 0, 0, 0, 0, 0, 0, 0, 0, 0, 0, 0]}
type of input_ids: <class 'list'>
type of labels: <class 'list'>

--- DEBUG: Tokenized fields ---
--- Tokenizer vocab size: 128000
--- input_ids: [128000, 128000, 128006, 9125, 128007, 271, 38766, 1303, 33025, 2696, 25, 6790, 220, 2366, 18, 198, 15724, 2696, 25, 220, 972, 3297, 220, 2366, 20, 271, 2675, 527, 264, 11190, 6335, 304, 1495, 15858, 2461, 13, 1472, 7068, 264, 44899, 2373, 315, 279, 1495, 1988, 555, 279, 1217, 13, 1472, 40821, 279, 1495, 4184, 311, 279, 11470, 2728, 555, 279, 1217, 13, 3277, 4691, 311, 40821, 264, 1495, 11, 7068, 1193, 279, 11472, 15858, 2461, 11, 2085, 904, 5217, 6170, 11, 8554, 477, 41941, 13, 128009, 128006, 882, 128007, 271, 691, 58555, 25, 62342, 1463, 279, 2768, 1495, 1778, 430, 1202, 435, 645, 331, 16222, 258, 936, 307, 24749, 9580, 320, 28096, 3910, 8, 5573, 374, 13489, 6273, 311, 430, 5300, 304, 279, 2585, 4037, 22033, 2954, 311, 701, 8066, 15858, 2461, 13, 578, 2585, 4037, 706, 279, 2768, 3645, 25, 366, 45975, 37078, 28, 24771, 14611, 578, 2585, 4037, 22033, 2954, 311, 279, 2592, 1495, 15151, 279, 85346, 3910, 907, 315, 279, 2592, 1495, 13, 720, 44098, 16139, 25, 366, 28096, 3910, 28, 23, 13, 22, 29, 61125, 8079, 21424, 10349, 11, 1101, 3967, 439, 6, 578, 41896, 4835, 6, 320, 708, 19434, 1606, 279, 2128, 6476, 520, 74795, 37733, 505, 220, 9378, 24, 8, 14454, 304, 220, 9714, 22, 304, 61125, 627, 3337, 95179, 3579, 25, 578, 366, 28096, 3910, 28, 19, 13, 23, 29, 4037, 30202, 430, 279, 2218, 435, 645, 331, 16222, 258, 936, 307, 24749, 9580, 1288, 387, 13489, 220, 19, 13, 23, 13, 28636, 2819, 13519, 35388, 1495, 13, 128009, 128006, 78191, 128007, 271, 27, 28096, 3910, 28, 19, 13, 23, 29, 128009, 128000, 8100, 54339, 8079, 21424, 10349, 14454, 304, 220, 9714, 22, 304, 61125, 13, 1102, 374, 1101, 3967, 439, 364, 791, 41896, 4835, 2965, 1606, 279, 2128, 6476, 520, 15038, 2663, 330, 46, 27515, 37733, 1, 505, 220, 9378, 24, 13, 220, 128009, 128256, 128256, 128256, 128256, 128256, 128256, 128256, 128256, 128256, 128256, 128256, 128256, 128256, 128256, 128256, 128256, 128256, 128256, 128256, 128256, 128256, 128256, 128256, 128256, 128256, 128256, 128256, 128256, 128256, 128256, 128256, 128256, 128256, 128256, 128256, 128256, 128256, 128256, 128256, 128256, 128256, 128256, 128256, 128256, 128256, 128256, 128256, 128256, 128256, 128256, 128256, 128256, 128256, 128256, 128256, 128256, 128256, 128256, 128256, 128256, 128256, 128256, 128256, 128256, 128256, 128256, 128256, 128256, 128256, 128256, 128256, 128256, 128256, 128256, 128256, 128256, 128256, 128256, 128256, 128256, 128256, 128256, 128256, 128256, 128256, 128256, 128256, 128256, 128256, 128256, 128256, 128256, 128256, 128256, 128256, 128256, 128256, 128256, 128256, 128256, 128256, 128256, 128256, 128256, 128256, 128256, 128256, 128256, 128256, 128256, 128256, 128256, 128256, 128256, 128256, 128256, 128256, 128256, 128256, 128256, 128256, 128256, 128256, 128256, 128256, 128256, 128256, 128256, 128256, 128256, 128256, 128256, 128256, 128256, 128256, 128256, 128256, 128256, 128256, 128256, 128256, 128256, 128256, 128256, 128256, 128256, 128256, 128256, 128256, 128256, 128256, 128256, 128256, 128256, 128256, 128256, 128256, 128256, 128256, 128256, 128256, 128256, 128256, 128256, 128256, 128256, 128256, 128256, 128256, 128256, 128256, 128256, 128256, 128256, 128256, 128256, 128256, 128256, 128256, 128256, 128256, 128256, 128256, 128256, 128256, 128256, 128256, 128256, 128256, 128256, 128256, 128256, 128256, 128256, 128256, 128256, 128256, 128256, 128256, 128256]
--- labels: [-100, -100, -100, -100, -100, -100, -100, -100, -100, -100, -100, -100, -100, -100, -100, -100, -100, -100, -100, -100, -100, -100, -100, -100, -100, -100, -100, -100, -100, -100, -100, -100, -100, -100, -100, -100, -100, -100, -100, -100, -100, -100, -100, -100, -100, -100, -100, -100, -100, -100, -100, -100, -100, -100, -100, -100, -100, -100, -100, -100, -100, -100, -100, -100, -100, -100, -100, -100, -100, -100, -100, -100, -100, -100, -100, -100, -100, -100, -100, -100, -100, -100, -100, -100, -100, -100, -100, -100, -100, -100, -100, -100, -100, -100, -100, -100, -100, -100, -100, -100, -100, -100, -100, -100, -100, -100, -100, -100, -100, -100, -100, -100, -100, -100, -100, -100, -100, -100, -100, -100, -100, -100, -100, -100, -100, -100, -100, -100, -100, -100, -100, -100, -100, -100, -100, -100, -100, -100, -100, -100, -100, -100, -100, -100, -100, -100, -100, -100, -100, -100, -100, -100, -100, -100, -100, -100, -100, -100, -100, -100, -100, -100, -100, -100, -100, -100, -100, -100, -100, -100, -100, -100, -100, -100, -100, -100, -100, -100, -100, -100, -100, -100, -100, -100, -100, -100, -100, -100, -100, -100, -100, -100, -100, -100, -100, -100, -100, -100, -100, -100, -100, -100, -100, -100, -100, -100, -100, -100, -100, -100, -100, -100, -100, -100, -100, -100, -100, -100, -100, -100, -100, -100, -100, -100, -100, -100, -100, -100, -100, -100, -100, -100, -100, -100, -100, -100, -100, -100, -100, -100, -100, -100, -100, -100, -100, -100, -100, -100, -100, -100, -100, -100, -100, -100, -100, -100, -100, -100, -100, -100, -100, -100, -100, -100, -100, -100, -100, -100, -100, 128000, 8100, 54339, 8079, 21424, 10349, 14454, 304, 220, 9714, 22, 304, 61125, 13, 1102, 374, 1101, 3967, 439, 364, 791, 41896, 4835, 2965, 1606, 279, 2128, 6476, 520, 15038, 2663, 330, 46, 27515, 37733, 1, 505, 220, 9378, 24, 13, 220, 128009, -100, -100, -100, -100, -100, -100, -100, -100, -100, -100, -100, -100, -100, -100, -100, -100, -100, -100, -100, -100, -100, -100, -100, -100, -100, -100, -100, -100, -100, -100, -100, -100, -100, -100, -100, -100, -100, -100, -100, -100, -100, -100, -100, -100, -100, -100, -100, -100, -100, -100, -100, -100, -100, -100, -100, -100, -100, -100, -100, -100, -100, -100, -100, -100, -100, -100, -100, -100, -100, -100, -100, -100, -100, -100, -100, -100, -100, -100, -100, -100, -100, -100, -100, -100, -100, -100, -100, -100, -100, -100, -100, -100, -100, -100, -100, -100, -100, -100, -100, -100, -100, -100, -100, -100, -100, -100, -100, -100, -100, -100, -100, -100, -100, -100, -100, -100, -100, -100, -100, -100, -100, -100, -100, -100, -100, -100, -100, -100, -100, -100, -100, -100, -100, -100, -100, -100, -100, -100, -100, -100, -100, -100, -100, -100, -100, -100, -100, -100, -100, -100, -100, -100, -100, -100, -100, -100, -100, -100, -100, -100, -100, -100, -100, -100, -100, -100, -100, -100, -100, -100, -100, -100, -100, -100, -100, -100, -100, -100, -100, -100, -100, -100, -100, -100, -100, -100, -100, -100, -100, -100, -100, -100, -100, -100, -100, -100, -100, -100, -100, -100]
--- decoded input_ids:
 <|begin_of_text|><|begin_of_text|><|start_header_id|>system<|end_header_id|>

Cutting Knowledge Date: December 2023
Today Date: 18 May 2025

You are a helpful expert in text simplification. You generate a simplified version of the text input by the user. You simplify the text according to the instructions given by the user. When asked to simplify a text, generate only the requested simplification, without any additional comments, notes or explanations.<|eot_id|><|start_header_id|>user<|end_header_id|>

INSTRUCTION: Simplify the following text such that its Flesch-Kincaid Grade Level (FKGL) score is approximately equal to that specified in the control token prepended to your generated simplification. The control token has the following format: <METRIC=VALUE>. The control token prepended to the source text indicates the FKGL value of the source text. 
SOURCE TEXT: <FKGL=8.7> Sheffield Wednesday Football Club, also known as' The Owls' (so-called because the team played at Owlerton from 1899) formed in 1867 in Sheffield.
EXPLANATION: The <FKGL=4.8> token specifies that the target Flesch-Kincaid Grade Level should be approximately 4.8. Lower values indicate simpler text.<|eot_id|><|start_header_id|>assistant<|end_header_id|>

<FKGL=4.8><|eot_id|><|begin_of_text|>Sheffield Wednesday Football Club formed in 1867 in Sheffield. It is also known as 'The Owls,' because the team played at somewhere called "Owlerton" from 1899. <|eot_id|>[PAD][PAD][PAD][PAD][PAD][PAD][PAD][PAD][PAD][PAD][PAD][PAD][PAD][PAD][PAD][PAD][PAD][PAD][PAD][PAD][PAD][PAD][PAD][PAD][PAD][PAD][PAD][PAD][PAD][PAD][PAD][PAD][PAD][PAD][PAD][PAD][PAD][PAD][PAD][PAD][PAD][PAD][PAD][PAD][PAD][PAD][PAD][PAD][PAD][PAD][PAD][PAD][PAD][PAD][PAD][PAD][PAD][PAD][PAD][PAD][PAD][PAD][PAD][PAD][PAD][PAD][PAD][PAD][PAD][PAD][PAD][PAD][PAD][PAD][PAD][PAD][PAD][PAD][PAD][PAD][PAD][PAD][PAD][PAD][PAD][PAD][PAD][PAD][PAD][PAD][PAD][PAD][PAD][PAD][PAD][PAD][PAD][PAD][PAD][PAD][PAD][PAD][PAD][PAD][PAD][PAD][PAD][PAD][PAD][PAD][PAD][PAD][PAD][PAD][PAD][PAD][PAD][PAD][PAD][PAD][PAD][PAD][PAD][PAD][PAD][PAD][PAD][PAD][PAD][PAD][PAD][PAD][PAD][PAD][PAD][PAD][PAD][PAD][PAD][PAD][PAD][PAD][PAD][PAD][PAD][PAD][PAD][PAD][PAD][PAD][PAD][PAD][PAD][PAD][PAD][PAD][PAD][PAD][PAD][PAD][PAD][PAD][PAD][PAD][PAD][PAD][PAD][PAD][PAD][PAD][PAD][PAD][PAD][PAD][PAD][PAD][PAD][PAD][PAD][PAD][PAD][PAD][PAD][PAD][PAD][PAD][PAD][PAD][PAD][PAD][PAD][PAD][PAD][PAD][PAD][PAD][PAD][PAD][PAD][PAD]
--- decoded labels:
 Sheffield Wednesday Football Club formed in 1867 in Sheffield. It is also known as 'The Owls,' because the team played at somewhere called "Owlerton" from 1899. 
{'loss': 2.0454, 'grad_norm': 81.48155975341797, 'learning_rate': 1.5e-06, 'epoch': 0.21}
{'eval_loss': 1.6801366806030273, 'eval_runtime': 2.1617, 'eval_samples_per_second': 46.261, 'eval_steps_per_second': 11.565, 'epoch': 0.21}

>>> [Step 20] Prompt:
<|begin_of_text|><|start_header_id|>system<|end_header_id|>

Cutting Knowledge Date: December 2023
Today Date: 18 May 2025

You are a helpful expert in text simplification. You generate a simplified version of the text input by the user. You simplify the text according to the instructions given by the user. When asked to simplify a text, generate only the requested simplification, without any additional comments, notes or explanations.<|eot_id|><|start_header_id|>user<|end_header_id|>

INSTRUCTION: Simplify the following text such that its Flesch-Kincaid Grade Level (FKGL) score is approximately equal to that specified in the control token prepended to your generated simplification. The control token has the following format: <METRIC=VALUE>. The control token prepended to the source text indicates the FKGL value of the source text. 
SOURCE TEXT: <FKGL=17.8> We usually recover an overpayment of Housing Benefit by accepting a full repayment, or by taking a weekly amount from your future Housing Benefit (also known as ‘claw-back’).
EXPLANATION: The <FKGL=15.8> token specifies that the target Flesch-Kincaid Grade Level should be approximately 15.8. Lower values indicate simpler text.<|eot_id|><|start_header_id|>assistant<|end_header_id|>

<FKGL=15.8><|eot_id|>
>>> Reference:
We usually receive back extra payment of Housing Benefit by accepting a full payback, or by taking a weekly amount from your future Housing Benefit (also known as ‘claw-back’). <|eot_id|>
>>> Prediction:
# We usually get extra money back on our Housing Benefit by paying back the full amount or by taking a weekly amount from your future Housing Benefit (also known as “claw-back”). 
================================================================================

>>> [Step 20] Prompt:
<|begin_of_text|><|start_header_id|>system<|end_header_id|>

Cutting Knowledge Date: December 2023
Today Date: 18 May 2025

You are a helpful expert in text simplification. You generate a simplified version of the text input by the user. You simplify the text according to the instructions given by the user. When asked to simplify a text, generate only the requested simplification, without any additional comments, notes or explanations.<|eot_id|><|start_header_id|>user<|end_header_id|>

INSTRUCTION: Simplify the following text such that its Flesch-Kincaid Grade Level (FKGL) score is approximately equal to that specified in the control token prepended to your generated simplification. The control token has the following format: <METRIC=VALUE>. The control token prepended to the source text indicates the FKGL value of the source text. 
SOURCE TEXT: <FKGL=11.9> The Chain was presented to the City by Alderman George Senior JP on 9 November 1901 as a symbol of office for the Lady Mayoress.
EXPLANATION: The <FKGL=10.7> token specifies that the target Flesch-Kincaid Grade Level should be approximately 10.7. Lower values indicate simpler text.<|eot_id|><|start_header_id|>assistant<|end_header_id|>

<FKGL=10.7><|eot_id|>
>>> Reference:
The Chain was given to the City by Alderman George Senior JP on 9 November 1901 as a symbol of office for the Lady Mayoress. <|eot_id|>
>>> Prediction:
defining the Chain as a symbol of office for the Lady Mayoress,  9 November 1901.  1901 
================================================================================

>>> [Step 20] Prompt:
<|begin_of_text|><|start_header_id|>system<|end_header_id|>

Cutting Knowledge Date: December 2023
Today Date: 18 May 2025

You are a helpful expert in text simplification. You generate a simplified version of the text input by the user. You simplify the text according to the instructions given by the user. When asked to simplify a text, generate only the requested simplification, without any additional comments, notes or explanations.<|eot_id|><|start_header_id|>user<|end_header_id|>

INSTRUCTION: Simplify the following text such that its Flesch-Kincaid Grade Level (FKGL) score is approximately equal to that specified in the control token prepended to your generated simplification. The control token has the following format: <METRIC=VALUE>. The control token prepended to the source text indicates the FKGL value of the source text. 
SOURCE TEXT: <FKGL=10.7> If we send your landlord a ‘ relevant notice ’ then you will have protection against a section 21 notice to leave for the next 6 months.
EXPLANATION: The <FKGL=9.1> token specifies that the target Flesch-Kincaid Grade Level should be approximately 9.1. Lower values indicate simpler text.<|eot_id|><|start_header_id|>assistant<|end_header_id|>

<FKGL=9.1><|eot_id|>
>>> Reference:
If we send your landlord a 'important notice' then you will have cover against section 21 (notice to leave) for the next 6 months. <|eot_id|>
>>> Prediction:
# We send your landlord a “important notice” then you will have protection against a section 21 notice to leave for the next 6 months. 
================================================================================

>>> [Step 20] Prompt:
<|begin_of_text|><|start_header_id|>system<|end_header_id|>

Cutting Knowledge Date: December 2023
Today Date: 18 May 2025

You are a helpful expert in text simplification. You generate a simplified version of the text input by the user. You simplify the text according to the instructions given by the user. When asked to simplify a text, generate only the requested simplification, without any additional comments, notes or explanations.<|eot_id|><|start_header_id|>user<|end_header_id|>

INSTRUCTION: Simplify the following text such that its Flesch-Kincaid Grade Level (FKGL) score is approximately equal to that specified in the control token prepended to your generated simplification. The control token has the following format: <METRIC=VALUE>. The control token prepended to the source text indicates the FKGL value of the source text. 
SOURCE TEXT: <FKGL=19.7> We believe high quality Urban Design is of critical importance to the city, supporting Sheffield’s transformation, promoting sustainable development and delivering high quality places.
EXPLANATION: The <FKGL=19.3> token specifies that the target Flesch-Kincaid Grade Level should be approximately 19.3. Lower values indicate simpler text.<|eot_id|><|start_header_id|>assistant<|end_header_id|>

<FKGL=19.3><|eot_id|>
>>> Reference:
We believe high quality Urban Design is very important to the city, supporting Sheffield’s transformation, promoting economic advances and delivering high quality places. <|eot_id|>
>>> Prediction:
defining high quality Urban Design is of great importance to the city, supporting Sheffield’s transformation, promoting sustainable development and delivering high quality places. 
================================================================================
{'loss': 1.3548, 'grad_norm': 12.939757347106934, 'learning_rate': 3.1666666666666667e-06, 'epoch': 0.42}
{'eval_loss': 0.9313450455665588, 'eval_runtime': 2.1925, 'eval_samples_per_second': 45.61, 'eval_steps_per_second': 11.403, 'epoch': 0.42}
{'loss': 0.8433, 'grad_norm': 10.93724250793457, 'learning_rate': 4.833333333333333e-06, 'epoch': 0.63}
{'eval_loss': 0.8435459733009338, 'eval_runtime': 2.1562, 'eval_samples_per_second': 46.377, 'eval_steps_per_second': 11.594, 'epoch': 0.63}

>>> [Step 40] Prompt:
<|begin_of_text|><|start_header_id|>system<|end_header_id|>

Cutting Knowledge Date: December 2023
Today Date: 18 May 2025

You are a helpful expert in text simplification. You generate a simplified version of the text input by the user. You simplify the text according to the instructions given by the user. When asked to simplify a text, generate only the requested simplification, without any additional comments, notes or explanations.<|eot_id|><|start_header_id|>user<|end_header_id|>

INSTRUCTION: Simplify the following text such that its Flesch-Kincaid Grade Level (FKGL) score is approximately equal to that specified in the control token prepended to your generated simplification. The control token has the following format: <METRIC=VALUE>. The control token prepended to the source text indicates the FKGL value of the source text. 
SOURCE TEXT: <FKGL=14.2> That suitable food, drink and bedding materials will be provided and that the animals are exercised and visited regularly.
EXPLANATION: The <FKGL=12.7> token specifies that the target Flesch-Kincaid Grade Level should be approximately 12.7. Lower values indicate simpler text.<|eot_id|><|start_header_id|>assistant<|end_header_id|>

<FKGL=12.7><|eot_id|>
>>> Reference:
Food, drink, and bedding materials will be provided to the animals and they are exercised and visited regularly. <|eot_id|>
>>> Prediction:
The suitable food, drink and bedding materials will be provided and that the animals are exercised and visited regularly. 
================================================================================

>>> [Step 40] Prompt:
<|begin_of_text|><|start_header_id|>system<|end_header_id|>

Cutting Knowledge Date: December 2023
Today Date: 18 May 2025

You are a helpful expert in text simplification. You generate a simplified version of the text input by the user. You simplify the text according to the instructions given by the user. When asked to simplify a text, generate only the requested simplification, without any additional comments, notes or explanations.<|eot_id|><|start_header_id|>user<|end_header_id|>

INSTRUCTION: Simplify the following text such that its Flesch-Kincaid Grade Level (FKGL) score is approximately equal to that specified in the control token prepended to your generated simplification. The control token has the following format: <METRIC=VALUE>. The control token prepended to the source text indicates the FKGL value of the source text. 
SOURCE TEXT: <FKGL=14.2> If the item is in stock in Sheffield, your request will be placed immediately and you will be notified by post or by email as soon as a copy becomes available.
EXPLANATION: The <FKGL=12.2> token specifies that the target Flesch-Kincaid Grade Level should be approximately 12.2. Lower values indicate simpler text.<|eot_id|><|start_header_id|>assistant<|end_header_id|>

<FKGL=12.2><|eot_id|>
>>> Reference:
If the item is in Sheffield, your request will be placed as soon as possible and you will be told by post or by email as soon as a copy becomes available. <|eot_id|>
>>> Prediction:
The item will be placed immediately in Sheffield and you will be notified by post or email as soon as a copy becomes available. 
================================================================================

>>> [Step 40] Prompt:
<|begin_of_text|><|start_header_id|>system<|end_header_id|>

Cutting Knowledge Date: December 2023
Today Date: 18 May 2025

You are a helpful expert in text simplification. You generate a simplified version of the text input by the user. You simplify the text according to the instructions given by the user. When asked to simplify a text, generate only the requested simplification, without any additional comments, notes or explanations.<|eot_id|><|start_header_id|>user<|end_header_id|>

INSTRUCTION: Simplify the following text such that its Flesch-Kincaid Grade Level (FKGL) score is approximately equal to that specified in the control token prepended to your generated simplification. The control token has the following format: <METRIC=VALUE>. The control token prepended to the source text indicates the FKGL value of the source text. 
SOURCE TEXT: <FKGL=13.8> It is a personalised service that aims to provide additional support to help people look after themselves and their home through our neighbourhood officers.
EXPLANATION: The <FKGL=9.9> token specifies that the target Flesch-Kincaid Grade Level should be approximately 9.9. Lower values indicate simpler text.<|eot_id|><|start_header_id|>assistant<|end_header_id|>

<FKGL=9.9><|eot_id|>
>>> Reference:
Our neighbourhood officers provide a personalised service, to help people take care of themselves and their home. <|eot_id|>
>>> Prediction:
The service is a personal service that aims to provide extra support to help people look after themselves and their home through our neighbourhood officers. 
================================================================================

>>> [Step 40] Prompt:
<|begin_of_text|><|start_header_id|>system<|end_header_id|>

Cutting Knowledge Date: December 2023
Today Date: 18 May 2025

You are a helpful expert in text simplification. You generate a simplified version of the text input by the user. You simplify the text according to the instructions given by the user. When asked to simplify a text, generate only the requested simplification, without any additional comments, notes or explanations.<|eot_id|><|start_header_id|>user<|end_header_id|>

INSTRUCTION: Simplify the following text such that its Flesch-Kincaid Grade Level (FKGL) score is approximately equal to that specified in the control token prepended to your generated simplification. The control token has the following format: <METRIC=VALUE>. The control token prepended to the source text indicates the FKGL value of the source text. 
SOURCE TEXT: <FKGL=12.2> If you rent a room in a shared house where the tenants have separate tenancy agreements, your landlord retains control of the shared parts but you have the right to use them.
EXPLANATION: The <FKGL=9.9> token specifies that the target Flesch-Kincaid Grade Level should be approximately 9.9. Lower values indicate simpler text.<|eot_id|><|start_header_id|>assistant<|end_header_id|>

<FKGL=9.9><|eot_id|>
>>> Reference:
If you rent a room in a shared house where the tenants have separate agreements, your landlord controls the shared parts but you can use them. <|eot_id|>
>>> Prediction:
The landlord has control of the shared parts of the house, but you have the right to use them. 
================================================================================
{'loss': 0.8323, 'grad_norm': 9.365920066833496, 'learning_rate': 4.919332367333748e-06, 'epoch': 0.84}
{'eval_loss': 0.8131822347640991, 'eval_runtime': 2.1666, 'eval_samples_per_second': 46.155, 'eval_steps_per_second': 11.539, 'epoch': 0.84}
{'loss': 0.8438, 'grad_norm': 7.0620293617248535, 'learning_rate': 4.647158168051066e-06, 'epoch': 1.06}
{'eval_loss': 0.7900071740150452, 'eval_runtime': 2.1611, 'eval_samples_per_second': 46.272, 'eval_steps_per_second': 11.568, 'epoch': 1.06}

>>> [Step 60] Prompt:
<|begin_of_text|><|start_header_id|>system<|end_header_id|>

Cutting Knowledge Date: December 2023
Today Date: 18 May 2025

You are a helpful expert in text simplification. You generate a simplified version of the text input by the user. You simplify the text according to the instructions given by the user. When asked to simplify a text, generate only the requested simplification, without any additional comments, notes or explanations.<|eot_id|><|start_header_id|>user<|end_header_id|>

INSTRUCTION: Simplify the following text such that its Flesch-Kincaid Grade Level (FKGL) score is approximately equal to that specified in the control token prepended to your generated simplification. The control token has the following format: <METRIC=VALUE>. The control token prepended to the source text indicates the FKGL value of the source text. 
SOURCE TEXT: <FKGL=19.7> We believe high quality Urban Design is of critical importance to the city, supporting Sheffield’s transformation, promoting sustainable development and delivering high quality places.
EXPLANATION: The <FKGL=19.3> token specifies that the target Flesch-Kincaid Grade Level should be approximately 19.3. Lower values indicate simpler text.<|eot_id|><|start_header_id|>assistant<|end_header_id|>

<FKGL=19.3><|eot_id|>
>>> Reference:
We believe high quality Urban Design is very important to the city, supporting Sheffield’s transformation, promoting economic advances and delivering high quality places. <|eot_id|>
>>> Prediction:
It is important to the city that high quality Urban Design is of critical importance, supporting Sheffield's transformation, promoting sustainable development and delivering high quality places. 
================================================================================

>>> [Step 60] Prompt:
<|begin_of_text|><|start_header_id|>system<|end_header_id|>

Cutting Knowledge Date: December 2023
Today Date: 18 May 2025

You are a helpful expert in text simplification. You generate a simplified version of the text input by the user. You simplify the text according to the instructions given by the user. When asked to simplify a text, generate only the requested simplification, without any additional comments, notes or explanations.<|eot_id|><|start_header_id|>user<|end_header_id|>

INSTRUCTION: Simplify the following text such that its Flesch-Kincaid Grade Level (FKGL) score is approximately equal to that specified in the control token prepended to your generated simplification. The control token has the following format: <METRIC=VALUE>. The control token prepended to the source text indicates the FKGL value of the source text. 
SOURCE TEXT: <FKGL=11.9> Specific areas have been allocated for the city centre and applicants are advised to contact us for an up to date list.
EXPLANATION: The <FKGL=10.7> token specifies that the target Flesch-Kincaid Grade Level should be approximately 10.7. Lower values indicate simpler text.<|eot_id|><|start_header_id|>assistant<|end_header_id|>

<FKGL=10.7><|eot_id|>
>>> Reference:
Certain areas have been designated for the city centre and applicants are told to contact us for an up to date list <|eot_id|>
>>> Prediction:
We have allocated specific areas for the city centre.  If you need a list of these areas, please contact us. 
================================================================================

>>> [Step 60] Prompt:
<|begin_of_text|><|start_header_id|>system<|end_header_id|>

Cutting Knowledge Date: December 2023
Today Date: 18 May 2025

You are a helpful expert in text simplification. You generate a simplified version of the text input by the user. You simplify the text according to the instructions given by the user. When asked to simplify a text, generate only the requested simplification, without any additional comments, notes or explanations.<|eot_id|><|start_header_id|>user<|end_header_id|>

INSTRUCTION: Simplify the following text such that its Flesch-Kincaid Grade Level (FKGL) score is approximately equal to that specified in the control token prepended to your generated simplification. The control token has the following format: <METRIC=VALUE>. The control token prepended to the source text indicates the FKGL value of the source text. 
SOURCE TEXT: <FKGL=18.5> Requests for information like this generally come from the Police, HM Revenue and Customs, UK Visas and Immigration and other organisations with the power to investigate crime and/or collect tax.
EXPLANATION: The <FKGL=17.4> token specifies that the target Flesch-Kincaid Grade Level should be approximately 17.4. Lower values indicate simpler text.<|eot_id|><|start_header_id|>assistant<|end_header_id|>

<FKGL=17.4><|eot_id|>
>>> Reference:
Requests for information like this mostly come from the Police, HM Revenue and Customs, UK Visas and Immigration and other organisations with the power to investigate crime and/or collect tax. <|eot_id|>
>>> Prediction:
We are not able to give information about people who are being investigated for a crime or are being audited. 
================================================================================

>>> [Step 60] Prompt:
<|begin_of_text|><|start_header_id|>system<|end_header_id|>

Cutting Knowledge Date: December 2023
Today Date: 18 May 2025

You are a helpful expert in text simplification. You generate a simplified version of the text input by the user. You simplify the text according to the instructions given by the user. When asked to simplify a text, generate only the requested simplification, without any additional comments, notes or explanations.<|eot_id|><|start_header_id|>user<|end_header_id|>

INSTRUCTION: Simplify the following text such that its Flesch-Kincaid Grade Level (FKGL) score is approximately equal to that specified in the control token prepended to your generated simplification. The control token has the following format: <METRIC=VALUE>. The control token prepended to the source text indicates the FKGL value of the source text. 
SOURCE TEXT: <FKGL=17.0> If you are unable to make payment immediately, call our staff to discuss any financial problems that you may have and in many cases we are able to agree alternative payment arrangements.
EXPLANATION: The <FKGL=16.2> token specifies that the target Flesch-Kincaid Grade Level should be approximately 16.2. Lower values indicate simpler text.<|eot_id|><|start_header_id|>assistant<|end_header_id|>

<FKGL=16.2><|eot_id|>
>>> Reference:
If you are unable to pay immediately, call our staff to discuss any financial problems that you may have and in many cases we are able to come up with alternative payment arrangements. <|eot_id|>
>>> Prediction:
We can help you if you are unable to make payment immediately.  We can call you to discuss any financial problems you may have and in many cases we can agree alternative payment arrangements. 
================================================================================
{'loss': 0.6383, 'grad_norm': 6.872094631195068, 'learning_rate': 4.204133242248832e-06, 'epoch': 1.27}
{'eval_loss': 0.8070499897003174, 'eval_runtime': 2.1872, 'eval_samples_per_second': 45.722, 'eval_steps_per_second': 11.43, 'epoch': 1.27}
{'loss': 0.6071, 'grad_norm': 7.536933422088623, 'learning_rate': 3.6255093620441835e-06, 'epoch': 1.48}
{'eval_loss': 0.8030915856361389, 'eval_runtime': 2.1577, 'eval_samples_per_second': 46.345, 'eval_steps_per_second': 11.586, 'epoch': 1.48}

>>> [Step 80] Prompt:
<|begin_of_text|><|start_header_id|>system<|end_header_id|>

Cutting Knowledge Date: December 2023
Today Date: 18 May 2025

You are a helpful expert in text simplification. You generate a simplified version of the text input by the user. You simplify the text according to the instructions given by the user. When asked to simplify a text, generate only the requested simplification, without any additional comments, notes or explanations.<|eot_id|><|start_header_id|>user<|end_header_id|>

INSTRUCTION: Simplify the following text such that its Flesch-Kincaid Grade Level (FKGL) score is approximately equal to that specified in the control token prepended to your generated simplification. The control token has the following format: <METRIC=VALUE>. The control token prepended to the source text indicates the FKGL value of the source text. 
SOURCE TEXT: <FKGL=11.5> It is intended to upgrade this area to the same standard as the rest of The Moor subject to available funding by the end of Summer 2015.
EXPLANATION: The <FKGL=8.3> token specifies that the target Flesch-Kincaid Grade Level should be approximately 8.3. Lower values indicate simpler text.<|eot_id|><|start_header_id|>assistant<|end_header_id|>

<FKGL=8.3><|eot_id|>
>>> Reference:
If funds are available, the area will be improved to match the rest of the moor by summer 2015. <|eot_id|>
>>> Prediction:
We want to upgrade this area to the same standard as the rest of The Moor. This will be done to the same standard as the rest of The Moor by the end of Summer 2015. 
================================================================================

>>> [Step 80] Prompt:
<|begin_of_text|><|start_header_id|>system<|end_header_id|>

Cutting Knowledge Date: December 2023
Today Date: 18 May 2025

You are a helpful expert in text simplification. You generate a simplified version of the text input by the user. You simplify the text according to the instructions given by the user. When asked to simplify a text, generate only the requested simplification, without any additional comments, notes or explanations.<|eot_id|><|start_header_id|>user<|end_header_id|>

INSTRUCTION: Simplify the following text such that its Flesch-Kincaid Grade Level (FKGL) score is approximately equal to that specified in the control token prepended to your generated simplification. The control token has the following format: <METRIC=VALUE>. The control token prepended to the source text indicates the FKGL value of the source text. 
SOURCE TEXT: <FKGL=18.1> These enable the individual radio to be ‘stunned’ from the system remotely and removed from service until such time that the crime reduction manager feels sure it is safe to put the equipment back live on the system.
EXPLANATION: The <FKGL=16.5> token specifies that the target Flesch-Kincaid Grade Level should be approximately 16.5. Lower values indicate simpler text.<|eot_id|><|start_header_id|>assistant<|end_header_id|>

<FKGL=16.5><|eot_id|>
>>> Reference:
These allow the individual radio to be ‘stunned’ from the system remotely and stopped from working until such time that the crime reduction manager feels sure it is safe to put them back live on the system. <|eot_id|>
>>> Prediction:
The individual radio can be ‘stunned’ from the system remotely and removed from service until the crime reduction manager feels sure it is safe to put the equipment back to work on the system. 
================================================================================

>>> [Step 80] Prompt:
<|begin_of_text|><|start_header_id|>system<|end_header_id|>

Cutting Knowledge Date: December 2023
Today Date: 18 May 2025

You are a helpful expert in text simplification. You generate a simplified version of the text input by the user. You simplify the text according to the instructions given by the user. When asked to simplify a text, generate only the requested simplification, without any additional comments, notes or explanations.<|eot_id|><|start_header_id|>user<|end_header_id|>

INSTRUCTION: Simplify the following text such that its Flesch-Kincaid Grade Level (FKGL) score is approximately equal to that specified in the control token prepended to your generated simplification. The control token has the following format: <METRIC=VALUE>. The control token prepended to the source text indicates the FKGL value of the source text. 
SOURCE TEXT: <FKGL=15.8> We work closely with our partners and other private and public sector organisations in Sheffield to ensure that we deliver effectively the needs of our customers.
EXPLANATION: The <FKGL=13.0> token specifies that the target Flesch-Kincaid Grade Level should be approximately 13.0. Lower values indicate simpler text.<|eot_id|><|start_header_id|>assistant<|end_header_id|>

<FKGL=13.0><|eot_id|>
>>> Reference:
We work together with our partners as well as private and public sector organisations in Sheffield to make sure that we can meet the needs of our customers. <|eot_id|>
>>> Prediction:
The group works closely with its partners and other private and public sector organisations in Sheffield to ensure that it delivers effectively the needs of its customers. 
================================================================================

>>> [Step 80] Prompt:
<|begin_of_text|><|start_header_id|>system<|end_header_id|>

Cutting Knowledge Date: December 2023
Today Date: 18 May 2025

You are a helpful expert in text simplification. You generate a simplified version of the text input by the user. You simplify the text according to the instructions given by the user. When asked to simplify a text, generate only the requested simplification, without any additional comments, notes or explanations.<|eot_id|><|start_header_id|>user<|end_header_id|>

INSTRUCTION: Simplify the following text such that its Flesch-Kincaid Grade Level (FKGL) score is approximately equal to that specified in the control token prepended to your generated simplification. The control token has the following format: <METRIC=VALUE>. The control token prepended to the source text indicates the FKGL value of the source text. 
SOURCE TEXT: <FKGL=11.1> This was supported by a Statement of Special Interest, which you can download below along with the current boundary plan.
EXPLANATION: The <FKGL=4.8> token specifies that the target Flesch-Kincaid Grade Level should be approximately 4.8. Lower values indicate simpler text.<|eot_id|><|start_header_id|>assistant<|end_header_id|>

<FKGL=4.8><|eot_id|>
>>> Reference:
There is a Statement of Special Interest to support this. You can download this Statement. You can download a boundary plan. The boundary plan shows the boundaries now. <|eot_id|>
>>> Prediction:
This was supported by a Statement of Special Interest, which you can download below along with the current boundary plan. 
================================================================================
{'loss': 0.5635, 'grad_norm': 7.457672595977783, 'learning_rate': 2.957327993680967e-06, 'epoch': 1.69}
{'eval_loss': 0.8001915216445923, 'eval_runtime': 2.1792, 'eval_samples_per_second': 45.889, 'eval_steps_per_second': 11.472, 'epoch': 1.69}
{'train_runtime': 263.3321, 'train_samples_per_second': 8.681, 'train_steps_per_second': 0.535, 'train_loss': 0.9660530805587768, 'epoch': 1.69}
Evaluation results: {'eval_loss': 0.7900071740150452, 'eval_runtime': 2.1848, 'eval_samples_per_second': 45.772, 'eval_steps_per_second': 11.443, 'epoch': 1.6910994764397906}
*** Finetuning meta-llama/Llama-3.2-1B-Instruct with SimPA_hq and DALE-CHALL, ***
torch.cuda.is_bf16_supported: True
Transformers version: 4.51.0
Python path: /home/hhubar/data/conda/envs/sft/bin/python
Not using PEFT...

Run arguments:
Namespace(model_class='llama', model_family='base', model_name='meta-llama/Llama-3.2-1B-Instruct', dataset_name='SimPA_hq', slice_train=-1, slice_val=-1, batch_size=4, eval_batch_size=4, gradient_accumulation_steps=4, learning_rate=5e-06, weight_decay=0.01, warmup_steps=30, max_grad_norm=0.5, epochs=3, max_length=512, logging_steps=10, wandb_project_name='ATS_with_control_tokens', wandb_entity='shtosti', generate_every=20, seed=42, patience=3, prompting_type='vanilla', user_prompt_id='token_explanation', metric_name='DALE-CHALL,', control_tokens='data/prompts/control_tokens.json', system_prompts='data/prompts/system_prompts.json', user_prompts='data/prompts/user_prompts.json', metric_mapping='data/metric_mapping.json', peft=False, lora_r=8, lora_dropout=0.1)

Saving to: ./models/Llama-3.2-1B-Instruct-SimPA_hq-DALE-CHALL,-token_explanation-20250518-174106

*** Finetuning Llama-3.2-1B-Instruct with SimPA_hq ***

CUDA available: True
Number of GPUs: 1
GPU name: NVIDIA A100-SXM4-80GB
[1;34mwandb[0m: 
[1;34mwandb[0m: 🚀 View run [33mpretty-resonance-87[0m at: [34mhttps://wandb.ai/shtosti/ATS_with_control_tokens/runs/56u39462[0m
[1;34mwandb[0m: Find logs at: [1;35m../../../../scratch/hhubar/keep-it-simple/wandb/run-20250518_174103-56u39462/logs[0m
*** Finetuning meta-llama/Llama-3.2-1B-Instruct with SimPA_hq and CHAR_COMPRESSION, ***
torch.cuda.is_bf16_supported: True
Transformers version: 4.51.0
Python path: /home/hhubar/data/conda/envs/sft/bin/python
Not using PEFT...

Run arguments:
Namespace(model_class='llama', model_family='base', model_name='meta-llama/Llama-3.2-1B-Instruct', dataset_name='SimPA_hq', slice_train=-1, slice_val=-1, batch_size=4, eval_batch_size=4, gradient_accumulation_steps=4, learning_rate=5e-06, weight_decay=0.01, warmup_steps=30, max_grad_norm=0.5, epochs=3, max_length=512, logging_steps=10, wandb_project_name='ATS_with_control_tokens', wandb_entity='shtosti', generate_every=20, seed=42, patience=3, prompting_type='vanilla', user_prompt_id='token_explanation', metric_name='CHAR_COMPRESSION,', control_tokens='data/prompts/control_tokens.json', system_prompts='data/prompts/system_prompts.json', user_prompts='data/prompts/user_prompts.json', metric_mapping='data/metric_mapping.json', peft=False, lora_r=8, lora_dropout=0.1)

Saving to: ./models/Llama-3.2-1B-Instruct-SimPA_hq-CHAR_COMPRESSION,-token_explanation-20250518-174118

*** Finetuning Llama-3.2-1B-Instruct with SimPA_hq ***

CUDA available: True
Number of GPUs: 1
GPU name: NVIDIA A100-SXM4-80GB
[1;34mwandb[0m: 
[1;34mwandb[0m: 🚀 View run [33msparkling-serenity-88[0m at: [34mhttps://wandb.ai/shtosti/ATS_with_control_tokens/runs/ckuqdtax[0m
[1;34mwandb[0m: Find logs at: [1;35m../../../../scratch/hhubar/keep-it-simple/wandb/run-20250518_174117-ckuqdtax/logs[0m
*** Finetuning meta-llama/Llama-3.2-1B-Instruct with SimPA_hq and WORD_COMPRESSION ***
torch.cuda.is_bf16_supported: True
Transformers version: 4.51.0
Python path: /home/hhubar/data/conda/envs/sft/bin/python
Not using PEFT...

Run arguments:
Namespace(model_class='llama', model_family='base', model_name='meta-llama/Llama-3.2-1B-Instruct', dataset_name='SimPA_hq', slice_train=-1, slice_val=-1, batch_size=4, eval_batch_size=4, gradient_accumulation_steps=4, learning_rate=5e-06, weight_decay=0.01, warmup_steps=30, max_grad_norm=0.5, epochs=3, max_length=512, logging_steps=10, wandb_project_name='ATS_with_control_tokens', wandb_entity='shtosti', generate_every=20, seed=42, patience=3, prompting_type='vanilla', user_prompt_id='token_explanation', metric_name='WORD_COMPRESSION', control_tokens='data/prompts/control_tokens.json', system_prompts='data/prompts/system_prompts.json', user_prompts='data/prompts/user_prompts.json', metric_mapping='data/metric_mapping.json', peft=False, lora_r=8, lora_dropout=0.1)

Saving to: ./models/Llama-3.2-1B-Instruct-SimPA_hq-WORD_COMPRESSION-token_explanation-20250518-174129

*** Finetuning Llama-3.2-1B-Instruct with SimPA_hq ***

CUDA available: True
Number of GPUs: 1
GPU name: NVIDIA A100-SXM4-80GB
Model embedding size BEFORE resizing: 128256
Model embedding size AFTER resizing: 128257
--- DEBUG ---
trainable params:
Trainable params: 1,235,816,448 / 1,235,816,448 (100.00%)
--- tokenizer pad_token_id: 128256
--- tokenizer eos_token_id: 128009
--- special tokens:
train:	 Inspect the dataset format:
 {'global_id': ['simpa_syntactic_001037'], 'source_text': ["Sheffield Wednesday Football Club, also known as' The Owls' (so-called because the team played at Owlerton from 1899) formed in 1867 in Sheffield."], 'source_metrics': [{'FRE': 73.51, 'ARI': 15.5, 'FKGL': 8.7, 'Dale-Chall': 10.96, 'char_count': 146, 'alphanum_count': 109, 'word_count': 29, 'sentence_count': 1}], 'metadata': [{'dataset': 'simpa_syntactic', 'experiment_split': '', 'domain': 'public_administration', 'language': 'en', 'annotation': 'human', 'level': 'sentence'}], 'simplification_text': ['Sheffield Wednesday Football Club formed in 1867 in Sheffield. It is also known as \'The Owls,\' because the team played at somewhere called "Owlerton" from 1899.'], 'target_metrics': [{'FRE': 83.66, 'ARI': 9.5, 'FKGL': 4.8, 'Dale-Chall': 10.35, 'char_count': 160, 'alphanum_count': 120, 'word_count': 32, 'sentence_count': 2, 'char_compression_rate': 1.1, 'word_compression_rate': 1.1, 'sentence_compression_rate': 2.0, 'BLEU': 36.82794970421355, 'BERTScore': 0.9473864436149597}], 'simplification_version': [1], 'grade_level': [-1], 'simplification_dimensions': [{'linguistic': {'lexical': False, 'syntactic': True}}]}
validation:	 Inspect the dataset format:
 {'global_id': ['simpa_syntactic_001038'], 'source_text': ['The Act has also led to the creation of the Local Access Forum and the production of the Rights Of Way Improvement Plan.'], 'source_metrics': [{'FRE': 65.05, 'ARI': 10.1, 'FKGL': 9.9, 'Dale-Chall': 9.58, 'char_count': 120, 'alphanum_count': 97, 'word_count': 24, 'sentence_count': 1}], 'metadata': [{'dataset': 'simpa_syntactic', 'experiment_split': '', 'domain': 'public_administration', 'language': 'en', 'annotation': 'human', 'level': 'sentence'}], 'simplification_text': ['The Act has also led to the setting up of the Local Access Forum and the making of the Rights Of Way Improvement Plan.'], 'target_metrics': [{'FRE': 72.5, 'ARI': 9.2, 'FKGL': 9.1, 'Dale-Chall': 8.12, 'char_count': 118, 'alphanum_count': 94, 'word_count': 25, 'sentence_count': 1, 'char_compression_rate': 0.98, 'word_compression_rate': 1.04, 'sentence_compression_rate': 1.0, 'BLEU': 73.15339097995039, 'BERTScore': 0.9857973456382751}], 'simplification_version': [1], 'grade_level': [-1], 'simplification_dimensions': [{'linguistic': {'lexical': False, 'syntactic': True}}]}


 *** Before tokenization ***
>>> train:

Showing 1 example(s):

Example 1 (index 114)
--- Prompt:
 <|begin_of_text|><|start_header_id|>system<|end_header_id|>

Cutting Knowledge Date: December 2023
Today Date: 18 May 2025

You are a helpful expert in text simplification. You generate a simplified version of the text input by the user. You simplify the text according to the instructions given by the user. When asked to simplify a text, generate only the requested simplification, without any additional comments, notes or explanations.<|eot_id|><|start_header_id|>user<|end_header_id|>

INSTRUCTION: Simplify the following text such that the length of the output text (number of words) relative to the source text is approximately equal to the ratio specified in the control token prepended to your generated simplification. The control token has the following format: <METRIC=VALUE>. 
SOURCE TEXT: There is also an increasing use of the ‘narrative verdict’ which is a short factual statement of the coroner’s finding as to how the death occurred.
EXPLANATION: The <WORD_COMPRESSION=0.97> token specifies that the word-level compression rate should be around 0.97. Values less than 1 indicate text reduction. Values greater than 1 indicate text expansion.<|eot_id|><|start_header_id|>assistant<|end_header_id|>

<WORD_COMPRESSION=0.97><|eot_id|>
--- Completion:
 There is also more use of the ‘narrative verdict’ which is a short factual statement of the coroner’s finding as to how the death happened. <|eot_id|>
==================================================


 *** After tokenization ***
>>> train:

Showing 1 example(s):

Example 1 (index 25)
--- Prompt:
 <|begin_of_text|><|start_header_id|>system<|end_header_id|>

Cutting Knowledge Date: December 2023
Today Date: 18 May 2025

You are a helpful expert in text simplification. You generate a simplified version of the text input by the user. You simplify the text according to the instructions given by the user. When asked to simplify a text, generate only the requested simplification, without any additional comments, notes or explanations.<|eot_id|><|start_header_id|>user<|end_header_id|>

INSTRUCTION: Simplify the following text such that the length of the output text (number of words) relative to the source text is approximately equal to the ratio specified in the control token prepended to your generated simplification. The control token has the following format: <METRIC=VALUE>. 
SOURCE TEXT: We will help you to pay the fees for residential care if we think this is the kind of help you need, and if we think you can ’ t afford to pay for it yourself.
EXPLANATION: The <WORD_COMPRESSION=0.82> token specifies that the word-level compression rate should be around 0.82. Values less than 1 indicate text reduction. Values greater than 1 indicate text expansion.<|eot_id|><|start_header_id|>assistant<|end_header_id|>

<WORD_COMPRESSION=0.82><|eot_id|>
--- Completion:
 We will help you to pay the fees for residential care if you can't afford to pay yourself and we think this is the kind of help you need. <|eot_id|>
--- input_ids:
 [128000, 128000, 128006, 9125, 128007, 271, 38766, 1303, 33025, 2696, 25, 6790, 220, 2366, 18, 198, 15724, 2696, 25, 220, 972, 3297, 220, 2366, 20, 271, 2675, 527, 264, 11190, 6335, 304, 1495, 15858, 2461, 13, 1472, 7068, 264, 44899, 2373, 315, 279, 1495, 1988, 555, 279, 1217, 13, 1472, 40821, 279, 1495, 4184, 311, 279, 11470, 2728, 555, 279, 1217, 13, 3277, 4691, 311, 40821, 264, 1495, 11, 7068, 1193, 279, 11472, 15858, 2461, 11, 2085, 904, 5217, 6170, 11, 8554, 477, 41941, 13, 128009, 128006, 882, 128007, 271, 691, 58555, 25, 62342, 1463, 279, 2768, 1495, 1778, 430, 279, 3160, 315, 279, 2612, 1495, 320, 4174, 315, 4339, 8, 8844, 311, 279, 2592, 1495, 374, 13489, 6273, 311, 279, 11595, 5300, 304, 279, 2585, 4037, 22033, 2954, 311, 701, 8066, 15858, 2461, 13, 578, 2585, 4037, 706, 279, 2768, 3645, 25, 366, 45975, 37078, 28, 24771, 14611, 720, 44098, 16139, 25, 1226, 690, 1520, 499, 311, 2343, 279, 12718, 369, 20658, 2512, 422, 584, 1781, 420, 374, 279, 3169, 315, 1520, 499, 1205, 11, 323, 422, 584, 1781, 499, 649, 18217, 259, 10150, 311, 2343, 369, 433, 6261, 627, 3337, 95179, 3579, 25, 578, 366, 7375, 15318, 82763, 28, 15, 13, 6086, 29, 4037, 30202, 430, 279, 3492, 11852, 26168, 4478, 1288, 387, 2212, 220, 15, 13, 6086, 13, 26028, 2753, 1109, 220, 16, 13519, 1495, 14278, 13, 26028, 7191, 1109, 220, 16, 13519, 1495, 14800, 13, 128009, 128006, 78191, 128007, 271, 27, 7375, 15318, 82763, 28, 15, 13, 6086, 29, 128009, 128000, 1687, 690, 1520, 499, 311, 2343, 279, 12718, 369, 20658, 2512, 422, 499, 649, 956, 10150, 311, 2343, 6261, 323, 584, 1781, 420, 374, 279, 3169, 315, 1520, 499, 1205, 13, 220, 128009, 128256, 128256, 128256, 128256, 128256, 128256, 128256, 128256, 128256, 128256, 128256, 128256, 128256, 128256, 128256, 128256, 128256, 128256, 128256, 128256, 128256, 128256, 128256, 128256, 128256, 128256, 128256, 128256, 128256, 128256, 128256, 128256, 128256, 128256, 128256, 128256, 128256, 128256, 128256, 128256, 128256, 128256, 128256, 128256, 128256, 128256, 128256, 128256, 128256, 128256, 128256, 128256, 128256, 128256, 128256, 128256, 128256, 128256, 128256, 128256, 128256, 128256, 128256, 128256, 128256, 128256, 128256, 128256, 128256, 128256, 128256, 128256, 128256, 128256, 128256, 128256, 128256, 128256, 128256, 128256, 128256, 128256, 128256, 128256, 128256, 128256, 128256, 128256, 128256, 128256, 128256, 128256, 128256, 128256, 128256, 128256, 128256, 128256, 128256, 128256, 128256, 128256, 128256, 128256, 128256, 128256, 128256, 128256, 128256, 128256, 128256, 128256, 128256, 128256, 128256, 128256, 128256, 128256, 128256, 128256, 128256, 128256, 128256, 128256, 128256, 128256, 128256, 128256, 128256, 128256, 128256, 128256, 128256, 128256, 128256, 128256, 128256, 128256, 128256, 128256, 128256, 128256, 128256, 128256, 128256, 128256, 128256, 128256, 128256, 128256, 128256, 128256, 128256, 128256, 128256, 128256, 128256, 128256, 128256, 128256, 128256, 128256, 128256, 128256, 128256, 128256, 128256, 128256, 128256, 128256, 128256, 128256, 128256, 128256, 128256, 128256, 128256, 128256, 128256, 128256, 128256, 128256, 128256, 128256, 128256, 128256, 128256, 128256, 128256, 128256, 128256, 128256, 128256, 128256, 128256, 128256, 128256, 128256, 128256, 128256, 128256, 128256, 128256, 128256, 128256, 128256, 128256, 128256, 128256, 128256, 128256, 128256, 128256, 128256, 128256, 128256, 128256, 128256, 128256, 128256, 128256, 128256, 128256, 128256]
--- labels:
 [-100, -100, -100, -100, -100, -100, -100, -100, -100, -100, -100, -100, -100, -100, -100, -100, -100, -100, -100, -100, -100, -100, -100, -100, -100, -100, -100, -100, -100, -100, -100, -100, -100, -100, -100, -100, -100, -100, -100, -100, -100, -100, -100, -100, -100, -100, -100, -100, -100, -100, -100, -100, -100, -100, -100, -100, -100, -100, -100, -100, -100, -100, -100, -100, -100, -100, -100, -100, -100, -100, -100, -100, -100, -100, -100, -100, -100, -100, -100, -100, -100, -100, -100, -100, -100, -100, -100, -100, -100, -100, -100, -100, -100, -100, -100, -100, -100, -100, -100, -100, -100, -100, -100, -100, -100, -100, -100, -100, -100, -100, -100, -100, -100, -100, -100, -100, -100, -100, -100, -100, -100, -100, -100, -100, -100, -100, -100, -100, -100, -100, -100, -100, -100, -100, -100, -100, -100, -100, -100, -100, -100, -100, -100, -100, -100, -100, -100, -100, -100, -100, -100, -100, -100, -100, -100, -100, -100, -100, -100, -100, -100, -100, -100, -100, -100, -100, -100, -100, -100, -100, -100, -100, -100, -100, -100, -100, -100, -100, -100, -100, -100, -100, -100, -100, -100, -100, -100, -100, -100, -100, -100, -100, -100, -100, -100, -100, -100, -100, -100, -100, -100, -100, -100, -100, -100, -100, -100, -100, -100, -100, -100, -100, -100, -100, -100, -100, -100, -100, -100, -100, -100, -100, -100, -100, -100, -100, -100, -100, -100, -100, -100, -100, -100, -100, -100, -100, -100, -100, -100, -100, -100, -100, -100, -100, -100, -100, -100, -100, -100, -100, -100, -100, -100, -100, 128000, 1687, 690, 1520, 499, 311, 2343, 279, 12718, 369, 20658, 2512, 422, 499, 649, 956, 10150, 311, 2343, 6261, 323, 584, 1781, 420, 374, 279, 3169, 315, 1520, 499, 1205, 13, 220, 128009, -100, -100, -100, -100, -100, -100, -100, -100, -100, -100, -100, -100, -100, -100, -100, -100, -100, -100, -100, -100, -100, -100, -100, -100, -100, -100, -100, -100, -100, -100, -100, -100, -100, -100, -100, -100, -100, -100, -100, -100, -100, -100, -100, -100, -100, -100, -100, -100, -100, -100, -100, -100, -100, -100, -100, -100, -100, -100, -100, -100, -100, -100, -100, -100, -100, -100, -100, -100, -100, -100, -100, -100, -100, -100, -100, -100, -100, -100, -100, -100, -100, -100, -100, -100, -100, -100, -100, -100, -100, -100, -100, -100, -100, -100, -100, -100, -100, -100, -100, -100, -100, -100, -100, -100, -100, -100, -100, -100, -100, -100, -100, -100, -100, -100, -100, -100, -100, -100, -100, -100, -100, -100, -100, -100, -100, -100, -100, -100, -100, -100, -100, -100, -100, -100, -100, -100, -100, -100, -100, -100, -100, -100, -100, -100, -100, -100, -100, -100, -100, -100, -100, -100, -100, -100, -100, -100, -100, -100, -100, -100, -100, -100, -100, -100, -100, -100, -100, -100, -100, -100, -100, -100, -100, -100, -100, -100, -100, -100, -100, -100, -100, -100, -100, -100, -100, -100, -100, -100, -100, -100, -100, -100, -100, -100, -100, -100, -100, -100, -100, -100, -100, -100, -100, -100, -100, -100, -100, -100, -100, -100, -100, -100, -100, -100, -100, -100, -100, -100, -100, -100, -100, -100, -100, -100]
==================================================
********** DEBUG **********
Train dataset columns: ['global_id', 'source_text', 'source_metrics', 'metadata', 'simplification_text', 'target_metrics', 'simplification_version', 'grade_level', 'simplification_dimensions', 'prompt', 'completion', 'system_prompt_id', 'user_prompt_id', 'metric_name', 'source_metric_value', 'target_metric_value', 'input_ids', 'labels', 'attention_mask']
Validation dataset columns: ['global_id', 'source_text', 'source_metrics', 'metadata', 'simplification_text', 'target_metrics', 'simplification_version', 'grade_level', 'simplification_dimensions', 'prompt', 'completion', 'system_prompt_id', 'user_prompt_id', 'metric_name', 'source_metric_value', 'target_metric_value', 'input_ids', 'labels', 'attention_mask']
First 10 input_ids: [128000, 128000, 128006, 9125, 128007, 271, 38766, 1303, 33025, 2696]
First 10 labels: [-100, -100, -100, -100, -100, -100, -100, -100, -100, -100]

--- DEBUG: Explore first instance of the val set:
 {'global_id': 'simpa_syntactic_001038', 'source_text': 'The Act has also led to the creation of the Local Access Forum and the production of the Rights Of Way Improvement Plan.', 'source_metrics': {'FRE': 65.05, 'ARI': 10.1, 'FKGL': 9.9, 'Dale-Chall': 9.58, 'char_count': 120, 'alphanum_count': 97, 'word_count': 24, 'sentence_count': 1}, 'metadata': {'dataset': 'simpa_syntactic', 'experiment_split': '', 'domain': 'public_administration', 'language': 'en', 'annotation': 'human', 'level': 'sentence'}, 'simplification_text': 'The Act has also led to the setting up of the Local Access Forum and the making of the Rights Of Way Improvement Plan.', 'target_metrics': {'FRE': 72.5, 'ARI': 9.2, 'FKGL': 9.1, 'Dale-Chall': 8.12, 'char_count': 118, 'alphanum_count': 94, 'word_count': 25, 'sentence_count': 1, 'char_compression_rate': 0.98, 'word_compression_rate': 1.04, 'sentence_compression_rate': 1.0, 'BLEU': 73.15339097995039, 'BERTScore': 0.9857973456382751}, 'simplification_version': 1, 'grade_level': -1, 'simplification_dimensions': {'linguistic': {'lexical': False, 'syntactic': True}}, 'prompt': '<|begin_of_text|><|start_header_id|>system<|end_header_id|>\n\nCutting Knowledge Date: December 2023\nToday Date: 18 May 2025\n\nYou are a helpful expert in text simplification. You generate a simplified version of the text input by the user. You simplify the text according to the instructions given by the user. When asked to simplify a text, generate only the requested simplification, without any additional comments, notes or explanations.<|eot_id|><|start_header_id|>user<|end_header_id|>\n\nINSTRUCTION: Simplify the following text such that the length of the output text (number of words) relative to the source text is approximately equal to the ratio specified in the control token prepended to your generated simplification. The control token has the following format: <METRIC=VALUE>. \nSOURCE TEXT: The Act has also led to the creation of the Local Access Forum and the production of the Rights Of Way Improvement Plan.\nEXPLANATION: The <WORD_COMPRESSION=1.04> token specifies that the word-level compression rate should be around 1.04. Values less than 1 indicate text reduction. Values greater than 1 indicate text expansion.<|eot_id|><|start_header_id|>assistant<|end_header_id|>\n\n<WORD_COMPRESSION=1.04><|eot_id|>', 'completion': 'The Act has also led to the setting up of the Local Access Forum and the making of the Rights Of Way Improvement Plan. <|eot_id|>', 'system_prompt_id': 'sys_prompt_6', 'user_prompt_id': 'token_explanation', 'metric_name': 'WORD_COMPRESSION', 'source_metric_value': None, 'target_metric_value': 1.04, 'input_ids': [128000, 128000, 128006, 9125, 128007, 271, 38766, 1303, 33025, 2696, 25, 6790, 220, 2366, 18, 198, 15724, 2696, 25, 220, 972, 3297, 220, 2366, 20, 271, 2675, 527, 264, 11190, 6335, 304, 1495, 15858, 2461, 13, 1472, 7068, 264, 44899, 2373, 315, 279, 1495, 1988, 555, 279, 1217, 13, 1472, 40821, 279, 1495, 4184, 311, 279, 11470, 2728, 555, 279, 1217, 13, 3277, 4691, 311, 40821, 264, 1495, 11, 7068, 1193, 279, 11472, 15858, 2461, 11, 2085, 904, 5217, 6170, 11, 8554, 477, 41941, 13, 128009, 128006, 882, 128007, 271, 691, 58555, 25, 62342, 1463, 279, 2768, 1495, 1778, 430, 279, 3160, 315, 279, 2612, 1495, 320, 4174, 315, 4339, 8, 8844, 311, 279, 2592, 1495, 374, 13489, 6273, 311, 279, 11595, 5300, 304, 279, 2585, 4037, 22033, 2954, 311, 701, 8066, 15858, 2461, 13, 578, 2585, 4037, 706, 279, 2768, 3645, 25, 366, 45975, 37078, 28, 24771, 14611, 720, 44098, 16139, 25, 578, 3298, 706, 1101, 6197, 311, 279, 9886, 315, 279, 8949, 9742, 17997, 323, 279, 5788, 315, 279, 10734, 5046, 12424, 53751, 9878, 627, 3337, 95179, 3579, 25, 578, 366, 7375, 15318, 82763, 28, 16, 13, 2371, 29, 4037, 30202, 430, 279, 3492, 11852, 26168, 4478, 1288, 387, 2212, 220, 16, 13, 2371, 13, 26028, 2753, 1109, 220, 16, 13519, 1495, 14278, 13, 26028, 7191, 1109, 220, 16, 13519, 1495, 14800, 13, 128009, 128006, 78191, 128007, 271, 27, 7375, 15318, 82763, 28, 16, 13, 2371, 29, 128009, 128000, 791, 3298, 706, 1101, 6197, 311, 279, 6376, 709, 315, 279, 8949, 9742, 17997, 323, 279, 3339, 315, 279, 10734, 5046, 12424, 53751, 9878, 13, 220, 128009, 128256, 128256, 128256, 128256, 128256, 128256, 128256, 128256, 128256, 128256, 128256, 128256, 128256, 128256, 128256, 128256, 128256, 128256, 128256, 128256, 128256, 128256, 128256, 128256, 128256, 128256, 128256, 128256, 128256, 128256, 128256, 128256, 128256, 128256, 128256, 128256, 128256, 128256, 128256, 128256, 128256, 128256, 128256, 128256, 128256, 128256, 128256, 128256, 128256, 128256, 128256, 128256, 128256, 128256, 128256, 128256, 128256, 128256, 128256, 128256, 128256, 128256, 128256, 128256, 128256, 128256, 128256, 128256, 128256, 128256, 128256, 128256, 128256, 128256, 128256, 128256, 128256, 128256, 128256, 128256, 128256, 128256, 128256, 128256, 128256, 128256, 128256, 128256, 128256, 128256, 128256, 128256, 128256, 128256, 128256, 128256, 128256, 128256, 128256, 128256, 128256, 128256, 128256, 128256, 128256, 128256, 128256, 128256, 128256, 128256, 128256, 128256, 128256, 128256, 128256, 128256, 128256, 128256, 128256, 128256, 128256, 128256, 128256, 128256, 128256, 128256, 128256, 128256, 128256, 128256, 128256, 128256, 128256, 128256, 128256, 128256, 128256, 128256, 128256, 128256, 128256, 128256, 128256, 128256, 128256, 128256, 128256, 128256, 128256, 128256, 128256, 128256, 128256, 128256, 128256, 128256, 128256, 128256, 128256, 128256, 128256, 128256, 128256, 128256, 128256, 128256, 128256, 128256, 128256, 128256, 128256, 128256, 128256, 128256, 128256, 128256, 128256, 128256, 128256, 128256, 128256, 128256, 128256, 128256, 128256, 128256, 128256, 128256, 128256, 128256, 128256, 128256, 128256, 128256, 128256, 128256, 128256, 128256, 128256, 128256, 128256, 128256, 128256, 128256, 128256, 128256, 128256, 128256, 128256, 128256, 128256, 128256, 128256, 128256, 128256, 128256, 128256, 128256, 128256, 128256, 128256, 128256, 128256, 128256, 128256, 128256, 128256, 128256, 128256, 128256, 128256, 128256, 128256, 128256, 128256, 128256, 128256, 128256, 128256, 128256, 128256, 128256, 128256, 128256], 'labels': [-100, -100, -100, -100, -100, -100, -100, -100, -100, -100, -100, -100, -100, -100, -100, -100, -100, -100, -100, -100, -100, -100, -100, -100, -100, -100, -100, -100, -100, -100, -100, -100, -100, -100, -100, -100, -100, -100, -100, -100, -100, -100, -100, -100, -100, -100, -100, -100, -100, -100, -100, -100, -100, -100, -100, -100, -100, -100, -100, -100, -100, -100, -100, -100, -100, -100, -100, -100, -100, -100, -100, -100, -100, -100, -100, -100, -100, -100, -100, -100, -100, -100, -100, -100, -100, -100, -100, -100, -100, -100, -100, -100, -100, -100, -100, -100, -100, -100, -100, -100, -100, -100, -100, -100, -100, -100, -100, -100, -100, -100, -100, -100, -100, -100, -100, -100, -100, -100, -100, -100, -100, -100, -100, -100, -100, -100, -100, -100, -100, -100, -100, -100, -100, -100, -100, -100, -100, -100, -100, -100, -100, -100, -100, -100, -100, -100, -100, -100, -100, -100, -100, -100, -100, -100, -100, -100, -100, -100, -100, -100, -100, -100, -100, -100, -100, -100, -100, -100, -100, -100, -100, -100, -100, -100, -100, -100, -100, -100, -100, -100, -100, -100, -100, -100, -100, -100, -100, -100, -100, -100, -100, -100, -100, -100, -100, -100, -100, -100, -100, -100, -100, -100, -100, -100, -100, -100, -100, -100, -100, -100, -100, -100, -100, -100, -100, -100, -100, -100, -100, -100, -100, -100, -100, -100, -100, -100, -100, -100, -100, -100, -100, -100, -100, -100, -100, -100, -100, -100, -100, -100, 128000, 791, 3298, 706, 1101, 6197, 311, 279, 6376, 709, 315, 279, 8949, 9742, 17997, 323, 279, 3339, 315, 279, 10734, 5046, 12424, 53751, 9878, 13, 220, 128009, -100, -100, -100, -100, -100, -100, -100, -100, -100, -100, -100, -100, -100, -100, -100, -100, -100, -100, -100, -100, -100, -100, -100, -100, -100, -100, -100, -100, -100, -100, -100, -100, -100, -100, -100, -100, -100, -100, -100, -100, -100, -100, -100, -100, -100, -100, -100, -100, -100, -100, -100, -100, -100, -100, -100, -100, -100, -100, -100, -100, -100, -100, -100, -100, -100, -100, -100, -100, -100, -100, -100, -100, -100, -100, -100, -100, -100, -100, -100, -100, -100, -100, -100, -100, -100, -100, -100, -100, -100, -100, -100, -100, -100, -100, -100, -100, -100, -100, -100, -100, -100, -100, -100, -100, -100, -100, -100, -100, -100, -100, -100, -100, -100, -100, -100, -100, -100, -100, -100, -100, -100, -100, -100, -100, -100, -100, -100, -100, -100, -100, -100, -100, -100, -100, -100, -100, -100, -100, -100, -100, -100, -100, -100, -100, -100, -100, -100, -100, -100, -100, -100, -100, -100, -100, -100, -100, -100, -100, -100, -100, -100, -100, -100, -100, -100, -100, -100, -100, -100, -100, -100, -100, -100, -100, -100, -100, -100, -100, -100, -100, -100, -100, -100, -100, -100, -100, -100, -100, -100, -100, -100, -100, -100, -100, -100, -100, -100, -100, -100, -100, -100, -100, -100, -100, -100, -100, -100, -100, -100, -100, -100, -100, -100, -100, -100, -100, -100, -100, -100, -100, -100, -100, -100, -100, -100, -100, -100, -100, -100, -100, -100, -100, -100, -100, -100, -100, -100, -100, -100, -100, -100, -100, -100, -100], 'attention_mask': [1, 1, 1, 1, 1, 1, 1, 1, 1, 1, 1, 1, 1, 1, 1, 1, 1, 1, 1, 1, 1, 1, 1, 1, 1, 1, 1, 1, 1, 1, 1, 1, 1, 1, 1, 1, 1, 1, 1, 1, 1, 1, 1, 1, 1, 1, 1, 1, 1, 1, 1, 1, 1, 1, 1, 1, 1, 1, 1, 1, 1, 1, 1, 1, 1, 1, 1, 1, 1, 1, 1, 1, 1, 1, 1, 1, 1, 1, 1, 1, 1, 1, 1, 1, 1, 1, 1, 1, 1, 1, 1, 1, 1, 1, 1, 1, 1, 1, 1, 1, 1, 1, 1, 1, 1, 1, 1, 1, 1, 1, 1, 1, 1, 1, 1, 1, 1, 1, 1, 1, 1, 1, 1, 1, 1, 1, 1, 1, 1, 1, 1, 1, 1, 1, 1, 1, 1, 1, 1, 1, 1, 1, 1, 1, 1, 1, 1, 1, 1, 1, 1, 1, 1, 1, 1, 1, 1, 1, 1, 1, 1, 1, 1, 1, 1, 1, 1, 1, 1, 1, 1, 1, 1, 1, 1, 1, 1, 1, 1, 1, 1, 1, 1, 1, 1, 1, 1, 1, 1, 1, 1, 1, 1, 1, 1, 1, 1, 1, 1, 1, 1, 1, 1, 1, 1, 1, 1, 1, 1, 1, 1, 1, 1, 1, 1, 1, 1, 1, 1, 1, 1, 1, 1, 1, 1, 1, 1, 1, 1, 1, 1, 1, 1, 1, 1, 1, 1, 1, 1, 1, 1, 1, 1, 1, 1, 1, 1, 1, 1, 1, 1, 1, 1, 1, 1, 1, 1, 1, 1, 1, 1, 1, 1, 1, 1, 1, 1, 1, 0, 0, 0, 0, 0, 0, 0, 0, 0, 0, 0, 0, 0, 0, 0, 0, 0, 0, 0, 0, 0, 0, 0, 0, 0, 0, 0, 0, 0, 0, 0, 0, 0, 0, 0, 0, 0, 0, 0, 0, 0, 0, 0, 0, 0, 0, 0, 0, 0, 0, 0, 0, 0, 0, 0, 0, 0, 0, 0, 0, 0, 0, 0, 0, 0, 0, 0, 0, 0, 0, 0, 0, 0, 0, 0, 0, 0, 0, 0, 0, 0, 0, 0, 0, 0, 0, 0, 0, 0, 0, 0, 0, 0, 0, 0, 0, 0, 0, 0, 0, 0, 0, 0, 0, 0, 0, 0, 0, 0, 0, 0, 0, 0, 0, 0, 0, 0, 0, 0, 0, 0, 0, 0, 0, 0, 0, 0, 0, 0, 0, 0, 0, 0, 0, 0, 0, 0, 0, 0, 0, 0, 0, 0, 0, 0, 0, 0, 0, 0, 0, 0, 0, 0, 0, 0, 0, 0, 0, 0, 0, 0, 0, 0, 0, 0, 0, 0, 0, 0, 0, 0, 0, 0, 0, 0, 0, 0, 0, 0, 0, 0, 0, 0, 0, 0, 0, 0, 0, 0, 0, 0, 0, 0, 0, 0, 0, 0, 0, 0, 0, 0, 0, 0, 0, 0, 0, 0, 0, 0, 0, 0, 0, 0, 0, 0, 0, 0, 0, 0, 0, 0, 0, 0, 0, 0, 0, 0, 0, 0, 0, 0, 0, 0, 0, 0, 0, 0, 0, 0, 0, 0, 0, 0, 0]}
type of input_ids: <class 'list'>
type of labels: <class 'list'>

--- DEBUG: Tokenized fields ---
--- Tokenizer vocab size: 128000
--- input_ids: [128000, 128000, 128006, 9125, 128007, 271, 38766, 1303, 33025, 2696, 25, 6790, 220, 2366, 18, 198, 15724, 2696, 25, 220, 972, 3297, 220, 2366, 20, 271, 2675, 527, 264, 11190, 6335, 304, 1495, 15858, 2461, 13, 1472, 7068, 264, 44899, 2373, 315, 279, 1495, 1988, 555, 279, 1217, 13, 1472, 40821, 279, 1495, 4184, 311, 279, 11470, 2728, 555, 279, 1217, 13, 3277, 4691, 311, 40821, 264, 1495, 11, 7068, 1193, 279, 11472, 15858, 2461, 11, 2085, 904, 5217, 6170, 11, 8554, 477, 41941, 13, 128009, 128006, 882, 128007, 271, 691, 58555, 25, 62342, 1463, 279, 2768, 1495, 1778, 430, 279, 3160, 315, 279, 2612, 1495, 320, 4174, 315, 4339, 8, 8844, 311, 279, 2592, 1495, 374, 13489, 6273, 311, 279, 11595, 5300, 304, 279, 2585, 4037, 22033, 2954, 311, 701, 8066, 15858, 2461, 13, 578, 2585, 4037, 706, 279, 2768, 3645, 25, 366, 45975, 37078, 28, 24771, 14611, 720, 44098, 16139, 25, 61125, 8079, 21424, 10349, 11, 1101, 3967, 439, 6, 578, 41896, 4835, 6, 320, 708, 19434, 1606, 279, 2128, 6476, 520, 74795, 37733, 505, 220, 9378, 24, 8, 14454, 304, 220, 9714, 22, 304, 61125, 627, 3337, 95179, 3579, 25, 578, 366, 7375, 15318, 82763, 28, 16, 13, 16, 29, 4037, 30202, 430, 279, 3492, 11852, 26168, 4478, 1288, 387, 2212, 220, 16, 13, 16, 13, 26028, 2753, 1109, 220, 16, 13519, 1495, 14278, 13, 26028, 7191, 1109, 220, 16, 13519, 1495, 14800, 13, 128009, 128006, 78191, 128007, 271, 27, 7375, 15318, 82763, 28, 16, 13, 16, 29, 128009, 128000, 8100, 54339, 8079, 21424, 10349, 14454, 304, 220, 9714, 22, 304, 61125, 13, 1102, 374, 1101, 3967, 439, 364, 791, 41896, 4835, 2965, 1606, 279, 2128, 6476, 520, 15038, 2663, 330, 46, 27515, 37733, 1, 505, 220, 9378, 24, 13, 220, 128009, 128256, 128256, 128256, 128256, 128256, 128256, 128256, 128256, 128256, 128256, 128256, 128256, 128256, 128256, 128256, 128256, 128256, 128256, 128256, 128256, 128256, 128256, 128256, 128256, 128256, 128256, 128256, 128256, 128256, 128256, 128256, 128256, 128256, 128256, 128256, 128256, 128256, 128256, 128256, 128256, 128256, 128256, 128256, 128256, 128256, 128256, 128256, 128256, 128256, 128256, 128256, 128256, 128256, 128256, 128256, 128256, 128256, 128256, 128256, 128256, 128256, 128256, 128256, 128256, 128256, 128256, 128256, 128256, 128256, 128256, 128256, 128256, 128256, 128256, 128256, 128256, 128256, 128256, 128256, 128256, 128256, 128256, 128256, 128256, 128256, 128256, 128256, 128256, 128256, 128256, 128256, 128256, 128256, 128256, 128256, 128256, 128256, 128256, 128256, 128256, 128256, 128256, 128256, 128256, 128256, 128256, 128256, 128256, 128256, 128256, 128256, 128256, 128256, 128256, 128256, 128256, 128256, 128256, 128256, 128256, 128256, 128256, 128256, 128256, 128256, 128256, 128256, 128256, 128256, 128256, 128256, 128256, 128256, 128256, 128256, 128256, 128256, 128256, 128256, 128256, 128256, 128256, 128256, 128256, 128256, 128256, 128256, 128256, 128256, 128256, 128256, 128256, 128256, 128256, 128256, 128256, 128256, 128256, 128256, 128256, 128256, 128256, 128256, 128256, 128256, 128256, 128256, 128256, 128256, 128256, 128256, 128256, 128256, 128256, 128256, 128256, 128256, 128256, 128256, 128256, 128256, 128256, 128256, 128256, 128256, 128256, 128256, 128256, 128256, 128256, 128256, 128256, 128256, 128256, 128256, 128256, 128256, 128256, 128256, 128256, 128256, 128256, 128256, 128256, 128256, 128256, 128256, 128256, 128256, 128256, 128256, 128256, 128256, 128256, 128256, 128256, 128256]
--- labels: [-100, -100, -100, -100, -100, -100, -100, -100, -100, -100, -100, -100, -100, -100, -100, -100, -100, -100, -100, -100, -100, -100, -100, -100, -100, -100, -100, -100, -100, -100, -100, -100, -100, -100, -100, -100, -100, -100, -100, -100, -100, -100, -100, -100, -100, -100, -100, -100, -100, -100, -100, -100, -100, -100, -100, -100, -100, -100, -100, -100, -100, -100, -100, -100, -100, -100, -100, -100, -100, -100, -100, -100, -100, -100, -100, -100, -100, -100, -100, -100, -100, -100, -100, -100, -100, -100, -100, -100, -100, -100, -100, -100, -100, -100, -100, -100, -100, -100, -100, -100, -100, -100, -100, -100, -100, -100, -100, -100, -100, -100, -100, -100, -100, -100, -100, -100, -100, -100, -100, -100, -100, -100, -100, -100, -100, -100, -100, -100, -100, -100, -100, -100, -100, -100, -100, -100, -100, -100, -100, -100, -100, -100, -100, -100, -100, -100, -100, -100, -100, -100, -100, -100, -100, -100, -100, -100, -100, -100, -100, -100, -100, -100, -100, -100, -100, -100, -100, -100, -100, -100, -100, -100, -100, -100, -100, -100, -100, -100, -100, -100, -100, -100, -100, -100, -100, -100, -100, -100, -100, -100, -100, -100, -100, -100, -100, -100, -100, -100, -100, -100, -100, -100, -100, -100, -100, -100, -100, -100, -100, -100, -100, -100, -100, -100, -100, -100, -100, -100, -100, -100, -100, -100, -100, -100, -100, -100, -100, -100, -100, -100, -100, -100, -100, -100, -100, -100, -100, -100, -100, -100, -100, -100, -100, -100, -100, -100, -100, -100, -100, -100, -100, -100, 128000, 8100, 54339, 8079, 21424, 10349, 14454, 304, 220, 9714, 22, 304, 61125, 13, 1102, 374, 1101, 3967, 439, 364, 791, 41896, 4835, 2965, 1606, 279, 2128, 6476, 520, 15038, 2663, 330, 46, 27515, 37733, 1, 505, 220, 9378, 24, 13, 220, 128009, -100, -100, -100, -100, -100, -100, -100, -100, -100, -100, -100, -100, -100, -100, -100, -100, -100, -100, -100, -100, -100, -100, -100, -100, -100, -100, -100, -100, -100, -100, -100, -100, -100, -100, -100, -100, -100, -100, -100, -100, -100, -100, -100, -100, -100, -100, -100, -100, -100, -100, -100, -100, -100, -100, -100, -100, -100, -100, -100, -100, -100, -100, -100, -100, -100, -100, -100, -100, -100, -100, -100, -100, -100, -100, -100, -100, -100, -100, -100, -100, -100, -100, -100, -100, -100, -100, -100, -100, -100, -100, -100, -100, -100, -100, -100, -100, -100, -100, -100, -100, -100, -100, -100, -100, -100, -100, -100, -100, -100, -100, -100, -100, -100, -100, -100, -100, -100, -100, -100, -100, -100, -100, -100, -100, -100, -100, -100, -100, -100, -100, -100, -100, -100, -100, -100, -100, -100, -100, -100, -100, -100, -100, -100, -100, -100, -100, -100, -100, -100, -100, -100, -100, -100, -100, -100, -100, -100, -100, -100, -100, -100, -100, -100, -100, -100, -100, -100, -100, -100, -100, -100, -100, -100, -100, -100, -100, -100, -100, -100, -100, -100, -100, -100, -100, -100, -100, -100, -100, -100, -100, -100, -100, -100, -100, -100, -100, -100, -100, -100, -100, -100, -100, -100, -100, -100, -100, -100, -100, -100, -100, -100, -100, -100, -100, -100, -100, -100]
--- decoded input_ids:
 <|begin_of_text|><|begin_of_text|><|start_header_id|>system<|end_header_id|>

Cutting Knowledge Date: December 2023
Today Date: 18 May 2025

You are a helpful expert in text simplification. You generate a simplified version of the text input by the user. You simplify the text according to the instructions given by the user. When asked to simplify a text, generate only the requested simplification, without any additional comments, notes or explanations.<|eot_id|><|start_header_id|>user<|end_header_id|>

INSTRUCTION: Simplify the following text such that the length of the output text (number of words) relative to the source text is approximately equal to the ratio specified in the control token prepended to your generated simplification. The control token has the following format: <METRIC=VALUE>. 
SOURCE TEXT: Sheffield Wednesday Football Club, also known as' The Owls' (so-called because the team played at Owlerton from 1899) formed in 1867 in Sheffield.
EXPLANATION: The <WORD_COMPRESSION=1.1> token specifies that the word-level compression rate should be around 1.1. Values less than 1 indicate text reduction. Values greater than 1 indicate text expansion.<|eot_id|><|start_header_id|>assistant<|end_header_id|>

<WORD_COMPRESSION=1.1><|eot_id|><|begin_of_text|>Sheffield Wednesday Football Club formed in 1867 in Sheffield. It is also known as 'The Owls,' because the team played at somewhere called "Owlerton" from 1899. <|eot_id|>[PAD][PAD][PAD][PAD][PAD][PAD][PAD][PAD][PAD][PAD][PAD][PAD][PAD][PAD][PAD][PAD][PAD][PAD][PAD][PAD][PAD][PAD][PAD][PAD][PAD][PAD][PAD][PAD][PAD][PAD][PAD][PAD][PAD][PAD][PAD][PAD][PAD][PAD][PAD][PAD][PAD][PAD][PAD][PAD][PAD][PAD][PAD][PAD][PAD][PAD][PAD][PAD][PAD][PAD][PAD][PAD][PAD][PAD][PAD][PAD][PAD][PAD][PAD][PAD][PAD][PAD][PAD][PAD][PAD][PAD][PAD][PAD][PAD][PAD][PAD][PAD][PAD][PAD][PAD][PAD][PAD][PAD][PAD][PAD][PAD][PAD][PAD][PAD][PAD][PAD][PAD][PAD][PAD][PAD][PAD][PAD][PAD][PAD][PAD][PAD][PAD][PAD][PAD][PAD][PAD][PAD][PAD][PAD][PAD][PAD][PAD][PAD][PAD][PAD][PAD][PAD][PAD][PAD][PAD][PAD][PAD][PAD][PAD][PAD][PAD][PAD][PAD][PAD][PAD][PAD][PAD][PAD][PAD][PAD][PAD][PAD][PAD][PAD][PAD][PAD][PAD][PAD][PAD][PAD][PAD][PAD][PAD][PAD][PAD][PAD][PAD][PAD][PAD][PAD][PAD][PAD][PAD][PAD][PAD][PAD][PAD][PAD][PAD][PAD][PAD][PAD][PAD][PAD][PAD][PAD][PAD][PAD][PAD][PAD][PAD][PAD][PAD][PAD][PAD][PAD][PAD][PAD][PAD][PAD][PAD][PAD][PAD][PAD][PAD][PAD][PAD][PAD][PAD][PAD][PAD][PAD][PAD][PAD][PAD][PAD][PAD][PAD][PAD][PAD][PAD][PAD][PAD][PAD][PAD][PAD][PAD][PAD][PAD][PAD][PAD][PAD][PAD]
--- decoded labels:
 Sheffield Wednesday Football Club formed in 1867 in Sheffield. It is also known as 'The Owls,' because the team played at somewhere called "Owlerton" from 1899. 
{'loss': 2.1486, 'grad_norm': 93.8200912475586, 'learning_rate': 1.5e-06, 'epoch': 0.21}
{'eval_loss': 1.7303427457809448, 'eval_runtime': 2.1668, 'eval_samples_per_second': 46.151, 'eval_steps_per_second': 11.538, 'epoch': 0.21}

>>> [Step 20] Prompt:
<|begin_of_text|><|start_header_id|>system<|end_header_id|>

Cutting Knowledge Date: December 2023
Today Date: 18 May 2025

You are a helpful expert in text simplification. You generate a simplified version of the text input by the user. You simplify the text according to the instructions given by the user. When asked to simplify a text, generate only the requested simplification, without any additional comments, notes or explanations.<|eot_id|><|start_header_id|>user<|end_header_id|>

INSTRUCTION: Simplify the following text such that the length of the output text (number of words) relative to the source text is approximately equal to the ratio specified in the control token prepended to your generated simplification. The control token has the following format: <METRIC=VALUE>. 
SOURCE TEXT: We usually recover an overpayment of Housing Benefit by accepting a full repayment, or by taking a weekly amount from your future Housing Benefit (also known as ‘claw-back’).
EXPLANATION: The <WORD_COMPRESSION=1.03> token specifies that the word-level compression rate should be around 1.03. Values less than 1 indicate text reduction. Values greater than 1 indicate text expansion.<|eot_id|><|start_header_id|>assistant<|end_header_id|>

<WORD_COMPRESSION=1.03><|eot_id|>
>>> Reference:
We usually receive back extra payment of Housing Benefit by accepting a full payback, or by taking a weekly amount from your future Housing Benefit (also known as ‘claw-back’). <|eot_id|>
>>> Prediction:
# Usually, we get an overpayment of Housing Benefit by accepting a full repayment, or by taking a weekly amount from your future Housing Benefit (also known as “claw-back”. 
================================================================================

>>> [Step 20] Prompt:
<|begin_of_text|><|start_header_id|>system<|end_header_id|>

Cutting Knowledge Date: December 2023
Today Date: 18 May 2025

You are a helpful expert in text simplification. You generate a simplified version of the text input by the user. You simplify the text according to the instructions given by the user. When asked to simplify a text, generate only the requested simplification, without any additional comments, notes or explanations.<|eot_id|><|start_header_id|>user<|end_header_id|>

INSTRUCTION: Simplify the following text such that the length of the output text (number of words) relative to the source text is approximately equal to the ratio specified in the control token prepended to your generated simplification. The control token has the following format: <METRIC=VALUE>. 
SOURCE TEXT: The Chain was presented to the City by Alderman George Senior JP on 9 November 1901 as a symbol of office for the Lady Mayoress.
EXPLANATION: The <WORD_COMPRESSION=1.0> token specifies that the word-level compression rate should be around 1.0. Values less than 1 indicate text reduction. Values greater than 1 indicate text expansion.<|eot_id|><|start_header_id|>assistant<|end_header_id|>

<WORD_COMPRESSION=1.0><|eot_id|>
>>> Reference:
The Chain was given to the City by Alderman George Senior JP on 9 November 1901 as a symbol of office for the Lady Mayoress. <|eot_id|>
>>> Prediction:
definir  was presented to the City by Alderman George Senior JP on 9 November 1901 as a symbol of office for the Lady Mayoress.  1.0 
================================================================================

>>> [Step 20] Prompt:
<|begin_of_text|><|start_header_id|>system<|end_header_id|>

Cutting Knowledge Date: December 2023
Today Date: 18 May 2025

You are a helpful expert in text simplification. You generate a simplified version of the text input by the user. You simplify the text according to the instructions given by the user. When asked to simplify a text, generate only the requested simplification, without any additional comments, notes or explanations.<|eot_id|><|start_header_id|>user<|end_header_id|>

INSTRUCTION: Simplify the following text such that the length of the output text (number of words) relative to the source text is approximately equal to the ratio specified in the control token prepended to your generated simplification. The control token has the following format: <METRIC=VALUE>. 
SOURCE TEXT: If we send your landlord a ‘ relevant notice ’ then you will have protection against a section 21 notice to leave for the next 6 months.
EXPLANATION: The <WORD_COMPRESSION=1.0> token specifies that the word-level compression rate should be around 1.0. Values less than 1 indicate text reduction. Values greater than 1 indicate text expansion.<|eot_id|><|start_header_id|>assistant<|end_header_id|>

<WORD_COMPRESSION=1.0><|eot_id|>
>>> Reference:
If we send your landlord a 'important notice' then you will have cover against section 21 (notice to leave) for the next 6 months. <|eot_id|>
>>> Prediction:
#  If we send your landlord a “notice” then you will have protection against a section 21 notice to leave for the next 6 months.  #
================================================================================

>>> [Step 20] Prompt:
<|begin_of_text|><|start_header_id|>system<|end_header_id|>

Cutting Knowledge Date: December 2023
Today Date: 18 May 2025

You are a helpful expert in text simplification. You generate a simplified version of the text input by the user. You simplify the text according to the instructions given by the user. When asked to simplify a text, generate only the requested simplification, without any additional comments, notes or explanations.<|eot_id|><|start_header_id|>user<|end_header_id|>

INSTRUCTION: Simplify the following text such that the length of the output text (number of words) relative to the source text is approximately equal to the ratio specified in the control token prepended to your generated simplification. The control token has the following format: <METRIC=VALUE>. 
SOURCE TEXT: We believe high quality Urban Design is of critical importance to the city, supporting Sheffield’s transformation, promoting sustainable development and delivering high quality places.
EXPLANATION: The <WORD_COMPRESSION=0.97> token specifies that the word-level compression rate should be around 0.97. Values less than 1 indicate text reduction. Values greater than 1 indicate text expansion.<|eot_id|><|start_header_id|>assistant<|end_header_id|>

<WORD_COMPRESSION=0.97><|eot_id|>
>>> Reference:
We believe high quality Urban Design is very important to the city, supporting Sheffield’s transformation, promoting economic advances and delivering high quality places. <|eot_id|>
>>> Prediction:
def high quality Urban Design is of critical importance to the city, supporting Sheffield’s transformation, promoting sustainable development and delivering high quality places.  1.
================================================================================
{'loss': 1.4164, 'grad_norm': 15.332181930541992, 'learning_rate': 3.1666666666666667e-06, 'epoch': 0.42}
{'eval_loss': 0.9614195227622986, 'eval_runtime': 2.1824, 'eval_samples_per_second': 45.821, 'eval_steps_per_second': 11.455, 'epoch': 0.42}
{'loss': 0.8646, 'grad_norm': 9.720158576965332, 'learning_rate': 4.833333333333333e-06, 'epoch': 0.63}
{'eval_loss': 0.8381597995758057, 'eval_runtime': 2.1595, 'eval_samples_per_second': 46.307, 'eval_steps_per_second': 11.577, 'epoch': 0.63}

>>> [Step 40] Prompt:
<|begin_of_text|><|start_header_id|>system<|end_header_id|>

Cutting Knowledge Date: December 2023
Today Date: 18 May 2025

You are a helpful expert in text simplification. You generate a simplified version of the text input by the user. You simplify the text according to the instructions given by the user. When asked to simplify a text, generate only the requested simplification, without any additional comments, notes or explanations.<|eot_id|><|start_header_id|>user<|end_header_id|>

INSTRUCTION: Simplify the following text such that the length of the output text (number of words) relative to the source text is approximately equal to the ratio specified in the control token prepended to your generated simplification. The control token has the following format: <METRIC=VALUE>. 
SOURCE TEXT: That suitable food, drink and bedding materials will be provided and that the animals are exercised and visited regularly.
EXPLANATION: The <WORD_COMPRESSION=1.0> token specifies that the word-level compression rate should be around 1.0. Values less than 1 indicate text reduction. Values greater than 1 indicate text expansion.<|eot_id|><|start_header_id|>assistant<|end_header_id|>

<WORD_COMPRESSION=1.0><|eot_id|>
>>> Reference:
Food, drink, and bedding materials will be provided to the animals and they are exercised and visited regularly. <|eot_id|>
>>> Prediction:
The suitable food, drink and bedding materials will be provided and that the animals are exercised and visited regularly. 
================================================================================

>>> [Step 40] Prompt:
<|begin_of_text|><|start_header_id|>system<|end_header_id|>

Cutting Knowledge Date: December 2023
Today Date: 18 May 2025

You are a helpful expert in text simplification. You generate a simplified version of the text input by the user. You simplify the text according to the instructions given by the user. When asked to simplify a text, generate only the requested simplification, without any additional comments, notes or explanations.<|eot_id|><|start_header_id|>user<|end_header_id|>

INSTRUCTION: Simplify the following text such that the length of the output text (number of words) relative to the source text is approximately equal to the ratio specified in the control token prepended to your generated simplification. The control token has the following format: <METRIC=VALUE>. 
SOURCE TEXT: If the item is in stock in Sheffield, your request will be placed immediately and you will be notified by post or by email as soon as a copy becomes available.
EXPLANATION: The <WORD_COMPRESSION=1.03> token specifies that the word-level compression rate should be around 1.03. Values less than 1 indicate text reduction. Values greater than 1 indicate text expansion.<|eot_id|><|start_header_id|>assistant<|end_header_id|>

<WORD_COMPRESSION=1.03><|eot_id|>
>>> Reference:
If the item is in Sheffield, your request will be placed as soon as possible and you will be told by post or by email as soon as a copy becomes available. <|eot_id|>
>>> Prediction:
The item will be placed immediately and you will be informed by post or by email as soon as a copy becomes available. 
================================================================================

>>> [Step 40] Prompt:
<|begin_of_text|><|start_header_id|>system<|end_header_id|>

Cutting Knowledge Date: December 2023
Today Date: 18 May 2025

You are a helpful expert in text simplification. You generate a simplified version of the text input by the user. You simplify the text according to the instructions given by the user. When asked to simplify a text, generate only the requested simplification, without any additional comments, notes or explanations.<|eot_id|><|start_header_id|>user<|end_header_id|>

INSTRUCTION: Simplify the following text such that the length of the output text (number of words) relative to the source text is approximately equal to the ratio specified in the control token prepended to your generated simplification. The control token has the following format: <METRIC=VALUE>. 
SOURCE TEXT: It is a personalised service that aims to provide additional support to help people look after themselves and their home through our neighbourhood officers.
EXPLANATION: The <WORD_COMPRESSION=0.76> token specifies that the word-level compression rate should be around 0.76. Values less than 1 indicate text reduction. Values greater than 1 indicate text expansion.<|eot_id|><|start_header_id|>assistant<|end_header_id|>

<WORD_COMPRESSION=0.76><|eot_id|>
>>> Reference:
Our neighbourhood officers provide a personalised service, to help people take care of themselves and their home. <|eot_id|>
>>> Prediction:
The service is a personal service that aims to provide extra support to help people look after themselves and their home through our neighbourhood officers. 
================================================================================

>>> [Step 40] Prompt:
<|begin_of_text|><|start_header_id|>system<|end_header_id|>

Cutting Knowledge Date: December 2023
Today Date: 18 May 2025

You are a helpful expert in text simplification. You generate a simplified version of the text input by the user. You simplify the text according to the instructions given by the user. When asked to simplify a text, generate only the requested simplification, without any additional comments, notes or explanations.<|eot_id|><|start_header_id|>user<|end_header_id|>

INSTRUCTION: Simplify the following text such that the length of the output text (number of words) relative to the source text is approximately equal to the ratio specified in the control token prepended to your generated simplification. The control token has the following format: <METRIC=VALUE>. 
SOURCE TEXT: If you rent a room in a shared house where the tenants have separate tenancy agreements, your landlord retains control of the shared parts but you have the right to use them.
EXPLANATION: The <WORD_COMPRESSION=0.82> token specifies that the word-level compression rate should be around 0.82. Values less than 1 indicate text reduction. Values greater than 1 indicate text expansion.<|eot_id|><|start_header_id|>assistant<|end_header_id|>

<WORD_COMPRESSION=0.82><|eot_id|>
>>> Reference:
If you rent a room in a shared house where the tenants have separate agreements, your landlord controls the shared parts but you can use them. <|eot_id|>
>>> Prediction:
Question: If you rent a room in a shared house where the tenants have their own tenancy agreements, your landlord retains control of the shared parts but you have the right to use them. 
================================================================================
{'loss': 0.8297, 'grad_norm': 8.961982727050781, 'learning_rate': 4.919332367333748e-06, 'epoch': 0.84}
{'eval_loss': 0.8058856725692749, 'eval_runtime': 2.1889, 'eval_samples_per_second': 45.686, 'eval_steps_per_second': 11.421, 'epoch': 0.84}
{'loss': 0.8451, 'grad_norm': 7.064630031585693, 'learning_rate': 4.647158168051066e-06, 'epoch': 1.06}
{'eval_loss': 0.787911057472229, 'eval_runtime': 2.1576, 'eval_samples_per_second': 46.347, 'eval_steps_per_second': 11.587, 'epoch': 1.06}

>>> [Step 60] Prompt:
<|begin_of_text|><|start_header_id|>system<|end_header_id|>

Cutting Knowledge Date: December 2023
Today Date: 18 May 2025

You are a helpful expert in text simplification. You generate a simplified version of the text input by the user. You simplify the text according to the instructions given by the user. When asked to simplify a text, generate only the requested simplification, without any additional comments, notes or explanations.<|eot_id|><|start_header_id|>user<|end_header_id|>

INSTRUCTION: Simplify the following text such that the length of the output text (number of words) relative to the source text is approximately equal to the ratio specified in the control token prepended to your generated simplification. The control token has the following format: <METRIC=VALUE>. 
SOURCE TEXT: We believe high quality Urban Design is of critical importance to the city, supporting Sheffield’s transformation, promoting sustainable development and delivering high quality places.
EXPLANATION: The <WORD_COMPRESSION=0.97> token specifies that the word-level compression rate should be around 0.97. Values less than 1 indicate text reduction. Values greater than 1 indicate text expansion.<|eot_id|><|start_header_id|>assistant<|end_header_id|>

<WORD_COMPRESSION=0.97><|eot_id|>
>>> Reference:
We believe high quality Urban Design is very important to the city, supporting Sheffield’s transformation, promoting economic advances and delivering high quality places. <|eot_id|>
>>> Prediction:
We think high quality Urban Design is very important to the city, supporting Sheffield’s change, promoting sustainable development and giving high quality places. 
================================================================================

>>> [Step 60] Prompt:
<|begin_of_text|><|start_header_id|>system<|end_header_id|>

Cutting Knowledge Date: December 2023
Today Date: 18 May 2025

You are a helpful expert in text simplification. You generate a simplified version of the text input by the user. You simplify the text according to the instructions given by the user. When asked to simplify a text, generate only the requested simplification, without any additional comments, notes or explanations.<|eot_id|><|start_header_id|>user<|end_header_id|>

INSTRUCTION: Simplify the following text such that the length of the output text (number of words) relative to the source text is approximately equal to the ratio specified in the control token prepended to your generated simplification. The control token has the following format: <METRIC=VALUE>. 
SOURCE TEXT: Specific areas have been allocated for the city centre and applicants are advised to contact us for an up to date list.
EXPLANATION: The <WORD_COMPRESSION=0.96> token specifies that the word-level compression rate should be around 0.96. Values less than 1 indicate text reduction. Values greater than 1 indicate text expansion.<|eot_id|><|start_header_id|>assistant<|end_header_id|>

<WORD_COMPRESSION=0.96><|eot_id|>
>>> Reference:
Certain areas have been designated for the city centre and applicants are told to contact us for an up to date list <|eot_id|>
>>> Prediction:
We have allocated specific areas for the city centre.  If you need to contact us, please do so. 
================================================================================

>>> [Step 60] Prompt:
<|begin_of_text|><|start_header_id|>system<|end_header_id|>

Cutting Knowledge Date: December 2023
Today Date: 18 May 2025

You are a helpful expert in text simplification. You generate a simplified version of the text input by the user. You simplify the text according to the instructions given by the user. When asked to simplify a text, generate only the requested simplification, without any additional comments, notes or explanations.<|eot_id|><|start_header_id|>user<|end_header_id|>

INSTRUCTION: Simplify the following text such that the length of the output text (number of words) relative to the source text is approximately equal to the ratio specified in the control token prepended to your generated simplification. The control token has the following format: <METRIC=VALUE>. 
SOURCE TEXT: Requests for information like this generally come from the Police, HM Revenue and Customs, UK Visas and Immigration and other organisations with the power to investigate crime and/or collect tax.
EXPLANATION: The <WORD_COMPRESSION=1.0> token specifies that the word-level compression rate should be around 1.0. Values less than 1 indicate text reduction. Values greater than 1 indicate text expansion.<|eot_id|><|start_header_id|>assistant<|end_header_id|>

<WORD_COMPRESSION=1.0><|eot_id|>
>>> Reference:
Requests for information like this mostly come from the Police, HM Revenue and Customs, UK Visas and Immigration and other organisations with the power to investigate crime and/or collect tax. <|eot_id|>
>>> Prediction:
The most common organisations to request information like this are the Police, HM Revenue and Customs, UK Visas and Immigration and other organisations with the power to investigate crime and/or collect tax. 
================================================================================

>>> [Step 60] Prompt:
<|begin_of_text|><|start_header_id|>system<|end_header_id|>

Cutting Knowledge Date: December 2023
Today Date: 18 May 2025

You are a helpful expert in text simplification. You generate a simplified version of the text input by the user. You simplify the text according to the instructions given by the user. When asked to simplify a text, generate only the requested simplification, without any additional comments, notes or explanations.<|eot_id|><|start_header_id|>user<|end_header_id|>

INSTRUCTION: Simplify the following text such that the length of the output text (number of words) relative to the source text is approximately equal to the ratio specified in the control token prepended to your generated simplification. The control token has the following format: <METRIC=VALUE>. 
SOURCE TEXT: If you are unable to make payment immediately, call our staff to discuss any financial problems that you may have and in many cases we are able to agree alternative payment arrangements.
EXPLANATION: The <WORD_COMPRESSION=1.03> token specifies that the word-level compression rate should be around 1.03. Values less than 1 indicate text reduction. Values greater than 1 indicate text expansion.<|eot_id|><|start_header_id|>assistant<|end_header_id|>

<WORD_COMPRESSION=1.03><|eot_id|>
>>> Reference:
If you are unable to pay immediately, call our staff to discuss any financial problems that you may have and in many cases we are able to come up with alternative payment arrangements. <|eot_id|>
>>> Prediction:
We can discuss any financial problems you may have and in many cases we are able to agree alternative payment arrangements. 
================================================================================
{'loss': 0.6401, 'grad_norm': 6.61101770401001, 'learning_rate': 4.204133242248832e-06, 'epoch': 1.27}
{'eval_loss': 0.8019474744796753, 'eval_runtime': 2.1654, 'eval_samples_per_second': 46.182, 'eval_steps_per_second': 11.545, 'epoch': 1.27}
{'loss': 0.6076, 'grad_norm': 7.640913009643555, 'learning_rate': 3.6255093620441835e-06, 'epoch': 1.48}
{'eval_loss': 0.8037907481193542, 'eval_runtime': 2.1545, 'eval_samples_per_second': 46.414, 'eval_steps_per_second': 11.603, 'epoch': 1.48}

>>> [Step 80] Prompt:
<|begin_of_text|><|start_header_id|>system<|end_header_id|>

Cutting Knowledge Date: December 2023
Today Date: 18 May 2025

You are a helpful expert in text simplification. You generate a simplified version of the text input by the user. You simplify the text according to the instructions given by the user. When asked to simplify a text, generate only the requested simplification, without any additional comments, notes or explanations.<|eot_id|><|start_header_id|>user<|end_header_id|>

INSTRUCTION: Simplify the following text such that the length of the output text (number of words) relative to the source text is approximately equal to the ratio specified in the control token prepended to your generated simplification. The control token has the following format: <METRIC=VALUE>. 
SOURCE TEXT: It is intended to upgrade this area to the same standard as the rest of The Moor subject to available funding by the end of Summer 2015.
EXPLANATION: The <WORD_COMPRESSION=0.75> token specifies that the word-level compression rate should be around 0.75. Values less than 1 indicate text reduction. Values greater than 1 indicate text expansion.<|eot_id|><|start_header_id|>assistant<|end_header_id|>

<WORD_COMPRESSION=0.75><|eot_id|>
>>> Reference:
If funds are available, the area will be improved to match the rest of the moor by summer 2015. <|eot_id|>
>>> Prediction:
The area is intended to be upgraded to the same standard as the rest of The Moor subject to available funding by the end of Summer 2015. 
================================================================================

>>> [Step 80] Prompt:
<|begin_of_text|><|start_header_id|>system<|end_header_id|>

Cutting Knowledge Date: December 2023
Today Date: 18 May 2025

You are a helpful expert in text simplification. You generate a simplified version of the text input by the user. You simplify the text according to the instructions given by the user. When asked to simplify a text, generate only the requested simplification, without any additional comments, notes or explanations.<|eot_id|><|start_header_id|>user<|end_header_id|>

INSTRUCTION: Simplify the following text such that the length of the output text (number of words) relative to the source text is approximately equal to the ratio specified in the control token prepended to your generated simplification. The control token has the following format: <METRIC=VALUE>. 
SOURCE TEXT: These enable the individual radio to be ‘stunned’ from the system remotely and removed from service until such time that the crime reduction manager feels sure it is safe to put the equipment back live on the system.
EXPLANATION: The <WORD_COMPRESSION=0.98> token specifies that the word-level compression rate should be around 0.98. Values less than 1 indicate text reduction. Values greater than 1 indicate text expansion.<|eot_id|><|start_header_id|>assistant<|end_header_id|>

<WORD_COMPRESSION=0.98><|eot_id|>
>>> Reference:
These allow the individual radio to be ‘stunned’ from the system remotely and stopped from working until such time that the crime reduction manager feels sure it is safe to put them back live on the system. <|eot_id|>
>>> Prediction:
The individual radio can be ‘stunned’ from the system remotely. It can be removed from service until the crime reduction manager feels sure it is safe to put the equipment back to work on the system. 
================================================================================

>>> [Step 80] Prompt:
<|begin_of_text|><|start_header_id|>system<|end_header_id|>

Cutting Knowledge Date: December 2023
Today Date: 18 May 2025

You are a helpful expert in text simplification. You generate a simplified version of the text input by the user. You simplify the text according to the instructions given by the user. When asked to simplify a text, generate only the requested simplification, without any additional comments, notes or explanations.<|eot_id|><|start_header_id|>user<|end_header_id|>

INSTRUCTION: Simplify the following text such that the length of the output text (number of words) relative to the source text is approximately equal to the ratio specified in the control token prepended to your generated simplification. The control token has the following format: <METRIC=VALUE>. 
SOURCE TEXT: We work closely with our partners and other private and public sector organisations in Sheffield to ensure that we deliver effectively the needs of our customers.
EXPLANATION: The <WORD_COMPRESSION=1.07> token specifies that the word-level compression rate should be around 1.07. Values less than 1 indicate text reduction. Values greater than 1 indicate text expansion.<|eot_id|><|start_header_id|>assistant<|end_header_id|>

<WORD_COMPRESSION=1.07><|eot_id|>
>>> Reference:
We work together with our partners as well as private and public sector organisations in Sheffield to make sure that we can meet the needs of our customers. <|eot_id|>
>>> Prediction:
We work with our partners and other private and public sector organisations in Sheffield to make sure that we deliver effectively the needs of our customers. 
================================================================================

>>> [Step 80] Prompt:
<|begin_of_text|><|start_header_id|>system<|end_header_id|>

Cutting Knowledge Date: December 2023
Today Date: 18 May 2025

You are a helpful expert in text simplification. You generate a simplified version of the text input by the user. You simplify the text according to the instructions given by the user. When asked to simplify a text, generate only the requested simplification, without any additional comments, notes or explanations.<|eot_id|><|start_header_id|>user<|end_header_id|>

INSTRUCTION: Simplify the following text such that the length of the output text (number of words) relative to the source text is approximately equal to the ratio specified in the control token prepended to your generated simplification. The control token has the following format: <METRIC=VALUE>. 
SOURCE TEXT: This was supported by a Statement of Special Interest, which you can download below along with the current boundary plan.
EXPLANATION: The <WORD_COMPRESSION=1.45> token specifies that the word-level compression rate should be around 1.45. Values less than 1 indicate text reduction. Values greater than 1 indicate text expansion.<|eot_id|><|start_header_id|>assistant<|end_header_id|>

<WORD_COMPRESSION=1.45><|eot_id|>
>>> Reference:
There is a Statement of Special Interest to support this. You can download this Statement. You can download a boundary plan. The boundary plan shows the boundaries now. <|eot_id|>
>>> Prediction:
The document was supported by a Statement of Special Interest. You can download it below along with the current boundary plan. 
================================================================================
{'loss': 0.5672, 'grad_norm': 7.182119846343994, 'learning_rate': 2.957327993680967e-06, 'epoch': 1.69}
{'eval_loss': 0.8037896156311035, 'eval_runtime': 2.1937, 'eval_samples_per_second': 45.586, 'eval_steps_per_second': 11.396, 'epoch': 1.69}
{'train_runtime': 275.5504, 'train_samples_per_second': 8.296, 'train_steps_per_second': 0.512, 'train_loss': 0.9899116516113281, 'epoch': 1.69}
Evaluation results: {'eval_loss': 0.787911057472229, 'eval_runtime': 2.1848, 'eval_samples_per_second': 45.771, 'eval_steps_per_second': 11.443, 'epoch': 1.6910994764397906}
*** Finetuning meta-llama/Llama-3.2-1B-Instruct with WikiLarge_ori_splitwise_hq and ARI ***
torch.cuda.is_bf16_supported: True
Transformers version: 4.51.0
Python path: /home/hhubar/data/conda/envs/sft/bin/python
Not using PEFT...

Run arguments:
Namespace(model_class='llama', model_family='base', model_name='meta-llama/Llama-3.2-1B-Instruct', dataset_name='WikiLarge_ori_splitwise_hq', slice_train=-1, slice_val=-1, batch_size=4, eval_batch_size=4, gradient_accumulation_steps=4, learning_rate=5e-06, weight_decay=0.01, warmup_steps=30, max_grad_norm=0.5, epochs=3, max_length=512, logging_steps=10, wandb_project_name='ATS_with_control_tokens', wandb_entity='shtosti', generate_every=20, seed=42, patience=3, prompting_type='vanilla', user_prompt_id='token_explanation', metric_name='ARI', control_tokens='data/prompts/control_tokens.json', system_prompts='data/prompts/system_prompts.json', user_prompts='data/prompts/user_prompts.json', metric_mapping='data/metric_mapping.json', peft=False, lora_r=8, lora_dropout=0.1)

Saving to: ./models/Llama-3.2-1B-Instruct-WikiLarge_ori_splitwise_hq-ARI-token_explanation-20250518-174632

*** Finetuning Llama-3.2-1B-Instruct with WikiLarge_ori_splitwise_hq ***

CUDA available: True
Number of GPUs: 1
GPU name: NVIDIA A100-SXM4-80GB
Model embedding size BEFORE resizing: 128256
Model embedding size AFTER resizing: 128257
--- DEBUG ---
trainable params:
Trainable params: 1,235,816,448 / 1,235,816,448 (100.00%)
--- tokenizer pad_token_id: 128256
--- tokenizer eos_token_id: 128009
--- special tokens:
train:	 Inspect the dataset format:
 {'global_id': ['wikilarge_ori_142489'], 'source_text': ["The term '' Klee Kai '' was derived from Alaskan Athabaskan words meaning '' small dog '' .\n"], 'source_metrics': [{'FRE': 83.66, 'ARI': 11.9, 'FKGL': 4.8, 'Dale-Chall': 14.0, 'char_count': 92, 'alphanum_count': 65, 'word_count': 18, 'sentence_count': 1}], 'metadata': [{'dataset': 'wikilarge_ori', 'experiment_split': '', 'domain': 'general', 'language': 'en', 'annotation': 'automatic', 'level': 'sentence'}], 'simplification_text': ['The Alaskan Klee Kai is a northern breed of dog of spitz type .\n'], 'target_metrics': [{'FRE': 92.12, 'ARI': 3.2, 'FKGL': 3.6, 'Dale-Chall': 11.57, 'char_count': 64, 'alphanum_count': 49, 'word_count': 14, 'sentence_count': 1, 'char_compression_rate': 0.7, 'word_compression_rate': 0.78, 'sentence_compression_rate': 1.0, 'BLEU': 5.617199498008724, 'BERTScore': 0.8639014363288879}], 'simplification_version': [1], 'grade_level': [-1], 'simplification_dimensions': [{'linguistic': {'lexical': False, 'syntactic': False}}]}
validation:	 Inspect the dataset format:
 {'global_id': ['wikilarge_ori_154025'], 'source_text': ['All the Greatest Hits is an album from British band McFly .\n'], 'source_metrics': [{'FRE': 77.23, 'ARI': 4.6, 'FKGL': 5.2, 'Dale-Chall': 11.36, 'char_count': 60, 'alphanum_count': 47, 'word_count': 12, 'sentence_count': 1}], 'metadata': [{'dataset': 'wikilarge_ori', 'experiment_split': '', 'domain': 'general', 'language': 'en', 'annotation': 'automatic', 'level': 'sentence'}], 'simplification_text': ['All the Greatest Hits is an album from the band McFly .\n'], 'target_metrics': [{'FRE': 85.69, 'ARI': 2.9, 'FKGL': 4.0, 'Dale-Chall': 9.92, 'char_count': 56, 'alphanum_count': 43, 'word_count': 12, 'sentence_count': 1, 'char_compression_rate': 0.93, 'word_compression_rate': 1.0, 'sentence_compression_rate': 1.0, 'BLEU': 73.48889200874659, 'BERTScore': 0.9892229437828064}], 'simplification_version': [1], 'grade_level': [-1], 'simplification_dimensions': [{'linguistic': {'lexical': False, 'syntactic': False}}]}


 *** Before tokenization ***
>>> train:

Showing 1 example(s):

Example 1 (index 114)
--- Prompt:
 <|begin_of_text|><|start_header_id|>system<|end_header_id|>

Cutting Knowledge Date: December 2023
Today Date: 18 May 2025

You are a helpful expert in text simplification. You generate a simplified version of the text input by the user. You simplify the text according to the instructions given by the user. When asked to simplify a text, generate only the requested simplification, without any additional comments, notes or explanations.<|eot_id|><|start_header_id|>user<|end_header_id|>

INSTRUCTION: Simplify the following text such that its Automated Readability Index (ARI) score is approximately equal to that specified in the control token prepended to your generated simplification. The control token has the following format: <METRIC=VALUE>. The control token prepended to the source text indicates the ARI value of the source text. 
SOURCE TEXT: <ARI=9.9> Greener individuals have a whitish vein in the center of the hind wing and a bright yellow fore wing basal patch .

EXPLANATION: The <ARI=4.8> token specifies that the target Automated Readability Index (ARI) score should be approximately 4.8. Lower values indicate simpler text.<|eot_id|><|start_header_id|>assistant<|end_header_id|>

<ARI=4.8><|eot_id|>
--- Completion:
 Greener individuals have a whitish vein in the center of the hind wing . The fore wing has a bright yellow basal patch . <|eot_id|>
==================================================


 *** After tokenization ***
>>> train:

Showing 1 example(s):

Example 1 (index 25)
--- Prompt:
 <|begin_of_text|><|start_header_id|>system<|end_header_id|>

Cutting Knowledge Date: December 2023
Today Date: 18 May 2025

You are a helpful expert in text simplification. You generate a simplified version of the text input by the user. You simplify the text according to the instructions given by the user. When asked to simplify a text, generate only the requested simplification, without any additional comments, notes or explanations.<|eot_id|><|start_header_id|>user<|end_header_id|>

INSTRUCTION: Simplify the following text such that its Automated Readability Index (ARI) score is approximately equal to that specified in the control token prepended to your generated simplification. The control token has the following format: <METRIC=VALUE>. The control token prepended to the source text indicates the ARI value of the source text. 
SOURCE TEXT: <ARI=4.9> Gummo was not in any of the movies ; Zeppo appeared only in the first five .

EXPLANATION: The <ARI=0.9> token specifies that the target Automated Readability Index (ARI) score should be approximately 0.9. Lower values indicate simpler text.<|eot_id|><|start_header_id|>assistant<|end_header_id|>

<ARI=0.9><|eot_id|>
--- Completion:
 Gummo did not appear in any of the movies . <|eot_id|>
--- input_ids:
 [128000, 128000, 128006, 9125, 128007, 271, 38766, 1303, 33025, 2696, 25, 6790, 220, 2366, 18, 198, 15724, 2696, 25, 220, 972, 3297, 220, 2366, 20, 271, 2675, 527, 264, 11190, 6335, 304, 1495, 15858, 2461, 13, 1472, 7068, 264, 44899, 2373, 315, 279, 1495, 1988, 555, 279, 1217, 13, 1472, 40821, 279, 1495, 4184, 311, 279, 11470, 2728, 555, 279, 1217, 13, 3277, 4691, 311, 40821, 264, 1495, 11, 7068, 1193, 279, 11472, 15858, 2461, 11, 2085, 904, 5217, 6170, 11, 8554, 477, 41941, 13, 128009, 128006, 882, 128007, 271, 691, 58555, 25, 62342, 1463, 279, 2768, 1495, 1778, 430, 1202, 95823, 4557, 2968, 8167, 320, 16412, 8, 5573, 374, 13489, 6273, 311, 430, 5300, 304, 279, 2585, 4037, 22033, 2954, 311, 701, 8066, 15858, 2461, 13, 578, 2585, 4037, 706, 279, 2768, 3645, 25, 366, 45975, 37078, 28, 24771, 14611, 578, 2585, 4037, 22033, 2954, 311, 279, 2592, 1495, 15151, 279, 362, 4403, 907, 315, 279, 2592, 1495, 13, 720, 44098, 16139, 25, 366, 16412, 28, 19, 13, 24, 29, 75589, 6489, 574, 539, 304, 904, 315, 279, 9698, 2652, 10120, 40580, 9922, 1193, 304, 279, 1176, 4330, 6905, 3337, 95179, 3579, 25, 578, 366, 16412, 28, 15, 13, 24, 29, 4037, 30202, 430, 279, 2218, 95823, 4557, 2968, 8167, 320, 16412, 8, 5573, 1288, 387, 13489, 220, 15, 13, 24, 13, 28636, 2819, 13519, 35388, 1495, 13, 128009, 128006, 78191, 128007, 271, 27, 16412, 28, 15, 13, 24, 29, 128009, 128000, 38, 372, 6489, 1550, 539, 5101, 304, 904, 315, 279, 9698, 662, 220, 128009, 128256, 128256, 128256, 128256, 128256, 128256, 128256, 128256, 128256, 128256, 128256, 128256, 128256, 128256, 128256, 128256, 128256, 128256, 128256, 128256, 128256, 128256, 128256, 128256, 128256, 128256, 128256, 128256, 128256, 128256, 128256, 128256, 128256, 128256, 128256, 128256, 128256, 128256, 128256, 128256, 128256, 128256, 128256, 128256, 128256, 128256, 128256, 128256, 128256, 128256, 128256, 128256, 128256, 128256, 128256, 128256, 128256, 128256, 128256, 128256, 128256, 128256, 128256, 128256, 128256, 128256, 128256, 128256, 128256, 128256, 128256, 128256, 128256, 128256, 128256, 128256, 128256, 128256, 128256, 128256, 128256, 128256, 128256, 128256, 128256, 128256, 128256, 128256, 128256, 128256, 128256, 128256, 128256, 128256, 128256, 128256, 128256, 128256, 128256, 128256, 128256, 128256, 128256, 128256, 128256, 128256, 128256, 128256, 128256, 128256, 128256, 128256, 128256, 128256, 128256, 128256, 128256, 128256, 128256, 128256, 128256, 128256, 128256, 128256, 128256, 128256, 128256, 128256, 128256, 128256, 128256, 128256, 128256, 128256, 128256, 128256, 128256, 128256, 128256, 128256, 128256, 128256, 128256, 128256, 128256, 128256, 128256, 128256, 128256, 128256, 128256, 128256, 128256, 128256, 128256, 128256, 128256, 128256, 128256, 128256, 128256, 128256, 128256, 128256, 128256, 128256, 128256, 128256, 128256, 128256, 128256, 128256, 128256, 128256, 128256, 128256, 128256, 128256, 128256, 128256, 128256, 128256, 128256, 128256, 128256, 128256, 128256, 128256, 128256, 128256, 128256, 128256, 128256, 128256, 128256, 128256, 128256, 128256, 128256, 128256, 128256, 128256, 128256, 128256, 128256, 128256, 128256, 128256, 128256, 128256, 128256, 128256, 128256, 128256, 128256, 128256, 128256, 128256, 128256, 128256, 128256, 128256, 128256, 128256, 128256, 128256, 128256, 128256, 128256, 128256, 128256, 128256, 128256, 128256, 128256, 128256, 128256, 128256, 128256, 128256, 128256, 128256, 128256, 128256, 128256, 128256, 128256, 128256, 128256, 128256, 128256, 128256, 128256, 128256, 128256]
--- labels:
 [-100, -100, -100, -100, -100, -100, -100, -100, -100, -100, -100, -100, -100, -100, -100, -100, -100, -100, -100, -100, -100, -100, -100, -100, -100, -100, -100, -100, -100, -100, -100, -100, -100, -100, -100, -100, -100, -100, -100, -100, -100, -100, -100, -100, -100, -100, -100, -100, -100, -100, -100, -100, -100, -100, -100, -100, -100, -100, -100, -100, -100, -100, -100, -100, -100, -100, -100, -100, -100, -100, -100, -100, -100, -100, -100, -100, -100, -100, -100, -100, -100, -100, -100, -100, -100, -100, -100, -100, -100, -100, -100, -100, -100, -100, -100, -100, -100, -100, -100, -100, -100, -100, -100, -100, -100, -100, -100, -100, -100, -100, -100, -100, -100, -100, -100, -100, -100, -100, -100, -100, -100, -100, -100, -100, -100, -100, -100, -100, -100, -100, -100, -100, -100, -100, -100, -100, -100, -100, -100, -100, -100, -100, -100, -100, -100, -100, -100, -100, -100, -100, -100, -100, -100, -100, -100, -100, -100, -100, -100, -100, -100, -100, -100, -100, -100, -100, -100, -100, -100, -100, -100, -100, -100, -100, -100, -100, -100, -100, -100, -100, -100, -100, -100, -100, -100, -100, -100, -100, -100, -100, -100, -100, -100, -100, -100, -100, -100, -100, -100, -100, -100, -100, -100, -100, -100, -100, -100, -100, -100, -100, -100, -100, -100, -100, -100, -100, -100, -100, -100, -100, -100, -100, -100, -100, -100, -100, -100, -100, -100, -100, -100, -100, -100, -100, -100, -100, -100, -100, -100, -100, -100, -100, 128000, 38, 372, 6489, 1550, 539, 5101, 304, 904, 315, 279, 9698, 662, 220, 128009, -100, -100, -100, -100, -100, -100, -100, -100, -100, -100, -100, -100, -100, -100, -100, -100, -100, -100, -100, -100, -100, -100, -100, -100, -100, -100, -100, -100, -100, -100, -100, -100, -100, -100, -100, -100, -100, -100, -100, -100, -100, -100, -100, -100, -100, -100, -100, -100, -100, -100, -100, -100, -100, -100, -100, -100, -100, -100, -100, -100, -100, -100, -100, -100, -100, -100, -100, -100, -100, -100, -100, -100, -100, -100, -100, -100, -100, -100, -100, -100, -100, -100, -100, -100, -100, -100, -100, -100, -100, -100, -100, -100, -100, -100, -100, -100, -100, -100, -100, -100, -100, -100, -100, -100, -100, -100, -100, -100, -100, -100, -100, -100, -100, -100, -100, -100, -100, -100, -100, -100, -100, -100, -100, -100, -100, -100, -100, -100, -100, -100, -100, -100, -100, -100, -100, -100, -100, -100, -100, -100, -100, -100, -100, -100, -100, -100, -100, -100, -100, -100, -100, -100, -100, -100, -100, -100, -100, -100, -100, -100, -100, -100, -100, -100, -100, -100, -100, -100, -100, -100, -100, -100, -100, -100, -100, -100, -100, -100, -100, -100, -100, -100, -100, -100, -100, -100, -100, -100, -100, -100, -100, -100, -100, -100, -100, -100, -100, -100, -100, -100, -100, -100, -100, -100, -100, -100, -100, -100, -100, -100, -100, -100, -100, -100, -100, -100, -100, -100, -100, -100, -100, -100, -100, -100, -100, -100, -100, -100, -100, -100, -100, -100, -100, -100, -100, -100, -100, -100, -100, -100, -100, -100, -100, -100, -100, -100, -100, -100, -100, -100, -100, -100, -100, -100, -100]
==================================================
********** DEBUG **********
Train dataset columns: ['global_id', 'source_text', 'source_metrics', 'metadata', 'simplification_text', 'target_metrics', 'simplification_version', 'grade_level', 'simplification_dimensions', 'prompt', 'completion', 'system_prompt_id', 'user_prompt_id', 'metric_name', 'source_metric_value', 'target_metric_value', 'input_ids', 'labels', 'attention_mask']
Validation dataset columns: ['global_id', 'source_text', 'source_metrics', 'metadata', 'simplification_text', 'target_metrics', 'simplification_version', 'grade_level', 'simplification_dimensions', 'prompt', 'completion', 'system_prompt_id', 'user_prompt_id', 'metric_name', 'source_metric_value', 'target_metric_value', 'input_ids', 'labels', 'attention_mask']
First 10 input_ids: [128000, 128000, 128006, 9125, 128007, 271, 38766, 1303, 33025, 2696]
First 10 labels: [-100, -100, -100, -100, -100, -100, -100, -100, -100, -100]

--- DEBUG: Explore first instance of the val set:
 {'global_id': 'wikilarge_ori_154025', 'source_text': 'All the Greatest Hits is an album from British band McFly .\n', 'source_metrics': {'FRE': 77.23, 'ARI': 4.6, 'FKGL': 5.2, 'Dale-Chall': 11.36, 'char_count': 60, 'alphanum_count': 47, 'word_count': 12, 'sentence_count': 1}, 'metadata': {'dataset': 'wikilarge_ori', 'experiment_split': '', 'domain': 'general', 'language': 'en', 'annotation': 'automatic', 'level': 'sentence'}, 'simplification_text': 'All the Greatest Hits is an album from the band McFly .\n', 'target_metrics': {'FRE': 85.69, 'ARI': 2.9, 'FKGL': 4.0, 'Dale-Chall': 9.92, 'char_count': 56, 'alphanum_count': 43, 'word_count': 12, 'sentence_count': 1, 'char_compression_rate': 0.93, 'word_compression_rate': 1.0, 'sentence_compression_rate': 1.0, 'BLEU': 73.48889200874659, 'BERTScore': 0.9892229437828064}, 'simplification_version': 1, 'grade_level': -1, 'simplification_dimensions': {'linguistic': {'lexical': False, 'syntactic': False}}, 'prompt': '<|begin_of_text|><|start_header_id|>system<|end_header_id|>\n\nCutting Knowledge Date: December 2023\nToday Date: 18 May 2025\n\nYou are a helpful expert in text simplification. You generate a simplified version of the text input by the user. You simplify the text according to the instructions given by the user. When asked to simplify a text, generate only the requested simplification, without any additional comments, notes or explanations.<|eot_id|><|start_header_id|>user<|end_header_id|>\n\nINSTRUCTION: Simplify the following text such that its Automated Readability Index (ARI) score is approximately equal to that specified in the control token prepended to your generated simplification. The control token has the following format: <METRIC=VALUE>. The control token prepended to the source text indicates the ARI value of the source text. \nSOURCE TEXT: <ARI=4.6> All the Greatest Hits is an album from British band McFly .\n\nEXPLANATION: The <ARI=2.9> token specifies that the target Automated Readability Index (ARI) score should be approximately 2.9. Lower values indicate simpler text.<|eot_id|><|start_header_id|>assistant<|end_header_id|>\n\n<ARI=2.9><|eot_id|>', 'completion': 'All the Greatest Hits is an album from the band McFly . <|eot_id|>', 'system_prompt_id': 'sys_prompt_6', 'user_prompt_id': 'token_explanation', 'metric_name': 'ARI', 'source_metric_value': 4.6, 'target_metric_value': 2.9, 'input_ids': [128000, 128000, 128006, 9125, 128007, 271, 38766, 1303, 33025, 2696, 25, 6790, 220, 2366, 18, 198, 15724, 2696, 25, 220, 972, 3297, 220, 2366, 20, 271, 2675, 527, 264, 11190, 6335, 304, 1495, 15858, 2461, 13, 1472, 7068, 264, 44899, 2373, 315, 279, 1495, 1988, 555, 279, 1217, 13, 1472, 40821, 279, 1495, 4184, 311, 279, 11470, 2728, 555, 279, 1217, 13, 3277, 4691, 311, 40821, 264, 1495, 11, 7068, 1193, 279, 11472, 15858, 2461, 11, 2085, 904, 5217, 6170, 11, 8554, 477, 41941, 13, 128009, 128006, 882, 128007, 271, 691, 58555, 25, 62342, 1463, 279, 2768, 1495, 1778, 430, 1202, 95823, 4557, 2968, 8167, 320, 16412, 8, 5573, 374, 13489, 6273, 311, 430, 5300, 304, 279, 2585, 4037, 22033, 2954, 311, 701, 8066, 15858, 2461, 13, 578, 2585, 4037, 706, 279, 2768, 3645, 25, 366, 45975, 37078, 28, 24771, 14611, 578, 2585, 4037, 22033, 2954, 311, 279, 2592, 1495, 15151, 279, 362, 4403, 907, 315, 279, 2592, 1495, 13, 720, 44098, 16139, 25, 366, 16412, 28, 19, 13, 21, 29, 2052, 279, 62912, 54751, 374, 459, 8176, 505, 8013, 7200, 4584, 54100, 6905, 3337, 95179, 3579, 25, 578, 366, 16412, 28, 17, 13, 24, 29, 4037, 30202, 430, 279, 2218, 95823, 4557, 2968, 8167, 320, 16412, 8, 5573, 1288, 387, 13489, 220, 17, 13, 24, 13, 28636, 2819, 13519, 35388, 1495, 13, 128009, 128006, 78191, 128007, 271, 27, 16412, 28, 17, 13, 24, 29, 128009, 128000, 2460, 279, 62912, 54751, 374, 459, 8176, 505, 279, 7200, 4584, 54100, 662, 220, 128009, 128256, 128256, 128256, 128256, 128256, 128256, 128256, 128256, 128256, 128256, 128256, 128256, 128256, 128256, 128256, 128256, 128256, 128256, 128256, 128256, 128256, 128256, 128256, 128256, 128256, 128256, 128256, 128256, 128256, 128256, 128256, 128256, 128256, 128256, 128256, 128256, 128256, 128256, 128256, 128256, 128256, 128256, 128256, 128256, 128256, 128256, 128256, 128256, 128256, 128256, 128256, 128256, 128256, 128256, 128256, 128256, 128256, 128256, 128256, 128256, 128256, 128256, 128256, 128256, 128256, 128256, 128256, 128256, 128256, 128256, 128256, 128256, 128256, 128256, 128256, 128256, 128256, 128256, 128256, 128256, 128256, 128256, 128256, 128256, 128256, 128256, 128256, 128256, 128256, 128256, 128256, 128256, 128256, 128256, 128256, 128256, 128256, 128256, 128256, 128256, 128256, 128256, 128256, 128256, 128256, 128256, 128256, 128256, 128256, 128256, 128256, 128256, 128256, 128256, 128256, 128256, 128256, 128256, 128256, 128256, 128256, 128256, 128256, 128256, 128256, 128256, 128256, 128256, 128256, 128256, 128256, 128256, 128256, 128256, 128256, 128256, 128256, 128256, 128256, 128256, 128256, 128256, 128256, 128256, 128256, 128256, 128256, 128256, 128256, 128256, 128256, 128256, 128256, 128256, 128256, 128256, 128256, 128256, 128256, 128256, 128256, 128256, 128256, 128256, 128256, 128256, 128256, 128256, 128256, 128256, 128256, 128256, 128256, 128256, 128256, 128256, 128256, 128256, 128256, 128256, 128256, 128256, 128256, 128256, 128256, 128256, 128256, 128256, 128256, 128256, 128256, 128256, 128256, 128256, 128256, 128256, 128256, 128256, 128256, 128256, 128256, 128256, 128256, 128256, 128256, 128256, 128256, 128256, 128256, 128256, 128256, 128256, 128256, 128256, 128256, 128256, 128256, 128256, 128256, 128256, 128256, 128256, 128256, 128256, 128256, 128256, 128256, 128256, 128256, 128256, 128256, 128256, 128256, 128256, 128256, 128256, 128256, 128256, 128256, 128256, 128256, 128256, 128256, 128256, 128256, 128256, 128256, 128256, 128256, 128256, 128256, 128256, 128256, 128256, 128256, 128256, 128256, 128256, 128256, 128256], 'labels': [-100, -100, -100, -100, -100, -100, -100, -100, -100, -100, -100, -100, -100, -100, -100, -100, -100, -100, -100, -100, -100, -100, -100, -100, -100, -100, -100, -100, -100, -100, -100, -100, -100, -100, -100, -100, -100, -100, -100, -100, -100, -100, -100, -100, -100, -100, -100, -100, -100, -100, -100, -100, -100, -100, -100, -100, -100, -100, -100, -100, -100, -100, -100, -100, -100, -100, -100, -100, -100, -100, -100, -100, -100, -100, -100, -100, -100, -100, -100, -100, -100, -100, -100, -100, -100, -100, -100, -100, -100, -100, -100, -100, -100, -100, -100, -100, -100, -100, -100, -100, -100, -100, -100, -100, -100, -100, -100, -100, -100, -100, -100, -100, -100, -100, -100, -100, -100, -100, -100, -100, -100, -100, -100, -100, -100, -100, -100, -100, -100, -100, -100, -100, -100, -100, -100, -100, -100, -100, -100, -100, -100, -100, -100, -100, -100, -100, -100, -100, -100, -100, -100, -100, -100, -100, -100, -100, -100, -100, -100, -100, -100, -100, -100, -100, -100, -100, -100, -100, -100, -100, -100, -100, -100, -100, -100, -100, -100, -100, -100, -100, -100, -100, -100, -100, -100, -100, -100, -100, -100, -100, -100, -100, -100, -100, -100, -100, -100, -100, -100, -100, -100, -100, -100, -100, -100, -100, -100, -100, -100, -100, -100, -100, -100, -100, -100, -100, -100, -100, -100, -100, -100, -100, -100, -100, -100, -100, -100, -100, -100, -100, -100, -100, -100, -100, -100, -100, 128000, 2460, 279, 62912, 54751, 374, 459, 8176, 505, 279, 7200, 4584, 54100, 662, 220, 128009, -100, -100, -100, -100, -100, -100, -100, -100, -100, -100, -100, -100, -100, -100, -100, -100, -100, -100, -100, -100, -100, -100, -100, -100, -100, -100, -100, -100, -100, -100, -100, -100, -100, -100, -100, -100, -100, -100, -100, -100, -100, -100, -100, -100, -100, -100, -100, -100, -100, -100, -100, -100, -100, -100, -100, -100, -100, -100, -100, -100, -100, -100, -100, -100, -100, -100, -100, -100, -100, -100, -100, -100, -100, -100, -100, -100, -100, -100, -100, -100, -100, -100, -100, -100, -100, -100, -100, -100, -100, -100, -100, -100, -100, -100, -100, -100, -100, -100, -100, -100, -100, -100, -100, -100, -100, -100, -100, -100, -100, -100, -100, -100, -100, -100, -100, -100, -100, -100, -100, -100, -100, -100, -100, -100, -100, -100, -100, -100, -100, -100, -100, -100, -100, -100, -100, -100, -100, -100, -100, -100, -100, -100, -100, -100, -100, -100, -100, -100, -100, -100, -100, -100, -100, -100, -100, -100, -100, -100, -100, -100, -100, -100, -100, -100, -100, -100, -100, -100, -100, -100, -100, -100, -100, -100, -100, -100, -100, -100, -100, -100, -100, -100, -100, -100, -100, -100, -100, -100, -100, -100, -100, -100, -100, -100, -100, -100, -100, -100, -100, -100, -100, -100, -100, -100, -100, -100, -100, -100, -100, -100, -100, -100, -100, -100, -100, -100, -100, -100, -100, -100, -100, -100, -100, -100, -100, -100, -100, -100, -100, -100, -100, -100, -100, -100, -100, -100, -100, -100, -100, -100, -100, -100, -100, -100, -100, -100, -100, -100, -100, -100, -100, -100, -100, -100, -100, -100, -100, -100, -100, -100], 'attention_mask': [1, 1, 1, 1, 1, 1, 1, 1, 1, 1, 1, 1, 1, 1, 1, 1, 1, 1, 1, 1, 1, 1, 1, 1, 1, 1, 1, 1, 1, 1, 1, 1, 1, 1, 1, 1, 1, 1, 1, 1, 1, 1, 1, 1, 1, 1, 1, 1, 1, 1, 1, 1, 1, 1, 1, 1, 1, 1, 1, 1, 1, 1, 1, 1, 1, 1, 1, 1, 1, 1, 1, 1, 1, 1, 1, 1, 1, 1, 1, 1, 1, 1, 1, 1, 1, 1, 1, 1, 1, 1, 1, 1, 1, 1, 1, 1, 1, 1, 1, 1, 1, 1, 1, 1, 1, 1, 1, 1, 1, 1, 1, 1, 1, 1, 1, 1, 1, 1, 1, 1, 1, 1, 1, 1, 1, 1, 1, 1, 1, 1, 1, 1, 1, 1, 1, 1, 1, 1, 1, 1, 1, 1, 1, 1, 1, 1, 1, 1, 1, 1, 1, 1, 1, 1, 1, 1, 1, 1, 1, 1, 1, 1, 1, 1, 1, 1, 1, 1, 1, 1, 1, 1, 1, 1, 1, 1, 1, 1, 1, 1, 1, 1, 1, 1, 1, 1, 1, 1, 1, 1, 1, 1, 1, 1, 1, 1, 1, 1, 1, 1, 1, 1, 1, 1, 1, 1, 1, 1, 1, 1, 1, 1, 1, 1, 1, 1, 1, 1, 1, 1, 1, 1, 1, 1, 1, 1, 1, 1, 1, 1, 1, 1, 1, 1, 1, 1, 1, 1, 1, 1, 1, 1, 1, 1, 1, 1, 1, 1, 1, 1, 1, 1, 0, 0, 0, 0, 0, 0, 0, 0, 0, 0, 0, 0, 0, 0, 0, 0, 0, 0, 0, 0, 0, 0, 0, 0, 0, 0, 0, 0, 0, 0, 0, 0, 0, 0, 0, 0, 0, 0, 0, 0, 0, 0, 0, 0, 0, 0, 0, 0, 0, 0, 0, 0, 0, 0, 0, 0, 0, 0, 0, 0, 0, 0, 0, 0, 0, 0, 0, 0, 0, 0, 0, 0, 0, 0, 0, 0, 0, 0, 0, 0, 0, 0, 0, 0, 0, 0, 0, 0, 0, 0, 0, 0, 0, 0, 0, 0, 0, 0, 0, 0, 0, 0, 0, 0, 0, 0, 0, 0, 0, 0, 0, 0, 0, 0, 0, 0, 0, 0, 0, 0, 0, 0, 0, 0, 0, 0, 0, 0, 0, 0, 0, 0, 0, 0, 0, 0, 0, 0, 0, 0, 0, 0, 0, 0, 0, 0, 0, 0, 0, 0, 0, 0, 0, 0, 0, 0, 0, 0, 0, 0, 0, 0, 0, 0, 0, 0, 0, 0, 0, 0, 0, 0, 0, 0, 0, 0, 0, 0, 0, 0, 0, 0, 0, 0, 0, 0, 0, 0, 0, 0, 0, 0, 0, 0, 0, 0, 0, 0, 0, 0, 0, 0, 0, 0, 0, 0, 0, 0, 0, 0, 0, 0, 0, 0, 0, 0, 0, 0, 0, 0, 0, 0, 0, 0, 0, 0, 0, 0, 0, 0, 0, 0, 0, 0, 0, 0, 0, 0, 0, 0, 0, 0, 0, 0, 0, 0, 0, 0, 0, 0, 0, 0, 0, 0, 0, 0, 0, 0, 0, 0]}
type of input_ids: <class 'list'>
type of labels: <class 'list'>

--- DEBUG: Tokenized fields ---
--- Tokenizer vocab size: 128000
--- input_ids: [128000, 128000, 128006, 9125, 128007, 271, 38766, 1303, 33025, 2696, 25, 6790, 220, 2366, 18, 198, 15724, 2696, 25, 220, 972, 3297, 220, 2366, 20, 271, 2675, 527, 264, 11190, 6335, 304, 1495, 15858, 2461, 13, 1472, 7068, 264, 44899, 2373, 315, 279, 1495, 1988, 555, 279, 1217, 13, 1472, 40821, 279, 1495, 4184, 311, 279, 11470, 2728, 555, 279, 1217, 13, 3277, 4691, 311, 40821, 264, 1495, 11, 7068, 1193, 279, 11472, 15858, 2461, 11, 2085, 904, 5217, 6170, 11, 8554, 477, 41941, 13, 128009, 128006, 882, 128007, 271, 691, 58555, 25, 62342, 1463, 279, 2768, 1495, 1778, 430, 1202, 95823, 4557, 2968, 8167, 320, 16412, 8, 5573, 374, 13489, 6273, 311, 430, 5300, 304, 279, 2585, 4037, 22033, 2954, 311, 701, 8066, 15858, 2461, 13, 578, 2585, 4037, 706, 279, 2768, 3645, 25, 366, 45975, 37078, 28, 24771, 14611, 578, 2585, 4037, 22033, 2954, 311, 279, 2592, 1495, 15151, 279, 362, 4403, 907, 315, 279, 2592, 1495, 13, 720, 44098, 16139, 25, 366, 16412, 28, 806, 13, 24, 29, 578, 4751, 3436, 735, 8669, 51710, 3436, 574, 14592, 505, 1708, 79451, 20277, 370, 79451, 4339, 7438, 3436, 2678, 5679, 3436, 6905, 3337, 95179, 3579, 25, 578, 366, 16412, 28, 18, 13, 17, 29, 4037, 30202, 430, 279, 2218, 95823, 4557, 2968, 8167, 320, 16412, 8, 5573, 1288, 387, 13489, 220, 18, 13, 17, 13, 28636, 2819, 13519, 35388, 1495, 13, 128009, 128006, 78191, 128007, 271, 27, 16412, 28, 18, 13, 17, 29, 128009, 128000, 791, 1708, 79451, 735, 8669, 51710, 374, 264, 18671, 28875, 315, 5679, 315, 993, 11289, 955, 662, 220, 128009, 128256, 128256, 128256, 128256, 128256, 128256, 128256, 128256, 128256, 128256, 128256, 128256, 128256, 128256, 128256, 128256, 128256, 128256, 128256, 128256, 128256, 128256, 128256, 128256, 128256, 128256, 128256, 128256, 128256, 128256, 128256, 128256, 128256, 128256, 128256, 128256, 128256, 128256, 128256, 128256, 128256, 128256, 128256, 128256, 128256, 128256, 128256, 128256, 128256, 128256, 128256, 128256, 128256, 128256, 128256, 128256, 128256, 128256, 128256, 128256, 128256, 128256, 128256, 128256, 128256, 128256, 128256, 128256, 128256, 128256, 128256, 128256, 128256, 128256, 128256, 128256, 128256, 128256, 128256, 128256, 128256, 128256, 128256, 128256, 128256, 128256, 128256, 128256, 128256, 128256, 128256, 128256, 128256, 128256, 128256, 128256, 128256, 128256, 128256, 128256, 128256, 128256, 128256, 128256, 128256, 128256, 128256, 128256, 128256, 128256, 128256, 128256, 128256, 128256, 128256, 128256, 128256, 128256, 128256, 128256, 128256, 128256, 128256, 128256, 128256, 128256, 128256, 128256, 128256, 128256, 128256, 128256, 128256, 128256, 128256, 128256, 128256, 128256, 128256, 128256, 128256, 128256, 128256, 128256, 128256, 128256, 128256, 128256, 128256, 128256, 128256, 128256, 128256, 128256, 128256, 128256, 128256, 128256, 128256, 128256, 128256, 128256, 128256, 128256, 128256, 128256, 128256, 128256, 128256, 128256, 128256, 128256, 128256, 128256, 128256, 128256, 128256, 128256, 128256, 128256, 128256, 128256, 128256, 128256, 128256, 128256, 128256, 128256, 128256, 128256, 128256, 128256, 128256, 128256, 128256, 128256, 128256, 128256, 128256, 128256, 128256, 128256, 128256, 128256, 128256, 128256, 128256, 128256, 128256, 128256, 128256, 128256, 128256, 128256, 128256, 128256, 128256, 128256, 128256, 128256, 128256, 128256, 128256, 128256, 128256, 128256, 128256, 128256, 128256, 128256, 128256, 128256, 128256, 128256, 128256, 128256, 128256, 128256, 128256, 128256, 128256, 128256, 128256, 128256, 128256, 128256, 128256]
--- labels: [-100, -100, -100, -100, -100, -100, -100, -100, -100, -100, -100, -100, -100, -100, -100, -100, -100, -100, -100, -100, -100, -100, -100, -100, -100, -100, -100, -100, -100, -100, -100, -100, -100, -100, -100, -100, -100, -100, -100, -100, -100, -100, -100, -100, -100, -100, -100, -100, -100, -100, -100, -100, -100, -100, -100, -100, -100, -100, -100, -100, -100, -100, -100, -100, -100, -100, -100, -100, -100, -100, -100, -100, -100, -100, -100, -100, -100, -100, -100, -100, -100, -100, -100, -100, -100, -100, -100, -100, -100, -100, -100, -100, -100, -100, -100, -100, -100, -100, -100, -100, -100, -100, -100, -100, -100, -100, -100, -100, -100, -100, -100, -100, -100, -100, -100, -100, -100, -100, -100, -100, -100, -100, -100, -100, -100, -100, -100, -100, -100, -100, -100, -100, -100, -100, -100, -100, -100, -100, -100, -100, -100, -100, -100, -100, -100, -100, -100, -100, -100, -100, -100, -100, -100, -100, -100, -100, -100, -100, -100, -100, -100, -100, -100, -100, -100, -100, -100, -100, -100, -100, -100, -100, -100, -100, -100, -100, -100, -100, -100, -100, -100, -100, -100, -100, -100, -100, -100, -100, -100, -100, -100, -100, -100, -100, -100, -100, -100, -100, -100, -100, -100, -100, -100, -100, -100, -100, -100, -100, -100, -100, -100, -100, -100, -100, -100, -100, -100, -100, -100, -100, -100, -100, -100, -100, -100, -100, -100, -100, -100, -100, -100, -100, -100, -100, -100, -100, -100, -100, -100, -100, -100, -100, -100, -100, -100, 128000, 791, 1708, 79451, 735, 8669, 51710, 374, 264, 18671, 28875, 315, 5679, 315, 993, 11289, 955, 662, 220, 128009, -100, -100, -100, -100, -100, -100, -100, -100, -100, -100, -100, -100, -100, -100, -100, -100, -100, -100, -100, -100, -100, -100, -100, -100, -100, -100, -100, -100, -100, -100, -100, -100, -100, -100, -100, -100, -100, -100, -100, -100, -100, -100, -100, -100, -100, -100, -100, -100, -100, -100, -100, -100, -100, -100, -100, -100, -100, -100, -100, -100, -100, -100, -100, -100, -100, -100, -100, -100, -100, -100, -100, -100, -100, -100, -100, -100, -100, -100, -100, -100, -100, -100, -100, -100, -100, -100, -100, -100, -100, -100, -100, -100, -100, -100, -100, -100, -100, -100, -100, -100, -100, -100, -100, -100, -100, -100, -100, -100, -100, -100, -100, -100, -100, -100, -100, -100, -100, -100, -100, -100, -100, -100, -100, -100, -100, -100, -100, -100, -100, -100, -100, -100, -100, -100, -100, -100, -100, -100, -100, -100, -100, -100, -100, -100, -100, -100, -100, -100, -100, -100, -100, -100, -100, -100, -100, -100, -100, -100, -100, -100, -100, -100, -100, -100, -100, -100, -100, -100, -100, -100, -100, -100, -100, -100, -100, -100, -100, -100, -100, -100, -100, -100, -100, -100, -100, -100, -100, -100, -100, -100, -100, -100, -100, -100, -100, -100, -100, -100, -100, -100, -100, -100, -100, -100, -100, -100, -100, -100, -100, -100, -100, -100, -100, -100, -100, -100, -100, -100, -100, -100, -100, -100, -100, -100, -100, -100, -100, -100, -100, -100, -100, -100, -100, -100, -100, -100, -100, -100, -100, -100, -100, -100, -100, -100, -100, -100, -100]
--- decoded input_ids:
 <|begin_of_text|><|begin_of_text|><|start_header_id|>system<|end_header_id|>

Cutting Knowledge Date: December 2023
Today Date: 18 May 2025

You are a helpful expert in text simplification. You generate a simplified version of the text input by the user. You simplify the text according to the instructions given by the user. When asked to simplify a text, generate only the requested simplification, without any additional comments, notes or explanations.<|eot_id|><|start_header_id|>user<|end_header_id|>

INSTRUCTION: Simplify the following text such that its Automated Readability Index (ARI) score is approximately equal to that specified in the control token prepended to your generated simplification. The control token has the following format: <METRIC=VALUE>. The control token prepended to the source text indicates the ARI value of the source text. 
SOURCE TEXT: <ARI=11.9> The term '' Klee Kai '' was derived from Alaskan Athabaskan words meaning '' small dog ''.

EXPLANATION: The <ARI=3.2> token specifies that the target Automated Readability Index (ARI) score should be approximately 3.2. Lower values indicate simpler text.<|eot_id|><|start_header_id|>assistant<|end_header_id|>

<ARI=3.2><|eot_id|><|begin_of_text|>The Alaskan Klee Kai is a northern breed of dog of spitz type. <|eot_id|>[PAD][PAD][PAD][PAD][PAD][PAD][PAD][PAD][PAD][PAD][PAD][PAD][PAD][PAD][PAD][PAD][PAD][PAD][PAD][PAD][PAD][PAD][PAD][PAD][PAD][PAD][PAD][PAD][PAD][PAD][PAD][PAD][PAD][PAD][PAD][PAD][PAD][PAD][PAD][PAD][PAD][PAD][PAD][PAD][PAD][PAD][PAD][PAD][PAD][PAD][PAD][PAD][PAD][PAD][PAD][PAD][PAD][PAD][PAD][PAD][PAD][PAD][PAD][PAD][PAD][PAD][PAD][PAD][PAD][PAD][PAD][PAD][PAD][PAD][PAD][PAD][PAD][PAD][PAD][PAD][PAD][PAD][PAD][PAD][PAD][PAD][PAD][PAD][PAD][PAD][PAD][PAD][PAD][PAD][PAD][PAD][PAD][PAD][PAD][PAD][PAD][PAD][PAD][PAD][PAD][PAD][PAD][PAD][PAD][PAD][PAD][PAD][PAD][PAD][PAD][PAD][PAD][PAD][PAD][PAD][PAD][PAD][PAD][PAD][PAD][PAD][PAD][PAD][PAD][PAD][PAD][PAD][PAD][PAD][PAD][PAD][PAD][PAD][PAD][PAD][PAD][PAD][PAD][PAD][PAD][PAD][PAD][PAD][PAD][PAD][PAD][PAD][PAD][PAD][PAD][PAD][PAD][PAD][PAD][PAD][PAD][PAD][PAD][PAD][PAD][PAD][PAD][PAD][PAD][PAD][PAD][PAD][PAD][PAD][PAD][PAD][PAD][PAD][PAD][PAD][PAD][PAD][PAD][PAD][PAD][PAD][PAD][PAD][PAD][PAD][PAD][PAD][PAD][PAD][PAD][PAD][PAD][PAD][PAD][PAD][PAD][PAD][PAD][PAD][PAD][PAD][PAD][PAD][PAD][PAD][PAD][PAD][PAD][PAD][PAD][PAD][PAD][PAD][PAD][PAD][PAD][PAD][PAD][PAD][PAD][PAD][PAD][PAD][PAD][PAD][PAD][PAD][PAD][PAD][PAD][PAD][PAD][PAD][PAD][PAD][PAD][PAD][PAD][PAD][PAD][PAD][PAD]
--- decoded labels:
 The Alaskan Klee Kai is a northern breed of dog of spitz type. 
{'loss': 2.9682, 'grad_norm': 60.45746994018555, 'learning_rate': 1.5e-06, 'epoch': 0.25}
{'eval_loss': 2.359269380569458, 'eval_runtime': 1.9655, 'eval_samples_per_second': 45.79, 'eval_steps_per_second': 11.702, 'epoch': 0.25}

>>> [Step 20] Prompt:
<|begin_of_text|><|start_header_id|>system<|end_header_id|>

Cutting Knowledge Date: December 2023
Today Date: 18 May 2025

You are a helpful expert in text simplification. You generate a simplified version of the text input by the user. You simplify the text according to the instructions given by the user. When asked to simplify a text, generate only the requested simplification, without any additional comments, notes or explanations.<|eot_id|><|start_header_id|>user<|end_header_id|>

INSTRUCTION: Simplify the following text such that its Automated Readability Index (ARI) score is approximately equal to that specified in the control token prepended to your generated simplification. The control token has the following format: <METRIC=VALUE>. The control token prepended to the source text indicates the ARI value of the source text. 
SOURCE TEXT: <ARI=20.0> Okeechobee covers 730 square miles -LRB- 1,890 kmÂ -RRB- , approximately half the size of the state of Rhode Island , and is exceptionally shallow for a lake of its size , with an average depth of only 9 feet -LRB- 3 m -RRB- .

EXPLANATION: The <ARI=9.8> token specifies that the target Automated Readability Index (ARI) score should be approximately 9.8. Lower values indicate simpler text.<|eot_id|><|start_header_id|>assistant<|end_header_id|>

<ARI=9.8><|eot_id|>
>>> Reference:
Lake Okeechobee covers about 730 square miles -LRB- about half the size of Rhode Island -RRB- . <|eot_id|>
>>> Prediction:
# Okeechobee covers 730 square miles -LRB- 1,890 kmÂ -RRB-, approximately half the size of the state of Rhode Island. 
================================================================================

>>> [Step 20] Prompt:
<|begin_of_text|><|start_header_id|>system<|end_header_id|>

Cutting Knowledge Date: December 2023
Today Date: 18 May 2025

You are a helpful expert in text simplification. You generate a simplified version of the text input by the user. You simplify the text according to the instructions given by the user. When asked to simplify a text, generate only the requested simplification, without any additional comments, notes or explanations.<|eot_id|><|start_header_id|>user<|end_header_id|>

INSTRUCTION: Simplify the following text such that its Automated Readability Index (ARI) score is approximately equal to that specified in the control token prepended to your generated simplification. The control token has the following format: <METRIC=VALUE>. The control token prepended to the source text indicates the ARI value of the source text. 
SOURCE TEXT: <ARI=13.5> Amettes is a commune in the Pas-de-Calais department in the Nord-Pas-de-Calais region of France .

EXPLANATION: The <ARI=7.8> token specifies that the target Automated Readability Index (ARI) score should be approximately 7.8. Lower values indicate simpler text.<|eot_id|><|start_header_id|>assistant<|end_header_id|>

<ARI=7.8><|eot_id|>
>>> Reference:
Amettes is a commune . It is found in the region Nord-Pas-de-Calais in the Pas-de-Calais department in the north of France . <|eot_id|>
>>> Prediction:
def get_commissaire():
  comite = 1
  for i in range(1, 7):
    comite = comite * 2
  comite = comite / 2
  return comite

commissaire = get_commissaire()
print(commissaire)  # 3
================================================================================

>>> [Step 20] Prompt:
<|begin_of_text|><|start_header_id|>system<|end_header_id|>

Cutting Knowledge Date: December 2023
Today Date: 18 May 2025

You are a helpful expert in text simplification. You generate a simplified version of the text input by the user. You simplify the text according to the instructions given by the user. When asked to simplify a text, generate only the requested simplification, without any additional comments, notes or explanations.<|eot_id|><|start_header_id|>user<|end_header_id|>

INSTRUCTION: Simplify the following text such that its Automated Readability Index (ARI) score is approximately equal to that specified in the control token prepended to your generated simplification. The control token has the following format: <METRIC=VALUE>. The control token prepended to the source text indicates the ARI value of the source text. 
SOURCE TEXT: <ARI=10.7> Between 1446 and 1448 Ockeghem served Charles I , Duke of Bourbon , at his court in Moulins , now in central France .

EXPLANATION: The <ARI=9.8> token specifies that the target Automated Readability Index (ARI) score should be approximately 9.8. Lower values indicate simpler text.<|eot_id|><|start_header_id|>assistant<|end_header_id|>

<ARI=9.8><|eot_id|>
>>> Reference:
His first important job was working for Charles I , Duke of Bourbon in Moulins , -LRB- France -RRB- . <|eot_id|>
>>> Prediction:
# The Duke of Bourbon, Charles I, was the Duke of Ockeghem. 
================================================================================

>>> [Step 20] Prompt:
<|begin_of_text|><|start_header_id|>system<|end_header_id|>

Cutting Knowledge Date: December 2023
Today Date: 18 May 2025

You are a helpful expert in text simplification. You generate a simplified version of the text input by the user. You simplify the text according to the instructions given by the user. When asked to simplify a text, generate only the requested simplification, without any additional comments, notes or explanations.<|eot_id|><|start_header_id|>user<|end_header_id|>

INSTRUCTION: Simplify the following text such that its Automated Readability Index (ARI) score is approximately equal to that specified in the control token prepended to your generated simplification. The control token has the following format: <METRIC=VALUE>. The control token prepended to the source text indicates the ARI value of the source text. 
SOURCE TEXT: <ARI=10.1> The county was named for the Delaware Indians resettled in what was then Indian Territory in the 1830s .

EXPLANATION: The <ARI=-1.1> token specifies that the target Automated Readability Index (ARI) score should be approximately -1.1. Lower values indicate simpler text.<|eot_id|><|start_header_id|>assistant<|end_header_id|>

<ARI=-1.1><|eot_id|>
>>> Reference:
Its county seat is Jay . <|eot_id|>
>>> Prediction:
def describe_american_indian_resettlement():
    a = 0
    for i in range(10):
        a = a + 1
    return a

    a = 0
    for i in range(10):
        a = a + 1
    print("The county was named for the Delaware Indians resettled in what was then Indian Territory in the 1830s.")assistant

<ARI=-1.1> The county was named for the Delaware Indians resettled in what was then Indian Territory in the 1830s. 
================================================================================
{'loss': 1.6619, 'grad_norm': 17.861318588256836, 'learning_rate': 3.1666666666666667e-06, 'epoch': 0.51}
{'eval_loss': 1.2466212511062622, 'eval_runtime': 1.9823, 'eval_samples_per_second': 45.403, 'eval_steps_per_second': 11.603, 'epoch': 0.51}
{'loss': 1.2231, 'grad_norm': 14.61903190612793, 'learning_rate': 4.833333333333333e-06, 'epoch': 0.76}
{'eval_loss': 1.099703073501587, 'eval_runtime': 1.961, 'eval_samples_per_second': 45.895, 'eval_steps_per_second': 11.729, 'epoch': 0.76}

>>> [Step 40] Prompt:
<|begin_of_text|><|start_header_id|>system<|end_header_id|>

Cutting Knowledge Date: December 2023
Today Date: 18 May 2025

You are a helpful expert in text simplification. You generate a simplified version of the text input by the user. You simplify the text according to the instructions given by the user. When asked to simplify a text, generate only the requested simplification, without any additional comments, notes or explanations.<|eot_id|><|start_header_id|>user<|end_header_id|>

INSTRUCTION: Simplify the following text such that its Automated Readability Index (ARI) score is approximately equal to that specified in the control token prepended to your generated simplification. The control token has the following format: <METRIC=VALUE>. The control token prepended to the source text indicates the ARI value of the source text. 
SOURCE TEXT: <ARI=11.5> Biarritz is located in the PyrÃ nÃ es-Atlantiques department in the Aquitaine region .

EXPLANATION: The <ARI=10.3> token specifies that the target Automated Readability Index (ARI) score should be approximately 10.3. Lower values indicate simpler text.<|eot_id|><|start_header_id|>assistant<|end_header_id|>

<ARI=10.3><|eot_id|>
>>> Reference:
Biarritz is a commune of the PyrÃ nÃ es-Atlantiques dÃ partement in the southwestern part of France . <|eot_id|>
>>> Prediction:
The city is in the Aquitaine region. 
================================================================================

>>> [Step 40] Prompt:
<|begin_of_text|><|start_header_id|>system<|end_header_id|>

Cutting Knowledge Date: December 2023
Today Date: 18 May 2025

You are a helpful expert in text simplification. You generate a simplified version of the text input by the user. You simplify the text according to the instructions given by the user. When asked to simplify a text, generate only the requested simplification, without any additional comments, notes or explanations.<|eot_id|><|start_header_id|>user<|end_header_id|>

INSTRUCTION: Simplify the following text such that its Automated Readability Index (ARI) score is approximately equal to that specified in the control token prepended to your generated simplification. The control token has the following format: <METRIC=VALUE>. The control token prepended to the source text indicates the ARI value of the source text. 
SOURCE TEXT: <ARI=12.8> Shaw himself guest conducted from time to time , ending his self-imposed retirement .

EXPLANATION: The <ARI=12.2> token specifies that the target Automated Readability Index (ARI) score should be approximately 12.2. Lower values indicate simpler text.<|eot_id|><|start_header_id|>assistant<|end_header_id|>

<ARI=12.2><|eot_id|>
>>> Reference:
Shaw himself would guest conduct from time to time , ending his self-imposed retirement . <|eot_id|>
>>> Prediction:
The first time he guested, he did it. 
================================================================================

>>> [Step 40] Prompt:
<|begin_of_text|><|start_header_id|>system<|end_header_id|>

Cutting Knowledge Date: December 2023
Today Date: 18 May 2025

You are a helpful expert in text simplification. You generate a simplified version of the text input by the user. You simplify the text according to the instructions given by the user. When asked to simplify a text, generate only the requested simplification, without any additional comments, notes or explanations.<|eot_id|><|start_header_id|>user<|end_header_id|>

INSTRUCTION: Simplify the following text such that its Automated Readability Index (ARI) score is approximately equal to that specified in the control token prepended to your generated simplification. The control token has the following format: <METRIC=VALUE>. The control token prepended to the source text indicates the ARI value of the source text. 
SOURCE TEXT: <ARI=8.0> A jug band is a band employing a jug player and a mix of traditional and home-made instruments .

EXPLANATION: The <ARI=5.3> token specifies that the target Automated Readability Index (ARI) score should be approximately 5.3. Lower values indicate simpler text.<|eot_id|><|start_header_id|>assistant<|end_header_id|>

<ARI=5.3><|eot_id|>
>>> Reference:
A jug band is a band that has a jug player and a variety of home-made instruments . <|eot_id|>
>>> Prediction:
The jug band is a band that has a jug player and a mix of traditional and homemade instruments. 
================================================================================

>>> [Step 40] Prompt:
<|begin_of_text|><|start_header_id|>system<|end_header_id|>

Cutting Knowledge Date: December 2023
Today Date: 18 May 2025

You are a helpful expert in text simplification. You generate a simplified version of the text input by the user. You simplify the text according to the instructions given by the user. When asked to simplify a text, generate only the requested simplification, without any additional comments, notes or explanations.<|eot_id|><|start_header_id|>user<|end_header_id|>

INSTRUCTION: Simplify the following text such that its Automated Readability Index (ARI) score is approximately equal to that specified in the control token prepended to your generated simplification. The control token has the following format: <METRIC=VALUE>. The control token prepended to the source text indicates the ARI value of the source text. 
SOURCE TEXT: <ARI=9.4> Notable lakes Lake Michigan-Huron is the largest lake by surface area : 117,350 km ² .

EXPLANATION: The <ARI=6.7> token specifies that the target Automated Readability Index (ARI) score should be approximately 6.7. Lower values indicate simpler text.<|eot_id|><|start_header_id|>assistant<|end_header_id|>

<ARI=6.7><|eot_id|>
>>> Reference:
Notable lakes The largest lake in the world by area is the Caspian Sea , with 394,299 km ² . <|eot_id|>
>>> Prediction:
The biggest lake by surface area is Lake Michigan-Huron. 
================================================================================
{'loss': 1.1714, 'grad_norm': 12.68787956237793, 'learning_rate': 4.869132927957007e-06, 'epoch': 1.0}
{'eval_loss': 1.090073823928833, 'eval_runtime': 2.0059, 'eval_samples_per_second': 44.868, 'eval_steps_per_second': 11.466, 'epoch': 1.0}
{'loss': 1.0256, 'grad_norm': 9.70441722869873, 'learning_rate': 4.434314598432091e-06, 'epoch': 1.25}
{'eval_loss': 1.0664520263671875, 'eval_runtime': 1.9596, 'eval_samples_per_second': 45.927, 'eval_steps_per_second': 11.737, 'epoch': 1.25}

>>> [Step 60] Prompt:
<|begin_of_text|><|start_header_id|>system<|end_header_id|>

Cutting Knowledge Date: December 2023
Today Date: 18 May 2025

You are a helpful expert in text simplification. You generate a simplified version of the text input by the user. You simplify the text according to the instructions given by the user. When asked to simplify a text, generate only the requested simplification, without any additional comments, notes or explanations.<|eot_id|><|start_header_id|>user<|end_header_id|>

INSTRUCTION: Simplify the following text such that its Automated Readability Index (ARI) score is approximately equal to that specified in the control token prepended to your generated simplification. The control token has the following format: <METRIC=VALUE>. The control token prepended to the source text indicates the ARI value of the source text. 
SOURCE TEXT: <ARI=22.9> The Picture of Dorian Gray -LRB- Penguin Classics -RRB- -- Introduction Wilde later revised this edition , making several alterations , and adding new chapters ; the amended version was published by Ward , Lock , and Company in April 1891 .

EXPLANATION: The <ARI=8.6> token specifies that the target Automated Readability Index (ARI) score should be approximately 8.6. Lower values indicate simpler text.<|eot_id|><|start_header_id|>assistant<|end_header_id|>

<ARI=8.6><|eot_id|>
>>> Reference:
The Picture of Dorian Gray is about a young man named Dorian Gray who has a portrait painted of himself . <|eot_id|>
>>> Prediction:
The Picture of Dorian Gray -LRB- Penguin Classics -RRB- -- Introduction Wilde later revised this edition, making several alterations, and adding new chapters ; the amended version was published by Ward, Lock, and Company in April 1891. 
================================================================================

>>> [Step 60] Prompt:
<|begin_of_text|><|start_header_id|>system<|end_header_id|>

Cutting Knowledge Date: December 2023
Today Date: 18 May 2025

You are a helpful expert in text simplification. You generate a simplified version of the text input by the user. You simplify the text according to the instructions given by the user. When asked to simplify a text, generate only the requested simplification, without any additional comments, notes or explanations.<|eot_id|><|start_header_id|>user<|end_header_id|>

INSTRUCTION: Simplify the following text such that its Automated Readability Index (ARI) score is approximately equal to that specified in the control token prepended to your generated simplification. The control token has the following format: <METRIC=VALUE>. The control token prepended to the source text indicates the ARI value of the source text. 
SOURCE TEXT: <ARI=17.1> Civil unrest in northern Italy spawns the medieval musical form of Geisslerlieder , penitential songs sung by wandering bands of Flagellants .

EXPLANATION: The <ARI=12.4> token specifies that the target Automated Readability Index (ARI) score should be approximately 12.4. Lower values indicate simpler text.<|eot_id|><|start_header_id|>assistant<|end_header_id|>

<ARI=12.4><|eot_id|>
>>> Reference:
Civil unrest in northern Italy spawns the medieval musical form of songs sung by wandering bands of Flagellants . <|eot_id|>
>>> Prediction:
The first recorded use of the Geisslerlieder was in 1505. 
================================================================================

>>> [Step 60] Prompt:
<|begin_of_text|><|start_header_id|>system<|end_header_id|>

Cutting Knowledge Date: December 2023
Today Date: 18 May 2025

You are a helpful expert in text simplification. You generate a simplified version of the text input by the user. You simplify the text according to the instructions given by the user. When asked to simplify a text, generate only the requested simplification, without any additional comments, notes or explanations.<|eot_id|><|start_header_id|>user<|end_header_id|>

INSTRUCTION: Simplify the following text such that its Automated Readability Index (ARI) score is approximately equal to that specified in the control token prepended to your generated simplification. The control token has the following format: <METRIC=VALUE>. The control token prepended to the source text indicates the ARI value of the source text. 
SOURCE TEXT: <ARI=14.0> Today , most codeine is synthesized from morphine through the process of O-methylation .

EXPLANATION: The <ARI=10.5> token specifies that the target Automated Readability Index (ARI) score should be approximately 10.5. Lower values indicate simpler text.<|eot_id|><|start_header_id|>assistant<|end_header_id|>

<ARI=10.5><|eot_id|>
>>> Reference:
Now , most codeine is made from morphine through the process of O-methylation . <|eot_id|>
>>> Prediction:
It is also synthesized from morphine. 
================================================================================

>>> [Step 60] Prompt:
<|begin_of_text|><|start_header_id|>system<|end_header_id|>

Cutting Knowledge Date: December 2023
Today Date: 18 May 2025

You are a helpful expert in text simplification. You generate a simplified version of the text input by the user. You simplify the text according to the instructions given by the user. When asked to simplify a text, generate only the requested simplification, without any additional comments, notes or explanations.<|eot_id|><|start_header_id|>user<|end_header_id|>

INSTRUCTION: Simplify the following text such that its Automated Readability Index (ARI) score is approximately equal to that specified in the control token prepended to your generated simplification. The control token has the following format: <METRIC=VALUE>. The control token prepended to the source text indicates the ARI value of the source text. 
SOURCE TEXT: <ARI=16.9> Founded in 1541 by Jorge Robledo as Villa de SantafÃ on the western bank of the Cauca River , in 1545 it received the coat of arms and the title of City of Antioquia from King Philip II of Spain .

EXPLANATION: The <ARI=7.7> token specifies that the target Automated Readability Index (ARI) score should be approximately 7.7. Lower values indicate simpler text.<|eot_id|><|start_header_id|>assistant<|end_header_id|>

<ARI=7.7><|eot_id|>
>>> Reference:
It was founded by the name Villa de SantafÃ in 1541 by Jorge Robledo on the western bank of the Cauca River . It received the coat of arms and the title of City of Antioquia from King Philip II of Spain in 1545 . <|eot_id|>
>>> Prediction:
The city was founded in 1541 by Jorge Robledo as Villa de SantafÃ on the western bank of the Cauca River. 
================================================================================
{'loss': 0.9504, 'grad_norm': 12.433168411254883, 'learning_rate': 3.7500000000000005e-06, 'epoch': 1.51}
{'eval_loss': 1.053248405456543, 'eval_runtime': 1.9716, 'eval_samples_per_second': 45.648, 'eval_steps_per_second': 11.666, 'epoch': 1.51}
{'loss': 0.7983, 'grad_norm': 11.129082679748535, 'learning_rate': 2.9044549913819125e-06, 'epoch': 1.76}
{'eval_loss': 1.0471071004867554, 'eval_runtime': 1.9648, 'eval_samples_per_second': 45.807, 'eval_steps_per_second': 11.706, 'epoch': 1.76}

>>> [Step 80] Prompt:
<|begin_of_text|><|start_header_id|>system<|end_header_id|>

Cutting Knowledge Date: December 2023
Today Date: 18 May 2025

You are a helpful expert in text simplification. You generate a simplified version of the text input by the user. You simplify the text according to the instructions given by the user. When asked to simplify a text, generate only the requested simplification, without any additional comments, notes or explanations.<|eot_id|><|start_header_id|>user<|end_header_id|>

INSTRUCTION: Simplify the following text such that its Automated Readability Index (ARI) score is approximately equal to that specified in the control token prepended to your generated simplification. The control token has the following format: <METRIC=VALUE>. The control token prepended to the source text indicates the ARI value of the source text. 
SOURCE TEXT: <ARI=14.9> He also completed two collections of short stories entitled The Ribbajack & Other Curious Yarns and Seven Strange and Ghostly Tales .

EXPLANATION: The <ARI=6.6> token specifies that the target Automated Readability Index (ARI) score should be approximately 6.6. Lower values indicate simpler text.<|eot_id|><|start_header_id|>assistant<|end_header_id|>

<ARI=6.6><|eot_id|>
>>> Reference:
He also completed two collections of short storeis . The one title was The Ribbajack & Other Curious Yarns . The other one was titled as Seven Strange and Ghostly Tales . <|eot_id|>
>>> Prediction:
It also wrote two collections of short stories. The Ribbajack & Other Curious Yarns and Seven Strange and Ghostly Tales. 
================================================================================

>>> [Step 80] Prompt:
<|begin_of_text|><|start_header_id|>system<|end_header_id|>

Cutting Knowledge Date: December 2023
Today Date: 18 May 2025

You are a helpful expert in text simplification. You generate a simplified version of the text input by the user. You simplify the text according to the instructions given by the user. When asked to simplify a text, generate only the requested simplification, without any additional comments, notes or explanations.<|eot_id|><|start_header_id|>user<|end_header_id|>

INSTRUCTION: Simplify the following text such that its Automated Readability Index (ARI) score is approximately equal to that specified in the control token prepended to your generated simplification. The control token has the following format: <METRIC=VALUE>. The control token prepended to the source text indicates the ARI value of the source text. 
SOURCE TEXT: <ARI=8.6> Montloué is a commune in the Aisne department in Picardie in northern France .

EXPLANATION: The <ARI=6.3> token specifies that the target Automated Readability Index (ARI) score should be approximately 6.3. Lower values indicate simpler text.<|eot_id|><|start_header_id|>assistant<|end_header_id|>

<ARI=6.3><|eot_id|>
>>> Reference:
It is found in the region Picardie in the Aisne department in the north of France . <|eot_id|>
>>> Prediction:
We are in the region Picardie in the Aisne department in the north of France. 
================================================================================

>>> [Step 80] Prompt:
<|begin_of_text|><|start_header_id|>system<|end_header_id|>

Cutting Knowledge Date: December 2023
Today Date: 18 May 2025

You are a helpful expert in text simplification. You generate a simplified version of the text input by the user. You simplify the text according to the instructions given by the user. When asked to simplify a text, generate only the requested simplification, without any additional comments, notes or explanations.<|eot_id|><|start_header_id|>user<|end_header_id|>

INSTRUCTION: Simplify the following text such that its Automated Readability Index (ARI) score is approximately equal to that specified in the control token prepended to your generated simplification. The control token has the following format: <METRIC=VALUE>. The control token prepended to the source text indicates the ARI value of the source text. 
SOURCE TEXT: <ARI=10.7> Between 1446 and 1448 Ockeghem served Charles I , Duke of Bourbon , at his court in Moulins , now in central France .

EXPLANATION: The <ARI=9.8> token specifies that the target Automated Readability Index (ARI) score should be approximately 9.8. Lower values indicate simpler text.<|eot_id|><|start_header_id|>assistant<|end_header_id|>

<ARI=9.8><|eot_id|>
>>> Reference:
His first important job was working for Charles I , Duke of Bourbon in Moulins , -LRB- France -RRB- . <|eot_id|>
>>> Prediction:
The Duke of Bourbon was Charles I's tutor at the royal court in Moulins, in central France. 
================================================================================

>>> [Step 80] Prompt:
<|begin_of_text|><|start_header_id|>system<|end_header_id|>

Cutting Knowledge Date: December 2023
Today Date: 18 May 2025

You are a helpful expert in text simplification. You generate a simplified version of the text input by the user. You simplify the text according to the instructions given by the user. When asked to simplify a text, generate only the requested simplification, without any additional comments, notes or explanations.<|eot_id|><|start_header_id|>user<|end_header_id|>

INSTRUCTION: Simplify the following text such that its Automated Readability Index (ARI) score is approximately equal to that specified in the control token prepended to your generated simplification. The control token has the following format: <METRIC=VALUE>. The control token prepended to the source text indicates the ARI value of the source text. 
SOURCE TEXT: <ARI=14.0> Today , most codeine is synthesized from morphine through the process of O-methylation .

EXPLANATION: The <ARI=10.5> token specifies that the target Automated Readability Index (ARI) score should be approximately 10.5. Lower values indicate simpler text.<|eot_id|><|start_header_id|>assistant<|end_header_id|>

<ARI=10.5><|eot_id|>
>>> Reference:
Now , most codeine is made from morphine through the process of O-methylation . <|eot_id|>
>>> Prediction:
It is made from morphine. 
================================================================================
{'loss': 0.9171, 'grad_norm': 16.631664276123047, 'learning_rate': 2.0067416274340003e-06, 'epoch': 2.0}
{'eval_loss': 1.0510506629943848, 'eval_runtime': 1.9626, 'eval_samples_per_second': 45.857, 'eval_steps_per_second': 11.719, 'epoch': 2.0}
{'loss': 0.5908, 'grad_norm': 7.676206111907959, 'learning_rate': 1.1726508632752836e-06, 'epoch': 2.25}
{'eval_loss': 1.0607140064239502, 'eval_runtime': 1.9967, 'eval_samples_per_second': 45.075, 'eval_steps_per_second': 11.519, 'epoch': 2.25}

>>> [Step 100] Prompt:
<|begin_of_text|><|start_header_id|>system<|end_header_id|>

Cutting Knowledge Date: December 2023
Today Date: 18 May 2025

You are a helpful expert in text simplification. You generate a simplified version of the text input by the user. You simplify the text according to the instructions given by the user. When asked to simplify a text, generate only the requested simplification, without any additional comments, notes or explanations.<|eot_id|><|start_header_id|>user<|end_header_id|>

INSTRUCTION: Simplify the following text such that its Automated Readability Index (ARI) score is approximately equal to that specified in the control token prepended to your generated simplification. The control token has the following format: <METRIC=VALUE>. The control token prepended to the source text indicates the ARI value of the source text. 
SOURCE TEXT: <ARI=9.6> It is located on the west coast of the island and adjacent to Sri Jayawardenapura Kotte , the capital .

EXPLANATION: The <ARI=6.8> token specifies that the target Automated Readability Index (ARI) score should be approximately 6.8. Lower values indicate simpler text.<|eot_id|><|start_header_id|>assistant<|end_header_id|>

<ARI=6.8><|eot_id|>
>>> Reference:
It is located on the southwest coast close to the present capital city of Kotte . <|eot_id|>
>>> Prediction:
The capital is Sri Jayawardenapura Kotte. 
================================================================================

>>> [Step 100] Prompt:
<|begin_of_text|><|start_header_id|>system<|end_header_id|>

Cutting Knowledge Date: December 2023
Today Date: 18 May 2025

You are a helpful expert in text simplification. You generate a simplified version of the text input by the user. You simplify the text according to the instructions given by the user. When asked to simplify a text, generate only the requested simplification, without any additional comments, notes or explanations.<|eot_id|><|start_header_id|>user<|end_header_id|>

INSTRUCTION: Simplify the following text such that its Automated Readability Index (ARI) score is approximately equal to that specified in the control token prepended to your generated simplification. The control token has the following format: <METRIC=VALUE>. The control token prepended to the source text indicates the ARI value of the source text. 
SOURCE TEXT: <ARI=12.5> The Philippines is divided into three island groups : Luzon , Visayas , and Mindanao .

EXPLANATION: The <ARI=8.5> token specifies that the target Automated Readability Index (ARI) score should be approximately 8.5. Lower values indicate simpler text.<|eot_id|><|start_header_id|>assistant<|end_header_id|>

<ARI=8.5><|eot_id|>
>>> Reference:
The islands are in three groups : Luzon , Visayas , and Mindanao . <|eot_id|>
>>> Prediction:
The Philippines is an archipelago in Southeast Asia. 
================================================================================

>>> [Step 100] Prompt:
<|begin_of_text|><|start_header_id|>system<|end_header_id|>

Cutting Knowledge Date: December 2023
Today Date: 18 May 2025

You are a helpful expert in text simplification. You generate a simplified version of the text input by the user. You simplify the text according to the instructions given by the user. When asked to simplify a text, generate only the requested simplification, without any additional comments, notes or explanations.<|eot_id|><|start_header_id|>user<|end_header_id|>

INSTRUCTION: Simplify the following text such that its Automated Readability Index (ARI) score is approximately equal to that specified in the control token prepended to your generated simplification. The control token has the following format: <METRIC=VALUE>. The control token prepended to the source text indicates the ARI value of the source text. 
SOURCE TEXT: <ARI=17.6> Medellín is a village in the province of Badajoz , Extremadura , Spain , notable as the birthplace of Hernán Cortés in 1485 and the site of the Battle of Medellín , during the Peninsular War .

EXPLANATION: The <ARI=9.3> token specifies that the target Automated Readability Index (ARI) score should be approximately 9.3. Lower values indicate simpler text.<|eot_id|><|start_header_id|>assistant<|end_header_id|>

<ARI=9.3><|eot_id|>
>>> Reference:
Medellín is a village in the province of Badajoz , Extremadura , Spain . It is notable as the birthplace of Hernán Cortés in 1485 and the site of the Battle of Medellín , during the Peninsular War . <|eot_id|>
>>> Prediction:
The village of Medellín is in the province of Badajoz, Extremadura, Spain. 
================================================================================

>>> [Step 100] Prompt:
<|begin_of_text|><|start_header_id|>system<|end_header_id|>

Cutting Knowledge Date: December 2023
Today Date: 18 May 2025

You are a helpful expert in text simplification. You generate a simplified version of the text input by the user. You simplify the text according to the instructions given by the user. When asked to simplify a text, generate only the requested simplification, without any additional comments, notes or explanations.<|eot_id|><|start_header_id|>user<|end_header_id|>

INSTRUCTION: Simplify the following text such that its Automated Readability Index (ARI) score is approximately equal to that specified in the control token prepended to your generated simplification. The control token has the following format: <METRIC=VALUE>. The control token prepended to the source text indicates the ARI value of the source text. 
SOURCE TEXT: <ARI=20.3> One side of the armed conflicts is composed mainly of the Sudanese military and the Janjaweed , a Sudanese militia group recruited mostly from the Afro-Arab Abbala tribes of the northern Rizeigat region in Sudan .

EXPLANATION: The <ARI=17.7> token specifies that the target Automated Readability Index (ARI) score should be approximately 17.7. Lower values indicate simpler text.<|eot_id|><|start_header_id|>assistant<|end_header_id|>

<ARI=17.7><|eot_id|>
>>> Reference:
One side of the armed conflicts is made of Sudanese military and the Janjaweed , a Sudanese militia recruited from the Afro-Arab Abbala tribes of the northern Rizeigat region in Sudan . <|eot_id|>
>>> Prediction:
The other side is made up mainly of the Sudanese military and the Janjaweed, a Sudanese militia group that is mostly made up of the Afro-Arab Abbala tribes of the northern Rizeigat region in Sudan. 
================================================================================
{'loss': 0.5651, 'grad_norm': 8.321977615356445, 'learning_rate': 5.097673357358906e-07, 'epoch': 2.51}
{'eval_loss': 1.0874494314193726, 'eval_runtime': 2.0148, 'eval_samples_per_second': 44.668, 'eval_steps_per_second': 11.415, 'epoch': 2.51}
{'train_runtime': 348.4487, 'train_samples_per_second': 5.407, 'train_steps_per_second': 0.336, 'train_loss': 1.187181944847107, 'epoch': 2.51}
Evaluation results: {'eval_loss': 1.0471071004867554, 'eval_runtime': 1.994, 'eval_samples_per_second': 45.136, 'eval_steps_per_second': 11.535, 'epoch': 2.5095541401273884}
*** Finetuning meta-llama/Llama-3.2-1B-Instruct with WikiLarge_ori_splitwise_hq and FKGL ***
torch.cuda.is_bf16_supported: True
Transformers version: 4.51.0
Python path: /home/hhubar/data/conda/envs/sft/bin/python
Not using PEFT...

Run arguments:
Namespace(model_class='llama', model_family='base', model_name='meta-llama/Llama-3.2-1B-Instruct', dataset_name='WikiLarge_ori_splitwise_hq', slice_train=-1, slice_val=-1, batch_size=4, eval_batch_size=4, gradient_accumulation_steps=4, learning_rate=5e-06, weight_decay=0.01, warmup_steps=30, max_grad_norm=0.5, epochs=3, max_length=512, logging_steps=10, wandb_project_name='ATS_with_control_tokens', wandb_entity='shtosti', generate_every=20, seed=42, patience=3, prompting_type='vanilla', user_prompt_id='token_explanation', metric_name='FKGL', control_tokens='data/prompts/control_tokens.json', system_prompts='data/prompts/system_prompts.json', user_prompts='data/prompts/user_prompts.json', metric_mapping='data/metric_mapping.json', peft=False, lora_r=8, lora_dropout=0.1)

Saving to: ./models/Llama-3.2-1B-Instruct-WikiLarge_ori_splitwise_hq-FKGL-token_explanation-20250518-175250

*** Finetuning Llama-3.2-1B-Instruct with WikiLarge_ori_splitwise_hq ***

CUDA available: True
Number of GPUs: 1
GPU name: NVIDIA A100-SXM4-80GB
Model embedding size BEFORE resizing: 128256
Model embedding size AFTER resizing: 128257
--- DEBUG ---
trainable params:
Trainable params: 1,235,816,448 / 1,235,816,448 (100.00%)
--- tokenizer pad_token_id: 128256
--- tokenizer eos_token_id: 128009
--- special tokens:
train:	 Inspect the dataset format:
 {'global_id': ['wikilarge_ori_142489'], 'source_text': ["The term '' Klee Kai '' was derived from Alaskan Athabaskan words meaning '' small dog '' .\n"], 'source_metrics': [{'FRE': 83.66, 'ARI': 11.9, 'FKGL': 4.8, 'Dale-Chall': 14.0, 'char_count': 92, 'alphanum_count': 65, 'word_count': 18, 'sentence_count': 1}], 'metadata': [{'dataset': 'wikilarge_ori', 'experiment_split': '', 'domain': 'general', 'language': 'en', 'annotation': 'automatic', 'level': 'sentence'}], 'simplification_text': ['The Alaskan Klee Kai is a northern breed of dog of spitz type .\n'], 'target_metrics': [{'FRE': 92.12, 'ARI': 3.2, 'FKGL': 3.6, 'Dale-Chall': 11.57, 'char_count': 64, 'alphanum_count': 49, 'word_count': 14, 'sentence_count': 1, 'char_compression_rate': 0.7, 'word_compression_rate': 0.78, 'sentence_compression_rate': 1.0, 'BLEU': 5.617199498008724, 'BERTScore': 0.8639014363288879}], 'simplification_version': [1], 'grade_level': [-1], 'simplification_dimensions': [{'linguistic': {'lexical': False, 'syntactic': False}}]}
validation:	 Inspect the dataset format:
 {'global_id': ['wikilarge_ori_154025'], 'source_text': ['All the Greatest Hits is an album from British band McFly .\n'], 'source_metrics': [{'FRE': 77.23, 'ARI': 4.6, 'FKGL': 5.2, 'Dale-Chall': 11.36, 'char_count': 60, 'alphanum_count': 47, 'word_count': 12, 'sentence_count': 1}], 'metadata': [{'dataset': 'wikilarge_ori', 'experiment_split': '', 'domain': 'general', 'language': 'en', 'annotation': 'automatic', 'level': 'sentence'}], 'simplification_text': ['All the Greatest Hits is an album from the band McFly .\n'], 'target_metrics': [{'FRE': 85.69, 'ARI': 2.9, 'FKGL': 4.0, 'Dale-Chall': 9.92, 'char_count': 56, 'alphanum_count': 43, 'word_count': 12, 'sentence_count': 1, 'char_compression_rate': 0.93, 'word_compression_rate': 1.0, 'sentence_compression_rate': 1.0, 'BLEU': 73.48889200874659, 'BERTScore': 0.9892229437828064}], 'simplification_version': [1], 'grade_level': [-1], 'simplification_dimensions': [{'linguistic': {'lexical': False, 'syntactic': False}}]}


 *** Before tokenization ***
>>> train:

Showing 1 example(s):

Example 1 (index 114)
--- Prompt:
 <|begin_of_text|><|start_header_id|>system<|end_header_id|>

Cutting Knowledge Date: December 2023
Today Date: 18 May 2025

You are a helpful expert in text simplification. You generate a simplified version of the text input by the user. You simplify the text according to the instructions given by the user. When asked to simplify a text, generate only the requested simplification, without any additional comments, notes or explanations.<|eot_id|><|start_header_id|>user<|end_header_id|>

INSTRUCTION: Simplify the following text such that its Flesch-Kincaid Grade Level (FKGL) score is approximately equal to that specified in the control token prepended to your generated simplification. The control token has the following format: <METRIC=VALUE>. The control token prepended to the source text indicates the FKGL value of the source text. 
SOURCE TEXT: <FKGL=9.1> Greener individuals have a whitish vein in the center of the hind wing and a bright yellow fore wing basal patch .

EXPLANATION: The <FKGL=5.2> token specifies that the target Flesch-Kincaid Grade Level should be approximately 5.2. Lower values indicate simpler text.<|eot_id|><|start_header_id|>assistant<|end_header_id|>

<FKGL=5.2><|eot_id|>
--- Completion:
 Greener individuals have a whitish vein in the center of the hind wing . The fore wing has a bright yellow basal patch . <|eot_id|>
==================================================


 *** After tokenization ***
>>> train:

Showing 1 example(s):

Example 1 (index 25)
--- Prompt:
 <|begin_of_text|><|start_header_id|>system<|end_header_id|>

Cutting Knowledge Date: December 2023
Today Date: 18 May 2025

You are a helpful expert in text simplification. You generate a simplified version of the text input by the user. You simplify the text according to the instructions given by the user. When asked to simplify a text, generate only the requested simplification, without any additional comments, notes or explanations.<|eot_id|><|start_header_id|>user<|end_header_id|>

INSTRUCTION: Simplify the following text such that its Flesch-Kincaid Grade Level (FKGL) score is approximately equal to that specified in the control token prepended to your generated simplification. The control token has the following format: <METRIC=VALUE>. The control token prepended to the source text indicates the FKGL value of the source text. 
SOURCE TEXT: <FKGL=6.8> Gummo was not in any of the movies ; Zeppo appeared only in the first five .

EXPLANATION: The <FKGL=4.4> token specifies that the target Flesch-Kincaid Grade Level should be approximately 4.4. Lower values indicate simpler text.<|eot_id|><|start_header_id|>assistant<|end_header_id|>

<FKGL=4.4><|eot_id|>
--- Completion:
 Gummo did not appear in any of the movies . <|eot_id|>
--- input_ids:
 [128000, 128000, 128006, 9125, 128007, 271, 38766, 1303, 33025, 2696, 25, 6790, 220, 2366, 18, 198, 15724, 2696, 25, 220, 972, 3297, 220, 2366, 20, 271, 2675, 527, 264, 11190, 6335, 304, 1495, 15858, 2461, 13, 1472, 7068, 264, 44899, 2373, 315, 279, 1495, 1988, 555, 279, 1217, 13, 1472, 40821, 279, 1495, 4184, 311, 279, 11470, 2728, 555, 279, 1217, 13, 3277, 4691, 311, 40821, 264, 1495, 11, 7068, 1193, 279, 11472, 15858, 2461, 11, 2085, 904, 5217, 6170, 11, 8554, 477, 41941, 13, 128009, 128006, 882, 128007, 271, 691, 58555, 25, 62342, 1463, 279, 2768, 1495, 1778, 430, 1202, 435, 645, 331, 16222, 258, 936, 307, 24749, 9580, 320, 28096, 3910, 8, 5573, 374, 13489, 6273, 311, 430, 5300, 304, 279, 2585, 4037, 22033, 2954, 311, 701, 8066, 15858, 2461, 13, 578, 2585, 4037, 706, 279, 2768, 3645, 25, 366, 45975, 37078, 28, 24771, 14611, 578, 2585, 4037, 22033, 2954, 311, 279, 2592, 1495, 15151, 279, 85346, 3910, 907, 315, 279, 2592, 1495, 13, 720, 44098, 16139, 25, 366, 28096, 3910, 28, 21, 13, 23, 29, 75589, 6489, 574, 539, 304, 904, 315, 279, 9698, 2652, 10120, 40580, 9922, 1193, 304, 279, 1176, 4330, 6905, 3337, 95179, 3579, 25, 578, 366, 28096, 3910, 28, 19, 13, 19, 29, 4037, 30202, 430, 279, 2218, 435, 645, 331, 16222, 258, 936, 307, 24749, 9580, 1288, 387, 13489, 220, 19, 13, 19, 13, 28636, 2819, 13519, 35388, 1495, 13, 128009, 128006, 78191, 128007, 271, 27, 28096, 3910, 28, 19, 13, 19, 29, 128009, 128000, 38, 372, 6489, 1550, 539, 5101, 304, 904, 315, 279, 9698, 662, 220, 128009, 128256, 128256, 128256, 128256, 128256, 128256, 128256, 128256, 128256, 128256, 128256, 128256, 128256, 128256, 128256, 128256, 128256, 128256, 128256, 128256, 128256, 128256, 128256, 128256, 128256, 128256, 128256, 128256, 128256, 128256, 128256, 128256, 128256, 128256, 128256, 128256, 128256, 128256, 128256, 128256, 128256, 128256, 128256, 128256, 128256, 128256, 128256, 128256, 128256, 128256, 128256, 128256, 128256, 128256, 128256, 128256, 128256, 128256, 128256, 128256, 128256, 128256, 128256, 128256, 128256, 128256, 128256, 128256, 128256, 128256, 128256, 128256, 128256, 128256, 128256, 128256, 128256, 128256, 128256, 128256, 128256, 128256, 128256, 128256, 128256, 128256, 128256, 128256, 128256, 128256, 128256, 128256, 128256, 128256, 128256, 128256, 128256, 128256, 128256, 128256, 128256, 128256, 128256, 128256, 128256, 128256, 128256, 128256, 128256, 128256, 128256, 128256, 128256, 128256, 128256, 128256, 128256, 128256, 128256, 128256, 128256, 128256, 128256, 128256, 128256, 128256, 128256, 128256, 128256, 128256, 128256, 128256, 128256, 128256, 128256, 128256, 128256, 128256, 128256, 128256, 128256, 128256, 128256, 128256, 128256, 128256, 128256, 128256, 128256, 128256, 128256, 128256, 128256, 128256, 128256, 128256, 128256, 128256, 128256, 128256, 128256, 128256, 128256, 128256, 128256, 128256, 128256, 128256, 128256, 128256, 128256, 128256, 128256, 128256, 128256, 128256, 128256, 128256, 128256, 128256, 128256, 128256, 128256, 128256, 128256, 128256, 128256, 128256, 128256, 128256, 128256, 128256, 128256, 128256, 128256, 128256, 128256, 128256, 128256, 128256, 128256, 128256, 128256, 128256, 128256, 128256, 128256, 128256, 128256, 128256, 128256, 128256, 128256, 128256, 128256, 128256, 128256, 128256, 128256, 128256, 128256, 128256, 128256, 128256, 128256, 128256, 128256, 128256, 128256, 128256, 128256, 128256, 128256, 128256, 128256, 128256, 128256, 128256, 128256, 128256, 128256, 128256, 128256, 128256, 128256]
--- labels:
 [-100, -100, -100, -100, -100, -100, -100, -100, -100, -100, -100, -100, -100, -100, -100, -100, -100, -100, -100, -100, -100, -100, -100, -100, -100, -100, -100, -100, -100, -100, -100, -100, -100, -100, -100, -100, -100, -100, -100, -100, -100, -100, -100, -100, -100, -100, -100, -100, -100, -100, -100, -100, -100, -100, -100, -100, -100, -100, -100, -100, -100, -100, -100, -100, -100, -100, -100, -100, -100, -100, -100, -100, -100, -100, -100, -100, -100, -100, -100, -100, -100, -100, -100, -100, -100, -100, -100, -100, -100, -100, -100, -100, -100, -100, -100, -100, -100, -100, -100, -100, -100, -100, -100, -100, -100, -100, -100, -100, -100, -100, -100, -100, -100, -100, -100, -100, -100, -100, -100, -100, -100, -100, -100, -100, -100, -100, -100, -100, -100, -100, -100, -100, -100, -100, -100, -100, -100, -100, -100, -100, -100, -100, -100, -100, -100, -100, -100, -100, -100, -100, -100, -100, -100, -100, -100, -100, -100, -100, -100, -100, -100, -100, -100, -100, -100, -100, -100, -100, -100, -100, -100, -100, -100, -100, -100, -100, -100, -100, -100, -100, -100, -100, -100, -100, -100, -100, -100, -100, -100, -100, -100, -100, -100, -100, -100, -100, -100, -100, -100, -100, -100, -100, -100, -100, -100, -100, -100, -100, -100, -100, -100, -100, -100, -100, -100, -100, -100, -100, -100, -100, -100, -100, -100, -100, -100, -100, -100, -100, -100, -100, -100, -100, -100, -100, -100, -100, -100, -100, -100, -100, -100, -100, -100, -100, -100, -100, -100, -100, -100, -100, -100, -100, 128000, 38, 372, 6489, 1550, 539, 5101, 304, 904, 315, 279, 9698, 662, 220, 128009, -100, -100, -100, -100, -100, -100, -100, -100, -100, -100, -100, -100, -100, -100, -100, -100, -100, -100, -100, -100, -100, -100, -100, -100, -100, -100, -100, -100, -100, -100, -100, -100, -100, -100, -100, -100, -100, -100, -100, -100, -100, -100, -100, -100, -100, -100, -100, -100, -100, -100, -100, -100, -100, -100, -100, -100, -100, -100, -100, -100, -100, -100, -100, -100, -100, -100, -100, -100, -100, -100, -100, -100, -100, -100, -100, -100, -100, -100, -100, -100, -100, -100, -100, -100, -100, -100, -100, -100, -100, -100, -100, -100, -100, -100, -100, -100, -100, -100, -100, -100, -100, -100, -100, -100, -100, -100, -100, -100, -100, -100, -100, -100, -100, -100, -100, -100, -100, -100, -100, -100, -100, -100, -100, -100, -100, -100, -100, -100, -100, -100, -100, -100, -100, -100, -100, -100, -100, -100, -100, -100, -100, -100, -100, -100, -100, -100, -100, -100, -100, -100, -100, -100, -100, -100, -100, -100, -100, -100, -100, -100, -100, -100, -100, -100, -100, -100, -100, -100, -100, -100, -100, -100, -100, -100, -100, -100, -100, -100, -100, -100, -100, -100, -100, -100, -100, -100, -100, -100, -100, -100, -100, -100, -100, -100, -100, -100, -100, -100, -100, -100, -100, -100, -100, -100, -100, -100, -100, -100, -100, -100, -100, -100, -100, -100, -100, -100, -100, -100, -100, -100, -100, -100, -100, -100, -100, -100, -100, -100, -100, -100, -100, -100, -100, -100, -100, -100, -100, -100, -100, -100, -100, -100, -100, -100, -100]
==================================================
********** DEBUG **********
Train dataset columns: ['global_id', 'source_text', 'source_metrics', 'metadata', 'simplification_text', 'target_metrics', 'simplification_version', 'grade_level', 'simplification_dimensions', 'prompt', 'completion', 'system_prompt_id', 'user_prompt_id', 'metric_name', 'source_metric_value', 'target_metric_value', 'input_ids', 'labels', 'attention_mask']
Validation dataset columns: ['global_id', 'source_text', 'source_metrics', 'metadata', 'simplification_text', 'target_metrics', 'simplification_version', 'grade_level', 'simplification_dimensions', 'prompt', 'completion', 'system_prompt_id', 'user_prompt_id', 'metric_name', 'source_metric_value', 'target_metric_value', 'input_ids', 'labels', 'attention_mask']
First 10 input_ids: [128000, 128000, 128006, 9125, 128007, 271, 38766, 1303, 33025, 2696]
First 10 labels: [-100, -100, -100, -100, -100, -100, -100, -100, -100, -100]

--- DEBUG: Explore first instance of the val set:
 {'global_id': 'wikilarge_ori_154025', 'source_text': 'All the Greatest Hits is an album from British band McFly .\n', 'source_metrics': {'FRE': 77.23, 'ARI': 4.6, 'FKGL': 5.2, 'Dale-Chall': 11.36, 'char_count': 60, 'alphanum_count': 47, 'word_count': 12, 'sentence_count': 1}, 'metadata': {'dataset': 'wikilarge_ori', 'experiment_split': '', 'domain': 'general', 'language': 'en', 'annotation': 'automatic', 'level': 'sentence'}, 'simplification_text': 'All the Greatest Hits is an album from the band McFly .\n', 'target_metrics': {'FRE': 85.69, 'ARI': 2.9, 'FKGL': 4.0, 'Dale-Chall': 9.92, 'char_count': 56, 'alphanum_count': 43, 'word_count': 12, 'sentence_count': 1, 'char_compression_rate': 0.93, 'word_compression_rate': 1.0, 'sentence_compression_rate': 1.0, 'BLEU': 73.48889200874659, 'BERTScore': 0.9892229437828064}, 'simplification_version': 1, 'grade_level': -1, 'simplification_dimensions': {'linguistic': {'lexical': False, 'syntactic': False}}, 'prompt': '<|begin_of_text|><|start_header_id|>system<|end_header_id|>\n\nCutting Knowledge Date: December 2023\nToday Date: 18 May 2025\n\nYou are a helpful expert in text simplification. You generate a simplified version of the text input by the user. You simplify the text according to the instructions given by the user. When asked to simplify a text, generate only the requested simplification, without any additional comments, notes or explanations.<|eot_id|><|start_header_id|>user<|end_header_id|>\n\nINSTRUCTION: Simplify the following text such that its Flesch-Kincaid Grade Level (FKGL) score is approximately equal to that specified in the control token prepended to your generated simplification. The control token has the following format: <METRIC=VALUE>. The control token prepended to the source text indicates the FKGL value of the source text. \nSOURCE TEXT: <FKGL=5.2> All the Greatest Hits is an album from British band McFly .\n\nEXPLANATION: The <FKGL=4.0> token specifies that the target Flesch-Kincaid Grade Level should be approximately 4.0. Lower values indicate simpler text.<|eot_id|><|start_header_id|>assistant<|end_header_id|>\n\n<FKGL=4.0><|eot_id|>', 'completion': 'All the Greatest Hits is an album from the band McFly . <|eot_id|>', 'system_prompt_id': 'sys_prompt_6', 'user_prompt_id': 'token_explanation', 'metric_name': 'FKGL', 'source_metric_value': 5.2, 'target_metric_value': 4.0, 'input_ids': [128000, 128000, 128006, 9125, 128007, 271, 38766, 1303, 33025, 2696, 25, 6790, 220, 2366, 18, 198, 15724, 2696, 25, 220, 972, 3297, 220, 2366, 20, 271, 2675, 527, 264, 11190, 6335, 304, 1495, 15858, 2461, 13, 1472, 7068, 264, 44899, 2373, 315, 279, 1495, 1988, 555, 279, 1217, 13, 1472, 40821, 279, 1495, 4184, 311, 279, 11470, 2728, 555, 279, 1217, 13, 3277, 4691, 311, 40821, 264, 1495, 11, 7068, 1193, 279, 11472, 15858, 2461, 11, 2085, 904, 5217, 6170, 11, 8554, 477, 41941, 13, 128009, 128006, 882, 128007, 271, 691, 58555, 25, 62342, 1463, 279, 2768, 1495, 1778, 430, 1202, 435, 645, 331, 16222, 258, 936, 307, 24749, 9580, 320, 28096, 3910, 8, 5573, 374, 13489, 6273, 311, 430, 5300, 304, 279, 2585, 4037, 22033, 2954, 311, 701, 8066, 15858, 2461, 13, 578, 2585, 4037, 706, 279, 2768, 3645, 25, 366, 45975, 37078, 28, 24771, 14611, 578, 2585, 4037, 22033, 2954, 311, 279, 2592, 1495, 15151, 279, 85346, 3910, 907, 315, 279, 2592, 1495, 13, 720, 44098, 16139, 25, 366, 28096, 3910, 28, 20, 13, 17, 29, 2052, 279, 62912, 54751, 374, 459, 8176, 505, 8013, 7200, 4584, 54100, 6905, 3337, 95179, 3579, 25, 578, 366, 28096, 3910, 28, 19, 13, 15, 29, 4037, 30202, 430, 279, 2218, 435, 645, 331, 16222, 258, 936, 307, 24749, 9580, 1288, 387, 13489, 220, 19, 13, 15, 13, 28636, 2819, 13519, 35388, 1495, 13, 128009, 128006, 78191, 128007, 271, 27, 28096, 3910, 28, 19, 13, 15, 29, 128009, 128000, 2460, 279, 62912, 54751, 374, 459, 8176, 505, 279, 7200, 4584, 54100, 662, 220, 128009, 128256, 128256, 128256, 128256, 128256, 128256, 128256, 128256, 128256, 128256, 128256, 128256, 128256, 128256, 128256, 128256, 128256, 128256, 128256, 128256, 128256, 128256, 128256, 128256, 128256, 128256, 128256, 128256, 128256, 128256, 128256, 128256, 128256, 128256, 128256, 128256, 128256, 128256, 128256, 128256, 128256, 128256, 128256, 128256, 128256, 128256, 128256, 128256, 128256, 128256, 128256, 128256, 128256, 128256, 128256, 128256, 128256, 128256, 128256, 128256, 128256, 128256, 128256, 128256, 128256, 128256, 128256, 128256, 128256, 128256, 128256, 128256, 128256, 128256, 128256, 128256, 128256, 128256, 128256, 128256, 128256, 128256, 128256, 128256, 128256, 128256, 128256, 128256, 128256, 128256, 128256, 128256, 128256, 128256, 128256, 128256, 128256, 128256, 128256, 128256, 128256, 128256, 128256, 128256, 128256, 128256, 128256, 128256, 128256, 128256, 128256, 128256, 128256, 128256, 128256, 128256, 128256, 128256, 128256, 128256, 128256, 128256, 128256, 128256, 128256, 128256, 128256, 128256, 128256, 128256, 128256, 128256, 128256, 128256, 128256, 128256, 128256, 128256, 128256, 128256, 128256, 128256, 128256, 128256, 128256, 128256, 128256, 128256, 128256, 128256, 128256, 128256, 128256, 128256, 128256, 128256, 128256, 128256, 128256, 128256, 128256, 128256, 128256, 128256, 128256, 128256, 128256, 128256, 128256, 128256, 128256, 128256, 128256, 128256, 128256, 128256, 128256, 128256, 128256, 128256, 128256, 128256, 128256, 128256, 128256, 128256, 128256, 128256, 128256, 128256, 128256, 128256, 128256, 128256, 128256, 128256, 128256, 128256, 128256, 128256, 128256, 128256, 128256, 128256, 128256, 128256, 128256, 128256, 128256, 128256, 128256, 128256, 128256, 128256, 128256, 128256, 128256, 128256, 128256, 128256, 128256, 128256, 128256, 128256, 128256, 128256, 128256, 128256, 128256, 128256, 128256, 128256, 128256, 128256, 128256, 128256, 128256, 128256, 128256, 128256, 128256, 128256, 128256, 128256, 128256, 128256, 128256, 128256, 128256, 128256], 'labels': [-100, -100, -100, -100, -100, -100, -100, -100, -100, -100, -100, -100, -100, -100, -100, -100, -100, -100, -100, -100, -100, -100, -100, -100, -100, -100, -100, -100, -100, -100, -100, -100, -100, -100, -100, -100, -100, -100, -100, -100, -100, -100, -100, -100, -100, -100, -100, -100, -100, -100, -100, -100, -100, -100, -100, -100, -100, -100, -100, -100, -100, -100, -100, -100, -100, -100, -100, -100, -100, -100, -100, -100, -100, -100, -100, -100, -100, -100, -100, -100, -100, -100, -100, -100, -100, -100, -100, -100, -100, -100, -100, -100, -100, -100, -100, -100, -100, -100, -100, -100, -100, -100, -100, -100, -100, -100, -100, -100, -100, -100, -100, -100, -100, -100, -100, -100, -100, -100, -100, -100, -100, -100, -100, -100, -100, -100, -100, -100, -100, -100, -100, -100, -100, -100, -100, -100, -100, -100, -100, -100, -100, -100, -100, -100, -100, -100, -100, -100, -100, -100, -100, -100, -100, -100, -100, -100, -100, -100, -100, -100, -100, -100, -100, -100, -100, -100, -100, -100, -100, -100, -100, -100, -100, -100, -100, -100, -100, -100, -100, -100, -100, -100, -100, -100, -100, -100, -100, -100, -100, -100, -100, -100, -100, -100, -100, -100, -100, -100, -100, -100, -100, -100, -100, -100, -100, -100, -100, -100, -100, -100, -100, -100, -100, -100, -100, -100, -100, -100, -100, -100, -100, -100, -100, -100, -100, -100, -100, -100, -100, -100, -100, -100, -100, -100, -100, -100, -100, -100, -100, -100, -100, -100, -100, -100, -100, -100, 128000, 2460, 279, 62912, 54751, 374, 459, 8176, 505, 279, 7200, 4584, 54100, 662, 220, 128009, -100, -100, -100, -100, -100, -100, -100, -100, -100, -100, -100, -100, -100, -100, -100, -100, -100, -100, -100, -100, -100, -100, -100, -100, -100, -100, -100, -100, -100, -100, -100, -100, -100, -100, -100, -100, -100, -100, -100, -100, -100, -100, -100, -100, -100, -100, -100, -100, -100, -100, -100, -100, -100, -100, -100, -100, -100, -100, -100, -100, -100, -100, -100, -100, -100, -100, -100, -100, -100, -100, -100, -100, -100, -100, -100, -100, -100, -100, -100, -100, -100, -100, -100, -100, -100, -100, -100, -100, -100, -100, -100, -100, -100, -100, -100, -100, -100, -100, -100, -100, -100, -100, -100, -100, -100, -100, -100, -100, -100, -100, -100, -100, -100, -100, -100, -100, -100, -100, -100, -100, -100, -100, -100, -100, -100, -100, -100, -100, -100, -100, -100, -100, -100, -100, -100, -100, -100, -100, -100, -100, -100, -100, -100, -100, -100, -100, -100, -100, -100, -100, -100, -100, -100, -100, -100, -100, -100, -100, -100, -100, -100, -100, -100, -100, -100, -100, -100, -100, -100, -100, -100, -100, -100, -100, -100, -100, -100, -100, -100, -100, -100, -100, -100, -100, -100, -100, -100, -100, -100, -100, -100, -100, -100, -100, -100, -100, -100, -100, -100, -100, -100, -100, -100, -100, -100, -100, -100, -100, -100, -100, -100, -100, -100, -100, -100, -100, -100, -100, -100, -100, -100, -100, -100, -100, -100, -100, -100, -100, -100, -100, -100, -100, -100, -100, -100, -100, -100, -100, -100, -100, -100, -100, -100, -100, -100, -100, -100, -100, -100, -100], 'attention_mask': [1, 1, 1, 1, 1, 1, 1, 1, 1, 1, 1, 1, 1, 1, 1, 1, 1, 1, 1, 1, 1, 1, 1, 1, 1, 1, 1, 1, 1, 1, 1, 1, 1, 1, 1, 1, 1, 1, 1, 1, 1, 1, 1, 1, 1, 1, 1, 1, 1, 1, 1, 1, 1, 1, 1, 1, 1, 1, 1, 1, 1, 1, 1, 1, 1, 1, 1, 1, 1, 1, 1, 1, 1, 1, 1, 1, 1, 1, 1, 1, 1, 1, 1, 1, 1, 1, 1, 1, 1, 1, 1, 1, 1, 1, 1, 1, 1, 1, 1, 1, 1, 1, 1, 1, 1, 1, 1, 1, 1, 1, 1, 1, 1, 1, 1, 1, 1, 1, 1, 1, 1, 1, 1, 1, 1, 1, 1, 1, 1, 1, 1, 1, 1, 1, 1, 1, 1, 1, 1, 1, 1, 1, 1, 1, 1, 1, 1, 1, 1, 1, 1, 1, 1, 1, 1, 1, 1, 1, 1, 1, 1, 1, 1, 1, 1, 1, 1, 1, 1, 1, 1, 1, 1, 1, 1, 1, 1, 1, 1, 1, 1, 1, 1, 1, 1, 1, 1, 1, 1, 1, 1, 1, 1, 1, 1, 1, 1, 1, 1, 1, 1, 1, 1, 1, 1, 1, 1, 1, 1, 1, 1, 1, 1, 1, 1, 1, 1, 1, 1, 1, 1, 1, 1, 1, 1, 1, 1, 1, 1, 1, 1, 1, 1, 1, 1, 1, 1, 1, 1, 1, 1, 1, 1, 1, 1, 1, 1, 1, 1, 1, 1, 1, 1, 1, 1, 1, 1, 1, 1, 1, 1, 1, 0, 0, 0, 0, 0, 0, 0, 0, 0, 0, 0, 0, 0, 0, 0, 0, 0, 0, 0, 0, 0, 0, 0, 0, 0, 0, 0, 0, 0, 0, 0, 0, 0, 0, 0, 0, 0, 0, 0, 0, 0, 0, 0, 0, 0, 0, 0, 0, 0, 0, 0, 0, 0, 0, 0, 0, 0, 0, 0, 0, 0, 0, 0, 0, 0, 0, 0, 0, 0, 0, 0, 0, 0, 0, 0, 0, 0, 0, 0, 0, 0, 0, 0, 0, 0, 0, 0, 0, 0, 0, 0, 0, 0, 0, 0, 0, 0, 0, 0, 0, 0, 0, 0, 0, 0, 0, 0, 0, 0, 0, 0, 0, 0, 0, 0, 0, 0, 0, 0, 0, 0, 0, 0, 0, 0, 0, 0, 0, 0, 0, 0, 0, 0, 0, 0, 0, 0, 0, 0, 0, 0, 0, 0, 0, 0, 0, 0, 0, 0, 0, 0, 0, 0, 0, 0, 0, 0, 0, 0, 0, 0, 0, 0, 0, 0, 0, 0, 0, 0, 0, 0, 0, 0, 0, 0, 0, 0, 0, 0, 0, 0, 0, 0, 0, 0, 0, 0, 0, 0, 0, 0, 0, 0, 0, 0, 0, 0, 0, 0, 0, 0, 0, 0, 0, 0, 0, 0, 0, 0, 0, 0, 0, 0, 0, 0, 0, 0, 0, 0, 0, 0, 0, 0, 0, 0, 0, 0, 0, 0, 0, 0, 0, 0, 0, 0, 0, 0, 0, 0, 0, 0, 0, 0, 0, 0, 0, 0, 0, 0, 0]}
type of input_ids: <class 'list'>
type of labels: <class 'list'>

--- DEBUG: Tokenized fields ---
--- Tokenizer vocab size: 128000
--- input_ids: [128000, 128000, 128006, 9125, 128007, 271, 38766, 1303, 33025, 2696, 25, 6790, 220, 2366, 18, 198, 15724, 2696, 25, 220, 972, 3297, 220, 2366, 20, 271, 2675, 527, 264, 11190, 6335, 304, 1495, 15858, 2461, 13, 1472, 7068, 264, 44899, 2373, 315, 279, 1495, 1988, 555, 279, 1217, 13, 1472, 40821, 279, 1495, 4184, 311, 279, 11470, 2728, 555, 279, 1217, 13, 3277, 4691, 311, 40821, 264, 1495, 11, 7068, 1193, 279, 11472, 15858, 2461, 11, 2085, 904, 5217, 6170, 11, 8554, 477, 41941, 13, 128009, 128006, 882, 128007, 271, 691, 58555, 25, 62342, 1463, 279, 2768, 1495, 1778, 430, 1202, 435, 645, 331, 16222, 258, 936, 307, 24749, 9580, 320, 28096, 3910, 8, 5573, 374, 13489, 6273, 311, 430, 5300, 304, 279, 2585, 4037, 22033, 2954, 311, 701, 8066, 15858, 2461, 13, 578, 2585, 4037, 706, 279, 2768, 3645, 25, 366, 45975, 37078, 28, 24771, 14611, 578, 2585, 4037, 22033, 2954, 311, 279, 2592, 1495, 15151, 279, 85346, 3910, 907, 315, 279, 2592, 1495, 13, 720, 44098, 16139, 25, 366, 28096, 3910, 28, 19, 13, 23, 29, 578, 4751, 3436, 735, 8669, 51710, 3436, 574, 14592, 505, 1708, 79451, 20277, 370, 79451, 4339, 7438, 3436, 2678, 5679, 3436, 6905, 3337, 95179, 3579, 25, 578, 366, 28096, 3910, 28, 18, 13, 21, 29, 4037, 30202, 430, 279, 2218, 435, 645, 331, 16222, 258, 936, 307, 24749, 9580, 1288, 387, 13489, 220, 18, 13, 21, 13, 28636, 2819, 13519, 35388, 1495, 13, 128009, 128006, 78191, 128007, 271, 27, 28096, 3910, 28, 18, 13, 21, 29, 128009, 128000, 791, 1708, 79451, 735, 8669, 51710, 374, 264, 18671, 28875, 315, 5679, 315, 993, 11289, 955, 662, 220, 128009, 128256, 128256, 128256, 128256, 128256, 128256, 128256, 128256, 128256, 128256, 128256, 128256, 128256, 128256, 128256, 128256, 128256, 128256, 128256, 128256, 128256, 128256, 128256, 128256, 128256, 128256, 128256, 128256, 128256, 128256, 128256, 128256, 128256, 128256, 128256, 128256, 128256, 128256, 128256, 128256, 128256, 128256, 128256, 128256, 128256, 128256, 128256, 128256, 128256, 128256, 128256, 128256, 128256, 128256, 128256, 128256, 128256, 128256, 128256, 128256, 128256, 128256, 128256, 128256, 128256, 128256, 128256, 128256, 128256, 128256, 128256, 128256, 128256, 128256, 128256, 128256, 128256, 128256, 128256, 128256, 128256, 128256, 128256, 128256, 128256, 128256, 128256, 128256, 128256, 128256, 128256, 128256, 128256, 128256, 128256, 128256, 128256, 128256, 128256, 128256, 128256, 128256, 128256, 128256, 128256, 128256, 128256, 128256, 128256, 128256, 128256, 128256, 128256, 128256, 128256, 128256, 128256, 128256, 128256, 128256, 128256, 128256, 128256, 128256, 128256, 128256, 128256, 128256, 128256, 128256, 128256, 128256, 128256, 128256, 128256, 128256, 128256, 128256, 128256, 128256, 128256, 128256, 128256, 128256, 128256, 128256, 128256, 128256, 128256, 128256, 128256, 128256, 128256, 128256, 128256, 128256, 128256, 128256, 128256, 128256, 128256, 128256, 128256, 128256, 128256, 128256, 128256, 128256, 128256, 128256, 128256, 128256, 128256, 128256, 128256, 128256, 128256, 128256, 128256, 128256, 128256, 128256, 128256, 128256, 128256, 128256, 128256, 128256, 128256, 128256, 128256, 128256, 128256, 128256, 128256, 128256, 128256, 128256, 128256, 128256, 128256, 128256, 128256, 128256, 128256, 128256, 128256, 128256, 128256, 128256, 128256, 128256, 128256, 128256, 128256, 128256, 128256, 128256, 128256, 128256, 128256, 128256, 128256, 128256, 128256, 128256, 128256, 128256, 128256, 128256, 128256, 128256, 128256, 128256, 128256, 128256, 128256]
--- labels: [-100, -100, -100, -100, -100, -100, -100, -100, -100, -100, -100, -100, -100, -100, -100, -100, -100, -100, -100, -100, -100, -100, -100, -100, -100, -100, -100, -100, -100, -100, -100, -100, -100, -100, -100, -100, -100, -100, -100, -100, -100, -100, -100, -100, -100, -100, -100, -100, -100, -100, -100, -100, -100, -100, -100, -100, -100, -100, -100, -100, -100, -100, -100, -100, -100, -100, -100, -100, -100, -100, -100, -100, -100, -100, -100, -100, -100, -100, -100, -100, -100, -100, -100, -100, -100, -100, -100, -100, -100, -100, -100, -100, -100, -100, -100, -100, -100, -100, -100, -100, -100, -100, -100, -100, -100, -100, -100, -100, -100, -100, -100, -100, -100, -100, -100, -100, -100, -100, -100, -100, -100, -100, -100, -100, -100, -100, -100, -100, -100, -100, -100, -100, -100, -100, -100, -100, -100, -100, -100, -100, -100, -100, -100, -100, -100, -100, -100, -100, -100, -100, -100, -100, -100, -100, -100, -100, -100, -100, -100, -100, -100, -100, -100, -100, -100, -100, -100, -100, -100, -100, -100, -100, -100, -100, -100, -100, -100, -100, -100, -100, -100, -100, -100, -100, -100, -100, -100, -100, -100, -100, -100, -100, -100, -100, -100, -100, -100, -100, -100, -100, -100, -100, -100, -100, -100, -100, -100, -100, -100, -100, -100, -100, -100, -100, -100, -100, -100, -100, -100, -100, -100, -100, -100, -100, -100, -100, -100, -100, -100, -100, -100, -100, -100, -100, -100, -100, -100, -100, -100, -100, -100, -100, -100, -100, -100, -100, -100, -100, -100, -100, -100, -100, -100, -100, -100, 128000, 791, 1708, 79451, 735, 8669, 51710, 374, 264, 18671, 28875, 315, 5679, 315, 993, 11289, 955, 662, 220, 128009, -100, -100, -100, -100, -100, -100, -100, -100, -100, -100, -100, -100, -100, -100, -100, -100, -100, -100, -100, -100, -100, -100, -100, -100, -100, -100, -100, -100, -100, -100, -100, -100, -100, -100, -100, -100, -100, -100, -100, -100, -100, -100, -100, -100, -100, -100, -100, -100, -100, -100, -100, -100, -100, -100, -100, -100, -100, -100, -100, -100, -100, -100, -100, -100, -100, -100, -100, -100, -100, -100, -100, -100, -100, -100, -100, -100, -100, -100, -100, -100, -100, -100, -100, -100, -100, -100, -100, -100, -100, -100, -100, -100, -100, -100, -100, -100, -100, -100, -100, -100, -100, -100, -100, -100, -100, -100, -100, -100, -100, -100, -100, -100, -100, -100, -100, -100, -100, -100, -100, -100, -100, -100, -100, -100, -100, -100, -100, -100, -100, -100, -100, -100, -100, -100, -100, -100, -100, -100, -100, -100, -100, -100, -100, -100, -100, -100, -100, -100, -100, -100, -100, -100, -100, -100, -100, -100, -100, -100, -100, -100, -100, -100, -100, -100, -100, -100, -100, -100, -100, -100, -100, -100, -100, -100, -100, -100, -100, -100, -100, -100, -100, -100, -100, -100, -100, -100, -100, -100, -100, -100, -100, -100, -100, -100, -100, -100, -100, -100, -100, -100, -100, -100, -100, -100, -100, -100, -100, -100, -100, -100, -100, -100, -100, -100, -100, -100, -100, -100, -100, -100, -100, -100, -100, -100, -100, -100, -100, -100, -100, -100, -100, -100, -100, -100, -100, -100, -100]
--- decoded input_ids:
 <|begin_of_text|><|begin_of_text|><|start_header_id|>system<|end_header_id|>

Cutting Knowledge Date: December 2023
Today Date: 18 May 2025

You are a helpful expert in text simplification. You generate a simplified version of the text input by the user. You simplify the text according to the instructions given by the user. When asked to simplify a text, generate only the requested simplification, without any additional comments, notes or explanations.<|eot_id|><|start_header_id|>user<|end_header_id|>

INSTRUCTION: Simplify the following text such that its Flesch-Kincaid Grade Level (FKGL) score is approximately equal to that specified in the control token prepended to your generated simplification. The control token has the following format: <METRIC=VALUE>. The control token prepended to the source text indicates the FKGL value of the source text. 
SOURCE TEXT: <FKGL=4.8> The term '' Klee Kai '' was derived from Alaskan Athabaskan words meaning '' small dog ''.

EXPLANATION: The <FKGL=3.6> token specifies that the target Flesch-Kincaid Grade Level should be approximately 3.6. Lower values indicate simpler text.<|eot_id|><|start_header_id|>assistant<|end_header_id|>

<FKGL=3.6><|eot_id|><|begin_of_text|>The Alaskan Klee Kai is a northern breed of dog of spitz type. <|eot_id|>[PAD][PAD][PAD][PAD][PAD][PAD][PAD][PAD][PAD][PAD][PAD][PAD][PAD][PAD][PAD][PAD][PAD][PAD][PAD][PAD][PAD][PAD][PAD][PAD][PAD][PAD][PAD][PAD][PAD][PAD][PAD][PAD][PAD][PAD][PAD][PAD][PAD][PAD][PAD][PAD][PAD][PAD][PAD][PAD][PAD][PAD][PAD][PAD][PAD][PAD][PAD][PAD][PAD][PAD][PAD][PAD][PAD][PAD][PAD][PAD][PAD][PAD][PAD][PAD][PAD][PAD][PAD][PAD][PAD][PAD][PAD][PAD][PAD][PAD][PAD][PAD][PAD][PAD][PAD][PAD][PAD][PAD][PAD][PAD][PAD][PAD][PAD][PAD][PAD][PAD][PAD][PAD][PAD][PAD][PAD][PAD][PAD][PAD][PAD][PAD][PAD][PAD][PAD][PAD][PAD][PAD][PAD][PAD][PAD][PAD][PAD][PAD][PAD][PAD][PAD][PAD][PAD][PAD][PAD][PAD][PAD][PAD][PAD][PAD][PAD][PAD][PAD][PAD][PAD][PAD][PAD][PAD][PAD][PAD][PAD][PAD][PAD][PAD][PAD][PAD][PAD][PAD][PAD][PAD][PAD][PAD][PAD][PAD][PAD][PAD][PAD][PAD][PAD][PAD][PAD][PAD][PAD][PAD][PAD][PAD][PAD][PAD][PAD][PAD][PAD][PAD][PAD][PAD][PAD][PAD][PAD][PAD][PAD][PAD][PAD][PAD][PAD][PAD][PAD][PAD][PAD][PAD][PAD][PAD][PAD][PAD][PAD][PAD][PAD][PAD][PAD][PAD][PAD][PAD][PAD][PAD][PAD][PAD][PAD][PAD][PAD][PAD][PAD][PAD][PAD][PAD][PAD][PAD][PAD][PAD][PAD][PAD][PAD][PAD][PAD][PAD][PAD][PAD][PAD][PAD][PAD][PAD][PAD][PAD][PAD][PAD][PAD][PAD][PAD][PAD][PAD][PAD][PAD][PAD][PAD][PAD][PAD]
--- decoded labels:
 The Alaskan Klee Kai is a northern breed of dog of spitz type. 
{'loss': 2.9474, 'grad_norm': 70.57102966308594, 'learning_rate': 1.5e-06, 'epoch': 0.25}
{'eval_loss': 2.299403667449951, 'eval_runtime': 1.9546, 'eval_samples_per_second': 46.046, 'eval_steps_per_second': 11.767, 'epoch': 0.25}

>>> [Step 20] Prompt:
<|begin_of_text|><|start_header_id|>system<|end_header_id|>

Cutting Knowledge Date: December 2023
Today Date: 18 May 2025

You are a helpful expert in text simplification. You generate a simplified version of the text input by the user. You simplify the text according to the instructions given by the user. When asked to simplify a text, generate only the requested simplification, without any additional comments, notes or explanations.<|eot_id|><|start_header_id|>user<|end_header_id|>

INSTRUCTION: Simplify the following text such that its Flesch-Kincaid Grade Level (FKGL) score is approximately equal to that specified in the control token prepended to your generated simplification. The control token has the following format: <METRIC=VALUE>. The control token prepended to the source text indicates the FKGL value of the source text. 
SOURCE TEXT: <FKGL=16.9> Okeechobee covers 730 square miles -LRB- 1,890 kmÂ -RRB- , approximately half the size of the state of Rhode Island , and is exceptionally shallow for a lake of its size , with an average depth of only 9 feet -LRB- 3 m -RRB- .

EXPLANATION: The <FKGL=7.2> token specifies that the target Flesch-Kincaid Grade Level should be approximately 7.2. Lower values indicate simpler text.<|eot_id|><|start_header_id|>assistant<|end_header_id|>

<FKGL=7.2><|eot_id|>
>>> Reference:
Lake Okeechobee covers about 730 square miles -LRB- about half the size of Rhode Island -RRB- . <|eot_id|>
>>> Prediction:
# Okeechobee covers 730 square miles -LRB- 1,890 kmÂ -RRB-, approximately half the size of the state of Rhode Island. 
================================================================================

>>> [Step 20] Prompt:
<|begin_of_text|><|start_header_id|>system<|end_header_id|>

Cutting Knowledge Date: December 2023
Today Date: 18 May 2025

You are a helpful expert in text simplification. You generate a simplified version of the text input by the user. You simplify the text according to the instructions given by the user. When asked to simplify a text, generate only the requested simplification, without any additional comments, notes or explanations.<|eot_id|><|start_header_id|>user<|end_header_id|>

INSTRUCTION: Simplify the following text such that its Flesch-Kincaid Grade Level (FKGL) score is approximately equal to that specified in the control token prepended to your generated simplification. The control token has the following format: <METRIC=VALUE>. The control token prepended to the source text indicates the FKGL value of the source text. 
SOURCE TEXT: <FKGL=8.8> Amettes is a commune in the Pas-de-Calais department in the Nord-Pas-de-Calais region of France .

EXPLANATION: The <FKGL=6.0> token specifies that the target Flesch-Kincaid Grade Level should be approximately 6.0. Lower values indicate simpler text.<|eot_id|><|start_header_id|>assistant<|end_header_id|>

<FKGL=6.0><|eot_id|>
>>> Reference:
Amettes is a commune . It is found in the region Nord-Pas-de-Calais in the Pas-de-Calais department in the north of France . <|eot_id|>
>>> Prediction:
definir is a commune. 
================================================================================

>>> [Step 20] Prompt:
<|begin_of_text|><|start_header_id|>system<|end_header_id|>

Cutting Knowledge Date: December 2023
Today Date: 18 May 2025

You are a helpful expert in text simplification. You generate a simplified version of the text input by the user. You simplify the text according to the instructions given by the user. When asked to simplify a text, generate only the requested simplification, without any additional comments, notes or explanations.<|eot_id|><|start_header_id|>user<|end_header_id|>

INSTRUCTION: Simplify the following text such that its Flesch-Kincaid Grade Level (FKGL) score is approximately equal to that specified in the control token prepended to your generated simplification. The control token has the following format: <METRIC=VALUE>. The control token prepended to the source text indicates the FKGL value of the source text. 
SOURCE TEXT: <FKGL=6.4> Between 1446 and 1448 Ockeghem served Charles I , Duke of Bourbon , at his court in Moulins , now in central France .

EXPLANATION: The <FKGL=5.2> token specifies that the target Flesch-Kincaid Grade Level should be approximately 5.2. Lower values indicate simpler text.<|eot_id|><|start_header_id|>assistant<|end_header_id|>

<FKGL=5.2><|eot_id|>
>>> Reference:
His first important job was working for Charles I , Duke of Bourbon in Moulins , -LRB- France -RRB- . <|eot_id|>
>>> Prediction:
# The Duke of Bourbon had a very important position in France. 
================================================================================

>>> [Step 20] Prompt:
<|begin_of_text|><|start_header_id|>system<|end_header_id|>

Cutting Knowledge Date: December 2023
Today Date: 18 May 2025

You are a helpful expert in text simplification. You generate a simplified version of the text input by the user. You simplify the text according to the instructions given by the user. When asked to simplify a text, generate only the requested simplification, without any additional comments, notes or explanations.<|eot_id|><|start_header_id|>user<|end_header_id|>

INSTRUCTION: Simplify the following text such that its Flesch-Kincaid Grade Level (FKGL) score is approximately equal to that specified in the control token prepended to your generated simplification. The control token has the following format: <METRIC=VALUE>. The control token prepended to the source text indicates the FKGL value of the source text. 
SOURCE TEXT: <FKGL=11.5> The county was named for the Delaware Indians resettled in what was then Indian Territory in the 1830s .

EXPLANATION: The <FKGL=0.5> token specifies that the target Flesch-Kincaid Grade Level should be approximately 0.5. Lower values indicate simpler text.<|eot_id|><|start_header_id|>assistant<|end_header_id|>

<FKGL=0.5><|eot_id|>
>>> Reference:
Its county seat is Jay . <|eot_id|>
>>> Prediction:
def  was  named  for  the  Delaware  Indians  who  were  resettled  in  what  was  then  Indian  Territory  in  the  1830s. 
================================================================================
{'loss': 1.6644, 'grad_norm': 17.0468807220459, 'learning_rate': 3.1666666666666667e-06, 'epoch': 0.51}
{'eval_loss': 1.2490051984786987, 'eval_runtime': 1.9787, 'eval_samples_per_second': 45.484, 'eval_steps_per_second': 11.624, 'epoch': 0.51}
{'loss': 1.2249, 'grad_norm': 14.05214786529541, 'learning_rate': 4.833333333333333e-06, 'epoch': 0.76}
{'eval_loss': 1.1021835803985596, 'eval_runtime': 1.9994, 'eval_samples_per_second': 45.014, 'eval_steps_per_second': 11.503, 'epoch': 0.76}

>>> [Step 40] Prompt:
<|begin_of_text|><|start_header_id|>system<|end_header_id|>

Cutting Knowledge Date: December 2023
Today Date: 18 May 2025

You are a helpful expert in text simplification. You generate a simplified version of the text input by the user. You simplify the text according to the instructions given by the user. When asked to simplify a text, generate only the requested simplification, without any additional comments, notes or explanations.<|eot_id|><|start_header_id|>user<|end_header_id|>

INSTRUCTION: Simplify the following text such that its Flesch-Kincaid Grade Level (FKGL) score is approximately equal to that specified in the control token prepended to your generated simplification. The control token has the following format: <METRIC=VALUE>. The control token prepended to the source text indicates the FKGL value of the source text. 
SOURCE TEXT: <FKGL=10.7> Biarritz is located in the PyrÃ nÃ es-Atlantiques department in the Aquitaine region .

EXPLANATION: The <FKGL=7.6> token specifies that the target Flesch-Kincaid Grade Level should be approximately 7.6. Lower values indicate simpler text.<|eot_id|><|start_header_id|>assistant<|end_header_id|>

<FKGL=7.6><|eot_id|>
>>> Reference:
Biarritz is a commune of the PyrÃ nÃ es-Atlantiques dÃ partement in the southwestern part of France . <|eot_id|>
>>> Prediction:
The city is in the region Aquitaine. It is in the PyrÃ nÃ es-Atlantiques department. 
================================================================================

>>> [Step 40] Prompt:
<|begin_of_text|><|start_header_id|>system<|end_header_id|>

Cutting Knowledge Date: December 2023
Today Date: 18 May 2025

You are a helpful expert in text simplification. You generate a simplified version of the text input by the user. You simplify the text according to the instructions given by the user. When asked to simplify a text, generate only the requested simplification, without any additional comments, notes or explanations.<|eot_id|><|start_header_id|>user<|end_header_id|>

INSTRUCTION: Simplify the following text such that its Flesch-Kincaid Grade Level (FKGL) score is approximately equal to that specified in the control token prepended to your generated simplification. The control token has the following format: <METRIC=VALUE>. The control token prepended to the source text indicates the FKGL value of the source text. 
SOURCE TEXT: <FKGL=10.3> Shaw himself guest conducted from time to time , ending his self-imposed retirement .

EXPLANATION: The <FKGL=8.4> token specifies that the target Flesch-Kincaid Grade Level should be approximately 8.4. Lower values indicate simpler text.<|eot_id|><|start_header_id|>assistant<|end_header_id|>

<FKGL=8.4><|eot_id|>
>>> Reference:
Shaw himself would guest conduct from time to time , ending his self-imposed retirement . <|eot_id|>
>>> Prediction:
The first time he did that was in 1968. 
================================================================================

>>> [Step 40] Prompt:
<|begin_of_text|><|start_header_id|>system<|end_header_id|>

Cutting Knowledge Date: December 2023
Today Date: 18 May 2025

You are a helpful expert in text simplification. You generate a simplified version of the text input by the user. You simplify the text according to the instructions given by the user. When asked to simplify a text, generate only the requested simplification, without any additional comments, notes or explanations.<|eot_id|><|start_header_id|>user<|end_header_id|>

INSTRUCTION: Simplify the following text such that its Flesch-Kincaid Grade Level (FKGL) score is approximately equal to that specified in the control token prepended to your generated simplification. The control token has the following format: <METRIC=VALUE>. The control token prepended to the source text indicates the FKGL value of the source text. 
SOURCE TEXT: <FKGL=9.1> A jug band is a band employing a jug player and a mix of traditional and home-made instruments .

EXPLANATION: The <FKGL=7.6> token specifies that the target Flesch-Kincaid Grade Level should be approximately 7.6. Lower values indicate simpler text.<|eot_id|><|start_header_id|>assistant<|end_header_id|>

<FKGL=7.6><|eot_id|>
>>> Reference:
A jug band is a band that has a jug player and a variety of home-made instruments . <|eot_id|>
>>> Prediction:
The jug band is a band that has a jug player and a mix of traditional and homemade instruments. 
================================================================================

>>> [Step 40] Prompt:
<|begin_of_text|><|start_header_id|>system<|end_header_id|>

Cutting Knowledge Date: December 2023
Today Date: 18 May 2025

You are a helpful expert in text simplification. You generate a simplified version of the text input by the user. You simplify the text according to the instructions given by the user. When asked to simplify a text, generate only the requested simplification, without any additional comments, notes or explanations.<|eot_id|><|start_header_id|>user<|end_header_id|>

INSTRUCTION: Simplify the following text such that its Flesch-Kincaid Grade Level (FKGL) score is approximately equal to that specified in the control token prepended to your generated simplification. The control token has the following format: <METRIC=VALUE>. The control token prepended to the source text indicates the FKGL value of the source text. 
SOURCE TEXT: <FKGL=8.8> Notable lakes Lake Michigan-Huron is the largest lake by surface area : 117,350 km ² .

EXPLANATION: The <FKGL=8.0> token specifies that the target Flesch-Kincaid Grade Level should be approximately 8.0. Lower values indicate simpler text.<|eot_id|><|start_header_id|>assistant<|end_header_id|>

<FKGL=8.0><|eot_id|>
>>> Reference:
Notable lakes The largest lake in the world by area is the Caspian Sea , with 394,299 km ² . <|eot_id|>
>>> Prediction:
The largest lake by surface area is Lake Michigan-Huron. 
================================================================================
{'loss': 1.1697, 'grad_norm': 14.17845630645752, 'learning_rate': 4.869132927957007e-06, 'epoch': 1.0}
{'eval_loss': 1.0960761308670044, 'eval_runtime': 1.9512, 'eval_samples_per_second': 46.124, 'eval_steps_per_second': 11.787, 'epoch': 1.0}
{'loss': 1.0248, 'grad_norm': 10.15782356262207, 'learning_rate': 4.434314598432091e-06, 'epoch': 1.25}
{'eval_loss': 1.0637627840042114, 'eval_runtime': 1.9563, 'eval_samples_per_second': 46.006, 'eval_steps_per_second': 11.757, 'epoch': 1.25}

>>> [Step 60] Prompt:
<|begin_of_text|><|start_header_id|>system<|end_header_id|>

Cutting Knowledge Date: December 2023
Today Date: 18 May 2025

You are a helpful expert in text simplification. You generate a simplified version of the text input by the user. You simplify the text according to the instructions given by the user. When asked to simplify a text, generate only the requested simplification, without any additional comments, notes or explanations.<|eot_id|><|start_header_id|>user<|end_header_id|>

INSTRUCTION: Simplify the following text such that its Flesch-Kincaid Grade Level (FKGL) score is approximately equal to that specified in the control token prepended to your generated simplification. The control token has the following format: <METRIC=VALUE>. The control token prepended to the source text indicates the FKGL value of the source text. 
SOURCE TEXT: <FKGL=18.1> The Picture of Dorian Gray -LRB- Penguin Classics -RRB- -- Introduction Wilde later revised this edition , making several alterations , and adding new chapters ; the amended version was published by Ward , Lock , and Company in April 1891 .

EXPLANATION: The <FKGL=9.9> token specifies that the target Flesch-Kincaid Grade Level should be approximately 9.9. Lower values indicate simpler text.<|eot_id|><|start_header_id|>assistant<|end_header_id|>

<FKGL=9.9><|eot_id|>
>>> Reference:
The Picture of Dorian Gray is about a young man named Dorian Gray who has a portrait painted of himself . <|eot_id|>
>>> Prediction:
The Picture of Dorian Gray -LRB- Penguin Classics -RRB- was first published in 1891. 
================================================================================

>>> [Step 60] Prompt:
<|begin_of_text|><|start_header_id|>system<|end_header_id|>

Cutting Knowledge Date: December 2023
Today Date: 18 May 2025

You are a helpful expert in text simplification. You generate a simplified version of the text input by the user. You simplify the text according to the instructions given by the user. When asked to simplify a text, generate only the requested simplification, without any additional comments, notes or explanations.<|eot_id|><|start_header_id|>user<|end_header_id|>

INSTRUCTION: Simplify the following text such that its Flesch-Kincaid Grade Level (FKGL) score is approximately equal to that specified in the control token prepended to your generated simplification. The control token has the following format: <METRIC=VALUE>. The control token prepended to the source text indicates the FKGL value of the source text. 
SOURCE TEXT: <FKGL=14.6> Civil unrest in northern Italy spawns the medieval musical form of Geisslerlieder , penitential songs sung by wandering bands of Flagellants .

EXPLANATION: The <FKGL=11.5> token specifies that the target Flesch-Kincaid Grade Level should be approximately 11.5. Lower values indicate simpler text.<|eot_id|><|start_header_id|>assistant<|end_header_id|>

<FKGL=11.5><|eot_id|>
>>> Reference:
Civil unrest in northern Italy spawns the medieval musical form of songs sung by wandering bands of Flagellants . <|eot_id|>
>>> Prediction:
The medieval musical form of Geisslerlieder was the singing of penitential songs sung by wandering bands of Flagellants. 
================================================================================

>>> [Step 60] Prompt:
<|begin_of_text|><|start_header_id|>system<|end_header_id|>

Cutting Knowledge Date: December 2023
Today Date: 18 May 2025

You are a helpful expert in text simplification. You generate a simplified version of the text input by the user. You simplify the text according to the instructions given by the user. When asked to simplify a text, generate only the requested simplification, without any additional comments, notes or explanations.<|eot_id|><|start_header_id|>user<|end_header_id|>

INSTRUCTION: Simplify the following text such that its Flesch-Kincaid Grade Level (FKGL) score is approximately equal to that specified in the control token prepended to your generated simplification. The control token has the following format: <METRIC=VALUE>. The control token prepended to the source text indicates the FKGL value of the source text. 
SOURCE TEXT: <FKGL=8.0> Today , most codeine is synthesized from morphine through the process of O-methylation .

EXPLANATION: The <FKGL=4.4> token specifies that the target Flesch-Kincaid Grade Level should be approximately 4.4. Lower values indicate simpler text.<|eot_id|><|start_header_id|>assistant<|end_header_id|>

<FKGL=4.4><|eot_id|>
>>> Reference:
Now , most codeine is made from morphine through the process of O-methylation . <|eot_id|>
>>> Prediction:
It is also used to make codeine. 
================================================================================

>>> [Step 60] Prompt:
<|begin_of_text|><|start_header_id|>system<|end_header_id|>

Cutting Knowledge Date: December 2023
Today Date: 18 May 2025

You are a helpful expert in text simplification. You generate a simplified version of the text input by the user. You simplify the text according to the instructions given by the user. When asked to simplify a text, generate only the requested simplification, without any additional comments, notes or explanations.<|eot_id|><|start_header_id|>user<|end_header_id|>

INSTRUCTION: Simplify the following text such that its Flesch-Kincaid Grade Level (FKGL) score is approximately equal to that specified in the control token prepended to your generated simplification. The control token has the following format: <METRIC=VALUE>. The control token prepended to the source text indicates the FKGL value of the source text. 
SOURCE TEXT: <FKGL=16.1> Founded in 1541 by Jorge Robledo as Villa de SantafÃ on the western bank of the Cauca River , in 1545 it received the coat of arms and the title of City of Antioquia from King Philip II of Spain .

EXPLANATION: The <FKGL=8.1> token specifies that the target Flesch-Kincaid Grade Level should be approximately 8.1. Lower values indicate simpler text.<|eot_id|><|start_header_id|>assistant<|end_header_id|>

<FKGL=8.1><|eot_id|>
>>> Reference:
It was founded by the name Villa de SantafÃ in 1541 by Jorge Robledo on the western bank of the Cauca River . It received the coat of arms and the title of City of Antioquia from King Philip II of Spain in 1545 . <|eot_id|>
>>> Prediction:
The city was founded in 1541 by Jorge Robledo as Villa de SantafÃ on the western bank of the Cauca River. 
================================================================================
{'loss': 0.9479, 'grad_norm': 11.839309692382812, 'learning_rate': 3.7500000000000005e-06, 'epoch': 1.51}
{'eval_loss': 1.0532591342926025, 'eval_runtime': 1.9621, 'eval_samples_per_second': 45.869, 'eval_steps_per_second': 11.722, 'epoch': 1.51}
{'loss': 0.7968, 'grad_norm': 11.386600494384766, 'learning_rate': 2.9044549913819125e-06, 'epoch': 1.76}
{'eval_loss': 1.054934024810791, 'eval_runtime': 1.9535, 'eval_samples_per_second': 46.072, 'eval_steps_per_second': 11.774, 'epoch': 1.76}

>>> [Step 80] Prompt:
<|begin_of_text|><|start_header_id|>system<|end_header_id|>

Cutting Knowledge Date: December 2023
Today Date: 18 May 2025

You are a helpful expert in text simplification. You generate a simplified version of the text input by the user. You simplify the text according to the instructions given by the user. When asked to simplify a text, generate only the requested simplification, without any additional comments, notes or explanations.<|eot_id|><|start_header_id|>user<|end_header_id|>

INSTRUCTION: Simplify the following text such that its Flesch-Kincaid Grade Level (FKGL) score is approximately equal to that specified in the control token prepended to your generated simplification. The control token has the following format: <METRIC=VALUE>. The control token prepended to the source text indicates the FKGL value of the source text. 
SOURCE TEXT: <FKGL=13.5> He also completed two collections of short stories entitled The Ribbajack & Other Curious Yarns and Seven Strange and Ghostly Tales .

EXPLANATION: The <FKGL=6.9> token specifies that the target Flesch-Kincaid Grade Level should be approximately 6.9. Lower values indicate simpler text.<|eot_id|><|start_header_id|>assistant<|end_header_id|>

<FKGL=6.9><|eot_id|>
>>> Reference:
He also completed two collections of short storeis . The one title was The Ribbajack & Other Curious Yarns . The other one was titled as Seven Strange and Ghostly Tales . <|eot_id|>
>>> Prediction:
The Ribbajack & Other Curious Yarns and Seven Strange and Ghostly Tales. 
================================================================================

>>> [Step 80] Prompt:
<|begin_of_text|><|start_header_id|>system<|end_header_id|>

Cutting Knowledge Date: December 2023
Today Date: 18 May 2025

You are a helpful expert in text simplification. You generate a simplified version of the text input by the user. You simplify the text according to the instructions given by the user. When asked to simplify a text, generate only the requested simplification, without any additional comments, notes or explanations.<|eot_id|><|start_header_id|>user<|end_header_id|>

INSTRUCTION: Simplify the following text such that its Flesch-Kincaid Grade Level (FKGL) score is approximately equal to that specified in the control token prepended to your generated simplification. The control token has the following format: <METRIC=VALUE>. The control token prepended to the source text indicates the FKGL value of the source text. 
SOURCE TEXT: <FKGL=7.2> Montloué is a commune in the Aisne department in Picardie in northern France .

EXPLANATION: The <FKGL=6.0> token specifies that the target Flesch-Kincaid Grade Level should be approximately 6.0. Lower values indicate simpler text.<|eot_id|><|start_header_id|>assistant<|end_header_id|>

<FKGL=6.0><|eot_id|>
>>> Reference:
It is found in the region Picardie in the Aisne department in the north of France . <|eot_id|>
>>> Prediction:
It is found in the region Picardie in the Aisne department in the north of France. 
================================================================================

>>> [Step 80] Prompt:
<|begin_of_text|><|start_header_id|>system<|end_header_id|>

Cutting Knowledge Date: December 2023
Today Date: 18 May 2025

You are a helpful expert in text simplification. You generate a simplified version of the text input by the user. You simplify the text according to the instructions given by the user. When asked to simplify a text, generate only the requested simplification, without any additional comments, notes or explanations.<|eot_id|><|start_header_id|>user<|end_header_id|>

INSTRUCTION: Simplify the following text such that its Flesch-Kincaid Grade Level (FKGL) score is approximately equal to that specified in the control token prepended to your generated simplification. The control token has the following format: <METRIC=VALUE>. The control token prepended to the source text indicates the FKGL value of the source text. 
SOURCE TEXT: <FKGL=6.4> Between 1446 and 1448 Ockeghem served Charles I , Duke of Bourbon , at his court in Moulins , now in central France .

EXPLANATION: The <FKGL=5.2> token specifies that the target Flesch-Kincaid Grade Level should be approximately 5.2. Lower values indicate simpler text.<|eot_id|><|start_header_id|>assistant<|end_header_id|>

<FKGL=5.2><|eot_id|>
>>> Reference:
His first important job was working for Charles I , Duke of Bourbon in Moulins , -LRB- France -RRB- . <|eot_id|>
>>> Prediction:
It served Charles I, Duke of Bourbon, at his court in Moulins, now in central France. 
================================================================================

>>> [Step 80] Prompt:
<|begin_of_text|><|start_header_id|>system<|end_header_id|>

Cutting Knowledge Date: December 2023
Today Date: 18 May 2025

You are a helpful expert in text simplification. You generate a simplified version of the text input by the user. You simplify the text according to the instructions given by the user. When asked to simplify a text, generate only the requested simplification, without any additional comments, notes or explanations.<|eot_id|><|start_header_id|>user<|end_header_id|>

INSTRUCTION: Simplify the following text such that its Flesch-Kincaid Grade Level (FKGL) score is approximately equal to that specified in the control token prepended to your generated simplification. The control token has the following format: <METRIC=VALUE>. The control token prepended to the source text indicates the FKGL value of the source text. 
SOURCE TEXT: <FKGL=8.0> Today , most codeine is synthesized from morphine through the process of O-methylation .

EXPLANATION: The <FKGL=4.4> token specifies that the target Flesch-Kincaid Grade Level should be approximately 4.4. Lower values indicate simpler text.<|eot_id|><|start_header_id|>assistant<|end_header_id|>

<FKGL=4.4><|eot_id|>
>>> Reference:
Now , most codeine is made from morphine through the process of O-methylation . <|eot_id|>
>>> Prediction:
We can make morphine into codeine. 
================================================================================
{'loss': 0.9174, 'grad_norm': 17.03845977783203, 'learning_rate': 2.0067416274340003e-06, 'epoch': 2.0}
{'eval_loss': 1.055314302444458, 'eval_runtime': 1.9523, 'eval_samples_per_second': 46.1, 'eval_steps_per_second': 11.781, 'epoch': 2.0}
{'loss': 0.5868, 'grad_norm': 7.626458644866943, 'learning_rate': 1.1726508632752836e-06, 'epoch': 2.25}
{'eval_loss': 1.0618855953216553, 'eval_runtime': 1.955, 'eval_samples_per_second': 46.036, 'eval_steps_per_second': 11.765, 'epoch': 2.25}
{'train_runtime': 290.2797, 'train_samples_per_second': 6.49, 'train_steps_per_second': 0.403, 'train_loss': 1.25334652794732, 'epoch': 2.25}
Evaluation results: {'eval_loss': 1.0532591342926025, 'eval_runtime': 1.9897, 'eval_samples_per_second': 45.232, 'eval_steps_per_second': 11.559, 'epoch': 2.254777070063694}
*** Finetuning meta-llama/Llama-3.2-1B-Instruct with WikiLarge_ori_splitwise_hq and DALE-CHALL, ***
torch.cuda.is_bf16_supported: True
Transformers version: 4.51.0
Python path: /home/hhubar/data/conda/envs/sft/bin/python
Not using PEFT...

Run arguments:
Namespace(model_class='llama', model_family='base', model_name='meta-llama/Llama-3.2-1B-Instruct', dataset_name='WikiLarge_ori_splitwise_hq', slice_train=-1, slice_val=-1, batch_size=4, eval_batch_size=4, gradient_accumulation_steps=4, learning_rate=5e-06, weight_decay=0.01, warmup_steps=30, max_grad_norm=0.5, epochs=3, max_length=512, logging_steps=10, wandb_project_name='ATS_with_control_tokens', wandb_entity='shtosti', generate_every=20, seed=42, patience=3, prompting_type='vanilla', user_prompt_id='token_explanation', metric_name='DALE-CHALL,', control_tokens='data/prompts/control_tokens.json', system_prompts='data/prompts/system_prompts.json', user_prompts='data/prompts/user_prompts.json', metric_mapping='data/metric_mapping.json', peft=False, lora_r=8, lora_dropout=0.1)

Saving to: ./models/Llama-3.2-1B-Instruct-WikiLarge_ori_splitwise_hq-DALE-CHALL,-token_explanation-20250518-175807

*** Finetuning Llama-3.2-1B-Instruct with WikiLarge_ori_splitwise_hq ***

CUDA available: True
Number of GPUs: 1
GPU name: NVIDIA A100-SXM4-80GB
[1;34mwandb[0m: 
[1;34mwandb[0m: 🚀 View run [33mgentle-oath-96[0m at: [34mhttps://wandb.ai/shtosti/ATS_with_control_tokens/runs/s4upzz8k[0m
[1;34mwandb[0m: Find logs at: [1;35m../../../../scratch/hhubar/keep-it-simple/wandb/run-20250518_175806-s4upzz8k/logs[0m
*** Finetuning meta-llama/Llama-3.2-1B-Instruct with WikiLarge_ori_splitwise_hq and CHAR_COMPRESSION, ***
torch.cuda.is_bf16_supported: True
Transformers version: 4.51.0
Python path: /home/hhubar/data/conda/envs/sft/bin/python
Not using PEFT...

Run arguments:
Namespace(model_class='llama', model_family='base', model_name='meta-llama/Llama-3.2-1B-Instruct', dataset_name='WikiLarge_ori_splitwise_hq', slice_train=-1, slice_val=-1, batch_size=4, eval_batch_size=4, gradient_accumulation_steps=4, learning_rate=5e-06, weight_decay=0.01, warmup_steps=30, max_grad_norm=0.5, epochs=3, max_length=512, logging_steps=10, wandb_project_name='ATS_with_control_tokens', wandb_entity='shtosti', generate_every=20, seed=42, patience=3, prompting_type='vanilla', user_prompt_id='token_explanation', metric_name='CHAR_COMPRESSION,', control_tokens='data/prompts/control_tokens.json', system_prompts='data/prompts/system_prompts.json', user_prompts='data/prompts/user_prompts.json', metric_mapping='data/metric_mapping.json', peft=False, lora_r=8, lora_dropout=0.1)

Saving to: ./models/Llama-3.2-1B-Instruct-WikiLarge_ori_splitwise_hq-CHAR_COMPRESSION,-token_explanation-20250518-175817

*** Finetuning Llama-3.2-1B-Instruct with WikiLarge_ori_splitwise_hq ***

CUDA available: True
Number of GPUs: 1
GPU name: NVIDIA A100-SXM4-80GB
[1;34mwandb[0m: 
[1;34mwandb[0m: 🚀 View run [33meager-dragon-97[0m at: [34mhttps://wandb.ai/shtosti/ATS_with_control_tokens/runs/k7pqmzl3[0m
[1;34mwandb[0m: Find logs at: [1;35m../../../../scratch/hhubar/keep-it-simple/wandb/run-20250518_175817-k7pqmzl3/logs[0m
*** Finetuning meta-llama/Llama-3.2-1B-Instruct with WikiLarge_ori_splitwise_hq and WORD_COMPRESSION ***
torch.cuda.is_bf16_supported: True
Transformers version: 4.51.0
Python path: /home/hhubar/data/conda/envs/sft/bin/python
Not using PEFT...

Run arguments:
Namespace(model_class='llama', model_family='base', model_name='meta-llama/Llama-3.2-1B-Instruct', dataset_name='WikiLarge_ori_splitwise_hq', slice_train=-1, slice_val=-1, batch_size=4, eval_batch_size=4, gradient_accumulation_steps=4, learning_rate=5e-06, weight_decay=0.01, warmup_steps=30, max_grad_norm=0.5, epochs=3, max_length=512, logging_steps=10, wandb_project_name='ATS_with_control_tokens', wandb_entity='shtosti', generate_every=20, seed=42, patience=3, prompting_type='vanilla', user_prompt_id='token_explanation', metric_name='WORD_COMPRESSION', control_tokens='data/prompts/control_tokens.json', system_prompts='data/prompts/system_prompts.json', user_prompts='data/prompts/user_prompts.json', metric_mapping='data/metric_mapping.json', peft=False, lora_r=8, lora_dropout=0.1)

Saving to: ./models/Llama-3.2-1B-Instruct-WikiLarge_ori_splitwise_hq-WORD_COMPRESSION-token_explanation-20250518-175828

*** Finetuning Llama-3.2-1B-Instruct with WikiLarge_ori_splitwise_hq ***

CUDA available: True
Number of GPUs: 1
GPU name: NVIDIA A100-SXM4-80GB
Model embedding size BEFORE resizing: 128256
Model embedding size AFTER resizing: 128257
--- DEBUG ---
trainable params:
Trainable params: 1,235,816,448 / 1,235,816,448 (100.00%)
--- tokenizer pad_token_id: 128256
--- tokenizer eos_token_id: 128009
--- special tokens:
train:	 Inspect the dataset format:
 {'global_id': ['wikilarge_ori_142489'], 'source_text': ["The term '' Klee Kai '' was derived from Alaskan Athabaskan words meaning '' small dog '' .\n"], 'source_metrics': [{'FRE': 83.66, 'ARI': 11.9, 'FKGL': 4.8, 'Dale-Chall': 14.0, 'char_count': 92, 'alphanum_count': 65, 'word_count': 18, 'sentence_count': 1}], 'metadata': [{'dataset': 'wikilarge_ori', 'experiment_split': '', 'domain': 'general', 'language': 'en', 'annotation': 'automatic', 'level': 'sentence'}], 'simplification_text': ['The Alaskan Klee Kai is a northern breed of dog of spitz type .\n'], 'target_metrics': [{'FRE': 92.12, 'ARI': 3.2, 'FKGL': 3.6, 'Dale-Chall': 11.57, 'char_count': 64, 'alphanum_count': 49, 'word_count': 14, 'sentence_count': 1, 'char_compression_rate': 0.7, 'word_compression_rate': 0.78, 'sentence_compression_rate': 1.0, 'BLEU': 5.617199498008724, 'BERTScore': 0.8639014363288879}], 'simplification_version': [1], 'grade_level': [-1], 'simplification_dimensions': [{'linguistic': {'lexical': False, 'syntactic': False}}]}
validation:	 Inspect the dataset format:
 {'global_id': ['wikilarge_ori_154025'], 'source_text': ['All the Greatest Hits is an album from British band McFly .\n'], 'source_metrics': [{'FRE': 77.23, 'ARI': 4.6, 'FKGL': 5.2, 'Dale-Chall': 11.36, 'char_count': 60, 'alphanum_count': 47, 'word_count': 12, 'sentence_count': 1}], 'metadata': [{'dataset': 'wikilarge_ori', 'experiment_split': '', 'domain': 'general', 'language': 'en', 'annotation': 'automatic', 'level': 'sentence'}], 'simplification_text': ['All the Greatest Hits is an album from the band McFly .\n'], 'target_metrics': [{'FRE': 85.69, 'ARI': 2.9, 'FKGL': 4.0, 'Dale-Chall': 9.92, 'char_count': 56, 'alphanum_count': 43, 'word_count': 12, 'sentence_count': 1, 'char_compression_rate': 0.93, 'word_compression_rate': 1.0, 'sentence_compression_rate': 1.0, 'BLEU': 73.48889200874659, 'BERTScore': 0.9892229437828064}], 'simplification_version': [1], 'grade_level': [-1], 'simplification_dimensions': [{'linguistic': {'lexical': False, 'syntactic': False}}]}


 *** Before tokenization ***
>>> train:

Showing 1 example(s):

Example 1 (index 114)
--- Prompt:
 <|begin_of_text|><|start_header_id|>system<|end_header_id|>

Cutting Knowledge Date: December 2023
Today Date: 18 May 2025

You are a helpful expert in text simplification. You generate a simplified version of the text input by the user. You simplify the text according to the instructions given by the user. When asked to simplify a text, generate only the requested simplification, without any additional comments, notes or explanations.<|eot_id|><|start_header_id|>user<|end_header_id|>

INSTRUCTION: Simplify the following text such that the length of the output text (number of words) relative to the source text is approximately equal to the ratio specified in the control token prepended to your generated simplification. The control token has the following format: <METRIC=VALUE>. 
SOURCE TEXT: Greener individuals have a whitish vein in the center of the hind wing and a bright yellow fore wing basal patch .

EXPLANATION: The <WORD_COMPRESSION=1.09> token specifies that the word-level compression rate should be around 1.09. Values less than 1 indicate text reduction. Values greater than 1 indicate text expansion.<|eot_id|><|start_header_id|>assistant<|end_header_id|>

<WORD_COMPRESSION=1.09><|eot_id|>
--- Completion:
 Greener individuals have a whitish vein in the center of the hind wing . The fore wing has a bright yellow basal patch . <|eot_id|>
==================================================


 *** After tokenization ***
>>> train:

Showing 1 example(s):

Example 1 (index 25)
--- Prompt:
 <|begin_of_text|><|start_header_id|>system<|end_header_id|>

Cutting Knowledge Date: December 2023
Today Date: 18 May 2025

You are a helpful expert in text simplification. You generate a simplified version of the text input by the user. You simplify the text according to the instructions given by the user. When asked to simplify a text, generate only the requested simplification, without any additional comments, notes or explanations.<|eot_id|><|start_header_id|>user<|end_header_id|>

INSTRUCTION: Simplify the following text such that the length of the output text (number of words) relative to the source text is approximately equal to the ratio specified in the control token prepended to your generated simplification. The control token has the following format: <METRIC=VALUE>. 
SOURCE TEXT: Gummo was not in any of the movies ; Zeppo appeared only in the first five .

EXPLANATION: The <WORD_COMPRESSION=0.59> token specifies that the word-level compression rate should be around 0.59. Values less than 1 indicate text reduction. Values greater than 1 indicate text expansion.<|eot_id|><|start_header_id|>assistant<|end_header_id|>

<WORD_COMPRESSION=0.59><|eot_id|>
--- Completion:
 Gummo did not appear in any of the movies . <|eot_id|>
--- input_ids:
 [128000, 128000, 128006, 9125, 128007, 271, 38766, 1303, 33025, 2696, 25, 6790, 220, 2366, 18, 198, 15724, 2696, 25, 220, 972, 3297, 220, 2366, 20, 271, 2675, 527, 264, 11190, 6335, 304, 1495, 15858, 2461, 13, 1472, 7068, 264, 44899, 2373, 315, 279, 1495, 1988, 555, 279, 1217, 13, 1472, 40821, 279, 1495, 4184, 311, 279, 11470, 2728, 555, 279, 1217, 13, 3277, 4691, 311, 40821, 264, 1495, 11, 7068, 1193, 279, 11472, 15858, 2461, 11, 2085, 904, 5217, 6170, 11, 8554, 477, 41941, 13, 128009, 128006, 882, 128007, 271, 691, 58555, 25, 62342, 1463, 279, 2768, 1495, 1778, 430, 279, 3160, 315, 279, 2612, 1495, 320, 4174, 315, 4339, 8, 8844, 311, 279, 2592, 1495, 374, 13489, 6273, 311, 279, 11595, 5300, 304, 279, 2585, 4037, 22033, 2954, 311, 701, 8066, 15858, 2461, 13, 578, 2585, 4037, 706, 279, 2768, 3645, 25, 366, 45975, 37078, 28, 24771, 14611, 720, 44098, 16139, 25, 75589, 6489, 574, 539, 304, 904, 315, 279, 9698, 2652, 10120, 40580, 9922, 1193, 304, 279, 1176, 4330, 6905, 3337, 95179, 3579, 25, 578, 366, 7375, 15318, 82763, 28, 15, 13, 2946, 29, 4037, 30202, 430, 279, 3492, 11852, 26168, 4478, 1288, 387, 2212, 220, 15, 13, 2946, 13, 26028, 2753, 1109, 220, 16, 13519, 1495, 14278, 13, 26028, 7191, 1109, 220, 16, 13519, 1495, 14800, 13, 128009, 128006, 78191, 128007, 271, 27, 7375, 15318, 82763, 28, 15, 13, 2946, 29, 128009, 128000, 38, 372, 6489, 1550, 539, 5101, 304, 904, 315, 279, 9698, 662, 220, 128009, 128256, 128256, 128256, 128256, 128256, 128256, 128256, 128256, 128256, 128256, 128256, 128256, 128256, 128256, 128256, 128256, 128256, 128256, 128256, 128256, 128256, 128256, 128256, 128256, 128256, 128256, 128256, 128256, 128256, 128256, 128256, 128256, 128256, 128256, 128256, 128256, 128256, 128256, 128256, 128256, 128256, 128256, 128256, 128256, 128256, 128256, 128256, 128256, 128256, 128256, 128256, 128256, 128256, 128256, 128256, 128256, 128256, 128256, 128256, 128256, 128256, 128256, 128256, 128256, 128256, 128256, 128256, 128256, 128256, 128256, 128256, 128256, 128256, 128256, 128256, 128256, 128256, 128256, 128256, 128256, 128256, 128256, 128256, 128256, 128256, 128256, 128256, 128256, 128256, 128256, 128256, 128256, 128256, 128256, 128256, 128256, 128256, 128256, 128256, 128256, 128256, 128256, 128256, 128256, 128256, 128256, 128256, 128256, 128256, 128256, 128256, 128256, 128256, 128256, 128256, 128256, 128256, 128256, 128256, 128256, 128256, 128256, 128256, 128256, 128256, 128256, 128256, 128256, 128256, 128256, 128256, 128256, 128256, 128256, 128256, 128256, 128256, 128256, 128256, 128256, 128256, 128256, 128256, 128256, 128256, 128256, 128256, 128256, 128256, 128256, 128256, 128256, 128256, 128256, 128256, 128256, 128256, 128256, 128256, 128256, 128256, 128256, 128256, 128256, 128256, 128256, 128256, 128256, 128256, 128256, 128256, 128256, 128256, 128256, 128256, 128256, 128256, 128256, 128256, 128256, 128256, 128256, 128256, 128256, 128256, 128256, 128256, 128256, 128256, 128256, 128256, 128256, 128256, 128256, 128256, 128256, 128256, 128256, 128256, 128256, 128256, 128256, 128256, 128256, 128256, 128256, 128256, 128256, 128256, 128256, 128256, 128256, 128256, 128256, 128256, 128256, 128256, 128256, 128256, 128256, 128256, 128256, 128256, 128256, 128256, 128256, 128256, 128256, 128256, 128256, 128256, 128256, 128256, 128256, 128256, 128256, 128256, 128256, 128256, 128256, 128256, 128256, 128256, 128256, 128256, 128256, 128256, 128256, 128256, 128256, 128256, 128256, 128256, 128256, 128256, 128256, 128256, 128256, 128256, 128256, 128256, 128256]
--- labels:
 [-100, -100, -100, -100, -100, -100, -100, -100, -100, -100, -100, -100, -100, -100, -100, -100, -100, -100, -100, -100, -100, -100, -100, -100, -100, -100, -100, -100, -100, -100, -100, -100, -100, -100, -100, -100, -100, -100, -100, -100, -100, -100, -100, -100, -100, -100, -100, -100, -100, -100, -100, -100, -100, -100, -100, -100, -100, -100, -100, -100, -100, -100, -100, -100, -100, -100, -100, -100, -100, -100, -100, -100, -100, -100, -100, -100, -100, -100, -100, -100, -100, -100, -100, -100, -100, -100, -100, -100, -100, -100, -100, -100, -100, -100, -100, -100, -100, -100, -100, -100, -100, -100, -100, -100, -100, -100, -100, -100, -100, -100, -100, -100, -100, -100, -100, -100, -100, -100, -100, -100, -100, -100, -100, -100, -100, -100, -100, -100, -100, -100, -100, -100, -100, -100, -100, -100, -100, -100, -100, -100, -100, -100, -100, -100, -100, -100, -100, -100, -100, -100, -100, -100, -100, -100, -100, -100, -100, -100, -100, -100, -100, -100, -100, -100, -100, -100, -100, -100, -100, -100, -100, -100, -100, -100, -100, -100, -100, -100, -100, -100, -100, -100, -100, -100, -100, -100, -100, -100, -100, -100, -100, -100, -100, -100, -100, -100, -100, -100, -100, -100, -100, -100, -100, -100, -100, -100, -100, -100, -100, -100, -100, -100, -100, -100, -100, -100, -100, -100, -100, -100, -100, -100, -100, -100, -100, -100, -100, -100, -100, -100, -100, -100, -100, -100, -100, 128000, 38, 372, 6489, 1550, 539, 5101, 304, 904, 315, 279, 9698, 662, 220, 128009, -100, -100, -100, -100, -100, -100, -100, -100, -100, -100, -100, -100, -100, -100, -100, -100, -100, -100, -100, -100, -100, -100, -100, -100, -100, -100, -100, -100, -100, -100, -100, -100, -100, -100, -100, -100, -100, -100, -100, -100, -100, -100, -100, -100, -100, -100, -100, -100, -100, -100, -100, -100, -100, -100, -100, -100, -100, -100, -100, -100, -100, -100, -100, -100, -100, -100, -100, -100, -100, -100, -100, -100, -100, -100, -100, -100, -100, -100, -100, -100, -100, -100, -100, -100, -100, -100, -100, -100, -100, -100, -100, -100, -100, -100, -100, -100, -100, -100, -100, -100, -100, -100, -100, -100, -100, -100, -100, -100, -100, -100, -100, -100, -100, -100, -100, -100, -100, -100, -100, -100, -100, -100, -100, -100, -100, -100, -100, -100, -100, -100, -100, -100, -100, -100, -100, -100, -100, -100, -100, -100, -100, -100, -100, -100, -100, -100, -100, -100, -100, -100, -100, -100, -100, -100, -100, -100, -100, -100, -100, -100, -100, -100, -100, -100, -100, -100, -100, -100, -100, -100, -100, -100, -100, -100, -100, -100, -100, -100, -100, -100, -100, -100, -100, -100, -100, -100, -100, -100, -100, -100, -100, -100, -100, -100, -100, -100, -100, -100, -100, -100, -100, -100, -100, -100, -100, -100, -100, -100, -100, -100, -100, -100, -100, -100, -100, -100, -100, -100, -100, -100, -100, -100, -100, -100, -100, -100, -100, -100, -100, -100, -100, -100, -100, -100, -100, -100, -100, -100, -100, -100, -100, -100, -100, -100, -100, -100, -100, -100, -100, -100, -100, -100, -100, -100, -100, -100, -100, -100, -100, -100, -100, -100]
==================================================
********** DEBUG **********
Train dataset columns: ['global_id', 'source_text', 'source_metrics', 'metadata', 'simplification_text', 'target_metrics', 'simplification_version', 'grade_level', 'simplification_dimensions', 'prompt', 'completion', 'system_prompt_id', 'user_prompt_id', 'metric_name', 'source_metric_value', 'target_metric_value', 'input_ids', 'labels', 'attention_mask']
Validation dataset columns: ['global_id', 'source_text', 'source_metrics', 'metadata', 'simplification_text', 'target_metrics', 'simplification_version', 'grade_level', 'simplification_dimensions', 'prompt', 'completion', 'system_prompt_id', 'user_prompt_id', 'metric_name', 'source_metric_value', 'target_metric_value', 'input_ids', 'labels', 'attention_mask']
First 10 input_ids: [128000, 128000, 128006, 9125, 128007, 271, 38766, 1303, 33025, 2696]
First 10 labels: [-100, -100, -100, -100, -100, -100, -100, -100, -100, -100]

--- DEBUG: Explore first instance of the val set:
 {'global_id': 'wikilarge_ori_154025', 'source_text': 'All the Greatest Hits is an album from British band McFly .\n', 'source_metrics': {'FRE': 77.23, 'ARI': 4.6, 'FKGL': 5.2, 'Dale-Chall': 11.36, 'char_count': 60, 'alphanum_count': 47, 'word_count': 12, 'sentence_count': 1}, 'metadata': {'dataset': 'wikilarge_ori', 'experiment_split': '', 'domain': 'general', 'language': 'en', 'annotation': 'automatic', 'level': 'sentence'}, 'simplification_text': 'All the Greatest Hits is an album from the band McFly .\n', 'target_metrics': {'FRE': 85.69, 'ARI': 2.9, 'FKGL': 4.0, 'Dale-Chall': 9.92, 'char_count': 56, 'alphanum_count': 43, 'word_count': 12, 'sentence_count': 1, 'char_compression_rate': 0.93, 'word_compression_rate': 1.0, 'sentence_compression_rate': 1.0, 'BLEU': 73.48889200874659, 'BERTScore': 0.9892229437828064}, 'simplification_version': 1, 'grade_level': -1, 'simplification_dimensions': {'linguistic': {'lexical': False, 'syntactic': False}}, 'prompt': '<|begin_of_text|><|start_header_id|>system<|end_header_id|>\n\nCutting Knowledge Date: December 2023\nToday Date: 18 May 2025\n\nYou are a helpful expert in text simplification. You generate a simplified version of the text input by the user. You simplify the text according to the instructions given by the user. When asked to simplify a text, generate only the requested simplification, without any additional comments, notes or explanations.<|eot_id|><|start_header_id|>user<|end_header_id|>\n\nINSTRUCTION: Simplify the following text such that the length of the output text (number of words) relative to the source text is approximately equal to the ratio specified in the control token prepended to your generated simplification. The control token has the following format: <METRIC=VALUE>. \nSOURCE TEXT: All the Greatest Hits is an album from British band McFly .\n\nEXPLANATION: The <WORD_COMPRESSION=1.0> token specifies that the word-level compression rate should be around 1.0. Values less than 1 indicate text reduction. Values greater than 1 indicate text expansion.<|eot_id|><|start_header_id|>assistant<|end_header_id|>\n\n<WORD_COMPRESSION=1.0><|eot_id|>', 'completion': 'All the Greatest Hits is an album from the band McFly . <|eot_id|>', 'system_prompt_id': 'sys_prompt_6', 'user_prompt_id': 'token_explanation', 'metric_name': 'WORD_COMPRESSION', 'source_metric_value': None, 'target_metric_value': 1.0, 'input_ids': [128000, 128000, 128006, 9125, 128007, 271, 38766, 1303, 33025, 2696, 25, 6790, 220, 2366, 18, 198, 15724, 2696, 25, 220, 972, 3297, 220, 2366, 20, 271, 2675, 527, 264, 11190, 6335, 304, 1495, 15858, 2461, 13, 1472, 7068, 264, 44899, 2373, 315, 279, 1495, 1988, 555, 279, 1217, 13, 1472, 40821, 279, 1495, 4184, 311, 279, 11470, 2728, 555, 279, 1217, 13, 3277, 4691, 311, 40821, 264, 1495, 11, 7068, 1193, 279, 11472, 15858, 2461, 11, 2085, 904, 5217, 6170, 11, 8554, 477, 41941, 13, 128009, 128006, 882, 128007, 271, 691, 58555, 25, 62342, 1463, 279, 2768, 1495, 1778, 430, 279, 3160, 315, 279, 2612, 1495, 320, 4174, 315, 4339, 8, 8844, 311, 279, 2592, 1495, 374, 13489, 6273, 311, 279, 11595, 5300, 304, 279, 2585, 4037, 22033, 2954, 311, 701, 8066, 15858, 2461, 13, 578, 2585, 4037, 706, 279, 2768, 3645, 25, 366, 45975, 37078, 28, 24771, 14611, 720, 44098, 16139, 25, 2052, 279, 62912, 54751, 374, 459, 8176, 505, 8013, 7200, 4584, 54100, 6905, 3337, 95179, 3579, 25, 578, 366, 7375, 15318, 82763, 28, 16, 13, 15, 29, 4037, 30202, 430, 279, 3492, 11852, 26168, 4478, 1288, 387, 2212, 220, 16, 13, 15, 13, 26028, 2753, 1109, 220, 16, 13519, 1495, 14278, 13, 26028, 7191, 1109, 220, 16, 13519, 1495, 14800, 13, 128009, 128006, 78191, 128007, 271, 27, 7375, 15318, 82763, 28, 16, 13, 15, 29, 128009, 128000, 2460, 279, 62912, 54751, 374, 459, 8176, 505, 279, 7200, 4584, 54100, 662, 220, 128009, 128256, 128256, 128256, 128256, 128256, 128256, 128256, 128256, 128256, 128256, 128256, 128256, 128256, 128256, 128256, 128256, 128256, 128256, 128256, 128256, 128256, 128256, 128256, 128256, 128256, 128256, 128256, 128256, 128256, 128256, 128256, 128256, 128256, 128256, 128256, 128256, 128256, 128256, 128256, 128256, 128256, 128256, 128256, 128256, 128256, 128256, 128256, 128256, 128256, 128256, 128256, 128256, 128256, 128256, 128256, 128256, 128256, 128256, 128256, 128256, 128256, 128256, 128256, 128256, 128256, 128256, 128256, 128256, 128256, 128256, 128256, 128256, 128256, 128256, 128256, 128256, 128256, 128256, 128256, 128256, 128256, 128256, 128256, 128256, 128256, 128256, 128256, 128256, 128256, 128256, 128256, 128256, 128256, 128256, 128256, 128256, 128256, 128256, 128256, 128256, 128256, 128256, 128256, 128256, 128256, 128256, 128256, 128256, 128256, 128256, 128256, 128256, 128256, 128256, 128256, 128256, 128256, 128256, 128256, 128256, 128256, 128256, 128256, 128256, 128256, 128256, 128256, 128256, 128256, 128256, 128256, 128256, 128256, 128256, 128256, 128256, 128256, 128256, 128256, 128256, 128256, 128256, 128256, 128256, 128256, 128256, 128256, 128256, 128256, 128256, 128256, 128256, 128256, 128256, 128256, 128256, 128256, 128256, 128256, 128256, 128256, 128256, 128256, 128256, 128256, 128256, 128256, 128256, 128256, 128256, 128256, 128256, 128256, 128256, 128256, 128256, 128256, 128256, 128256, 128256, 128256, 128256, 128256, 128256, 128256, 128256, 128256, 128256, 128256, 128256, 128256, 128256, 128256, 128256, 128256, 128256, 128256, 128256, 128256, 128256, 128256, 128256, 128256, 128256, 128256, 128256, 128256, 128256, 128256, 128256, 128256, 128256, 128256, 128256, 128256, 128256, 128256, 128256, 128256, 128256, 128256, 128256, 128256, 128256, 128256, 128256, 128256, 128256, 128256, 128256, 128256, 128256, 128256, 128256, 128256, 128256, 128256, 128256, 128256, 128256, 128256, 128256, 128256, 128256, 128256, 128256, 128256, 128256, 128256, 128256, 128256, 128256, 128256, 128256, 128256, 128256, 128256, 128256, 128256, 128256, 128256, 128256, 128256, 128256, 128256, 128256, 128256], 'labels': [-100, -100, -100, -100, -100, -100, -100, -100, -100, -100, -100, -100, -100, -100, -100, -100, -100, -100, -100, -100, -100, -100, -100, -100, -100, -100, -100, -100, -100, -100, -100, -100, -100, -100, -100, -100, -100, -100, -100, -100, -100, -100, -100, -100, -100, -100, -100, -100, -100, -100, -100, -100, -100, -100, -100, -100, -100, -100, -100, -100, -100, -100, -100, -100, -100, -100, -100, -100, -100, -100, -100, -100, -100, -100, -100, -100, -100, -100, -100, -100, -100, -100, -100, -100, -100, -100, -100, -100, -100, -100, -100, -100, -100, -100, -100, -100, -100, -100, -100, -100, -100, -100, -100, -100, -100, -100, -100, -100, -100, -100, -100, -100, -100, -100, -100, -100, -100, -100, -100, -100, -100, -100, -100, -100, -100, -100, -100, -100, -100, -100, -100, -100, -100, -100, -100, -100, -100, -100, -100, -100, -100, -100, -100, -100, -100, -100, -100, -100, -100, -100, -100, -100, -100, -100, -100, -100, -100, -100, -100, -100, -100, -100, -100, -100, -100, -100, -100, -100, -100, -100, -100, -100, -100, -100, -100, -100, -100, -100, -100, -100, -100, -100, -100, -100, -100, -100, -100, -100, -100, -100, -100, -100, -100, -100, -100, -100, -100, -100, -100, -100, -100, -100, -100, -100, -100, -100, -100, -100, -100, -100, -100, -100, -100, -100, -100, -100, -100, -100, -100, -100, -100, -100, -100, -100, -100, -100, -100, -100, -100, 128000, 2460, 279, 62912, 54751, 374, 459, 8176, 505, 279, 7200, 4584, 54100, 662, 220, 128009, -100, -100, -100, -100, -100, -100, -100, -100, -100, -100, -100, -100, -100, -100, -100, -100, -100, -100, -100, -100, -100, -100, -100, -100, -100, -100, -100, -100, -100, -100, -100, -100, -100, -100, -100, -100, -100, -100, -100, -100, -100, -100, -100, -100, -100, -100, -100, -100, -100, -100, -100, -100, -100, -100, -100, -100, -100, -100, -100, -100, -100, -100, -100, -100, -100, -100, -100, -100, -100, -100, -100, -100, -100, -100, -100, -100, -100, -100, -100, -100, -100, -100, -100, -100, -100, -100, -100, -100, -100, -100, -100, -100, -100, -100, -100, -100, -100, -100, -100, -100, -100, -100, -100, -100, -100, -100, -100, -100, -100, -100, -100, -100, -100, -100, -100, -100, -100, -100, -100, -100, -100, -100, -100, -100, -100, -100, -100, -100, -100, -100, -100, -100, -100, -100, -100, -100, -100, -100, -100, -100, -100, -100, -100, -100, -100, -100, -100, -100, -100, -100, -100, -100, -100, -100, -100, -100, -100, -100, -100, -100, -100, -100, -100, -100, -100, -100, -100, -100, -100, -100, -100, -100, -100, -100, -100, -100, -100, -100, -100, -100, -100, -100, -100, -100, -100, -100, -100, -100, -100, -100, -100, -100, -100, -100, -100, -100, -100, -100, -100, -100, -100, -100, -100, -100, -100, -100, -100, -100, -100, -100, -100, -100, -100, -100, -100, -100, -100, -100, -100, -100, -100, -100, -100, -100, -100, -100, -100, -100, -100, -100, -100, -100, -100, -100, -100, -100, -100, -100, -100, -100, -100, -100, -100, -100, -100, -100, -100, -100, -100, -100, -100, -100, -100, -100, -100, -100, -100, -100, -100, -100, -100, -100, -100, -100, -100, -100, -100], 'attention_mask': [1, 1, 1, 1, 1, 1, 1, 1, 1, 1, 1, 1, 1, 1, 1, 1, 1, 1, 1, 1, 1, 1, 1, 1, 1, 1, 1, 1, 1, 1, 1, 1, 1, 1, 1, 1, 1, 1, 1, 1, 1, 1, 1, 1, 1, 1, 1, 1, 1, 1, 1, 1, 1, 1, 1, 1, 1, 1, 1, 1, 1, 1, 1, 1, 1, 1, 1, 1, 1, 1, 1, 1, 1, 1, 1, 1, 1, 1, 1, 1, 1, 1, 1, 1, 1, 1, 1, 1, 1, 1, 1, 1, 1, 1, 1, 1, 1, 1, 1, 1, 1, 1, 1, 1, 1, 1, 1, 1, 1, 1, 1, 1, 1, 1, 1, 1, 1, 1, 1, 1, 1, 1, 1, 1, 1, 1, 1, 1, 1, 1, 1, 1, 1, 1, 1, 1, 1, 1, 1, 1, 1, 1, 1, 1, 1, 1, 1, 1, 1, 1, 1, 1, 1, 1, 1, 1, 1, 1, 1, 1, 1, 1, 1, 1, 1, 1, 1, 1, 1, 1, 1, 1, 1, 1, 1, 1, 1, 1, 1, 1, 1, 1, 1, 1, 1, 1, 1, 1, 1, 1, 1, 1, 1, 1, 1, 1, 1, 1, 1, 1, 1, 1, 1, 1, 1, 1, 1, 1, 1, 1, 1, 1, 1, 1, 1, 1, 1, 1, 1, 1, 1, 1, 1, 1, 1, 1, 1, 1, 1, 1, 1, 1, 1, 1, 1, 1, 1, 1, 1, 1, 1, 1, 1, 1, 1, 0, 0, 0, 0, 0, 0, 0, 0, 0, 0, 0, 0, 0, 0, 0, 0, 0, 0, 0, 0, 0, 0, 0, 0, 0, 0, 0, 0, 0, 0, 0, 0, 0, 0, 0, 0, 0, 0, 0, 0, 0, 0, 0, 0, 0, 0, 0, 0, 0, 0, 0, 0, 0, 0, 0, 0, 0, 0, 0, 0, 0, 0, 0, 0, 0, 0, 0, 0, 0, 0, 0, 0, 0, 0, 0, 0, 0, 0, 0, 0, 0, 0, 0, 0, 0, 0, 0, 0, 0, 0, 0, 0, 0, 0, 0, 0, 0, 0, 0, 0, 0, 0, 0, 0, 0, 0, 0, 0, 0, 0, 0, 0, 0, 0, 0, 0, 0, 0, 0, 0, 0, 0, 0, 0, 0, 0, 0, 0, 0, 0, 0, 0, 0, 0, 0, 0, 0, 0, 0, 0, 0, 0, 0, 0, 0, 0, 0, 0, 0, 0, 0, 0, 0, 0, 0, 0, 0, 0, 0, 0, 0, 0, 0, 0, 0, 0, 0, 0, 0, 0, 0, 0, 0, 0, 0, 0, 0, 0, 0, 0, 0, 0, 0, 0, 0, 0, 0, 0, 0, 0, 0, 0, 0, 0, 0, 0, 0, 0, 0, 0, 0, 0, 0, 0, 0, 0, 0, 0, 0, 0, 0, 0, 0, 0, 0, 0, 0, 0, 0, 0, 0, 0, 0, 0, 0, 0, 0, 0, 0, 0, 0, 0, 0, 0, 0, 0, 0, 0, 0, 0, 0, 0, 0, 0, 0, 0, 0, 0, 0, 0, 0, 0, 0, 0, 0, 0, 0, 0, 0, 0, 0, 0, 0, 0, 0, 0, 0]}
type of input_ids: <class 'list'>
type of labels: <class 'list'>

--- DEBUG: Tokenized fields ---
--- Tokenizer vocab size: 128000
--- input_ids: [128000, 128000, 128006, 9125, 128007, 271, 38766, 1303, 33025, 2696, 25, 6790, 220, 2366, 18, 198, 15724, 2696, 25, 220, 972, 3297, 220, 2366, 20, 271, 2675, 527, 264, 11190, 6335, 304, 1495, 15858, 2461, 13, 1472, 7068, 264, 44899, 2373, 315, 279, 1495, 1988, 555, 279, 1217, 13, 1472, 40821, 279, 1495, 4184, 311, 279, 11470, 2728, 555, 279, 1217, 13, 3277, 4691, 311, 40821, 264, 1495, 11, 7068, 1193, 279, 11472, 15858, 2461, 11, 2085, 904, 5217, 6170, 11, 8554, 477, 41941, 13, 128009, 128006, 882, 128007, 271, 691, 58555, 25, 62342, 1463, 279, 2768, 1495, 1778, 430, 279, 3160, 315, 279, 2612, 1495, 320, 4174, 315, 4339, 8, 8844, 311, 279, 2592, 1495, 374, 13489, 6273, 311, 279, 11595, 5300, 304, 279, 2585, 4037, 22033, 2954, 311, 701, 8066, 15858, 2461, 13, 578, 2585, 4037, 706, 279, 2768, 3645, 25, 366, 45975, 37078, 28, 24771, 14611, 720, 44098, 16139, 25, 578, 4751, 3436, 735, 8669, 51710, 3436, 574, 14592, 505, 1708, 79451, 20277, 370, 79451, 4339, 7438, 3436, 2678, 5679, 3436, 6905, 3337, 95179, 3579, 25, 578, 366, 7375, 15318, 82763, 28, 15, 13, 2495, 29, 4037, 30202, 430, 279, 3492, 11852, 26168, 4478, 1288, 387, 2212, 220, 15, 13, 2495, 13, 26028, 2753, 1109, 220, 16, 13519, 1495, 14278, 13, 26028, 7191, 1109, 220, 16, 13519, 1495, 14800, 13, 128009, 128006, 78191, 128007, 271, 27, 7375, 15318, 82763, 28, 15, 13, 2495, 29, 128009, 128000, 791, 1708, 79451, 735, 8669, 51710, 374, 264, 18671, 28875, 315, 5679, 315, 993, 11289, 955, 662, 220, 128009, 128256, 128256, 128256, 128256, 128256, 128256, 128256, 128256, 128256, 128256, 128256, 128256, 128256, 128256, 128256, 128256, 128256, 128256, 128256, 128256, 128256, 128256, 128256, 128256, 128256, 128256, 128256, 128256, 128256, 128256, 128256, 128256, 128256, 128256, 128256, 128256, 128256, 128256, 128256, 128256, 128256, 128256, 128256, 128256, 128256, 128256, 128256, 128256, 128256, 128256, 128256, 128256, 128256, 128256, 128256, 128256, 128256, 128256, 128256, 128256, 128256, 128256, 128256, 128256, 128256, 128256, 128256, 128256, 128256, 128256, 128256, 128256, 128256, 128256, 128256, 128256, 128256, 128256, 128256, 128256, 128256, 128256, 128256, 128256, 128256, 128256, 128256, 128256, 128256, 128256, 128256, 128256, 128256, 128256, 128256, 128256, 128256, 128256, 128256, 128256, 128256, 128256, 128256, 128256, 128256, 128256, 128256, 128256, 128256, 128256, 128256, 128256, 128256, 128256, 128256, 128256, 128256, 128256, 128256, 128256, 128256, 128256, 128256, 128256, 128256, 128256, 128256, 128256, 128256, 128256, 128256, 128256, 128256, 128256, 128256, 128256, 128256, 128256, 128256, 128256, 128256, 128256, 128256, 128256, 128256, 128256, 128256, 128256, 128256, 128256, 128256, 128256, 128256, 128256, 128256, 128256, 128256, 128256, 128256, 128256, 128256, 128256, 128256, 128256, 128256, 128256, 128256, 128256, 128256, 128256, 128256, 128256, 128256, 128256, 128256, 128256, 128256, 128256, 128256, 128256, 128256, 128256, 128256, 128256, 128256, 128256, 128256, 128256, 128256, 128256, 128256, 128256, 128256, 128256, 128256, 128256, 128256, 128256, 128256, 128256, 128256, 128256, 128256, 128256, 128256, 128256, 128256, 128256, 128256, 128256, 128256, 128256, 128256, 128256, 128256, 128256, 128256, 128256, 128256, 128256, 128256, 128256, 128256, 128256, 128256, 128256, 128256, 128256, 128256, 128256, 128256, 128256, 128256, 128256, 128256, 128256, 128256, 128256, 128256, 128256, 128256, 128256, 128256, 128256, 128256, 128256, 128256, 128256, 128256, 128256, 128256, 128256, 128256, 128256]
--- labels: [-100, -100, -100, -100, -100, -100, -100, -100, -100, -100, -100, -100, -100, -100, -100, -100, -100, -100, -100, -100, -100, -100, -100, -100, -100, -100, -100, -100, -100, -100, -100, -100, -100, -100, -100, -100, -100, -100, -100, -100, -100, -100, -100, -100, -100, -100, -100, -100, -100, -100, -100, -100, -100, -100, -100, -100, -100, -100, -100, -100, -100, -100, -100, -100, -100, -100, -100, -100, -100, -100, -100, -100, -100, -100, -100, -100, -100, -100, -100, -100, -100, -100, -100, -100, -100, -100, -100, -100, -100, -100, -100, -100, -100, -100, -100, -100, -100, -100, -100, -100, -100, -100, -100, -100, -100, -100, -100, -100, -100, -100, -100, -100, -100, -100, -100, -100, -100, -100, -100, -100, -100, -100, -100, -100, -100, -100, -100, -100, -100, -100, -100, -100, -100, -100, -100, -100, -100, -100, -100, -100, -100, -100, -100, -100, -100, -100, -100, -100, -100, -100, -100, -100, -100, -100, -100, -100, -100, -100, -100, -100, -100, -100, -100, -100, -100, -100, -100, -100, -100, -100, -100, -100, -100, -100, -100, -100, -100, -100, -100, -100, -100, -100, -100, -100, -100, -100, -100, -100, -100, -100, -100, -100, -100, -100, -100, -100, -100, -100, -100, -100, -100, -100, -100, -100, -100, -100, -100, -100, -100, -100, -100, -100, -100, -100, -100, -100, -100, -100, -100, -100, -100, -100, -100, -100, -100, -100, -100, -100, -100, -100, -100, -100, -100, -100, -100, -100, -100, -100, 128000, 791, 1708, 79451, 735, 8669, 51710, 374, 264, 18671, 28875, 315, 5679, 315, 993, 11289, 955, 662, 220, 128009, -100, -100, -100, -100, -100, -100, -100, -100, -100, -100, -100, -100, -100, -100, -100, -100, -100, -100, -100, -100, -100, -100, -100, -100, -100, -100, -100, -100, -100, -100, -100, -100, -100, -100, -100, -100, -100, -100, -100, -100, -100, -100, -100, -100, -100, -100, -100, -100, -100, -100, -100, -100, -100, -100, -100, -100, -100, -100, -100, -100, -100, -100, -100, -100, -100, -100, -100, -100, -100, -100, -100, -100, -100, -100, -100, -100, -100, -100, -100, -100, -100, -100, -100, -100, -100, -100, -100, -100, -100, -100, -100, -100, -100, -100, -100, -100, -100, -100, -100, -100, -100, -100, -100, -100, -100, -100, -100, -100, -100, -100, -100, -100, -100, -100, -100, -100, -100, -100, -100, -100, -100, -100, -100, -100, -100, -100, -100, -100, -100, -100, -100, -100, -100, -100, -100, -100, -100, -100, -100, -100, -100, -100, -100, -100, -100, -100, -100, -100, -100, -100, -100, -100, -100, -100, -100, -100, -100, -100, -100, -100, -100, -100, -100, -100, -100, -100, -100, -100, -100, -100, -100, -100, -100, -100, -100, -100, -100, -100, -100, -100, -100, -100, -100, -100, -100, -100, -100, -100, -100, -100, -100, -100, -100, -100, -100, -100, -100, -100, -100, -100, -100, -100, -100, -100, -100, -100, -100, -100, -100, -100, -100, -100, -100, -100, -100, -100, -100, -100, -100, -100, -100, -100, -100, -100, -100, -100, -100, -100, -100, -100, -100, -100, -100, -100, -100, -100, -100, -100, -100, -100, -100, -100, -100, -100, -100, -100, -100, -100, -100, -100, -100, -100, -100, -100]
--- decoded input_ids:
 <|begin_of_text|><|begin_of_text|><|start_header_id|>system<|end_header_id|>

Cutting Knowledge Date: December 2023
Today Date: 18 May 2025

You are a helpful expert in text simplification. You generate a simplified version of the text input by the user. You simplify the text according to the instructions given by the user. When asked to simplify a text, generate only the requested simplification, without any additional comments, notes or explanations.<|eot_id|><|start_header_id|>user<|end_header_id|>

INSTRUCTION: Simplify the following text such that the length of the output text (number of words) relative to the source text is approximately equal to the ratio specified in the control token prepended to your generated simplification. The control token has the following format: <METRIC=VALUE>. 
SOURCE TEXT: The term '' Klee Kai '' was derived from Alaskan Athabaskan words meaning '' small dog ''.

EXPLANATION: The <WORD_COMPRESSION=0.78> token specifies that the word-level compression rate should be around 0.78. Values less than 1 indicate text reduction. Values greater than 1 indicate text expansion.<|eot_id|><|start_header_id|>assistant<|end_header_id|>

<WORD_COMPRESSION=0.78><|eot_id|><|begin_of_text|>The Alaskan Klee Kai is a northern breed of dog of spitz type. <|eot_id|>[PAD][PAD][PAD][PAD][PAD][PAD][PAD][PAD][PAD][PAD][PAD][PAD][PAD][PAD][PAD][PAD][PAD][PAD][PAD][PAD][PAD][PAD][PAD][PAD][PAD][PAD][PAD][PAD][PAD][PAD][PAD][PAD][PAD][PAD][PAD][PAD][PAD][PAD][PAD][PAD][PAD][PAD][PAD][PAD][PAD][PAD][PAD][PAD][PAD][PAD][PAD][PAD][PAD][PAD][PAD][PAD][PAD][PAD][PAD][PAD][PAD][PAD][PAD][PAD][PAD][PAD][PAD][PAD][PAD][PAD][PAD][PAD][PAD][PAD][PAD][PAD][PAD][PAD][PAD][PAD][PAD][PAD][PAD][PAD][PAD][PAD][PAD][PAD][PAD][PAD][PAD][PAD][PAD][PAD][PAD][PAD][PAD][PAD][PAD][PAD][PAD][PAD][PAD][PAD][PAD][PAD][PAD][PAD][PAD][PAD][PAD][PAD][PAD][PAD][PAD][PAD][PAD][PAD][PAD][PAD][PAD][PAD][PAD][PAD][PAD][PAD][PAD][PAD][PAD][PAD][PAD][PAD][PAD][PAD][PAD][PAD][PAD][PAD][PAD][PAD][PAD][PAD][PAD][PAD][PAD][PAD][PAD][PAD][PAD][PAD][PAD][PAD][PAD][PAD][PAD][PAD][PAD][PAD][PAD][PAD][PAD][PAD][PAD][PAD][PAD][PAD][PAD][PAD][PAD][PAD][PAD][PAD][PAD][PAD][PAD][PAD][PAD][PAD][PAD][PAD][PAD][PAD][PAD][PAD][PAD][PAD][PAD][PAD][PAD][PAD][PAD][PAD][PAD][PAD][PAD][PAD][PAD][PAD][PAD][PAD][PAD][PAD][PAD][PAD][PAD][PAD][PAD][PAD][PAD][PAD][PAD][PAD][PAD][PAD][PAD][PAD][PAD][PAD][PAD][PAD][PAD][PAD][PAD][PAD][PAD][PAD][PAD][PAD][PAD][PAD][PAD][PAD][PAD][PAD][PAD][PAD][PAD][PAD][PAD][PAD][PAD][PAD][PAD][PAD][PAD][PAD][PAD][PAD][PAD][PAD][PAD][PAD][PAD][PAD]
--- decoded labels:
 The Alaskan Klee Kai is a northern breed of dog of spitz type. 
{'loss': 3.0827, 'grad_norm': 81.43925476074219, 'learning_rate': 1.5e-06, 'epoch': 0.25}
{'eval_loss': 2.3849689960479736, 'eval_runtime': 1.9561, 'eval_samples_per_second': 46.01, 'eval_steps_per_second': 11.758, 'epoch': 0.25}

>>> [Step 20] Prompt:
<|begin_of_text|><|start_header_id|>system<|end_header_id|>

Cutting Knowledge Date: December 2023
Today Date: 18 May 2025

You are a helpful expert in text simplification. You generate a simplified version of the text input by the user. You simplify the text according to the instructions given by the user. When asked to simplify a text, generate only the requested simplification, without any additional comments, notes or explanations.<|eot_id|><|start_header_id|>user<|end_header_id|>

INSTRUCTION: Simplify the following text such that the length of the output text (number of words) relative to the source text is approximately equal to the ratio specified in the control token prepended to your generated simplification. The control token has the following format: <METRIC=VALUE>. 
SOURCE TEXT: Okeechobee covers 730 square miles -LRB- 1,890 kmÂ -RRB- , approximately half the size of the state of Rhode Island , and is exceptionally shallow for a lake of its size , with an average depth of only 9 feet -LRB- 3 m -RRB- .

EXPLANATION: The <WORD_COMPRESSION=0.38> token specifies that the word-level compression rate should be around 0.38. Values less than 1 indicate text reduction. Values greater than 1 indicate text expansion.<|eot_id|><|start_header_id|>assistant<|end_header_id|>

<WORD_COMPRESSION=0.38><|eot_id|>
>>> Reference:
Lake Okeechobee covers about 730 square miles -LRB- about half the size of Rhode Island -RRB- . <|eot_id|>
>>> Prediction:
# Okeechobee covers 730 square miles -LRB- 1,890 kmÂ -RRB-, approximately half the size of the state of Rhode Island, and is exceptionally shallow for a lake of its size, with an average depth of only 9 feet -LRB- 3 m -RRB-. 
================================================================================

>>> [Step 20] Prompt:
<|begin_of_text|><|start_header_id|>system<|end_header_id|>

Cutting Knowledge Date: December 2023
Today Date: 18 May 2025

You are a helpful expert in text simplification. You generate a simplified version of the text input by the user. You simplify the text according to the instructions given by the user. When asked to simplify a text, generate only the requested simplification, without any additional comments, notes or explanations.<|eot_id|><|start_header_id|>user<|end_header_id|>

INSTRUCTION: Simplify the following text such that the length of the output text (number of words) relative to the source text is approximately equal to the ratio specified in the control token prepended to your generated simplification. The control token has the following format: <METRIC=VALUE>. 
SOURCE TEXT: Amettes is a commune in the Pas-de-Calais department in the Nord-Pas-de-Calais region of France .

EXPLANATION: The <WORD_COMPRESSION=1.47> token specifies that the word-level compression rate should be around 1.47. Values less than 1 indicate text reduction. Values greater than 1 indicate text expansion.<|eot_id|><|start_header_id|>assistant<|end_header_id|>

<WORD_COMPRESSION=1.47><|eot_id|>
>>> Reference:
Amettes is a commune . It is found in the region Nord-Pas-de-Calais in the Pas-de-Calais department in the north of France . <|eot_id|>
>>> Prediction:
def get_number_of_words(text):
    return len(text.split())

def get_word_level_compression(text):
    return 1 - get_number_of_words(text) / 100

def simplify_text(text):
    words = get_word_level_compression(text)
    return "Amettes is a commune in the Pas-de-Calais department in the Nord-Pas-de-Calais region of France.  " + str(words) + " people live there. " + text

print(simplify_text("Amettes is a commune in the Pas-de-Calais department in the Nord-Pas-de-Calais region of France.  " + str(get_number_of_words("Amettes is a commune in the Pas-de-Calais department in the Nord-Pas-de-Calais region of France.  " + str(get_number_of_words("Amettes is a commune in the Pas-de-Calais department in the Nord-Pas-de-Calais region of France.  " + str(get_number_of_words("Amettes is a commune in the Pas-de-Calais department in the Nord-Pas-de-Calais region of France.  " + str(get_number_of_words("Amettes is a commune in the Pas-de-Calais department in the Nord-Pas-de-Calais region of France.  " + str(get_number_of_words("Amettes is a commune in the Pas-de-Calais department in the Nord-Pas-de-Calais region of France.  " + str
================================================================================

>>> [Step 20] Prompt:
<|begin_of_text|><|start_header_id|>system<|end_header_id|>

Cutting Knowledge Date: December 2023
Today Date: 18 May 2025

You are a helpful expert in text simplification. You generate a simplified version of the text input by the user. You simplify the text according to the instructions given by the user. When asked to simplify a text, generate only the requested simplification, without any additional comments, notes or explanations.<|eot_id|><|start_header_id|>user<|end_header_id|>

INSTRUCTION: Simplify the following text such that the length of the output text (number of words) relative to the source text is approximately equal to the ratio specified in the control token prepended to your generated simplification. The control token has the following format: <METRIC=VALUE>. 
SOURCE TEXT: Between 1446 and 1448 Ockeghem served Charles I , Duke of Bourbon , at his court in Moulins , now in central France .

EXPLANATION: The <WORD_COMPRESSION=0.83> token specifies that the word-level compression rate should be around 0.83. Values less than 1 indicate text reduction. Values greater than 1 indicate text expansion.<|eot_id|><|start_header_id|>assistant<|end_header_id|>

<WORD_COMPRESSION=0.83><|eot_id|>
>>> Reference:
His first important job was working for Charles I , Duke of Bourbon in Moulins , -LRB- France -RRB- . <|eot_id|>
>>> Prediction:
# The Duke of Bourbon, Charles I, was the Duke of Ockeghem. 
================================================================================

>>> [Step 20] Prompt:
<|begin_of_text|><|start_header_id|>system<|end_header_id|>

Cutting Knowledge Date: December 2023
Today Date: 18 May 2025

You are a helpful expert in text simplification. You generate a simplified version of the text input by the user. You simplify the text according to the instructions given by the user. When asked to simplify a text, generate only the requested simplification, without any additional comments, notes or explanations.<|eot_id|><|start_header_id|>user<|end_header_id|>

INSTRUCTION: Simplify the following text such that the length of the output text (number of words) relative to the source text is approximately equal to the ratio specified in the control token prepended to your generated simplification. The control token has the following format: <METRIC=VALUE>. 
SOURCE TEXT: The county was named for the Delaware Indians resettled in what was then Indian Territory in the 1830s .

EXPLANATION: The <WORD_COMPRESSION=0.32> token specifies that the word-level compression rate should be around 0.32. Values less than 1 indicate text reduction. Values greater than 1 indicate text expansion.<|eot_id|><|start_header_id|>assistant<|end_header_id|>

<WORD_COMPRESSION=0.32><|eot_id|>
>>> Reference:
Its county seat is Jay . <|eot_id|>
>>> Prediction:
def  :  The county was named for the Delaware Indians resettled in what was then Indian Territory in the 1830s. 
================================================================================
{'loss': 1.7882, 'grad_norm': 21.959421157836914, 'learning_rate': 3.1666666666666667e-06, 'epoch': 0.51}
{'eval_loss': 1.2795116901397705, 'eval_runtime': 1.9627, 'eval_samples_per_second': 45.855, 'eval_steps_per_second': 11.719, 'epoch': 0.51}
{'loss': 1.2503, 'grad_norm': 16.417726516723633, 'learning_rate': 4.833333333333333e-06, 'epoch': 0.76}
{'eval_loss': 1.1033376455307007, 'eval_runtime': 1.9558, 'eval_samples_per_second': 46.017, 'eval_steps_per_second': 11.76, 'epoch': 0.76}

>>> [Step 40] Prompt:
<|begin_of_text|><|start_header_id|>system<|end_header_id|>

Cutting Knowledge Date: December 2023
Today Date: 18 May 2025

You are a helpful expert in text simplification. You generate a simplified version of the text input by the user. You simplify the text according to the instructions given by the user. When asked to simplify a text, generate only the requested simplification, without any additional comments, notes or explanations.<|eot_id|><|start_header_id|>user<|end_header_id|>

INSTRUCTION: Simplify the following text such that the length of the output text (number of words) relative to the source text is approximately equal to the ratio specified in the control token prepended to your generated simplification. The control token has the following format: <METRIC=VALUE>. 
SOURCE TEXT: Biarritz is located in the PyrÃ nÃ es-Atlantiques department in the Aquitaine region .

EXPLANATION: The <WORD_COMPRESSION=1.29> token specifies that the word-level compression rate should be around 1.29. Values less than 1 indicate text reduction. Values greater than 1 indicate text expansion.<|eot_id|><|start_header_id|>assistant<|end_header_id|>

<WORD_COMPRESSION=1.29><|eot_id|>
>>> Reference:
Biarritz is a commune of the PyrÃ nÃ es-Atlantiques dÃ partement in the southwestern part of France . <|eot_id|>
>>> Prediction:
The city is in the Aquitaine region in the PyrÃ nÃ es-Atlantiques department in the southwest of France. 
================================================================================

>>> [Step 40] Prompt:
<|begin_of_text|><|start_header_id|>system<|end_header_id|>

Cutting Knowledge Date: December 2023
Today Date: 18 May 2025

You are a helpful expert in text simplification. You generate a simplified version of the text input by the user. You simplify the text according to the instructions given by the user. When asked to simplify a text, generate only the requested simplification, without any additional comments, notes or explanations.<|eot_id|><|start_header_id|>user<|end_header_id|>

INSTRUCTION: Simplify the following text such that the length of the output text (number of words) relative to the source text is approximately equal to the ratio specified in the control token prepended to your generated simplification. The control token has the following format: <METRIC=VALUE>. 
SOURCE TEXT: Shaw himself guest conducted from time to time , ending his self-imposed retirement .

EXPLANATION: The <WORD_COMPRESSION=1.07> token specifies that the word-level compression rate should be around 1.07. Values less than 1 indicate text reduction. Values greater than 1 indicate text expansion.<|eot_id|><|start_header_id|>assistant<|end_header_id|>

<WORD_COMPRESSION=1.07><|eot_id|>
>>> Reference:
Shaw himself would guest conduct from time to time , ending his self-imposed retirement . <|eot_id|>
>>> Prediction:
defunct, he has been guest conducting at time to time. 
================================================================================

>>> [Step 40] Prompt:
<|begin_of_text|><|start_header_id|>system<|end_header_id|>

Cutting Knowledge Date: December 2023
Today Date: 18 May 2025

You are a helpful expert in text simplification. You generate a simplified version of the text input by the user. You simplify the text according to the instructions given by the user. When asked to simplify a text, generate only the requested simplification, without any additional comments, notes or explanations.<|eot_id|><|start_header_id|>user<|end_header_id|>

INSTRUCTION: Simplify the following text such that the length of the output text (number of words) relative to the source text is approximately equal to the ratio specified in the control token prepended to your generated simplification. The control token has the following format: <METRIC=VALUE>. 
SOURCE TEXT: A jug band is a band employing a jug player and a mix of traditional and home-made instruments .

EXPLANATION: The <WORD_COMPRESSION=0.95> token specifies that the word-level compression rate should be around 0.95. Values less than 1 indicate text reduction. Values greater than 1 indicate text expansion.<|eot_id|><|start_header_id|>assistant<|end_header_id|>

<WORD_COMPRESSION=0.95><|eot_id|>
>>> Reference:
A jug band is a band that has a jug player and a variety of home-made instruments . <|eot_id|>
>>> Prediction:
The jug band is a band that plays a jug. The jug is a type of drum. 
================================================================================

>>> [Step 40] Prompt:
<|begin_of_text|><|start_header_id|>system<|end_header_id|>

Cutting Knowledge Date: December 2023
Today Date: 18 May 2025

You are a helpful expert in text simplification. You generate a simplified version of the text input by the user. You simplify the text according to the instructions given by the user. When asked to simplify a text, generate only the requested simplification, without any additional comments, notes or explanations.<|eot_id|><|start_header_id|>user<|end_header_id|>

INSTRUCTION: Simplify the following text such that the length of the output text (number of words) relative to the source text is approximately equal to the ratio specified in the control token prepended to your generated simplification. The control token has the following format: <METRIC=VALUE>. 
SOURCE TEXT: Notable lakes Lake Michigan-Huron is the largest lake by surface area : 117,350 km ² .

EXPLANATION: The <WORD_COMPRESSION=1.25> token specifies that the word-level compression rate should be around 1.25. Values less than 1 indicate text reduction. Values greater than 1 indicate text expansion.<|eot_id|><|start_header_id|>assistant<|end_header_id|>

<WORD_COMPRESSION=1.25><|eot_id|>
>>> Reference:
Notable lakes The largest lake in the world by area is the Caspian Sea , with 394,299 km ² . <|eot_id|>
>>> Prediction:
# Lake Michigan-Huron is the largest lake by surface area : 117,350 km ². 
================================================================================
{'loss': 1.1855, 'grad_norm': 15.942283630371094, 'learning_rate': 4.869132927957007e-06, 'epoch': 1.0}
{'eval_loss': 1.0753543376922607, 'eval_runtime': 1.9664, 'eval_samples_per_second': 45.769, 'eval_steps_per_second': 11.697, 'epoch': 1.0}
{'loss': 1.0344, 'grad_norm': 9.602642059326172, 'learning_rate': 4.434314598432091e-06, 'epoch': 1.25}
{'eval_loss': 1.0632610321044922, 'eval_runtime': 1.9545, 'eval_samples_per_second': 46.048, 'eval_steps_per_second': 11.768, 'epoch': 1.25}

>>> [Step 60] Prompt:
<|begin_of_text|><|start_header_id|>system<|end_header_id|>

Cutting Knowledge Date: December 2023
Today Date: 18 May 2025

You are a helpful expert in text simplification. You generate a simplified version of the text input by the user. You simplify the text according to the instructions given by the user. When asked to simplify a text, generate only the requested simplification, without any additional comments, notes or explanations.<|eot_id|><|start_header_id|>user<|end_header_id|>

INSTRUCTION: Simplify the following text such that the length of the output text (number of words) relative to the source text is approximately equal to the ratio specified in the control token prepended to your generated simplification. The control token has the following format: <METRIC=VALUE>. 
SOURCE TEXT: The Picture of Dorian Gray -LRB- Penguin Classics -RRB- -- Introduction Wilde later revised this edition , making several alterations , and adding new chapters ; the amended version was published by Ward , Lock , and Company in April 1891 .

EXPLANATION: The <WORD_COMPRESSION=0.5> token specifies that the word-level compression rate should be around 0.5. Values less than 1 indicate text reduction. Values greater than 1 indicate text expansion.<|eot_id|><|start_header_id|>assistant<|end_header_id|>

<WORD_COMPRESSION=0.5><|eot_id|>
>>> Reference:
The Picture of Dorian Gray is about a young man named Dorian Gray who has a portrait painted of himself . <|eot_id|>
>>> Prediction:
The Picture of Dorian Gray -LRB- Penguin Classics -RRB- -- Introduction Wilde later revised this edition, making several alterations, and adding new chapters. 
================================================================================

>>> [Step 60] Prompt:
<|begin_of_text|><|start_header_id|>system<|end_header_id|>

Cutting Knowledge Date: December 2023
Today Date: 18 May 2025

You are a helpful expert in text simplification. You generate a simplified version of the text input by the user. You simplify the text according to the instructions given by the user. When asked to simplify a text, generate only the requested simplification, without any additional comments, notes or explanations.<|eot_id|><|start_header_id|>user<|end_header_id|>

INSTRUCTION: Simplify the following text such that the length of the output text (number of words) relative to the source text is approximately equal to the ratio specified in the control token prepended to your generated simplification. The control token has the following format: <METRIC=VALUE>. 
SOURCE TEXT: Civil unrest in northern Italy spawns the medieval musical form of Geisslerlieder , penitential songs sung by wandering bands of Flagellants .

EXPLANATION: The <WORD_COMPRESSION=0.86> token specifies that the word-level compression rate should be around 0.86. Values less than 1 indicate text reduction. Values greater than 1 indicate text expansion.<|eot_id|><|start_header_id|>assistant<|end_header_id|>

<WORD_COMPRESSION=0.86><|eot_id|>
>>> Reference:
Civil unrest in northern Italy spawns the medieval musical form of songs sung by wandering bands of Flagellants . <|eot_id|>
>>> Prediction:
The medieval musical form of Geisslerlieder is the penitential song sung by wandering bands of Flagellants. 
================================================================================

>>> [Step 60] Prompt:
<|begin_of_text|><|start_header_id|>system<|end_header_id|>

Cutting Knowledge Date: December 2023
Today Date: 18 May 2025

You are a helpful expert in text simplification. You generate a simplified version of the text input by the user. You simplify the text according to the instructions given by the user. When asked to simplify a text, generate only the requested simplification, without any additional comments, notes or explanations.<|eot_id|><|start_header_id|>user<|end_header_id|>

INSTRUCTION: Simplify the following text such that the length of the output text (number of words) relative to the source text is approximately equal to the ratio specified in the control token prepended to your generated simplification. The control token has the following format: <METRIC=VALUE>. 
SOURCE TEXT: Today , most codeine is synthesized from morphine through the process of O-methylation .

EXPLANATION: The <WORD_COMPRESSION=1.0> token specifies that the word-level compression rate should be around 1.0. Values less than 1 indicate text reduction. Values greater than 1 indicate text expansion.<|eot_id|><|start_header_id|>assistant<|end_header_id|>

<WORD_COMPRESSION=1.0><|eot_id|>
>>> Reference:
Now , most codeine is made from morphine through the process of O-methylation . <|eot_id|>
>>> Prediction:
It is made from morphine through a process called O-methylation. 
================================================================================

>>> [Step 60] Prompt:
<|begin_of_text|><|start_header_id|>system<|end_header_id|>

Cutting Knowledge Date: December 2023
Today Date: 18 May 2025

You are a helpful expert in text simplification. You generate a simplified version of the text input by the user. You simplify the text according to the instructions given by the user. When asked to simplify a text, generate only the requested simplification, without any additional comments, notes or explanations.<|eot_id|><|start_header_id|>user<|end_header_id|>

INSTRUCTION: Simplify the following text such that the length of the output text (number of words) relative to the source text is approximately equal to the ratio specified in the control token prepended to your generated simplification. The control token has the following format: <METRIC=VALUE>. 
SOURCE TEXT: Founded in 1541 by Jorge Robledo as Villa de SantafÃ on the western bank of the Cauca River , in 1545 it received the coat of arms and the title of City of Antioquia from King Philip II of Spain .

EXPLANATION: The <WORD_COMPRESSION=1.1> token specifies that the word-level compression rate should be around 1.1. Values less than 1 indicate text reduction. Values greater than 1 indicate text expansion.<|eot_id|><|start_header_id|>assistant<|end_header_id|>

<WORD_COMPRESSION=1.1><|eot_id|>
>>> Reference:
It was founded by the name Villa de SantafÃ in 1541 by Jorge Robledo on the western bank of the Cauca River . It received the coat of arms and the title of City of Antioquia from King Philip II of Spain in 1545 . <|eot_id|>
>>> Prediction:
The city was founded in 1541 by Jorge Robledo as Villa de SantafÃ on the western bank of the Cauca River. 
================================================================================
{'loss': 0.9587, 'grad_norm': 12.09498119354248, 'learning_rate': 3.7500000000000005e-06, 'epoch': 1.51}
{'eval_loss': 1.0546460151672363, 'eval_runtime': 1.958, 'eval_samples_per_second': 45.966, 'eval_steps_per_second': 11.747, 'epoch': 1.51}
{'loss': 0.8078, 'grad_norm': 11.26144027709961, 'learning_rate': 2.9044549913819125e-06, 'epoch': 1.76}
{'eval_loss': 1.0462641716003418, 'eval_runtime': 1.9979, 'eval_samples_per_second': 45.047, 'eval_steps_per_second': 11.512, 'epoch': 1.76}

>>> [Step 80] Prompt:
<|begin_of_text|><|start_header_id|>system<|end_header_id|>

Cutting Knowledge Date: December 2023
Today Date: 18 May 2025

You are a helpful expert in text simplification. You generate a simplified version of the text input by the user. You simplify the text according to the instructions given by the user. When asked to simplify a text, generate only the requested simplification, without any additional comments, notes or explanations.<|eot_id|><|start_header_id|>user<|end_header_id|>

INSTRUCTION: Simplify the following text such that the length of the output text (number of words) relative to the source text is approximately equal to the ratio specified in the control token prepended to your generated simplification. The control token has the following format: <METRIC=VALUE>. 
SOURCE TEXT: He also completed two collections of short stories entitled The Ribbajack & Other Curious Yarns and Seven Strange and Ghostly Tales .

EXPLANATION: The <WORD_COMPRESSION=1.45> token specifies that the word-level compression rate should be around 1.45. Values less than 1 indicate text reduction. Values greater than 1 indicate text expansion.<|eot_id|><|start_header_id|>assistant<|end_header_id|>

<WORD_COMPRESSION=1.45><|eot_id|>
>>> Reference:
He also completed two collections of short storeis . The one title was The Ribbajack & Other Curious Yarns . The other one was titled as Seven Strange and Ghostly Tales . <|eot_id|>
>>> Prediction:
The Ribbajack & Other Curious Yarns and Seven Strange and Ghostly Tales. 
================================================================================

>>> [Step 80] Prompt:
<|begin_of_text|><|start_header_id|>system<|end_header_id|>

Cutting Knowledge Date: December 2023
Today Date: 18 May 2025

You are a helpful expert in text simplification. You generate a simplified version of the text input by the user. You simplify the text according to the instructions given by the user. When asked to simplify a text, generate only the requested simplification, without any additional comments, notes or explanations.<|eot_id|><|start_header_id|>user<|end_header_id|>

INSTRUCTION: Simplify the following text such that the length of the output text (number of words) relative to the source text is approximately equal to the ratio specified in the control token prepended to your generated simplification. The control token has the following format: <METRIC=VALUE>. 
SOURCE TEXT: Montloué is a commune in the Aisne department in Picardie in northern France .

EXPLANATION: The <WORD_COMPRESSION=1.21> token specifies that the word-level compression rate should be around 1.21. Values less than 1 indicate text reduction. Values greater than 1 indicate text expansion.<|eot_id|><|start_header_id|>assistant<|end_header_id|>

<WORD_COMPRESSION=1.21><|eot_id|>
>>> Reference:
It is found in the region Picardie in the Aisne department in the north of France . <|eot_id|>
>>> Prediction:
The capital city of the region Picardie in the Aisne department in the north of France is Montloué. 
================================================================================

>>> [Step 80] Prompt:
<|begin_of_text|><|start_header_id|>system<|end_header_id|>

Cutting Knowledge Date: December 2023
Today Date: 18 May 2025

You are a helpful expert in text simplification. You generate a simplified version of the text input by the user. You simplify the text according to the instructions given by the user. When asked to simplify a text, generate only the requested simplification, without any additional comments, notes or explanations.<|eot_id|><|start_header_id|>user<|end_header_id|>

INSTRUCTION: Simplify the following text such that the length of the output text (number of words) relative to the source text is approximately equal to the ratio specified in the control token prepended to your generated simplification. The control token has the following format: <METRIC=VALUE>. 
SOURCE TEXT: Between 1446 and 1448 Ockeghem served Charles I , Duke of Bourbon , at his court in Moulins , now in central France .

EXPLANATION: The <WORD_COMPRESSION=0.83> token specifies that the word-level compression rate should be around 0.83. Values less than 1 indicate text reduction. Values greater than 1 indicate text expansion.<|eot_id|><|start_header_id|>assistant<|end_header_id|>

<WORD_COMPRESSION=0.83><|eot_id|>
>>> Reference:
His first important job was working for Charles I , Duke of Bourbon in Moulins , -LRB- France -RRB- . <|eot_id|>
>>> Prediction:
The Duke of Bourbon was Charles I. 
================================================================================

>>> [Step 80] Prompt:
<|begin_of_text|><|start_header_id|>system<|end_header_id|>

Cutting Knowledge Date: December 2023
Today Date: 18 May 2025

You are a helpful expert in text simplification. You generate a simplified version of the text input by the user. You simplify the text according to the instructions given by the user. When asked to simplify a text, generate only the requested simplification, without any additional comments, notes or explanations.<|eot_id|><|start_header_id|>user<|end_header_id|>

INSTRUCTION: Simplify the following text such that the length of the output text (number of words) relative to the source text is approximately equal to the ratio specified in the control token prepended to your generated simplification. The control token has the following format: <METRIC=VALUE>. 
SOURCE TEXT: Today , most codeine is synthesized from morphine through the process of O-methylation .

EXPLANATION: The <WORD_COMPRESSION=1.0> token specifies that the word-level compression rate should be around 1.0. Values less than 1 indicate text reduction. Values greater than 1 indicate text expansion.<|eot_id|><|start_header_id|>assistant<|end_header_id|>

<WORD_COMPRESSION=1.0><|eot_id|>
>>> Reference:
Now , most codeine is made from morphine through the process of O-methylation . <|eot_id|>
>>> Prediction:
It is made from morphine by the process of O-methylation. 
================================================================================
{'loss': 0.9249, 'grad_norm': 16.680233001708984, 'learning_rate': 2.0067416274340003e-06, 'epoch': 2.0}
{'eval_loss': 1.0455855131149292, 'eval_runtime': 1.985, 'eval_samples_per_second': 45.34, 'eval_steps_per_second': 11.587, 'epoch': 2.0}
{'loss': 0.5899, 'grad_norm': 6.8157243728637695, 'learning_rate': 1.1726508632752836e-06, 'epoch': 2.25}
